datetime,open,high,low,close,volume
2025-01-01 09:15:00,25009.47,25058.65,24997.06,25046.99,3562
2025-01-01 09:20:00,25046.99,25055.3,24999.34,25011.16,3256
2025-01-01 09:25:00,25011.16,25015.22,24951.85,24992.85,2926
2025-01-01 09:30:00,24992.85,24996.87,24936.43,24956.22,1949
2025-01-01 09:35:00,24956.22,25008.7,24937.39,24992.05,3142
2025-01-01 09:40:00,24992.05,24993.44,24986.76,24988.01,4921
2025-01-01 09:45:00,24988.01,24996.91,24964.87,24970.6,1127
2025-01-01 09:50:00,24970.6,24990.05,24947.36,24981.19,2587
2025-01-01 09:55:00,24981.19,24987.48,24916.0,24943.39,2617
2025-01-01 10:00:00,24943.39,24959.6,24931.49,24938.01,2497
2025-01-01 10:05:00,24938.01,24943.53,24930.55,24934.42,1888
2025-01-01 10:10:00,24934.42,24953.01,24927.74,24932.18,2725
2025-01-01 10:15:00,24932.18,24944.48,24873.77,24874.33,2437
2025-01-01 10:20:00,24874.33,24877.04,24843.24,24844.49,4750
2025-01-01 10:25:00,24844.49,24893.44,24833.92,24871.34,3481
2025-01-01 10:30:00,24871.34,24877.87,24842.3,24862.89,4705
2025-01-01 10:35:00,24862.89,24868.13,24801.11,24803.65,3684
2025-01-01 10:40:00,24803.65,24839.96,24794.56,24817.24,1259
2025-01-01 10:45:00,24817.24,24834.83,24804.37,24806.36,2980
2025-01-01 10:50:00,24806.36,24863.54,24800.37,24851.76,2203
2025-01-01 10:55:00,24851.76,24872.41,24846.07,24860.86,1487
2025-01-01 11:00:00,24860.86,24905.18,24841.85,24900.47,2355
2025-01-01 11:05:00,24900.47,24940.43,24891.64,24913.73,2143
2025-01-01 11:10:00,24913.73,24915.26,24804.11,24805.93,3456
2025-01-01 11:15:00,24805.93,24846.52,24799.22,24817.01,4978
2025-01-01 11:20:00,24817.01,24826.33,24780.75,24782.77,4554
2025-01-01 11:25:00,24782.77,24796.32,24772.88,24790.05,1566
2025-01-01 11:30:00,24790.05,24820.44,24775.5,24813.14,3637
2025-01-01 11:35:00,24813.14,24834.59,24799.21,24822.02,1420
2025-01-01 11:40:00,24822.02,24842.23,24757.31,24770.46,3950
2025-01-01 11:45:00,24770.46,24776.69,24740.66,24769.06,2791
2025-01-01 11:50:00,24769.06,24806.87,24767.27,24804.78,2700
2025-01-01 11:55:00,24804.78,24815.53,24802.58,24803.43,2542
2025-01-01 12:00:00,24803.43,24815.09,24755.81,24771.99,2909
2025-01-01 12:05:00,24771.99,24804.06,24749.92,24787.39,3493
2025-01-01 12:10:00,24787.39,24806.93,24770.04,24774.38,3768
2025-01-01 12:15:00,24774.38,24787.62,24772.79,24775.84,3572
2025-01-01 12:20:00,24775.84,24780.34,24732.47,24737.48,2280
2025-01-01 12:25:00,24737.48,24764.25,24713.68,24763.03,2081
2025-01-01 12:30:00,24763.03,24774.48,24753.62,24754.03,3331
2025-01-01 12:35:00,24754.03,24756.68,24741.15,24747.15,3048
2025-01-01 12:40:00,24747.15,24778.36,24746.59,24756.36,2782
2025-01-01 12:45:00,24756.36,24778.75,24751.84,24775.45,3460
2025-01-01 12:50:00,24775.45,24785.49,24757.07,24763.74,4504
2025-01-01 12:55:00,24763.74,24768.64,24734.88,24736.11,4039
2025-01-01 13:00:00,24736.11,24756.94,24691.5,24699.91,1495
2025-01-01 13:05:00,24699.91,24736.66,24693.34,24706.31,2290
2025-01-01 13:10:00,24706.31,24748.2,24702.26,24726.08,4306
2025-01-01 13:15:00,24726.08,24750.46,24721.46,24748.0,3536
2025-01-01 13:20:00,24748.0,24753.39,24733.45,24739.18,2110
2025-01-01 13:25:00,24739.18,24807.26,24735.32,24790.12,2189
2025-01-01 13:30:00,24790.12,24796.26,24757.05,24763.38,1019
2025-01-01 13:35:00,24763.38,24786.55,24751.78,24755.1,3550
2025-01-01 13:40:00,24755.1,24787.79,24728.13,24786.7,1909
2025-01-01 13:45:00,24786.7,24800.11,24762.96,24765.72,4085
2025-01-01 13:50:00,24765.72,24778.52,24744.28,24747.03,1931
2025-01-01 13:55:00,24747.03,24789.12,24728.34,24773.34,4977
2025-01-01 14:00:00,24773.34,24795.31,24735.14,24760.85,3841
2025-01-01 14:05:00,24760.85,24787.02,24760.21,24778.81,4619
2025-01-01 14:10:00,24778.81,24819.91,24758.39,24810.32,1703
2025-01-01 14:15:00,24810.32,24823.55,24810.13,24814.38,1081
2025-01-01 14:20:00,24814.38,24816.38,24768.16,24783.98,2398
2025-01-01 14:25:00,24783.98,24807.35,24745.21,24768.68,3215
2025-01-01 14:30:00,24768.68,24771.77,24712.42,24717.31,3189
2025-01-01 14:35:00,24717.31,24737.83,24713.27,24733.09,1980
2025-01-01 14:40:00,24733.09,24777.42,24725.14,24750.43,1030
2025-01-01 14:45:00,24750.43,24766.48,24697.25,24698.51,2639
2025-01-01 14:50:00,24698.51,24723.98,24696.75,24720.94,2732
2025-01-01 14:55:00,24720.94,24767.39,24717.51,24757.01,4356
2025-01-01 15:00:00,24757.01,24767.03,24752.55,24766.99,1280
2025-01-01 15:05:00,24766.99,24781.15,24766.64,24777.96,3919
2025-01-01 15:10:00,24777.96,24815.6,24773.62,24808.05,2438
2025-01-01 15:15:00,24808.05,24841.04,24799.95,24831.74,2245
2025-01-01 15:20:00,24831.74,24837.95,24816.26,24819.29,3275
2025-01-01 15:25:00,24819.29,24852.66,24818.86,24832.77,4257
2025-01-02 09:15:00,24887.38,24908.25,24875.27,24896.39,4205
2025-01-02 09:20:00,24896.39,24900.94,24830.34,24855.3,1217
2025-01-02 09:25:00,24855.3,24882.21,24844.85,24872.08,3878
2025-01-02 09:30:00,24872.08,24900.05,24841.0,24843.06,1895
2025-01-02 09:35:00,24843.06,24864.51,24838.78,24845.84,1293
2025-01-02 09:40:00,24845.84,24861.18,24843.82,24852.81,2333
2025-01-02 09:45:00,24852.81,24876.69,24833.95,24858.01,4239
2025-01-02 09:50:00,24858.01,24873.03,24847.28,24868.43,3996
2025-01-02 09:55:00,24868.43,24882.03,24780.62,24802.7,4245
2025-01-02 10:00:00,24802.7,24806.87,24786.15,24792.52,4324
2025-01-02 10:05:00,24792.52,24826.89,24791.87,24825.84,1587
2025-01-02 10:10:00,24825.84,24840.72,24810.08,24828.45,3700
2025-01-02 10:15:00,24828.45,24834.15,24816.59,24821.91,1096
2025-01-02 10:20:00,24821.91,24842.29,24784.19,24790.24,2973
2025-01-02 10:25:00,24790.24,24808.35,24764.03,24792.58,3371
2025-01-02 10:30:00,24792.58,24797.68,24772.71,24788.67,3166
2025-01-02 10:35:00,24788.67,24789.95,24782.02,24787.76,4067
2025-01-02 10:40:00,24787.76,24827.58,24763.99,24818.33,1739
2025-01-02 10:45:00,24818.33,24822.68,24791.57,24799.72,1736
2025-01-02 10:50:00,24799.72,24810.55,24770.67,24779.8,2035
2025-01-02 10:55:00,24779.8,24788.18,24702.98,24712.17,2434
2025-01-02 11:00:00,24712.17,24723.38,24633.39,24639.79,4807
2025-01-02 11:05:00,24639.79,24672.53,24629.15,24655.07,1657
2025-01-02 11:10:00,24655.07,24663.18,24597.52,24622.02,3808
2025-01-02 11:15:00,24622.02,24639.6,24587.98,24589.78,4675
2025-01-02 11:20:00,24589.78,24607.91,24575.65,24603.15,3861
2025-01-02 11:25:00,24603.15,24616.82,24601.71,24603.58,3944
2025-01-02 11:30:00,24603.58,24618.81,24603.5,24613.62,3111
2025-01-02 11:35:00,24613.62,24617.17,24588.79,24597.0,3830
2025-01-02 11:40:00,24597.0,24602.06,24535.69,24547.13,3438
2025-01-02 11:45:00,24547.13,24556.99,24483.22,24496.13,2094
2025-01-02 11:50:00,24496.13,24522.2,24493.62,24515.48,1821
2025-01-02 11:55:00,24515.48,24573.71,24505.24,24568.26,2319
2025-01-02 12:00:00,24568.26,24570.93,24493.22,24509.74,3873
2025-01-02 12:05:00,24509.74,24543.25,24501.71,24532.04,4418
2025-01-02 12:10:00,24532.04,24577.28,24494.1,24566.94,1296
2025-01-02 12:15:00,24566.94,24590.74,24557.21,24583.02,4004
2025-01-02 12:20:00,24583.02,24592.22,24561.09,24589.68,3655
2025-01-02 12:25:00,24589.68,24593.39,24538.64,24556.68,4926
2025-01-02 12:30:00,24556.68,24570.49,24540.31,24561.28,1563
2025-01-02 12:35:00,24561.28,24568.65,24511.15,24528.83,4516
2025-01-02 12:40:00,24528.83,24602.16,24527.03,24595.6,1750
2025-01-02 12:45:00,24595.6,24621.05,24586.39,24603.44,1351
2025-01-02 12:50:00,24603.44,24627.01,24600.58,24620.5,2852
2025-01-02 12:55:00,24620.5,24636.67,24607.44,24616.36,1028
2025-01-02 13:00:00,24616.36,24644.45,24612.76,24642.42,3639
2025-01-02 13:05:00,24642.42,24677.04,24626.77,24650.6,2601
2025-01-02 13:10:00,24650.6,24676.54,24646.95,24668.88,2771
2025-01-02 13:15:00,24668.88,24688.47,24644.26,24660.99,4722
2025-01-02 13:20:00,24660.99,24676.09,24655.12,24660.78,2509
2025-01-02 13:25:00,24660.78,24661.25,24608.03,24618.32,3768
2025-01-02 13:30:00,24618.32,24644.23,24581.71,24584.11,4868
2025-01-02 13:35:00,24584.11,24601.95,24566.89,24571.31,3196
2025-01-02 13:40:00,24571.31,24574.23,24523.86,24528.15,2205
2025-01-02 13:45:00,24528.15,24535.04,24513.31,24527.59,1745
2025-01-02 13:50:00,24527.59,24543.34,24491.63,24498.59,4768
2025-01-02 13:55:00,24498.59,24524.96,24493.39,24521.44,4816
2025-01-02 14:00:00,24521.44,24531.56,24448.93,24459.79,2720
2025-01-02 14:05:00,24459.79,24476.41,24420.24,24426.2,2874
2025-01-02 14:10:00,24426.2,24428.56,24373.73,24375.34,1742
2025-01-02 14:15:00,24375.34,24375.77,24346.7,24361.94,4029
2025-01-02 14:20:00,24361.94,24365.45,24350.98,24351.51,1559
2025-01-02 14:25:00,24351.51,24375.05,24347.73,24361.11,2012
2025-01-02 14:30:00,24361.11,24374.91,24328.53,24349.3,2835
2025-01-02 14:35:00,24349.3,24369.51,24294.22,24299.6,2445
2025-01-02 14:40:00,24299.6,24300.11,24194.11,24203.48,3791
2025-01-02 14:45:00,24203.48,24251.08,24189.81,24235.09,3978
2025-01-02 14:50:00,24235.09,24281.56,24218.62,24269.39,2602
2025-01-02 14:55:00,24269.39,24277.49,24233.19,24251.65,3424
2025-01-02 15:00:00,24251.65,24266.71,24202.21,24206.74,1697
2025-01-02 15:05:00,24206.74,24214.13,24168.57,24171.96,2024
2025-01-02 15:10:00,24171.96,24179.31,24148.28,24155.46,2668
2025-01-02 15:15:00,24155.46,24166.74,24125.45,24129.16,3263
2025-01-02 15:20:00,24129.16,24155.65,24114.35,24149.87,3895
2025-01-02 15:25:00,24149.87,24157.68,24127.07,24150.36,2982
2025-01-03 09:15:00,24212.04,24219.44,24207.73,24215.6,4096
2025-01-03 09:20:00,24215.6,24227.59,24184.54,24197.83,1792
2025-01-03 09:25:00,24197.83,24199.5,24184.88,24193.05,4328
2025-01-03 09:30:00,24193.05,24193.1,24136.56,24151.22,4928
2025-01-03 09:35:00,24151.22,24167.89,24145.41,24164.07,2913
2025-01-03 09:40:00,24164.07,24191.03,24153.23,24174.74,1956
2025-01-03 09:45:00,24174.74,24197.5,24174.2,24183.3,1077
2025-01-03 09:50:00,24183.3,24211.05,24170.51,24206.49,1550
2025-01-03 09:55:00,24206.49,24226.73,24162.77,24173.97,4175
2025-01-03 10:00:00,24173.97,24223.74,24173.25,24215.24,4304
2025-01-03 10:05:00,24215.24,24216.46,24184.43,24188.63,1819
2025-01-03 10:10:00,24188.63,24196.47,24137.81,24143.59,1174
2025-01-03 10:15:00,24143.59,24164.47,24130.9,24144.9,3891
2025-01-03 10:20:00,24144.9,24174.95,24140.2,24162.95,2728
2025-01-03 10:25:00,24162.95,24166.57,24115.25,24128.76,1095
2025-01-03 10:30:00,24128.76,24133.26,24075.07,24081.26,4683
2025-01-03 10:35:00,24081.26,24100.87,24079.11,24091.85,4476
2025-01-03 10:40:00,24091.85,24102.56,24060.35,24067.39,1011
2025-01-03 10:45:00,24067.39,24070.5,24046.91,24055.68,2514
2025-01-03 10:50:00,24055.68,24086.04,24052.9,24075.56,1699
2025-01-03 10:55:00,24075.56,24106.5,24068.34,24094.2,3607
2025-01-03 11:00:00,24094.2,24108.96,24087.33,24107.96,1244
2025-01-03 11:05:00,24107.96,24143.88,24097.68,24137.21,2301
2025-01-03 11:10:00,24137.21,24147.51,24087.8,24099.42,2624
2025-01-03 11:15:00,24099.42,24135.07,24098.3,24108.7,4617
2025-01-03 11:20:00,24108.7,24116.46,24101.56,24111.2,3549
2025-01-03 11:25:00,24111.2,24133.8,24093.45,24113.96,3434
2025-01-03 11:30:00,24113.96,24164.41,24110.63,24158.17,2906
2025-01-03 11:35:00,24158.17,24216.14,24128.26,24208.59,3001
2025-01-03 11:40:00,24208.59,24218.11,24201.85,24208.59,2412
2025-01-03 11:45:00,24208.59,24210.28,24167.24,24171.01,2783
2025-01-03 11:50:00,24171.01,24212.25,24168.01,24209.14,1370
2025-01-03 11:55:00,24209.14,24223.52,24207.43,24209.3,2973
2025-01-03 12:00:00,24209.3,24255.12,24202.74,24249.24,4988
2025-01-03 12:05:00,24249.24,24249.75,24226.79,24237.82,2960
2025-01-03 12:10:00,24237.82,24312.04,24227.73,24297.74,3485
2025-01-03 12:15:00,24297.74,24311.29,24288.79,24303.04,4880
2025-01-03 12:20:00,24303.04,24325.83,24278.66,24287.73,2368
2025-01-03 12:25:00,24287.73,24327.39,24282.94,24306.85,2649
2025-01-03 12:30:00,24306.85,24346.44,24304.52,24328.68,3266
2025-01-03 12:35:00,24328.68,24333.59,24267.49,24273.48,4283
2025-01-03 12:40:00,24273.48,24277.95,24252.84,24255.4,2103
2025-01-03 12:45:00,24255.4,24261.61,24209.65,24222.65,4083
2025-01-03 12:50:00,24222.65,24234.4,24176.02,24186.6,1630
2025-01-03 12:55:00,24186.6,24218.04,24168.81,24208.5,4370
2025-01-03 13:00:00,24208.5,24212.71,24158.18,24160.58,1971
2025-01-03 13:05:00,24160.58,24178.1,24135.99,24148.82,1231
2025-01-03 13:10:00,24148.82,24208.26,24124.35,24191.3,4001
2025-01-03 13:15:00,24191.3,24235.38,24158.53,24210.46,1006
2025-01-03 13:20:00,24210.46,24242.19,24204.98,24236.84,3330
2025-01-03 13:25:00,24236.84,24241.82,24220.79,24233.07,4366
2025-01-03 13:30:00,24233.07,24240.32,24213.65,24220.3,3640
2025-01-03 13:35:00,24220.3,24247.25,24192.75,24225.35,1459
2025-01-03 13:40:00,24225.35,24266.34,24222.44,24234.91,2718
2025-01-03 13:45:00,24234.91,24298.09,24234.09,24271.64,2306
2025-01-03 13:50:00,24271.64,24294.9,24268.77,24280.31,1324
2025-01-03 13:55:00,24280.31,24318.45,24274.67,24297.17,3450
2025-01-03 14:00:00,24297.17,24377.04,24289.12,24372.27,1351
2025-01-03 14:05:00,24372.27,24440.57,24364.49,24431.03,4381
2025-01-03 14:10:00,24431.03,24465.27,24418.03,24450.43,4570
2025-01-03 14:15:00,24450.43,24454.31,24400.03,24411.8,3707
2025-01-03 14:20:00,24411.8,24413.79,24390.04,24398.42,4337
2025-01-03 14:25:00,24398.42,24402.84,24360.44,24364.61,1030
2025-01-03 14:30:00,24364.61,24369.0,24308.71,24318.62,2984
2025-01-03 14:35:00,24318.62,24331.8,24291.03,24331.17,3811
2025-01-03 14:40:00,24331.17,24343.87,24318.46,24328.35,1877
2025-01-03 14:45:00,24328.35,24328.37,24273.18,24296.36,1255
2025-01-03 14:50:00,24296.36,24307.45,24273.22,24280.57,1676
2025-01-03 14:55:00,24280.57,24290.9,24272.3,24290.87,1895
2025-01-03 15:00:00,24290.87,24376.61,24269.46,24351.29,3194
2025-01-03 15:05:00,24351.29,24358.29,24298.17,24307.48,1782
2025-01-03 15:10:00,24307.48,24383.0,24286.64,24365.97,2666
2025-01-03 15:15:00,24365.97,24386.88,24362.87,24370.96,1143
2025-01-03 15:20:00,24370.96,24398.4,24350.97,24353.15,3958
2025-01-03 15:25:00,24353.15,24373.6,24341.46,24365.18,1251
2025-01-06 09:15:00,24347.2,24347.49,24330.97,24340.74,2771
2025-01-06 09:20:00,24340.74,24375.86,24333.77,24372.66,1585
2025-01-06 09:25:00,24372.66,24429.08,24366.44,24420.87,2683
2025-01-06 09:30:00,24420.87,24423.74,24380.05,24402.22,2164
2025-01-06 09:35:00,24402.22,24440.15,24397.19,24406.47,4588
2025-01-06 09:40:00,24406.47,24428.27,24333.64,24359.89,2941
2025-01-06 09:45:00,24359.89,24403.94,24357.42,24388.9,2473
2025-01-06 09:50:00,24388.9,24414.86,24377.31,24412.15,2471
2025-01-06 09:55:00,24412.15,24420.96,24402.55,24417.35,1993
2025-01-06 10:00:00,24417.35,24455.76,24400.23,24449.47,1610
2025-01-06 10:05:00,24449.47,24460.35,24447.82,24453.17,1205
2025-01-06 10:10:00,24453.17,24537.78,24450.11,24537.35,4955
2025-01-06 10:15:00,24537.35,24544.91,24477.52,24510.78,1143
2025-01-06 10:20:00,24510.78,24511.34,24484.65,24489.1,4422
2025-01-06 10:25:00,24489.1,24566.52,24484.23,24551.88,1384
2025-01-06 10:30:00,24551.88,24554.84,24523.27,24530.05,3960
2025-01-06 10:35:00,24530.05,24530.29,24495.87,24499.54,2759
2025-01-06 10:40:00,24499.54,24603.98,24489.05,24594.5,3309
2025-01-06 10:45:00,24594.5,24637.71,24587.86,24637.6,4106
2025-01-06 10:50:00,24637.6,24664.83,24637.56,24654.16,1547
2025-01-06 10:55:00,24654.16,24655.54,24619.96,24627.31,1069
2025-01-06 11:00:00,24627.31,24627.7,24611.39,24616.92,3134
2025-01-06 11:05:00,24616.92,24631.24,24562.57,24586.93,4334
2025-01-06 11:10:00,24586.93,24624.17,24574.94,24622.08,2203
2025-01-06 11:15:00,24622.08,24660.0,24605.03,24652.35,4408
2025-01-06 11:20:00,24652.35,24656.03,24615.26,24623.37,4288
2025-01-06 11:25:00,24623.37,24649.82,24613.33,24649.47,3170
2025-01-06 11:30:00,24649.47,24672.77,24636.89,24663.89,4485
2025-01-06 11:35:00,24663.89,24665.56,24646.12,24659.69,3398
2025-01-06 11:40:00,24659.69,24661.68,24640.18,24654.08,2997
2025-01-06 11:45:00,24654.08,24669.35,24621.91,24637.21,4087
2025-01-06 11:50:00,24637.21,24651.91,24631.41,24648.89,3108
2025-01-06 11:55:00,24648.89,24669.42,24622.36,24624.03,4385
2025-01-06 12:00:00,24624.03,24630.4,24605.13,24611.96,2570
2025-01-06 12:05:00,24611.96,24623.51,24598.6,24603.04,1201
2025-01-06 12:10:00,24603.04,24632.88,24583.5,24593.59,2607
2025-01-06 12:15:00,24593.59,24596.7,24583.54,24584.67,2709
2025-01-06 12:20:00,24584.67,24619.09,24576.75,24584.55,1819
2025-01-06 12:25:00,24584.55,24596.23,24565.58,24594.73,1471
2025-01-06 12:30:00,24594.73,24618.19,24576.85,24592.26,1021
2025-01-06 12:35:00,24592.26,24623.37,24540.49,24552.31,3834
2025-01-06 12:40:00,24552.31,24577.48,24542.67,24573.38,3236
2025-01-06 12:45:00,24573.38,24582.98,24570.6,24575.89,2993
2025-01-06 12:50:00,24575.89,24593.58,24569.51,24591.77,2914
2025-01-06 12:55:00,24591.77,24599.86,24565.65,24581.43,1582
2025-01-06 13:00:00,24581.43,24586.3,24559.55,24566.97,3656
2025-01-06 13:05:00,24566.97,24578.01,24526.34,24548.79,1199
2025-01-06 13:10:00,24548.79,24549.85,24527.33,24532.07,2774
2025-01-06 13:15:00,24532.07,24609.94,24508.9,24581.92,2150
2025-01-06 13:20:00,24581.92,24597.19,24578.55,24593.48,4841
2025-01-06 13:25:00,24593.48,24625.59,24590.97,24621.35,1786
2025-01-06 13:30:00,24621.35,24650.32,24612.57,24649.77,1263
2025-01-06 13:35:00,24649.77,24694.57,24625.79,24676.11,2986
2025-01-06 13:40:00,24676.11,24736.23,24656.17,24721.7,3174
2025-01-06 13:45:00,24721.7,24730.24,24700.12,24729.99,3330
2025-01-06 13:50:00,24729.99,24738.44,24696.79,24699.18,2868
2025-01-06 13:55:00,24699.18,24719.14,24692.02,24715.02,3434
2025-01-06 14:00:00,24715.02,24734.75,24700.92,24701.08,4517
2025-01-06 14:05:00,24701.08,24705.09,24669.69,24676.01,2089
2025-01-06 14:10:00,24676.01,24689.9,24672.65,24684.39,3516
2025-01-06 14:15:00,24684.39,24688.63,24673.88,24678.25,1057
2025-01-06 14:20:00,24678.25,24691.81,24665.1,24686.52,2532
2025-01-06 14:25:00,24686.52,24729.23,24683.2,24708.44,1378
2025-01-06 14:30:00,24708.44,24712.15,24662.81,24670.37,1895
2025-01-06 14:35:00,24670.37,24712.03,24657.23,24705.52,2529
2025-01-06 14:40:00,24705.52,24718.02,24673.39,24679.62,3961
2025-01-06 14:45:00,24679.62,24702.24,24621.44,24631.02,4421
2025-01-06 14:50:00,24631.02,24659.28,24584.86,24587.16,3466
2025-01-06 14:55:00,24587.16,24625.02,24587.06,24605.05,2396
2025-01-06 15:00:00,24605.05,24614.27,24593.2,24602.09,1531
2025-01-06 15:05:00,24602.09,24626.38,24599.99,24611.37,4583
2025-01-06 15:10:00,24611.37,24645.14,24571.98,24629.83,1211
2025-01-06 15:15:00,24629.83,24641.58,24611.72,24617.19,4471
2025-01-06 15:20:00,24617.19,24623.72,24597.32,24598.36,1865
2025-01-06 15:25:00,24598.36,24638.88,24596.98,24627.19,1879
2025-01-07 09:15:00,24735.31,24761.96,24721.78,24747.11,2595
2025-01-07 09:20:00,24747.11,24758.49,24735.76,24740.35,2634
2025-01-07 09:25:00,24740.35,24798.92,24730.29,24773.81,3807
2025-01-07 09:30:00,24773.81,24813.3,24768.51,24801.69,2519
2025-01-07 09:35:00,24801.69,24818.6,24801.59,24818.36,4625
2025-01-07 09:40:00,24818.36,24846.54,24817.74,24841.19,3206
2025-01-07 09:45:00,24841.19,24849.46,24830.47,24848.32,2820
2025-01-07 09:50:00,24848.32,24871.58,24829.53,24843.9,2807
2025-01-07 09:55:00,24843.9,24852.65,24773.86,24787.76,3086
2025-01-07 10:00:00,24787.76,24817.18,24762.02,24808.9,2174
2025-01-07 10:05:00,24808.9,24824.42,24806.88,24818.55,1711
2025-01-07 10:10:00,24818.55,24821.59,24796.99,24808.35,1030
2025-01-07 10:15:00,24808.35,24849.29,24806.13,24813.21,2936
2025-01-07 10:20:00,24813.21,24825.38,24795.58,24808.74,3574
2025-01-07 10:25:00,24808.74,24818.66,24803.17,24806.41,2175
2025-01-07 10:30:00,24806.41,24894.1,24804.54,24874.29,2809
2025-01-07 10:35:00,24874.29,24889.05,24848.31,24862.66,2315
2025-01-07 10:40:00,24862.66,24867.13,24849.75,24866.44,4663
2025-01-07 10:45:00,24866.44,24885.53,24856.25,24870.36,3638
2025-01-07 10:50:00,24870.36,24878.4,24829.7,24835.93,2605
2025-01-07 10:55:00,24835.93,24839.84,24821.56,24822.61,3121
2025-01-07 11:00:00,24822.61,24896.13,24806.58,24891.3,1349
2025-01-07 11:05:00,24891.3,24901.13,24864.63,24885.51,4376
2025-01-07 11:10:00,24885.51,24920.82,24877.89,24908.72,3709
2025-01-07 11:15:00,24908.72,25000.18,24906.53,24991.49,3347
2025-01-07 11:20:00,24991.49,25017.06,24961.84,24972.17,3539
2025-01-07 11:25:00,24972.17,25010.32,24970.94,24999.52,4522
2025-01-07 11:30:00,24999.52,25062.77,24998.89,25049.52,1245
2025-01-07 11:35:00,25049.52,25053.95,25004.98,25029.3,3578
2025-01-07 11:40:00,25029.3,25074.1,25024.37,25050.29,4840
2025-01-07 11:45:00,25050.29,25132.7,25042.59,25104.95,3053
2025-01-07 11:50:00,25104.95,25110.16,25087.0,25088.35,3042
2025-01-07 11:55:00,25088.35,25096.54,25062.52,25096.04,3788
2025-01-07 12:00:00,25096.04,25104.91,25085.9,25101.18,1727
2025-01-07 12:05:00,25101.18,25121.08,25089.9,25118.56,1216
2025-01-07 12:10:00,25118.56,25129.31,25102.32,25109.1,2811
2025-01-07 12:15:00,25109.1,25126.33,25102.36,25122.78,2978
2025-01-07 12:20:00,25122.78,25131.09,25108.02,25116.24,1719
2025-01-07 12:25:00,25116.24,25122.47,25065.81,25079.93,3451
2025-01-07 12:30:00,25079.93,25084.09,25031.18,25040.56,1229
2025-01-07 12:35:00,25040.56,25054.22,25009.79,25017.14,2872
2025-01-07 12:40:00,25017.14,25018.16,24974.64,24977.73,3808
2025-01-07 12:45:00,24977.73,25053.86,24977.33,25041.44,3050
2025-01-07 12:50:00,25041.44,25070.03,25027.06,25069.02,1732
2025-01-07 12:55:00,25069.02,25078.83,25059.42,25068.05,4540
2025-01-07 13:00:00,25068.05,25084.54,25051.67,25063.64,4485
2025-01-07 13:05:00,25063.64,25091.96,25046.78,25086.71,1622
2025-01-07 13:10:00,25086.71,25118.43,25070.15,25108.08,4374
2025-01-07 13:15:00,25108.08,25121.54,25094.95,25109.91,3875
2025-01-07 13:20:00,25109.91,25128.48,25101.29,25112.6,4623
2025-01-07 13:25:00,25112.6,25175.41,25101.82,25172.74,2680
2025-01-07 13:30:00,25172.74,25216.47,25172.26,25198.53,3779
2025-01-07 13:35:00,25198.53,25222.82,25190.82,25202.84,2731
2025-01-07 13:40:00,25202.84,25205.01,25164.03,25164.05,3304
2025-01-07 13:45:00,25164.05,25220.79,25146.88,25210.75,2327
2025-01-07 13:50:00,25210.75,25214.43,25184.49,25185.71,2615
2025-01-07 13:55:00,25185.71,25212.58,25161.41,25167.34,3264
2025-01-07 14:00:00,25167.34,25170.1,25141.02,25154.6,1825
2025-01-07 14:05:00,25154.6,25175.69,25138.53,25166.29,1488
2025-01-07 14:10:00,25166.29,25205.79,25143.84,25196.53,3111
2025-01-07 14:15:00,25196.53,25200.57,25159.03,25168.26,2964
2025-01-07 14:20:00,25168.26,25179.04,25158.07,25163.93,4882
2025-01-07 14:25:00,25163.93,25173.27,25150.79,25158.52,1604
2025-01-07 14:30:00,25158.52,25190.66,25146.16,25152.56,3092
2025-01-07 14:35:00,25152.56,25206.38,25146.5,25188.72,2011
2025-01-07 14:40:00,25188.72,25244.0,25185.9,25241.96,1403
2025-01-07 14:45:00,25241.96,25246.58,25171.91,25176.9,1341
2025-01-07 14:50:00,25176.9,25195.8,25165.85,25182.05,4122
2025-01-07 14:55:00,25182.05,25184.38,25174.85,25177.75,3010
2025-01-07 15:00:00,25177.75,25192.64,25155.66,25173.35,4050
2025-01-07 15:05:00,25173.35,25231.89,25166.26,25217.23,3351
2025-01-07 15:10:00,25217.23,25227.23,25167.39,25168.13,3398
2025-01-07 15:15:00,25168.13,25211.86,25163.89,25205.94,1128
2025-01-07 15:20:00,25205.94,25242.6,25200.84,25226.8,3068
2025-01-07 15:25:00,25226.8,25277.45,25218.27,25276.3,3860
2025-01-08 09:15:00,25262.47,25277.99,25229.16,25233.5,4054
2025-01-08 09:20:00,25233.5,25263.9,25226.98,25261.34,4912
2025-01-08 09:25:00,25261.34,25276.64,25246.83,25275.68,4024
2025-01-08 09:30:00,25275.68,25281.79,25260.0,25272.04,3993
2025-01-08 09:35:00,25272.04,25323.31,25266.23,25319.67,3559
2025-01-08 09:40:00,25319.67,25369.13,25303.49,25359.91,3576
2025-01-08 09:45:00,25359.91,25389.23,25347.59,25386.46,2866
2025-01-08 09:50:00,25386.46,25392.57,25336.59,25343.97,4386
2025-01-08 09:55:00,25343.97,25360.95,25343.84,25350.64,3861
2025-01-08 10:00:00,25350.64,25351.39,25337.01,25347.57,4417
2025-01-08 10:05:00,25347.57,25395.25,25346.52,25389.47,4285
2025-01-08 10:10:00,25389.47,25392.48,25360.49,25390.59,3954
2025-01-08 10:15:00,25390.59,25394.79,25366.74,25374.76,2853
2025-01-08 10:20:00,25374.76,25376.4,25373.13,25375.04,2606
2025-01-08 10:25:00,25375.04,25401.56,25368.77,25392.44,3346
2025-01-08 10:30:00,25392.44,25438.81,25392.22,25426.38,2663
2025-01-08 10:35:00,25426.38,25451.53,25424.46,25440.12,1804
2025-01-08 10:40:00,25440.12,25444.44,25381.49,25405.13,2561
2025-01-08 10:45:00,25405.13,25415.97,25318.85,25336.45,3136
2025-01-08 10:50:00,25336.45,25345.75,25296.93,25299.38,2851
2025-01-08 10:55:00,25299.38,25305.18,25281.31,25281.31,4795
2025-01-08 11:00:00,25281.31,25358.99,25272.16,25347.82,2263
2025-01-08 11:05:00,25347.82,25385.04,25347.8,25377.34,2500
2025-01-08 11:10:00,25377.34,25379.07,25347.94,25352.21,4286
2025-01-08 11:15:00,25352.21,25357.7,25323.39,25357.28,2696
2025-01-08 11:20:00,25357.28,25364.14,25354.11,25363.79,3081
2025-01-08 11:25:00,25363.79,25382.53,25336.31,25356.5,1196
2025-01-08 11:30:00,25356.5,25365.32,25336.24,25342.24,4189
2025-01-08 11:35:00,25342.24,25344.53,25303.59,25309.94,3562
2025-01-08 11:40:00,25309.94,25314.93,25277.7,25281.36,3789
2025-01-08 11:45:00,25281.36,25283.26,25264.4,25269.32,4050
2025-01-08 11:50:00,25269.32,25282.55,25229.03,25230.21,1673
2025-01-08 11:55:00,25230.21,25246.6,25204.53,25213.9,3098
2025-01-08 12:00:00,25213.9,25247.93,25201.94,25235.97,3047
2025-01-08 12:05:00,25235.97,25248.52,25230.06,25236.71,3912
2025-01-08 12:10:00,25236.71,25255.84,25199.84,25210.42,4842
2025-01-08 12:15:00,25210.42,25232.2,25208.48,25221.61,4023
2025-01-08 12:20:00,25221.61,25238.25,25186.34,25186.46,1399
2025-01-08 12:25:00,25186.46,25198.62,25149.12,25165.96,4919
2025-01-08 12:30:00,25165.96,25176.01,25118.36,25121.57,3716
2025-01-08 12:35:00,25121.57,25122.66,25064.91,25081.5,3503
2025-01-08 12:40:00,25081.5,25088.64,25049.55,25057.24,4741
2025-01-08 12:45:00,25057.24,25106.61,25057.16,25096.98,4619
2025-01-08 12:50:00,25096.98,25104.78,25045.59,25062.19,2493
2025-01-08 12:55:00,25062.19,25103.23,25041.42,25100.98,2489
2025-01-08 13:00:00,25100.98,25132.81,25094.23,25125.72,4600
2025-01-08 13:05:00,25125.72,25131.35,25106.86,25123.05,3630
2025-01-08 13:10:00,25123.05,25135.62,25063.2,25073.26,2958
2025-01-08 13:15:00,25073.26,25083.97,25044.43,25054.67,2772
2025-01-08 13:20:00,25054.67,25063.92,25013.82,25028.79,1661
2025-01-08 13:25:00,25028.79,25049.65,25024.6,25042.56,4649
2025-01-08 13:30:00,25042.56,25071.89,24992.54,25011.4,2622
2025-01-08 13:35:00,25011.4,25047.61,24984.97,25043.15,1499
2025-01-08 13:40:00,25043.15,25065.01,25029.36,25059.71,1526
2025-01-08 13:45:00,25059.71,25070.85,25033.71,25041.14,1594
2025-01-08 13:50:00,25041.14,25082.42,25030.86,25066.37,3564
2025-01-08 13:55:00,25066.37,25093.3,25031.06,25041.14,2040
2025-01-08 14:00:00,25041.14,25046.3,24994.19,25002.94,1877
2025-01-08 14:05:00,25002.94,25044.74,25001.4,25034.67,1351
2025-01-08 14:10:00,25034.67,25054.66,25019.17,25042.67,2367
2025-01-08 14:15:00,25042.67,25046.16,24967.77,24994.42,2364
2025-01-08 14:20:00,24994.42,25002.17,24941.92,24946.16,3987
2025-01-08 14:25:00,24946.16,24958.08,24919.63,24928.47,2221
2025-01-08 14:30:00,24928.47,24945.87,24922.32,24937.42,3398
2025-01-08 14:35:00,24937.42,24965.07,24933.35,24956.52,1834
2025-01-08 14:40:00,24956.52,24967.62,24947.8,24949.55,3561
2025-01-08 14:45:00,24949.55,24974.91,24947.35,24969.1,2749
2025-01-08 14:50:00,24969.1,24984.52,24955.88,24968.85,4392
2025-01-08 14:55:00,24968.85,25000.85,24966.06,24992.97,4778
2025-01-08 15:00:00,24992.97,25011.99,24981.86,25000.88,4167
2025-01-08 15:05:00,25000.88,25026.73,24994.04,25017.48,3680
2025-01-08 15:10:00,25017.48,25030.52,25017.19,25021.44,1500
2025-01-08 15:15:00,25021.44,25046.48,24976.46,24980.36,2408
2025-01-08 15:20:00,24980.36,24985.61,24942.42,24963.16,3487
2025-01-08 15:25:00,24963.16,24990.78,24959.74,24978.48,2368
2025-01-09 09:15:00,24959.61,24977.9,24950.61,24957.54,4145
2025-01-09 09:20:00,24957.54,24958.58,24955.08,24958.14,4498
2025-01-09 09:25:00,24958.14,24970.29,24928.4,24929.98,3112
2025-01-09 09:30:00,24929.98,24953.81,24910.99,24940.69,3996
2025-01-09 09:35:00,24940.69,24964.06,24939.63,24948.44,2962
2025-01-09 09:40:00,24948.44,24954.52,24909.48,24914.36,2248
2025-01-09 09:45:00,24914.36,24928.85,24881.99,24915.12,1469
2025-01-09 09:50:00,24915.12,24921.6,24902.57,24905.19,2285
2025-01-09 09:55:00,24905.19,24918.89,24821.61,24828.92,4436
2025-01-09 10:00:00,24828.92,24844.74,24811.94,24833.75,2552
2025-01-09 10:05:00,24833.75,24846.57,24818.45,24837.53,3056
2025-01-09 10:10:00,24837.53,24843.68,24777.55,24790.59,3772
2025-01-09 10:15:00,24790.59,24807.08,24677.46,24684.66,4035
2025-01-09 10:20:00,24684.66,24751.84,24680.27,24739.2,4401
2025-01-09 10:25:00,24739.2,24750.09,24736.05,24746.0,2363
2025-01-09 10:30:00,24746.0,24767.63,24745.27,24766.11,3091
2025-01-09 10:35:00,24766.11,24781.34,24745.34,24758.06,2336
2025-01-09 10:40:00,24758.06,24777.67,24728.94,24744.32,3859
2025-01-09 10:45:00,24744.32,24767.86,24702.8,24709.66,3875
2025-01-09 10:50:00,24709.66,24717.08,24629.86,24633.24,1525
2025-01-09 10:55:00,24633.24,24675.13,24622.36,24671.7,3127
2025-01-09 11:00:00,24671.7,24674.22,24615.06,24628.07,4276
2025-01-09 11:05:00,24628.07,24669.86,24611.67,24664.18,1319
2025-01-09 11:10:00,24664.18,24673.3,24653.5,24665.93,2596
2025-01-09 11:15:00,24665.93,24667.38,24620.3,24647.15,3193
2025-01-09 11:20:00,24647.15,24657.31,24633.87,24636.04,2212
2025-01-09 11:25:00,24636.04,24641.52,24579.49,24585.12,2583
2025-01-09 11:30:00,24585.12,24601.49,24554.44,24580.08,2763
2025-01-09 11:35:00,24580.08,24634.05,24555.06,24622.09,3563
2025-01-09 11:40:00,24622.09,24635.52,24578.69,24598.34,3661
2025-01-09 11:45:00,24598.34,24661.77,24586.66,24652.17,4379
2025-01-09 11:50:00,24652.17,24662.36,24604.28,24619.25,3012
2025-01-09 11:55:00,24619.25,24623.76,24599.28,24620.33,4470
2025-01-09 12:00:00,24620.33,24635.93,24617.55,24625.83,2986
2025-01-09 12:05:00,24625.83,24628.35,24604.39,24616.48,1673
2025-01-09 12:10:00,24616.48,24632.45,24605.88,24623.27,3361
2025-01-09 12:15:00,24623.27,24654.24,24585.4,24651.4,4836
2025-01-09 12:20:00,24651.4,24703.95,24636.12,24674.51,2186
2025-01-09 12:25:00,24674.51,24690.61,24668.56,24685.18,3117
2025-01-09 12:30:00,24685.18,24685.76,24671.14,24684.42,1182
2025-01-09 12:35:00,24684.42,24712.13,24675.23,24697.15,4207
2025-01-09 12:40:00,24697.15,24713.81,24673.52,24685.98,4519
2025-01-09 12:45:00,24685.98,24699.94,24666.91,24668.35,1985
2025-01-09 12:50:00,24668.35,24709.05,24658.34,24702.88,2423
2025-01-09 12:55:00,24702.88,24734.08,24695.9,24730.69,2940
2025-01-09 13:00:00,24730.69,24742.5,24720.99,24737.9,1976
2025-01-09 13:05:00,24737.9,24752.49,24704.27,24706.44,3203
2025-01-09 13:10:00,24706.44,24760.03,24700.8,24752.19,1581
2025-01-09 13:15:00,24752.19,24867.94,24745.37,24853.57,2431
2025-01-09 13:20:00,24853.57,24906.79,24847.37,24889.28,2755
2025-01-09 13:25:00,24889.28,24895.38,24870.05,24881.16,2898
2025-01-09 13:30:00,24881.16,24942.93,24863.64,24931.53,3529
2025-01-09 13:35:00,24931.53,24955.93,24898.72,24912.25,2716
2025-01-09 13:40:00,24912.25,24918.25,24897.56,24907.01,1390
2025-01-09 13:45:00,24907.01,24958.59,24904.95,24955.47,3823
2025-01-09 13:50:00,24955.47,25006.48,24946.15,24991.8,1174
2025-01-09 13:55:00,24991.8,25020.03,24928.86,24938.4,1752
2025-01-09 14:00:00,24938.4,24946.38,24883.31,24898.14,4803
2025-01-09 14:05:00,24898.14,24899.82,24847.68,24864.38,4967
2025-01-09 14:10:00,24864.38,24865.4,24810.14,24814.87,2455
2025-01-09 14:15:00,24814.87,24816.59,24781.5,24788.59,2488
2025-01-09 14:20:00,24788.59,24788.96,24780.1,24788.86,1798
2025-01-09 14:25:00,24788.86,24805.21,24742.17,24761.28,4940
2025-01-09 14:30:00,24761.28,24778.56,24755.37,24763.39,4631
2025-01-09 14:35:00,24763.39,24775.19,24714.6,24734.57,4413
2025-01-09 14:40:00,24734.57,24746.68,24728.62,24733.5,2546
2025-01-09 14:45:00,24733.5,24738.38,24720.75,24727.72,4101
2025-01-09 14:50:00,24727.72,24737.7,24710.43,24712.95,4443
2025-01-09 14:55:00,24712.95,24727.97,24680.5,24690.78,2549
2025-01-09 15:00:00,24690.78,24707.62,24653.15,24659.58,1309
2025-01-09 15:05:00,24659.58,24689.58,24626.02,24681.95,4626
2025-01-09 15:10:00,24681.95,24695.12,24638.32,24639.47,3844
2025-01-09 15:15:00,24639.47,24647.34,24604.21,24620.29,1874
2025-01-09 15:20:00,24620.29,24627.29,24605.75,24608.35,2079
2025-01-09 15:25:00,24608.35,24684.69,24602.72,24667.77,4078
2025-01-10 09:15:00,24787.96,24852.26,24785.35,24821.24,1079
2025-01-10 09:20:00,24821.24,24834.87,24797.73,24799.61,4246
2025-01-10 09:25:00,24799.61,24806.94,24779.86,24793.62,4843
2025-01-10 09:30:00,24793.62,24809.61,24767.56,24778.24,2055
2025-01-10 09:35:00,24778.24,24810.47,24774.23,24803.97,2936
2025-01-10 09:40:00,24803.97,24827.71,24803.33,24809.31,3770
2025-01-10 09:45:00,24809.31,24844.55,24792.89,24831.32,4112
2025-01-10 09:50:00,24831.32,24832.33,24789.26,24811.91,3753
2025-01-10 09:55:00,24811.91,24886.34,24811.57,24882.01,2727
2025-01-10 10:00:00,24882.01,24884.54,24858.55,24868.48,2233
2025-01-10 10:05:00,24868.48,24904.15,24847.58,24887.83,2641
2025-01-10 10:10:00,24887.83,24919.35,24881.4,24908.39,2793
2025-01-10 10:15:00,24908.39,24951.71,24902.28,24950.89,3228
2025-01-10 10:20:00,24950.89,24974.61,24941.14,24970.81,3618
2025-01-10 10:25:00,24970.81,24978.33,24950.18,24964.79,3567
2025-01-10 10:30:00,24964.79,25028.95,24960.09,25015.88,3350
2025-01-10 10:35:00,25015.88,25027.75,25015.79,25019.48,1922
2025-01-10 10:40:00,25019.48,25024.36,25001.97,25011.42,1352
2025-01-10 10:45:00,25011.42,25057.55,24981.38,25040.73,2865
2025-01-10 10:50:00,25040.73,25055.53,25035.23,25054.67,4691
2025-01-10 10:55:00,25054.67,25088.7,25050.15,25081.05,1188
2025-01-10 11:00:00,25081.05,25093.12,25077.69,25090.64,4472
2025-01-10 11:05:00,25090.64,25095.09,25033.49,25046.33,1357
2025-01-10 11:10:00,25046.33,25050.83,25023.68,25041.98,1581
2025-01-10 11:15:00,25041.98,25047.36,25024.04,25045.84,2137
2025-01-10 11:20:00,25045.84,25056.41,25002.04,25008.8,2231
2025-01-10 11:25:00,25008.8,25013.93,24983.82,24994.33,1283
2025-01-10 11:30:00,24994.33,25000.02,24973.21,24983.11,4153
2025-01-10 11:35:00,24983.11,24988.27,24935.54,24960.62,4506
2025-01-10 11:40:00,24960.62,24973.99,24950.15,24968.05,1866
2025-01-10 11:45:00,24968.05,24980.35,24956.27,24960.91,1099
2025-01-10 11:50:00,24960.91,24973.78,24942.85,24952.01,2661
2025-01-10 11:55:00,24952.01,24968.09,24948.7,24951.71,4032
2025-01-10 12:00:00,24951.71,24956.25,24924.13,24937.76,3160
2025-01-10 12:05:00,24937.76,24938.46,24878.9,24885.3,4276
2025-01-10 12:10:00,24885.3,24946.74,24882.43,24926.92,2580
2025-01-10 12:15:00,24926.92,24933.8,24920.19,24926.16,2715
2025-01-10 12:20:00,24926.16,24943.74,24913.65,24938.18,4321
2025-01-10 12:25:00,24938.18,24962.86,24936.44,24953.85,4354
2025-01-10 12:30:00,24953.85,24970.84,24889.09,24902.73,2880
2025-01-10 12:35:00,24902.73,24966.55,24880.0,24960.39,1445
2025-01-10 12:40:00,24960.39,24980.41,24958.1,24969.22,2469
2025-01-10 12:45:00,24969.22,24971.11,24962.24,24966.53,2061
2025-01-10 12:50:00,24966.53,25027.09,24959.82,25010.12,2924
2025-01-10 12:55:00,25010.12,25026.76,24953.56,24971.56,4368
2025-01-10 13:00:00,24971.56,24984.18,24904.5,24915.37,4457
2025-01-10 13:05:00,24915.37,24931.93,24912.92,24923.87,4030
2025-01-10 13:10:00,24923.87,24980.44,24917.55,24971.47,2552
2025-01-10 13:15:00,24971.47,25024.17,24963.51,25018.77,3820
2025-01-10 13:20:00,25018.77,25026.14,24983.36,24988.78,2254
2025-01-10 13:25:00,24988.78,25005.53,24983.92,24988.04,4868
2025-01-10 13:30:00,24988.04,25003.62,24979.31,24983.06,1905
2025-01-10 13:35:00,24983.06,25020.15,24981.21,25003.76,2899
2025-01-10 13:40:00,25003.76,25049.61,24998.91,25044.56,4885
2025-01-10 13:45:00,25044.56,25101.47,25029.25,25089.34,3569
2025-01-10 13:50:00,25089.34,25103.07,25068.05,25068.87,2856
2025-01-10 13:55:00,25068.87,25118.21,25054.79,25104.55,3423
2025-01-10 14:00:00,25104.55,25141.29,25093.95,25121.89,2660
2025-01-10 14:05:00,25121.89,25143.6,25115.15,25119.77,2242
2025-01-10 14:10:00,25119.77,25180.29,25111.65,25169.21,1434
2025-01-10 14:15:00,25169.21,25198.04,25135.79,25151.59,3499
2025-01-10 14:20:00,25151.59,25160.78,25096.44,25109.74,2859
2025-01-10 14:25:00,25109.74,25224.95,25092.89,25214.54,4548
2025-01-10 14:30:00,25214.54,25217.17,25136.82,25154.05,1866
2025-01-10 14:35:00,25154.05,25156.63,25119.66,25129.92,4019
2025-01-10 14:40:00,25129.92,25216.92,25125.4,25191.64,1562
2025-01-10 14:45:00,25191.64,25198.44,25164.57,25169.01,1174
2025-01-10 14:50:00,25169.01,25202.41,25151.64,25199.02,4528
2025-01-10 14:55:00,25199.02,25254.14,25189.56,25234.17,1630
2025-01-10 15:00:00,25234.17,25247.34,25224.82,25235.08,2000
2025-01-10 15:05:00,25235.08,25243.67,25193.14,25210.72,1723
2025-01-10 15:10:00,25210.72,25215.58,25176.67,25201.6,4728
2025-01-10 15:15:00,25201.6,25222.79,25166.31,25173.43,3573
2025-01-10 15:20:00,25173.43,25175.74,25166.93,25169.55,4454
2025-01-10 15:25:00,25169.55,25189.34,25161.95,25176.85,4078
2025-01-13 09:15:00,25275.09,25281.46,25248.68,25275.61,4604
2025-01-13 09:20:00,25275.61,25312.45,25254.18,25274.44,3379
2025-01-13 09:25:00,25274.44,25316.42,25272.22,25302.16,2631
2025-01-13 09:30:00,25302.16,25362.35,25292.88,25361.16,4676
2025-01-13 09:35:00,25361.16,25444.19,25354.6,25426.54,2014
2025-01-13 09:40:00,25426.54,25473.62,25422.43,25456.09,1475
2025-01-13 09:45:00,25456.09,25462.87,25453.62,25462.83,3830
2025-01-13 09:50:00,25462.83,25475.24,25435.67,25448.12,4879
2025-01-13 09:55:00,25448.12,25453.63,25435.22,25438.03,3679
2025-01-13 10:00:00,25438.03,25460.05,25426.91,25452.81,2294
2025-01-13 10:05:00,25452.81,25519.18,25425.45,25504.41,2469
2025-01-13 10:10:00,25504.41,25512.63,25464.36,25485.19,2812
2025-01-13 10:15:00,25485.19,25543.14,25472.88,25522.18,2437
2025-01-13 10:20:00,25522.18,25557.25,25511.11,25531.57,3558
2025-01-13 10:25:00,25531.57,25570.4,25529.2,25560.08,1406
2025-01-13 10:30:00,25560.08,25565.09,25532.34,25544.09,3309
2025-01-13 10:35:00,25544.09,25544.71,25474.05,25485.15,3632
2025-01-13 10:40:00,25485.15,25498.19,25468.24,25490.74,3344
2025-01-13 10:45:00,25490.74,25510.35,25446.56,25449.7,4535
2025-01-13 10:50:00,25449.7,25474.99,25427.21,25465.28,4095
2025-01-13 10:55:00,25465.28,25466.85,25442.48,25461.3,1710
2025-01-13 11:00:00,25461.3,25462.4,25450.52,25457.67,1194
2025-01-13 11:05:00,25457.67,25487.02,25359.04,25389.28,2517
2025-01-13 11:10:00,25389.28,25398.65,25373.98,25376.46,4689
2025-01-13 11:15:00,25376.46,25391.96,25324.44,25344.15,3895
2025-01-13 11:20:00,25344.15,25363.34,25332.6,25334.53,1925
2025-01-13 11:25:00,25334.53,25415.37,25330.14,25405.46,1810
2025-01-13 11:30:00,25405.46,25436.73,25371.75,25377.13,1478
2025-01-13 11:35:00,25377.13,25396.13,25343.69,25344.98,2389
2025-01-13 11:40:00,25344.98,25348.47,25323.8,25339.92,1011
2025-01-13 11:45:00,25339.92,25364.82,25334.27,25355.62,4674
2025-01-13 11:50:00,25355.62,25372.8,25335.57,25352.92,2290
2025-01-13 11:55:00,25352.92,25364.88,25266.64,25268.34,3201
2025-01-13 12:00:00,25268.34,25270.27,25212.12,25221.57,3908
2025-01-13 12:05:00,25221.57,25233.0,25192.88,25199.24,4499
2025-01-13 12:10:00,25199.24,25215.53,25179.31,25214.69,4463
2025-01-13 12:15:00,25214.69,25216.21,25190.8,25192.57,2798
2025-01-13 12:20:00,25192.57,25203.64,25187.83,25191.08,4031
2025-01-13 12:25:00,25191.08,25222.68,25189.98,25220.59,3717
2025-01-13 12:30:00,25220.59,25230.49,25153.75,25172.82,1658
2025-01-13 12:35:00,25172.82,25181.04,25146.13,25157.24,2119
2025-01-13 12:40:00,25157.24,25168.94,25129.74,25142.03,1043
2025-01-13 12:45:00,25142.03,25152.7,25125.2,25135.64,2120
2025-01-13 12:50:00,25135.64,25165.92,25107.24,25120.42,1072
2025-01-13 12:55:00,25120.42,25169.22,25115.43,25168.31,1518
2025-01-13 13:00:00,25168.31,25194.91,25166.85,25178.19,2676
2025-01-13 13:05:00,25178.19,25211.76,25169.97,25179.98,4136
2025-01-13 13:10:00,25179.98,25180.93,25164.91,25166.89,3108
2025-01-13 13:15:00,25166.89,25171.88,25116.97,25124.09,1987
2025-01-13 13:20:00,25124.09,25132.6,25058.63,25072.79,3648
2025-01-13 13:25:00,25072.79,25087.2,25037.73,25050.17,1093
2025-01-13 13:30:00,25050.17,25064.87,25046.09,25049.14,2382
2025-01-13 13:35:00,25049.14,25049.62,25020.87,25032.49,1100
2025-01-13 13:40:00,25032.49,25047.92,25025.72,25032.2,1120
2025-01-13 13:45:00,25032.2,25077.93,25027.74,25069.41,4120
2025-01-13 13:50:00,25069.41,25083.96,25059.58,25082.06,3001
2025-01-13 13:55:00,25082.06,25099.38,25076.92,25090.61,1215
2025-01-13 14:00:00,25090.61,25098.49,25069.29,25075.43,2403
2025-01-13 14:05:00,25075.43,25171.31,25067.78,25166.05,1832
2025-01-13 14:10:00,25166.05,25167.64,25139.93,25155.86,3448
2025-01-13 14:15:00,25155.86,25176.06,25147.52,25159.53,4385
2025-01-13 14:20:00,25159.53,25178.66,25142.05,25150.66,3911
2025-01-13 14:25:00,25150.66,25173.62,25147.57,25170.89,3105
2025-01-13 14:30:00,25170.89,25173.54,25152.41,25158.62,2284
2025-01-13 14:35:00,25158.62,25163.42,25143.08,25149.75,2165
2025-01-13 14:40:00,25149.75,25150.06,25096.69,25098.36,3883
2025-01-13 14:45:00,25098.36,25175.42,25083.82,25172.31,3457
2025-01-13 14:50:00,25172.31,25175.64,25133.23,25147.21,2772
2025-01-13 14:55:00,25147.21,25153.38,25098.83,25101.36,3851
2025-01-13 15:00:00,25101.36,25157.87,25098.38,25141.42,3516
2025-01-13 15:05:00,25141.42,25159.68,25124.01,25155.59,1783
2025-01-13 15:10:00,25155.59,25162.06,25098.75,25113.02,4506
2025-01-13 15:15:00,25113.02,25140.18,25062.04,25064.15,3738
2025-01-13 15:20:00,25064.15,25068.91,25010.66,25025.66,4476
2025-01-13 15:25:00,25025.66,25083.16,25012.65,25073.19,3624
2025-01-14 09:15:00,25050.92,25053.24,25026.16,25032.27,4700
2025-01-14 09:20:00,25032.27,25103.22,25030.88,25088.0,2476
2025-01-14 09:25:00,25088.0,25106.88,25052.46,25056.82,1400
2025-01-14 09:30:00,25056.82,25062.35,25050.33,25061.3,4483
2025-01-14 09:35:00,25061.3,25071.98,25023.8,25032.22,2199
2025-01-14 09:40:00,25032.22,25062.83,25032.09,25057.45,4725
2025-01-14 09:45:00,25057.45,25061.32,25036.12,25039.76,4474
2025-01-14 09:50:00,25039.76,25053.15,25005.51,25032.72,3994
2025-01-14 09:55:00,25032.72,25057.36,25013.23,25048.38,1002
2025-01-14 10:00:00,25048.38,25067.85,25036.31,25061.31,4756
2025-01-14 10:05:00,25061.31,25061.36,25033.19,25045.36,3467
2025-01-14 10:10:00,25045.36,25067.16,25031.02,25055.22,3615
2025-01-14 10:15:00,25055.22,25098.86,25025.31,25097.66,1971
2025-01-14 10:20:00,25097.66,25130.93,25095.55,25119.05,4176
2025-01-14 10:25:00,25119.05,25137.26,25090.75,25098.88,4003
2025-01-14 10:30:00,25098.88,25114.07,25095.41,25103.72,2935
2025-01-14 10:35:00,25103.72,25114.13,25060.83,25068.8,2548
2025-01-14 10:40:00,25068.8,25078.69,25055.92,25061.16,2062
2025-01-14 10:45:00,25061.16,25073.08,25056.97,25064.81,2536
2025-01-14 10:50:00,25064.81,25117.26,25056.55,25104.56,4891
2025-01-14 10:55:00,25104.56,25136.09,25087.24,25126.71,1207
2025-01-14 11:00:00,25126.71,25164.83,25124.39,25146.9,2758
2025-01-14 11:05:00,25146.9,25155.29,25065.42,25080.13,1494
2025-01-14 11:10:00,25080.13,25104.9,25071.63,25104.06,2016
2025-01-14 11:15:00,25104.06,25110.87,25076.56,25091.13,4544
2025-01-14 11:20:00,25091.13,25092.81,25046.59,25051.07,2045
2025-01-14 11:25:00,25051.07,25062.55,25043.0,25047.04,3197
2025-01-14 11:30:00,25047.04,25060.54,25017.01,25017.35,4700
2025-01-14 11:35:00,25017.35,25028.33,24992.83,25015.4,2287
2025-01-14 11:40:00,25015.4,25027.15,24971.28,24974.51,2022
2025-01-14 11:45:00,24974.51,25005.7,24961.64,24997.4,1458
2025-01-14 11:50:00,24997.4,25022.86,24986.42,25013.15,3426
2025-01-14 11:55:00,25013.15,25027.06,24992.87,25001.15,2470
2025-01-14 12:00:00,25001.15,25019.32,24980.87,25009.23,3170
2025-01-14 12:05:00,25009.23,25026.36,24932.21,24957.08,4129
2025-01-14 12:10:00,24957.08,24984.9,24954.69,24959.84,3212
2025-01-14 12:15:00,24959.84,24984.23,24905.0,24924.63,1226
2025-01-14 12:20:00,24924.63,24944.93,24905.95,24944.93,3662
2025-01-14 12:25:00,24944.93,24954.54,24900.63,24907.59,4002
2025-01-14 12:30:00,24907.59,24935.96,24891.1,24900.16,4050
2025-01-14 12:35:00,24900.16,24912.39,24875.58,24879.15,1808
2025-01-14 12:40:00,24879.15,24892.46,24879.04,24880.18,3967
2025-01-14 12:45:00,24880.18,24897.24,24863.02,24881.0,4193
2025-01-14 12:50:00,24881.0,24909.34,24875.77,24905.19,1778
2025-01-14 12:55:00,24905.19,24953.27,24894.28,24952.02,2480
2025-01-14 13:00:00,24952.02,24971.95,24904.02,24917.8,3728
2025-01-14 13:05:00,24917.8,24957.87,24899.5,24931.54,2538
2025-01-14 13:10:00,24931.54,24985.39,24917.53,24979.31,3528
2025-01-14 13:15:00,24979.31,24981.39,24968.1,24969.42,2805
2025-01-14 13:20:00,24969.42,24976.89,24879.15,24907.68,2530
2025-01-14 13:25:00,24907.68,24966.28,24907.09,24956.68,3425
2025-01-14 13:30:00,24956.68,24965.23,24927.23,24953.8,4297
2025-01-14 13:35:00,24953.8,24958.17,24886.27,24899.88,4063
2025-01-14 13:40:00,24899.88,24933.76,24894.68,24911.07,4387
2025-01-14 13:45:00,24911.07,24936.03,24888.6,24889.79,1088
2025-01-14 13:50:00,24889.79,24909.53,24882.16,24909.06,4759
2025-01-14 13:55:00,24909.06,24918.56,24873.87,24883.49,3368
2025-01-14 14:00:00,24883.49,24917.0,24876.66,24904.63,4693
2025-01-14 14:05:00,24904.63,24904.79,24839.79,24840.06,2682
2025-01-14 14:10:00,24840.06,24853.61,24832.96,24852.9,3996
2025-01-14 14:15:00,24852.9,24863.74,24844.45,24861.01,4273
2025-01-14 14:20:00,24861.01,24906.33,24842.62,24886.33,4269
2025-01-14 14:25:00,24886.33,24898.53,24867.25,24897.64,3504
2025-01-14 14:30:00,24897.64,24930.29,24887.24,24914.64,1443
2025-01-14 14:35:00,24914.64,24929.78,24878.93,24886.66,4046
2025-01-14 14:40:00,24886.66,24898.7,24856.03,24869.25,4238
2025-01-14 14:45:00,24869.25,24877.04,24830.74,24836.77,4092
2025-01-14 14:50:00,24836.77,24858.23,24828.37,24854.37,3155
2025-01-14 14:55:00,24854.37,24916.35,24831.18,24885.42,3628
2025-01-14 15:00:00,24885.42,24916.42,24871.49,24909.09,1593
2025-01-14 15:05:00,24909.09,24934.46,24885.91,24914.71,3725
2025-01-14 15:10:00,24914.71,24941.97,24903.6,24930.13,2125
2025-01-14 15:15:00,24930.13,24990.16,24907.07,24980.81,2504
2025-01-14 15:20:00,24980.81,25028.26,24967.74,25027.53,4900
2025-01-14 15:25:00,25027.53,25051.18,25018.37,25038.04,4906
2025-01-15 09:15:00,25092.92,25110.49,25085.01,25110.14,4652
2025-01-15 09:20:00,25110.14,25192.88,25100.91,25175.37,3124
2025-01-15 09:25:00,25175.37,25216.83,25166.15,25202.05,1510
2025-01-15 09:30:00,25202.05,25205.59,25150.49,25160.41,1711
2025-01-15 09:35:00,25160.41,25161.7,25151.61,25153.88,2207
2025-01-15 09:40:00,25153.88,25156.12,25082.95,25087.41,2930
2025-01-15 09:45:00,25087.41,25121.74,25077.7,25121.65,1319
2025-01-15 09:50:00,25121.65,25125.23,25088.34,25093.7,4969
2025-01-15 09:55:00,25093.7,25113.61,25002.81,25006.37,1479
2025-01-15 10:00:00,25006.37,25019.87,25002.5,25018.24,4931
2025-01-15 10:05:00,25018.24,25037.34,25007.55,25024.1,4783
2025-01-15 10:10:00,25024.1,25089.99,25005.03,25074.91,4736
2025-01-15 10:15:00,25074.91,25079.33,25066.66,25072.88,1304
2025-01-15 10:20:00,25072.88,25093.51,25065.81,25083.87,1194
2025-01-15 10:25:00,25083.87,25115.3,25083.15,25107.21,3955
2025-01-15 10:30:00,25107.21,25158.03,25099.01,25139.2,3223
2025-01-15 10:35:00,25139.2,25176.14,25125.17,25165.68,2542
2025-01-15 10:40:00,25165.68,25166.91,25121.36,25127.67,1013
2025-01-15 10:45:00,25127.67,25146.09,25090.55,25104.16,1336
2025-01-15 10:50:00,25104.16,25139.08,25097.44,25123.38,3558
2025-01-15 10:55:00,25123.38,25148.36,25120.48,25141.11,1960
2025-01-15 11:00:00,25141.11,25147.57,25114.61,25115.54,2143
2025-01-15 11:05:00,25115.54,25126.11,25023.19,25057.25,2814
2025-01-15 11:10:00,25057.25,25066.75,25005.42,25024.12,3829
2025-01-15 11:15:00,25024.12,25024.75,24985.24,25003.77,3923
2025-01-15 11:20:00,25003.77,25017.28,24987.03,24995.66,3258
2025-01-15 11:25:00,24995.66,24999.21,24972.48,24979.82,2640
2025-01-15 11:30:00,24979.82,25014.74,24968.32,24997.75,2847
2025-01-15 11:35:00,24997.75,25024.99,24990.85,25022.44,4081
2025-01-15 11:40:00,25022.44,25044.91,25010.5,25044.03,3065
2025-01-15 11:45:00,25044.03,25048.93,25009.97,25025.83,1757
2025-01-15 11:50:00,25025.83,25039.09,25022.72,25029.09,2183
2025-01-15 11:55:00,25029.09,25055.9,25010.83,25049.72,4337
2025-01-15 12:00:00,25049.72,25065.95,24991.09,25017.54,2536
2025-01-15 12:05:00,25017.54,25028.01,24985.89,24989.01,1937
2025-01-15 12:10:00,24989.01,25001.46,24976.78,24984.22,3688
2025-01-15 12:15:00,24984.22,25033.69,24980.92,25031.45,2218
2025-01-15 12:20:00,25031.45,25088.39,25004.78,25079.4,1467
2025-01-15 12:25:00,25079.4,25107.53,25007.91,25031.83,1887
2025-01-15 12:30:00,25031.83,25071.19,25028.57,25057.85,1115
2025-01-15 12:35:00,25057.85,25084.3,25049.58,25077.44,4255
2025-01-15 12:40:00,25077.44,25089.04,25024.41,25031.46,4470
2025-01-15 12:45:00,25031.46,25044.61,25008.49,25028.28,2254
2025-01-15 12:50:00,25028.28,25035.01,25007.7,25018.91,2066
2025-01-15 12:55:00,25018.91,25033.3,25010.82,25029.72,1767
2025-01-15 13:00:00,25029.72,25037.42,25009.04,25028.75,3725
2025-01-15 13:05:00,25028.75,25035.27,25018.48,25029.04,3737
2025-01-15 13:10:00,25029.04,25044.12,25028.54,25030.61,2397
2025-01-15 13:15:00,25030.61,25033.55,24984.27,24986.22,2930
2025-01-15 13:20:00,24986.22,25006.62,24971.05,24976.25,1306
2025-01-15 13:25:00,24976.25,25025.23,24951.66,25011.54,4015
2025-01-15 13:30:00,25011.54,25042.9,24980.89,25018.21,1702
2025-01-15 13:35:00,25018.21,25046.96,24978.85,25043.44,2204
2025-01-15 13:40:00,25043.44,25058.06,25026.62,25047.82,4099
2025-01-15 13:45:00,25047.82,25108.34,25041.82,25100.05,3577
2025-01-15 13:50:00,25100.05,25116.75,25060.06,25067.0,2744
2025-01-15 13:55:00,25067.0,25097.67,25044.43,25088.12,3931
2025-01-15 14:00:00,25088.12,25094.12,25048.0,25051.89,2722
2025-01-15 14:05:00,25051.89,25058.59,25004.02,25019.33,2212
2025-01-15 14:10:00,25019.33,25025.25,25016.13,25017.67,2691
2025-01-15 14:15:00,25017.67,25032.41,25015.69,25025.22,2995
2025-01-15 14:20:00,25025.22,25047.35,24974.63,24979.15,1909
2025-01-15 14:25:00,24979.15,24993.35,24943.14,24956.66,4940
2025-01-15 14:30:00,24956.66,24959.54,24931.2,24946.65,2044
2025-01-15 14:35:00,24946.65,24992.72,24932.42,24976.98,3161
2025-01-15 14:40:00,24976.98,25024.62,24957.14,24999.39,3180
2025-01-15 14:45:00,24999.39,25011.63,24948.46,24958.37,4241
2025-01-15 14:50:00,24958.37,25038.72,24957.38,25027.66,4819
2025-01-15 14:55:00,25027.66,25042.67,25026.27,25039.78,4407
2025-01-15 15:00:00,25039.78,25092.28,25039.19,25082.36,3688
2025-01-15 15:05:00,25082.36,25107.97,25079.93,25106.88,1554
2025-01-15 15:10:00,25106.88,25121.92,25085.76,25106.95,3693
2025-01-15 15:15:00,25106.95,25138.53,25106.7,25126.82,3821
2025-01-15 15:20:00,25126.82,25129.79,25095.81,25115.93,2863
2025-01-15 15:25:00,25115.93,25145.0,25108.78,25138.73,2110
2025-01-16 09:15:00,25288.1,25289.86,25286.93,25287.6,2457
2025-01-16 09:20:00,25287.6,25316.44,25281.71,25311.63,4816
2025-01-16 09:25:00,25311.63,25324.01,25304.98,25321.58,2160
2025-01-16 09:30:00,25321.58,25324.96,25295.64,25302.81,3869
2025-01-16 09:35:00,25302.81,25308.46,25261.63,25292.52,1445
2025-01-16 09:40:00,25292.52,25302.99,25246.98,25251.41,1622
2025-01-16 09:45:00,25251.41,25255.22,25226.8,25248.31,1542
2025-01-16 09:50:00,25248.31,25267.06,25237.56,25251.48,1185
2025-01-16 09:55:00,25251.48,25254.24,25250.47,25250.9,4281
2025-01-16 10:00:00,25250.9,25259.12,25230.24,25239.84,4661
2025-01-16 10:05:00,25239.84,25265.09,25238.9,25244.23,4980
2025-01-16 10:10:00,25244.23,25306.27,25228.2,25287.04,1467
2025-01-16 10:15:00,25287.04,25308.06,25279.48,25302.31,3793
2025-01-16 10:20:00,25302.31,25304.57,25288.77,25294.29,4771
2025-01-16 10:25:00,25294.29,25334.78,25286.42,25322.06,1205
2025-01-16 10:30:00,25322.06,25339.92,25321.18,25330.99,4256
2025-01-16 10:35:00,25330.99,25372.59,25328.11,25355.92,4277
2025-01-16 10:40:00,25355.92,25368.45,25327.91,25342.06,4408
2025-01-16 10:45:00,25342.06,25356.23,25307.56,25309.69,3400
2025-01-16 10:50:00,25309.69,25320.78,25208.35,25223.68,3021
2025-01-16 10:55:00,25223.68,25229.78,25192.29,25210.19,2510
2025-01-16 11:00:00,25210.19,25218.47,25179.14,25186.17,3902
2025-01-16 11:05:00,25186.17,25218.25,25170.12,25215.79,2796
2025-01-16 11:10:00,25215.79,25216.84,25175.93,25180.46,2532
2025-01-16 11:15:00,25180.46,25197.17,25174.86,25180.94,1614
2025-01-16 11:20:00,25180.94,25204.34,25173.72,25203.4,1933
2025-01-16 11:25:00,25203.4,25257.73,25179.83,25251.8,3403
2025-01-16 11:30:00,25251.8,25256.56,25236.62,25254.32,4199
2025-01-16 11:35:00,25254.32,25256.44,25248.19,25256.28,4721
2025-01-16 11:40:00,25256.28,25331.32,25256.16,25321.84,1710
2025-01-16 11:45:00,25321.84,25359.24,25302.63,25344.05,2293
2025-01-16 11:50:00,25344.05,25345.43,25269.77,25288.58,1373
2025-01-16 11:55:00,25288.58,25295.44,25265.59,25272.0,4078
2025-01-16 12:00:00,25272.0,25272.4,25245.78,25246.57,2911
2025-01-16 12:05:00,25246.57,25285.25,25235.72,25282.86,4958
2025-01-16 12:10:00,25282.86,25287.73,25270.7,25273.27,1121
2025-01-16 12:15:00,25273.27,25307.43,25267.31,25304.43,1857
2025-01-16 12:20:00,25304.43,25317.97,25278.03,25288.91,1360
2025-01-16 12:25:00,25288.91,25318.88,25278.03,25308.81,2790
2025-01-16 12:30:00,25308.81,25329.35,25301.03,25325.91,2693
2025-01-16 12:35:00,25325.91,25343.94,25310.37,25329.69,1706
2025-01-16 12:40:00,25329.69,25362.83,25314.51,25356.76,2437
2025-01-16 12:45:00,25356.76,25382.23,25333.8,25376.54,2366
2025-01-16 12:50:00,25376.54,25376.55,25335.4,25344.37,1761
2025-01-16 12:55:00,25344.37,25356.61,25294.86,25301.11,1461
2025-01-16 13:00:00,25301.11,25306.97,25281.51,25291.57,4470
2025-01-16 13:05:00,25291.57,25323.28,25286.8,25321.9,2497
2025-01-16 13:10:00,25321.9,25349.43,25317.05,25344.39,4623
2025-01-16 13:15:00,25344.39,25383.83,25325.72,25380.27,2092
2025-01-16 13:20:00,25380.27,25382.5,25355.19,25368.53,1387
2025-01-16 13:25:00,25368.53,25376.57,25355.44,25359.75,2042
2025-01-16 13:30:00,25359.75,25384.36,25353.89,25383.91,2303
2025-01-16 13:35:00,25383.91,25447.12,25374.02,25446.28,1411
2025-01-16 13:40:00,25446.28,25459.0,25416.29,25421.13,2175
2025-01-16 13:45:00,25421.13,25495.78,25411.15,25484.04,2429
2025-01-16 13:50:00,25484.04,25495.15,25467.62,25471.7,1765
2025-01-16 13:55:00,25471.7,25524.58,25455.02,25516.93,1787
2025-01-16 14:00:00,25516.93,25560.41,25515.55,25557.32,3726
2025-01-16 14:05:00,25557.32,25571.74,25540.86,25549.06,3679
2025-01-16 14:10:00,25549.06,25610.37,25540.41,25594.68,3696
2025-01-16 14:15:00,25594.68,25651.95,25592.68,25638.15,4518
2025-01-16 14:20:00,25638.15,25668.13,25630.07,25650.14,2246
2025-01-16 14:25:00,25650.14,25668.98,25648.47,25653.83,3956
2025-01-16 14:30:00,25653.83,25674.94,25650.74,25662.57,4460
2025-01-16 14:35:00,25662.57,25666.18,25642.31,25651.85,2940
2025-01-16 14:40:00,25651.85,25686.53,25634.51,25676.7,4076
2025-01-16 14:45:00,25676.7,25736.5,25671.86,25724.2,2513
2025-01-16 14:50:00,25724.2,25769.27,25713.07,25762.51,1953
2025-01-16 14:55:00,25762.51,25800.47,25755.87,25794.51,3698
2025-01-16 15:00:00,25794.51,25797.52,25731.92,25746.96,1755
2025-01-16 15:05:00,25746.96,25748.34,25735.83,25739.81,4963
2025-01-16 15:10:00,25739.81,25754.19,25726.45,25752.98,3869
2025-01-16 15:15:00,25752.98,25802.63,25745.46,25796.69,2167
2025-01-16 15:20:00,25796.69,25805.24,25745.82,25749.93,4227
2025-01-16 15:25:00,25749.93,25750.95,25723.65,25733.95,3729
2025-01-17 09:15:00,25881.34,25901.8,25873.73,25885.42,1123
2025-01-17 09:20:00,25885.42,25915.66,25841.33,25870.49,2619
2025-01-17 09:25:00,25870.49,25901.68,25863.57,25886.7,3877
2025-01-17 09:30:00,25886.7,25889.27,25869.05,25878.48,2391
2025-01-17 09:35:00,25878.48,25913.91,25871.3,25909.54,3267
2025-01-17 09:40:00,25909.54,25934.44,25873.07,25878.56,2734
2025-01-17 09:45:00,25878.56,25901.8,25873.67,25893.29,1086
2025-01-17 09:50:00,25893.29,25897.07,25861.5,25871.44,2479
2025-01-17 09:55:00,25871.44,25878.56,25860.82,25867.24,3980
2025-01-17 10:00:00,25867.24,25924.65,25866.54,25915.56,1167
2025-01-17 10:05:00,25915.56,25967.5,25914.9,25958.53,4855
2025-01-17 10:10:00,25958.53,25972.04,25930.5,25952.39,2302
2025-01-17 10:15:00,25952.39,25975.98,25952.27,25975.26,1926
2025-01-17 10:20:00,25975.26,26002.3,25959.82,25997.09,1530
2025-01-17 10:25:00,25997.09,26027.38,25991.2,26012.79,1808
2025-01-17 10:30:00,26012.79,26029.7,25988.91,26016.16,4557
2025-01-17 10:35:00,26016.16,26016.45,25984.97,25990.08,3046
2025-01-17 10:40:00,25990.08,25992.83,25966.94,25973.56,3029
2025-01-17 10:45:00,25973.56,25978.7,25971.13,25972.14,2936
2025-01-17 10:50:00,25972.14,26012.51,25963.7,26003.81,2299
2025-01-17 10:55:00,26003.81,26005.56,25938.82,25950.1,4909
2025-01-17 11:00:00,25950.1,25955.66,25938.12,25943.12,4341
2025-01-17 11:05:00,25943.12,25963.01,25934.52,25960.82,2722
2025-01-17 11:10:00,25960.82,25971.16,25924.52,25947.43,3832
2025-01-17 11:15:00,25947.43,25947.55,25938.86,25945.38,2664
2025-01-17 11:20:00,25945.38,25950.42,25930.15,25941.14,3649
2025-01-17 11:25:00,25941.14,25951.57,25909.73,25927.05,1749
2025-01-17 11:30:00,25927.05,25942.22,25912.61,25932.88,3862
2025-01-17 11:35:00,25932.88,25933.8,25875.61,25892.65,3580
2025-01-17 11:40:00,25892.65,25919.52,25882.48,25907.67,4725
2025-01-17 11:45:00,25907.67,25940.6,25888.78,25931.05,4523
2025-01-17 11:50:00,25931.05,26029.23,25902.31,26012.52,3695
2025-01-17 11:55:00,26012.52,26028.75,26011.03,26027.57,4455
2025-01-17 12:00:00,26027.57,26078.14,26009.94,26059.8,1436
2025-01-17 12:05:00,26059.8,26074.04,26029.01,26049.22,4373
2025-01-17 12:10:00,26049.22,26073.8,26035.13,26067.03,3670
2025-01-17 12:15:00,26067.03,26144.19,26050.61,26126.33,4424
2025-01-17 12:20:00,26126.33,26193.61,26118.95,26182.0,4449
2025-01-17 12:25:00,26182.0,26220.83,26174.69,26218.72,1336
2025-01-17 12:30:00,26218.72,26220.98,26196.87,26208.0,4541
2025-01-17 12:35:00,26208.0,26212.81,26189.23,26205.52,3043
2025-01-17 12:40:00,26205.52,26209.79,26164.14,26167.38,1685
2025-01-17 12:45:00,26167.38,26170.97,26125.78,26126.34,2162
2025-01-17 12:50:00,26126.34,26144.64,26114.85,26138.18,2400
2025-01-17 12:55:00,26138.18,26175.64,26117.16,26169.72,1641
2025-01-17 13:00:00,26169.72,26181.74,26152.04,26153.21,3606
2025-01-17 13:05:00,26153.21,26165.37,26100.73,26115.79,4973
2025-01-17 13:10:00,26115.79,26131.12,26045.64,26059.56,1876
2025-01-17 13:15:00,26059.56,26110.61,26047.27,26104.68,2856
2025-01-17 13:20:00,26104.68,26119.86,26101.25,26117.33,3909
2025-01-17 13:25:00,26117.33,26157.56,26086.15,26151.59,4269
2025-01-17 13:30:00,26151.59,26164.84,26108.76,26112.9,4374
2025-01-17 13:35:00,26112.9,26149.38,26101.33,26125.41,2341
2025-01-17 13:40:00,26125.41,26171.07,26117.39,26148.13,3215
2025-01-17 13:45:00,26148.13,26180.42,26144.49,26175.21,4557
2025-01-17 13:50:00,26175.21,26198.75,26170.83,26186.31,2782
2025-01-17 13:55:00,26186.31,26188.22,26166.24,26173.23,2005
2025-01-17 14:00:00,26173.23,26177.27,26166.11,26167.76,1652
2025-01-17 14:05:00,26167.76,26168.37,26152.18,26165.26,2331
2025-01-17 14:10:00,26165.26,26170.67,26122.76,26139.67,2446
2025-01-17 14:15:00,26139.67,26140.24,26134.06,26137.24,2632
2025-01-17 14:20:00,26137.24,26165.04,26132.88,26144.52,4828
2025-01-17 14:25:00,26144.52,26148.8,26097.49,26108.19,1319
2025-01-17 14:30:00,26108.19,26167.77,26085.25,26161.38,4158
2025-01-17 14:35:00,26161.38,26173.22,26160.41,26170.56,4753
2025-01-17 14:40:00,26170.56,26184.59,26160.97,26171.94,1311
2025-01-17 14:45:00,26171.94,26222.2,26169.96,26203.38,2131
2025-01-17 14:50:00,26203.38,26227.59,26192.16,26203.84,3111
2025-01-17 14:55:00,26203.84,26222.82,26195.98,26204.82,3218
2025-01-17 15:00:00,26204.82,26233.21,26185.65,26230.34,4255
2025-01-17 15:05:00,26230.34,26301.76,26227.56,26284.12,2050
2025-01-17 15:10:00,26284.12,26333.45,26278.28,26332.21,2364
2025-01-17 15:15:00,26332.21,26346.58,26285.48,26299.72,2663
2025-01-17 15:20:00,26299.72,26308.61,26251.65,26261.88,1921
2025-01-17 15:25:00,26261.88,26298.44,26245.88,26276.57,2581
2025-01-20 09:15:00,26349.28,26404.88,26341.68,26399.06,1555
2025-01-20 09:20:00,26399.06,26400.92,26352.52,26377.41,3015
2025-01-20 09:25:00,26377.41,26384.39,26365.59,26379.33,1004
2025-01-20 09:30:00,26379.33,26379.81,26330.51,26333.21,4475
2025-01-20 09:35:00,26333.21,26392.75,26328.15,26379.77,4680
2025-01-20 09:40:00,26379.77,26388.97,26351.7,26369.63,2122
2025-01-20 09:45:00,26369.63,26375.98,26363.08,26375.47,1944
2025-01-20 09:50:00,26375.47,26385.25,26354.41,26364.34,1192
2025-01-20 09:55:00,26364.34,26395.26,26354.57,26391.25,1454
2025-01-20 10:00:00,26391.25,26431.38,26366.53,26418.01,3979
2025-01-20 10:05:00,26418.01,26429.89,26405.45,26425.99,2950
2025-01-20 10:10:00,26425.99,26433.8,26411.61,26411.83,2451
2025-01-20 10:15:00,26411.83,26414.13,26356.9,26369.41,4524
2025-01-20 10:20:00,26369.41,26378.34,26361.43,26375.26,1646
2025-01-20 10:25:00,26375.26,26376.56,26357.63,26358.73,4278
2025-01-20 10:30:00,26358.73,26384.38,26328.28,26347.33,1918
2025-01-20 10:35:00,26347.33,26351.7,26288.67,26311.04,1307
2025-01-20 10:40:00,26311.04,26374.01,26305.75,26350.37,4673
2025-01-20 10:45:00,26350.37,26382.98,26345.29,26378.27,2492
2025-01-20 10:50:00,26378.27,26421.46,26367.09,26417.47,1042
2025-01-20 10:55:00,26417.47,26499.64,26413.42,26489.3,2500
2025-01-20 11:00:00,26489.3,26504.96,26426.54,26442.31,4964
2025-01-20 11:05:00,26442.31,26447.71,26382.06,26390.22,4118
2025-01-20 11:10:00,26390.22,26399.86,26357.02,26358.9,3127
2025-01-20 11:15:00,26358.9,26390.73,26350.93,26382.73,4044
2025-01-20 11:20:00,26382.73,26478.4,26375.29,26459.4,2428
2025-01-20 11:25:00,26459.4,26499.98,26451.11,26490.99,2016
2025-01-20 11:30:00,26490.99,26537.82,26479.29,26530.98,2937
2025-01-20 11:35:00,26530.98,26539.27,26516.23,26519.36,2485
2025-01-20 11:40:00,26519.36,26541.9,26518.26,26535.05,1268
2025-01-20 11:45:00,26535.05,26560.01,26490.18,26511.7,3864
2025-01-20 11:50:00,26511.7,26514.41,26483.18,26489.47,1718
2025-01-20 11:55:00,26489.47,26515.77,26487.3,26510.85,2387
2025-01-20 12:00:00,26510.85,26565.49,26501.05,26536.96,3168
2025-01-20 12:05:00,26536.96,26539.04,26492.69,26516.59,3436
2025-01-20 12:10:00,26516.59,26519.24,26427.38,26440.21,4249
2025-01-20 12:15:00,26440.21,26463.43,26438.66,26456.76,4176
2025-01-20 12:20:00,26456.76,26478.86,26440.67,26452.79,4198
2025-01-20 12:25:00,26452.79,26459.79,26384.78,26393.83,3996
2025-01-20 12:30:00,26393.83,26397.91,26364.35,26368.87,2729
2025-01-20 12:35:00,26368.87,26410.83,26349.31,26402.97,2642
2025-01-20 12:40:00,26402.97,26436.38,26390.6,26410.59,2815
2025-01-20 12:45:00,26410.59,26456.37,26409.2,26448.94,2454
2025-01-20 12:50:00,26448.94,26470.87,26441.59,26463.94,4462
2025-01-20 12:55:00,26463.94,26492.35,26458.79,26474.85,2368
2025-01-20 13:00:00,26474.85,26482.27,26463.07,26468.45,4619
2025-01-20 13:05:00,26468.45,26491.0,26457.12,26469.3,4381
2025-01-20 13:10:00,26469.3,26480.96,26440.03,26455.25,2751
2025-01-20 13:15:00,26455.25,26465.95,26402.23,26405.75,4438
2025-01-20 13:20:00,26405.75,26439.5,26394.06,26410.86,1569
2025-01-20 13:25:00,26410.86,26420.44,26380.47,26391.76,2097
2025-01-20 13:30:00,26391.76,26405.46,26372.05,26391.16,1433
2025-01-20 13:35:00,26391.16,26420.47,26381.4,26416.56,2971
2025-01-20 13:40:00,26416.56,26417.48,26411.48,26415.1,1376
2025-01-20 13:45:00,26415.1,26466.02,26410.29,26460.2,2521
2025-01-20 13:50:00,26460.2,26499.61,26456.81,26498.26,3779
2025-01-20 13:55:00,26498.26,26577.2,26461.53,26550.78,1163
2025-01-20 14:00:00,26550.78,26579.75,26547.62,26577.61,1766
2025-01-20 14:05:00,26577.61,26581.84,26516.16,26529.13,2980
2025-01-20 14:10:00,26529.13,26554.66,26485.11,26497.03,3699
2025-01-20 14:15:00,26497.03,26498.6,26433.32,26457.05,3307
2025-01-20 14:20:00,26457.05,26464.98,26426.92,26437.31,4970
2025-01-20 14:25:00,26437.31,26452.95,26367.8,26376.98,4688
2025-01-20 14:30:00,26376.98,26383.8,26371.34,26382.26,1326
2025-01-20 14:35:00,26382.26,26407.02,26373.02,26378.12,3682
2025-01-20 14:40:00,26378.12,26400.62,26361.67,26390.13,1505
2025-01-20 14:45:00,26390.13,26419.59,26387.26,26394.19,1479
2025-01-20 14:50:00,26394.19,26429.48,26344.67,26353.31,3655
2025-01-20 14:55:00,26353.31,26410.74,26348.43,26402.14,4762
2025-01-20 15:00:00,26402.14,26432.85,26392.6,26428.37,4502
2025-01-20 15:05:00,26428.37,26451.14,26363.22,26388.83,4486
2025-01-20 15:10:00,26388.83,26402.96,26333.86,26344.57,3153
2025-01-20 15:15:00,26344.57,26350.96,26299.15,26329.8,4735
2025-01-20 15:20:00,26329.8,26375.47,26316.84,26361.9,2799
2025-01-20 15:25:00,26361.9,26367.23,26319.21,26320.71,4805
2025-01-21 09:15:00,26531.57,26533.94,26517.49,26525.08,2275
2025-01-21 09:20:00,26525.08,26550.29,26503.52,26531.36,2520
2025-01-21 09:25:00,26531.36,26601.52,26524.3,26589.41,1720
2025-01-21 09:30:00,26589.41,26598.89,26513.63,26544.92,3743
2025-01-21 09:35:00,26544.92,26548.6,26510.6,26519.34,1094
2025-01-21 09:40:00,26519.34,26521.65,26503.6,26508.3,1901
2025-01-21 09:45:00,26508.3,26516.57,26479.89,26484.24,1374
2025-01-21 09:50:00,26484.24,26484.33,26464.63,26473.51,4605
2025-01-21 09:55:00,26473.51,26526.29,26465.6,26520.96,3560
2025-01-21 10:00:00,26520.96,26526.5,26501.57,26508.56,2035
2025-01-21 10:05:00,26508.56,26516.03,26462.33,26470.19,3854
2025-01-21 10:10:00,26470.19,26478.65,26460.15,26465.19,1009
2025-01-21 10:15:00,26465.19,26496.79,26458.3,26490.82,1437
2025-01-21 10:20:00,26490.82,26539.9,26454.82,26524.87,2733
2025-01-21 10:25:00,26524.87,26563.14,26522.22,26562.47,1614
2025-01-21 10:30:00,26562.47,26596.15,26554.8,26587.37,4106
2025-01-21 10:35:00,26587.37,26646.46,26580.5,26638.93,3268
2025-01-21 10:40:00,26638.93,26656.88,26587.79,26611.0,2229
2025-01-21 10:45:00,26611.0,26617.31,26577.56,26581.17,4227
2025-01-21 10:50:00,26581.17,26593.45,26531.43,26531.94,2477
2025-01-21 10:55:00,26531.94,26539.26,26451.26,26477.26,1203
2025-01-21 11:00:00,26477.26,26481.67,26453.27,26461.18,2311
2025-01-21 11:05:00,26461.18,26476.69,26452.01,26474.14,4387
2025-01-21 11:10:00,26474.14,26518.01,26473.16,26513.76,3850
2025-01-21 11:15:00,26513.76,26531.98,26507.95,26509.81,4900
2025-01-21 11:20:00,26509.81,26525.25,26460.02,26483.05,2778
2025-01-21 11:25:00,26483.05,26492.2,26478.5,26479.01,1401
2025-01-21 11:30:00,26479.01,26481.87,26437.77,26442.15,4973
2025-01-21 11:35:00,26442.15,26443.4,26404.66,26405.22,4448
2025-01-21 11:40:00,26405.22,26410.99,26384.38,26399.5,1106
2025-01-21 11:45:00,26399.5,26416.67,26354.14,26374.61,2594
2025-01-21 11:50:00,26374.61,26401.19,26366.47,26383.26,2981
2025-01-21 11:55:00,26383.26,26406.55,26371.88,26396.59,2901
2025-01-21 12:00:00,26396.59,26419.78,26373.83,26417.32,4468
2025-01-21 12:05:00,26417.32,26460.99,26400.82,26449.57,4849
2025-01-21 12:10:00,26449.57,26453.87,26444.64,26445.02,2593
2025-01-21 12:15:00,26445.02,26477.05,26444.42,26474.15,1733
2025-01-21 12:20:00,26474.15,26503.73,26469.63,26493.69,2090
2025-01-21 12:25:00,26493.69,26500.45,26452.32,26469.59,4604
2025-01-21 12:30:00,26469.59,26577.1,26456.22,26558.15,4161
2025-01-21 12:35:00,26558.15,26574.2,26545.33,26564.05,2567
2025-01-21 12:40:00,26564.05,26576.38,26553.55,26569.82,2579
2025-01-21 12:45:00,26569.82,26573.23,26535.63,26548.59,4439
2025-01-21 12:50:00,26548.59,26552.74,26512.56,26536.41,2183
2025-01-21 12:55:00,26536.41,26538.02,26441.58,26445.47,3015
2025-01-21 13:00:00,26445.47,26461.01,26380.37,26405.06,1651
2025-01-21 13:05:00,26405.06,26420.11,26404.77,26410.82,2871
2025-01-21 13:10:00,26410.82,26427.18,26393.03,26418.17,3035
2025-01-21 13:15:00,26418.17,26430.63,26391.06,26403.66,3376
2025-01-21 13:20:00,26403.66,26410.6,26364.86,26388.62,4198
2025-01-21 13:25:00,26388.62,26405.77,26350.47,26365.35,1024
2025-01-21 13:30:00,26365.35,26397.82,26324.67,26326.52,4317
2025-01-21 13:35:00,26326.52,26350.26,26301.34,26308.14,4172
2025-01-21 13:40:00,26308.14,26331.17,26302.98,26324.83,3138
2025-01-21 13:45:00,26324.83,26344.9,26315.12,26331.53,3092
2025-01-21 13:50:00,26331.53,26402.45,26325.05,26394.54,4844
2025-01-21 13:55:00,26394.54,26396.2,26359.13,26366.52,4723
2025-01-21 14:00:00,26366.52,26371.52,26332.71,26338.69,2003
2025-01-21 14:05:00,26338.69,26343.99,26295.81,26332.2,3837
2025-01-21 14:10:00,26332.2,26359.98,26331.89,26335.82,3936
2025-01-21 14:15:00,26335.82,26360.11,26334.14,26356.42,1598
2025-01-21 14:20:00,26356.42,26357.79,26325.41,26339.12,2260
2025-01-21 14:25:00,26339.12,26341.86,26225.87,26235.66,1677
2025-01-21 14:30:00,26235.66,26336.34,26223.74,26324.38,4307
2025-01-21 14:35:00,26324.38,26360.1,26315.22,26336.05,4558
2025-01-21 14:40:00,26336.05,26336.88,26304.26,26331.53,2621
2025-01-21 14:45:00,26331.53,26356.04,26328.67,26347.49,2063
2025-01-21 14:50:00,26347.49,26375.9,26331.38,26348.1,1014
2025-01-21 14:55:00,26348.1,26381.23,26346.49,26370.5,3245
2025-01-21 15:00:00,26370.5,26372.22,26327.95,26340.43,4747
2025-01-21 15:05:00,26340.43,26352.96,26278.86,26302.2,3273
2025-01-21 15:10:00,26302.2,26316.45,26282.48,26289.4,4927
2025-01-21 15:15:00,26289.4,26312.4,26283.06,26289.52,1975
2025-01-21 15:20:00,26289.52,26312.36,26251.63,26290.25,1712
2025-01-21 15:25:00,26290.25,26329.03,26275.35,26318.06,3942
2025-01-22 09:15:00,26220.94,26241.38,26218.34,26223.06,4901
2025-01-22 09:20:00,26223.06,26326.26,26205.9,26302.74,4797
2025-01-22 09:25:00,26302.74,26320.41,26217.47,26240.24,4775
2025-01-22 09:30:00,26240.24,26243.08,26213.02,26227.47,1268
2025-01-22 09:35:00,26227.47,26255.13,26219.67,26224.51,3187
2025-01-22 09:40:00,26224.51,26229.28,26184.72,26196.85,4951
2025-01-22 09:45:00,26196.85,26224.67,26193.91,26219.99,3068
2025-01-22 09:50:00,26219.99,26242.49,26164.47,26190.55,1905
2025-01-22 09:55:00,26190.55,26207.32,26135.54,26136.32,3130
2025-01-22 10:00:00,26136.32,26137.86,26106.7,26109.04,4474
2025-01-22 10:05:00,26109.04,26162.17,26100.23,26155.4,4283
2025-01-22 10:10:00,26155.4,26160.37,26094.94,26100.46,3534
2025-01-22 10:15:00,26100.46,26141.74,26090.43,26121.46,3911
2025-01-22 10:20:00,26121.46,26157.91,26115.65,26153.16,3457
2025-01-22 10:25:00,26153.16,26155.42,26135.22,26144.31,1174
2025-01-22 10:30:00,26144.31,26169.62,26138.9,26162.92,3207
2025-01-22 10:35:00,26162.92,26171.91,26134.79,26142.32,4313
2025-01-22 10:40:00,26142.32,26150.94,26131.76,26141.71,2124
2025-01-22 10:45:00,26141.71,26165.82,26087.69,26115.82,1592
2025-01-22 10:50:00,26115.82,26132.53,26089.89,26131.41,4747
2025-01-22 10:55:00,26131.41,26193.49,26130.1,26179.62,2885
2025-01-22 11:00:00,26179.62,26232.8,26178.33,26215.44,2401
2025-01-22 11:05:00,26215.44,26221.09,26184.39,26192.9,4272
2025-01-22 11:10:00,26192.9,26197.84,26170.67,26182.74,4060
2025-01-22 11:15:00,26182.74,26228.7,26180.04,26213.24,3055
2025-01-22 11:20:00,26213.24,26242.53,26195.01,26222.12,4779
2025-01-22 11:25:00,26222.12,26227.56,26192.53,26212.7,4698
2025-01-22 11:30:00,26212.7,26219.32,26202.32,26209.19,4580
2025-01-22 11:35:00,26209.19,26210.22,26194.02,26203.05,1378
2025-01-22 11:40:00,26203.05,26264.74,26192.55,26244.75,4828
2025-01-22 11:45:00,26244.75,26246.1,26196.97,26206.93,2361
2025-01-22 11:50:00,26206.93,26228.74,26204.04,26213.12,3889
2025-01-22 11:55:00,26213.12,26227.01,26156.92,26172.92,1355
2025-01-22 12:00:00,26172.92,26182.27,26164.17,26166.42,2022
2025-01-22 12:05:00,26166.42,26189.81,26164.13,26188.26,4088
2025-01-22 12:10:00,26188.26,26254.02,26180.75,26241.12,2605
2025-01-22 12:15:00,26241.12,26241.72,26170.6,26188.07,4951
2025-01-22 12:20:00,26188.07,26213.01,26160.17,26184.78,3981
2025-01-22 12:25:00,26184.78,26196.04,26149.4,26169.92,2603
2025-01-22 12:30:00,26169.92,26218.43,26163.53,26208.22,4379
2025-01-22 12:35:00,26208.22,26220.14,26178.4,26182.66,2298
2025-01-22 12:40:00,26182.66,26227.38,26176.73,26204.87,1365
2025-01-22 12:45:00,26204.87,26223.32,26193.77,26217.5,2158
2025-01-22 12:50:00,26217.5,26267.02,26208.33,26262.56,3802
2025-01-22 12:55:00,26262.56,26300.83,26262.29,26297.12,2319
2025-01-22 13:00:00,26297.12,26307.72,26252.91,26255.27,2407
2025-01-22 13:05:00,26255.27,26268.99,26226.66,26227.65,3663
2025-01-22 13:10:00,26227.65,26252.76,26161.01,26179.26,1149
2025-01-22 13:15:00,26179.26,26205.27,26175.46,26175.79,3177
2025-01-22 13:20:00,26175.79,26230.22,26172.78,26208.88,2227
2025-01-22 13:25:00,26208.88,26223.42,26193.16,26220.31,2712
2025-01-22 13:30:00,26220.31,26272.93,26218.33,26249.25,3245
2025-01-22 13:35:00,26249.25,26250.74,26235.12,26249.2,2315
2025-01-22 13:40:00,26249.2,26321.67,26245.04,26312.43,2709
2025-01-22 13:45:00,26312.43,26324.38,26305.2,26315.67,4898
2025-01-22 13:50:00,26315.67,26318.98,26278.96,26316.57,3310
2025-01-22 13:55:00,26316.57,26319.99,26277.36,26279.6,2365
2025-01-22 14:00:00,26279.6,26282.52,26214.8,26244.35,2405
2025-01-22 14:05:00,26244.35,26248.32,26234.47,26245.61,4141
2025-01-22 14:10:00,26245.61,26301.75,26245.28,26287.1,4403
2025-01-22 14:15:00,26287.1,26303.36,26279.69,26302.37,3714
2025-01-22 14:20:00,26302.37,26314.7,26289.29,26294.25,3855
2025-01-22 14:25:00,26294.25,26336.85,26290.52,26328.62,3161
2025-01-22 14:30:00,26328.62,26336.52,26279.73,26296.76,1678
2025-01-22 14:35:00,26296.76,26354.31,26292.54,26347.42,1455
2025-01-22 14:40:00,26347.42,26380.92,26339.58,26371.11,4350
2025-01-22 14:45:00,26371.11,26380.9,26340.46,26357.55,3290
2025-01-22 14:50:00,26357.55,26381.22,26297.25,26320.87,1707
2025-01-22 14:55:00,26320.87,26340.36,26315.51,26316.9,2797
2025-01-22 15:00:00,26316.9,26371.1,26314.46,26343.46,4319
2025-01-22 15:05:00,26343.46,26363.14,26329.97,26350.34,4701
2025-01-22 15:10:00,26350.34,26410.52,26325.19,26381.98,4732
2025-01-22 15:15:00,26381.98,26386.77,26368.02,26374.91,4339
2025-01-22 15:20:00,26374.91,26410.45,26364.36,26403.53,2988
2025-01-22 15:25:00,26403.53,26420.95,26371.73,26385.42,4065
2025-01-23 09:15:00,26490.23,26492.11,26460.07,26474.96,3972
2025-01-23 09:20:00,26474.96,26476.92,26445.07,26455.98,3287
2025-01-23 09:25:00,26455.98,26490.33,26429.64,26472.85,1248
2025-01-23 09:30:00,26472.85,26488.93,26445.79,26452.73,4470
2025-01-23 09:35:00,26452.73,26469.04,26427.29,26440.07,2676
2025-01-23 09:40:00,26440.07,26454.47,26423.97,26448.17,2100
2025-01-23 09:45:00,26448.17,26455.8,26415.54,26446.08,2032
2025-01-23 09:50:00,26446.08,26461.58,26415.09,26424.67,2551
2025-01-23 09:55:00,26424.67,26426.72,26405.28,26422.25,4144
2025-01-23 10:00:00,26422.25,26423.47,26369.94,26396.77,3204
2025-01-23 10:05:00,26396.77,26462.74,26391.87,26439.64,2539
2025-01-23 10:10:00,26439.64,26456.74,26416.29,26417.46,2814
2025-01-23 10:15:00,26417.46,26437.8,26385.06,26402.54,4458
2025-01-23 10:20:00,26402.54,26408.48,26387.44,26387.79,4056
2025-01-23 10:25:00,26387.79,26430.24,26379.96,26417.15,1668
2025-01-23 10:30:00,26417.15,26434.44,26396.91,26399.11,1182
2025-01-23 10:35:00,26399.11,26411.5,26388.77,26404.26,2545
2025-01-23 10:40:00,26404.26,26452.66,26389.16,26439.55,1848
2025-01-23 10:45:00,26439.55,26462.5,26424.95,26449.01,3036
2025-01-23 10:50:00,26449.01,26506.41,26440.96,26501.8,2370
2025-01-23 10:55:00,26501.8,26502.02,26460.46,26484.21,4311
2025-01-23 11:00:00,26484.21,26505.68,26446.11,26446.28,3946
2025-01-23 11:05:00,26446.28,26465.44,26445.25,26457.99,3665
2025-01-23 11:10:00,26457.99,26466.71,26432.36,26442.61,2038
2025-01-23 11:15:00,26442.61,26452.81,26414.45,26417.98,1319
2025-01-23 11:20:00,26417.98,26429.94,26401.61,26423.75,3581
2025-01-23 11:25:00,26423.75,26448.26,26420.72,26428.28,2291
2025-01-23 11:30:00,26428.28,26439.15,26349.13,26360.83,4834
2025-01-23 11:35:00,26360.83,26374.32,26353.45,26373.46,2263
2025-01-23 11:40:00,26373.46,26461.72,26367.2,26449.72,3897
2025-01-23 11:45:00,26449.72,26457.33,26415.1,26432.96,4958
2025-01-23 11:50:00,26432.96,26443.27,26421.32,26422.1,1506
2025-01-23 11:55:00,26422.1,26470.51,26411.26,26459.0,2959
2025-01-23 12:00:00,26459.0,26499.49,26451.17,26495.4,2240
2025-01-23 12:05:00,26495.4,26507.91,26486.27,26504.36,2484
2025-01-23 12:10:00,26504.36,26510.57,26473.39,26484.89,1983
2025-01-23 12:15:00,26484.89,26491.49,26473.0,26490.58,2357
2025-01-23 12:20:00,26490.58,26498.37,26457.84,26487.01,3967
2025-01-23 12:25:00,26487.01,26498.32,26438.72,26454.11,2797
2025-01-23 12:30:00,26454.11,26468.36,26438.83,26452.21,3894
2025-01-23 12:35:00,26452.21,26460.67,26385.93,26399.69,3741
2025-01-23 12:40:00,26399.69,26419.38,26360.03,26367.7,1679
2025-01-23 12:45:00,26367.7,26379.16,26351.19,26353.72,3571
2025-01-23 12:50:00,26353.72,26370.69,26347.93,26362.67,1691
2025-01-23 12:55:00,26362.67,26403.42,26360.45,26386.53,4870
2025-01-23 13:00:00,26386.53,26460.18,26370.34,26457.74,2307
2025-01-23 13:05:00,26457.74,26508.79,26454.68,26493.27,4526
2025-01-23 13:10:00,26493.27,26504.21,26483.55,26502.23,3638
2025-01-23 13:15:00,26502.23,26521.08,26491.2,26510.69,1586
2025-01-23 13:20:00,26510.69,26535.61,26494.49,26519.53,4904
2025-01-23 13:25:00,26519.53,26526.87,26512.27,26514.59,4731
2025-01-23 13:30:00,26514.59,26543.22,26427.75,26430.86,4149
2025-01-23 13:35:00,26430.86,26435.05,26404.41,26407.64,3781
2025-01-23 13:40:00,26407.64,26415.61,26382.84,26406.49,1772
2025-01-23 13:45:00,26406.49,26428.27,26402.63,26428.08,2032
2025-01-23 13:50:00,26428.08,26474.3,26420.92,26449.67,4679
2025-01-23 13:55:00,26449.67,26496.24,26443.78,26467.49,1402
2025-01-23 14:00:00,26467.49,26483.55,26462.82,26482.54,1999
2025-01-23 14:05:00,26482.54,26502.4,26432.14,26441.92,1212
2025-01-23 14:10:00,26441.92,26454.22,26409.02,26426.66,2424
2025-01-23 14:15:00,26426.66,26449.45,26423.54,26447.14,4809
2025-01-23 14:20:00,26447.14,26470.05,26443.52,26462.75,1666
2025-01-23 14:25:00,26462.75,26535.25,26445.59,26532.48,4213
2025-01-23 14:30:00,26532.48,26566.09,26520.99,26545.53,2107
2025-01-23 14:35:00,26545.53,26546.96,26503.34,26522.84,4370
2025-01-23 14:40:00,26522.84,26543.74,26502.12,26508.07,4132
2025-01-23 14:45:00,26508.07,26546.33,26482.52,26541.15,3022
2025-01-23 14:50:00,26541.15,26566.72,26522.79,26561.84,2306
2025-01-23 14:55:00,26561.84,26568.86,26553.05,26554.3,1097
2025-01-23 15:00:00,26554.3,26567.39,26497.77,26504.0,4304
2025-01-23 15:05:00,26504.0,26519.77,26462.84,26463.78,1572
2025-01-23 15:10:00,26463.78,26545.26,26450.43,26530.87,1417
2025-01-23 15:15:00,26530.87,26560.03,26526.32,26543.56,1640
2025-01-23 15:20:00,26543.56,26583.37,26527.36,26579.97,4680
2025-01-23 15:25:00,26579.97,26615.3,26579.29,26607.11,1382
2025-01-24 09:15:00,26535.41,26577.58,26513.04,26563.81,2473
2025-01-24 09:20:00,26563.81,26642.69,26540.78,26629.76,2502
2025-01-24 09:25:00,26629.76,26641.75,26595.96,26606.03,2216
2025-01-24 09:30:00,26606.03,26648.36,26593.81,26647.98,1811
2025-01-24 09:35:00,26647.98,26668.72,26632.57,26633.16,4808
2025-01-24 09:40:00,26633.16,26660.87,26628.16,26655.29,4862
2025-01-24 09:45:00,26655.29,26655.66,26626.9,26638.75,2155
2025-01-24 09:50:00,26638.75,26649.53,26615.61,26617.73,1887
2025-01-24 09:55:00,26617.73,26634.76,26602.68,26630.56,2423
2025-01-24 10:00:00,26630.56,26638.08,26618.02,26635.21,1988
2025-01-24 10:05:00,26635.21,26643.69,26612.09,26622.9,1320
2025-01-24 10:10:00,26622.9,26638.53,26605.41,26617.85,2965
2025-01-24 10:15:00,26617.85,26677.4,26586.63,26674.8,1266
2025-01-24 10:20:00,26674.8,26700.83,26641.96,26669.65,4212
2025-01-24 10:25:00,26669.65,26712.33,26661.68,26699.72,2202
2025-01-24 10:30:00,26699.72,26711.92,26664.87,26678.76,3380
2025-01-24 10:35:00,26678.76,26692.26,26663.22,26667.47,3558
2025-01-24 10:40:00,26667.47,26669.53,26618.52,26634.36,4639
2025-01-24 10:45:00,26634.36,26642.42,26611.45,26617.61,4160
2025-01-24 10:50:00,26617.61,26620.38,26614.27,26614.49,1802
2025-01-24 10:55:00,26614.49,26618.66,26557.83,26567.89,1474
2025-01-24 11:00:00,26567.89,26617.84,26552.14,26606.13,2425
2025-01-24 11:05:00,26606.13,26632.95,26605.68,26623.39,1986
2025-01-24 11:10:00,26623.39,26626.15,26615.37,26621.03,1583
2025-01-24 11:15:00,26621.03,26621.1,26611.16,26618.92,1548
2025-01-24 11:20:00,26618.92,26621.0,26532.99,26537.2,3484
2025-01-24 11:25:00,26537.2,26548.2,26478.64,26498.88,1023
2025-01-24 11:30:00,26498.88,26511.72,26488.7,26498.68,2158
2025-01-24 11:35:00,26498.68,26507.67,26484.31,26493.43,1955
2025-01-24 11:40:00,26493.43,26496.35,26453.91,26469.98,1063
2025-01-24 11:45:00,26469.98,26492.15,26449.9,26486.6,3303
2025-01-24 11:50:00,26486.6,26517.78,26482.31,26491.46,3815
2025-01-24 11:55:00,26491.46,26538.73,26488.91,26532.35,2472
2025-01-24 12:00:00,26532.35,26557.42,26530.89,26550.61,3331
2025-01-24 12:05:00,26550.61,26553.42,26540.09,26549.07,1797
2025-01-24 12:10:00,26549.07,26560.83,26536.94,26546.45,4605
2025-01-24 12:15:00,26546.45,26571.41,26543.47,26568.65,4319
2025-01-24 12:20:00,26568.65,26573.72,26516.55,26528.29,2215
2025-01-24 12:25:00,26528.29,26545.1,26492.16,26506.19,4129
2025-01-24 12:30:00,26506.19,26514.48,26496.36,26504.78,3765
2025-01-24 12:35:00,26504.78,26515.94,26477.78,26512.55,1088
2025-01-24 12:40:00,26512.55,26525.64,26500.38,26515.48,1574
2025-01-24 12:45:00,26515.48,26530.78,26439.36,26446.21,3405
2025-01-24 12:50:00,26446.21,26454.04,26371.88,26381.6,1449
2025-01-24 12:55:00,26381.6,26439.45,26378.14,26431.93,2130
2025-01-24 13:00:00,26431.93,26485.84,26424.58,26485.37,4001
2025-01-24 13:05:00,26485.37,26523.87,26450.13,26509.85,1120
2025-01-24 13:10:00,26509.85,26577.52,26499.02,26544.3,4833
2025-01-24 13:15:00,26544.3,26545.43,26488.29,26517.3,1178
2025-01-24 13:20:00,26517.3,26530.45,26503.36,26508.01,3274
2025-01-24 13:25:00,26508.01,26546.01,26495.66,26540.66,2786
2025-01-24 13:30:00,26540.66,26544.32,26512.55,26516.6,3219
2025-01-24 13:35:00,26516.6,26537.69,26484.75,26520.08,1636
2025-01-24 13:40:00,26520.08,26558.06,26514.81,26546.23,2648
2025-01-24 13:45:00,26546.23,26624.2,26542.6,26623.17,1727
2025-01-24 13:50:00,26623.17,26633.17,26615.01,26615.6,3279
2025-01-24 13:55:00,26615.6,26634.82,26608.79,26628.93,4801
2025-01-24 14:00:00,26628.93,26667.97,26623.73,26652.52,1464
2025-01-24 14:05:00,26652.52,26673.79,26650.79,26669.71,1341
2025-01-24 14:10:00,26669.71,26679.59,26606.32,26614.83,3638
2025-01-24 14:15:00,26614.83,26638.47,26538.45,26554.18,2725
2025-01-24 14:20:00,26554.18,26572.43,26552.32,26561.8,4830
2025-01-24 14:25:00,26561.8,26689.61,26560.32,26673.96,2504
2025-01-24 14:30:00,26673.96,26733.61,26664.66,26725.99,2139
2025-01-24 14:35:00,26725.99,26726.14,26710.8,26711.19,3185
2025-01-24 14:40:00,26711.19,26715.18,26700.53,26710.95,1928
2025-01-24 14:45:00,26710.95,26741.9,26690.56,26696.23,3434
2025-01-24 14:50:00,26696.23,26708.22,26664.36,26692.82,2129
2025-01-24 14:55:00,26692.82,26697.44,26684.87,26692.69,2146
2025-01-24 15:00:00,26692.69,26719.91,26688.86,26694.01,1307
2025-01-24 15:05:00,26694.01,26761.52,26693.36,26757.32,1792
2025-01-24 15:10:00,26757.32,26788.56,26748.32,26781.24,1194
2025-01-24 15:15:00,26781.24,26782.69,26732.19,26736.37,4875
2025-01-24 15:20:00,26736.37,26763.42,26707.61,26754.38,4920
2025-01-24 15:25:00,26754.38,26797.07,26733.87,26785.16,4478
2025-01-27 09:15:00,26810.54,26824.98,26779.94,26817.95,4707
2025-01-27 09:20:00,26817.95,26858.38,26812.78,26842.69,4270
2025-01-27 09:25:00,26842.69,26862.41,26837.9,26859.08,2116
2025-01-27 09:30:00,26859.08,26863.06,26793.35,26802.42,2344
2025-01-27 09:35:00,26802.42,26824.69,26772.4,26786.27,4195
2025-01-27 09:40:00,26786.27,26890.66,26770.76,26860.41,2790
2025-01-27 09:45:00,26860.41,26863.08,26853.48,26860.75,4434
2025-01-27 09:50:00,26860.75,26888.25,26851.19,26867.45,3928
2025-01-27 09:55:00,26867.45,26880.66,26846.45,26867.78,2646
2025-01-27 10:00:00,26867.78,26879.58,26851.39,26857.47,1586
2025-01-27 10:05:00,26857.47,26869.57,26806.65,26822.27,3918
2025-01-27 10:10:00,26822.27,26838.31,26812.05,26816.81,3946
2025-01-27 10:15:00,26816.81,26833.57,26797.0,26815.54,2876
2025-01-27 10:20:00,26815.54,26816.02,26802.97,26807.8,1226
2025-01-27 10:25:00,26807.8,26851.21,26799.86,26849.04,3365
2025-01-27 10:30:00,26849.04,26864.39,26816.41,26841.64,2617
2025-01-27 10:35:00,26841.64,26847.32,26797.49,26807.87,3202
2025-01-27 10:40:00,26807.87,26809.88,26752.5,26759.1,2358
2025-01-27 10:45:00,26759.1,26761.56,26736.99,26740.83,4062
2025-01-27 10:50:00,26740.83,26757.8,26655.75,26671.76,3236
2025-01-27 10:55:00,26671.76,26695.39,26648.9,26688.61,4559
2025-01-27 11:00:00,26688.61,26703.79,26681.62,26681.79,3275
2025-01-27 11:05:00,26681.79,26728.74,26673.14,26718.95,2552
2025-01-27 11:10:00,26718.95,26719.47,26704.7,26718.81,2927
2025-01-27 11:15:00,26718.81,26780.25,26695.89,26779.6,2522
2025-01-27 11:20:00,26779.6,26787.22,26760.67,26785.23,4607
2025-01-27 11:25:00,26785.23,26803.83,26784.32,26794.36,3750
2025-01-27 11:30:00,26794.36,26819.39,26786.99,26803.21,3792
2025-01-27 11:35:00,26803.21,26821.17,26793.2,26798.71,1629
2025-01-27 11:40:00,26798.71,26806.49,26777.75,26787.07,3240
2025-01-27 11:45:00,26787.07,26816.69,26782.36,26805.22,1456
2025-01-27 11:50:00,26805.22,26858.51,26804.23,26853.86,3929
2025-01-27 11:55:00,26853.86,26880.07,26853.83,26865.99,2079
2025-01-27 12:00:00,26865.99,26898.3,26830.34,26832.67,2931
2025-01-27 12:05:00,26832.67,26836.79,26794.41,26817.14,4661
2025-01-27 12:10:00,26817.14,26857.7,26814.16,26841.94,3556
2025-01-27 12:15:00,26841.94,26856.16,26806.27,26817.27,3058
2025-01-27 12:20:00,26817.27,26824.08,26733.38,26737.23,1280
2025-01-27 12:25:00,26737.23,26742.67,26728.53,26739.26,3014
2025-01-27 12:30:00,26739.26,26758.16,26731.53,26742.59,4455
2025-01-27 12:35:00,26742.59,26784.07,26735.03,26769.74,4055
2025-01-27 12:40:00,26769.74,26772.92,26707.99,26728.18,2673
2025-01-27 12:45:00,26728.18,26746.57,26727.91,26742.25,4188
2025-01-27 12:50:00,26742.25,26744.64,26719.97,26722.74,2460
2025-01-27 12:55:00,26722.74,26748.23,26721.97,26741.4,2963
2025-01-27 13:00:00,26741.4,26756.33,26731.06,26735.29,4311
2025-01-27 13:05:00,26735.29,26749.44,26720.52,26738.0,1255
2025-01-27 13:10:00,26738.0,26745.42,26715.48,26721.93,1679
2025-01-27 13:15:00,26721.93,26724.42,26704.98,26720.23,2453
2025-01-27 13:20:00,26720.23,26787.64,26710.64,26766.21,1589
2025-01-27 13:25:00,26766.21,26796.0,26762.07,26795.33,1055
2025-01-27 13:30:00,26795.33,26803.35,26771.49,26777.58,1780
2025-01-27 13:35:00,26777.58,26793.96,26680.24,26680.82,2335
2025-01-27 13:40:00,26680.82,26692.95,26673.23,26692.55,3056
2025-01-27 13:45:00,26692.55,26695.85,26650.7,26665.55,3597
2025-01-27 13:50:00,26665.55,26681.58,26612.76,26621.2,1795
2025-01-27 13:55:00,26621.2,26629.02,26592.5,26609.97,1582
2025-01-27 14:00:00,26609.97,26628.34,26605.56,26622.33,1255
2025-01-27 14:05:00,26622.33,26635.02,26594.3,26615.51,4358
2025-01-27 14:10:00,26615.51,26621.61,26572.27,26584.67,2166
2025-01-27 14:15:00,26584.67,26599.38,26573.82,26593.5,1259
2025-01-27 14:20:00,26593.5,26597.96,26574.12,26576.7,1587
2025-01-27 14:25:00,26576.7,26594.85,26564.21,26583.8,4964
2025-01-27 14:30:00,26583.8,26593.04,26540.36,26545.92,2726
2025-01-27 14:35:00,26545.92,26556.91,26523.8,26539.53,1958
2025-01-27 14:40:00,26539.53,26581.14,26536.58,26567.81,3245
2025-01-27 14:45:00,26567.81,26573.6,26508.31,26535.62,1672
2025-01-27 14:50:00,26535.62,26546.46,26507.06,26527.0,2195
2025-01-27 14:55:00,26527.0,26544.05,26520.37,26543.13,3297
2025-01-27 15:00:00,26543.13,26569.46,26492.65,26503.49,2124
2025-01-27 15:05:00,26503.49,26516.21,26486.38,26509.76,4741
2025-01-27 15:10:00,26509.76,26526.87,26470.25,26480.01,2366
2025-01-27 15:15:00,26480.01,26508.96,26464.97,26491.54,3671
2025-01-27 15:20:00,26491.54,26494.46,26483.77,26493.91,2156
2025-01-27 15:25:00,26493.91,26495.38,26474.65,26476.49,4132
2025-01-28 09:15:00,26280.0,26315.41,26273.49,26297.0,3850
2025-01-28 09:20:00,26297.0,26310.46,26266.04,26282.93,2523
2025-01-28 09:25:00,26282.93,26306.84,26246.44,26254.13,1729
2025-01-28 09:30:00,26254.13,26259.05,26199.79,26204.9,4579
2025-01-28 09:35:00,26204.9,26217.22,26177.46,26189.16,3659
2025-01-28 09:40:00,26189.16,26221.65,26182.38,26210.26,2311
2025-01-28 09:45:00,26210.26,26231.28,26164.97,26191.26,4796
2025-01-28 09:50:00,26191.26,26218.19,26190.24,26206.73,1203
2025-01-28 09:55:00,26206.73,26215.18,26178.6,26184.15,1456
2025-01-28 10:00:00,26184.15,26212.23,26170.53,26204.13,1113
2025-01-28 10:05:00,26204.13,26277.09,26201.79,26255.39,4662
2025-01-28 10:10:00,26255.39,26285.96,26248.29,26282.99,3054
2025-01-28 10:15:00,26282.99,26303.3,26281.66,26299.92,3780
2025-01-28 10:20:00,26299.92,26317.67,26291.77,26317.58,1000
2025-01-28 10:25:00,26317.58,26339.08,26314.96,26333.06,3633
2025-01-28 10:30:00,26333.06,26378.66,26329.51,26376.81,2920
2025-01-28 10:35:00,26376.81,26396.35,26370.67,26390.3,3959
2025-01-28 10:40:00,26390.3,26390.76,26358.24,26366.93,2688
2025-01-28 10:45:00,26366.93,26410.73,26356.22,26397.39,2237
2025-01-28 10:50:00,26397.39,26500.5,26397.01,26477.04,4878
2025-01-28 10:55:00,26477.04,26520.68,26465.37,26513.63,3944
2025-01-28 11:00:00,26513.63,26513.87,26447.74,26461.27,4756
2025-01-28 11:05:00,26461.27,26504.38,26439.94,26468.21,3342
2025-01-28 11:10:00,26468.21,26509.61,26462.46,26504.3,3230
2025-01-28 11:15:00,26504.3,26543.51,26491.57,26543.47,4572
2025-01-28 11:20:00,26543.47,26553.13,26521.15,26529.48,1680
2025-01-28 11:25:00,26529.48,26531.49,26522.43,26524.43,2349
2025-01-28 11:30:00,26524.43,26535.44,26499.23,26528.68,3015
2025-01-28 11:35:00,26528.68,26530.85,26501.9,26505.84,4972
2025-01-28 11:40:00,26505.84,26509.15,26451.01,26476.51,2622
2025-01-28 11:45:00,26476.51,26511.35,26467.56,26502.2,2127
2025-01-28 11:50:00,26502.2,26532.01,26458.43,26517.75,1979
2025-01-28 11:55:00,26517.75,26530.33,26470.32,26501.06,2179
2025-01-28 12:00:00,26501.06,26553.49,26485.07,26533.63,4365
2025-01-28 12:05:00,26533.63,26584.3,26530.11,26570.77,4024
2025-01-28 12:10:00,26570.77,26575.51,26536.14,26561.14,1645
2025-01-28 12:15:00,26561.14,26617.16,26558.96,26596.9,4209
2025-01-28 12:20:00,26596.9,26618.07,26575.4,26585.69,3191
2025-01-28 12:25:00,26585.69,26606.95,26542.95,26595.89,2405
2025-01-28 12:30:00,26595.89,26609.72,26563.77,26571.23,1720
2025-01-28 12:35:00,26571.23,26631.12,26565.93,26623.08,1088
2025-01-28 12:40:00,26623.08,26673.08,26604.21,26647.58,3805
2025-01-28 12:45:00,26647.58,26681.1,26621.77,26677.7,1132
2025-01-28 12:50:00,26677.7,26678.83,26612.89,26622.09,4841
2025-01-28 12:55:00,26622.09,26632.31,26560.13,26591.34,2098
2025-01-28 13:00:00,26591.34,26607.16,26519.37,26548.93,2770
2025-01-28 13:05:00,26548.93,26593.14,26541.83,26564.38,4572
2025-01-28 13:10:00,26564.38,26571.45,26503.66,26513.36,4302
2025-01-28 13:15:00,26513.36,26547.08,26496.89,26531.3,3698
2025-01-28 13:20:00,26531.3,26532.32,26516.14,26525.64,1762
2025-01-28 13:25:00,26525.64,26582.49,26511.64,26573.76,3586
2025-01-28 13:30:00,26573.76,26577.09,26510.86,26525.73,3174
2025-01-28 13:35:00,26525.73,26547.46,26518.63,26541.35,4423
2025-01-28 13:40:00,26541.35,26589.06,26529.31,26581.6,2045
2025-01-28 13:45:00,26581.6,26623.61,26560.41,26622.03,3459
2025-01-28 13:50:00,26622.03,26655.33,26619.14,26641.28,2149
2025-01-28 13:55:00,26641.28,26687.32,26623.32,26674.75,1219
2025-01-28 14:00:00,26674.75,26721.94,26646.78,26662.42,3314
2025-01-28 14:05:00,26662.42,26674.5,26648.55,26654.97,3824
2025-01-28 14:10:00,26654.97,26663.0,26620.87,26622.41,2683
2025-01-28 14:15:00,26622.41,26634.18,26587.78,26611.31,2347
2025-01-28 14:20:00,26611.31,26647.57,26603.13,26645.19,4992
2025-01-28 14:25:00,26645.19,26670.09,26642.05,26666.75,4751
2025-01-28 14:30:00,26666.75,26682.48,26664.71,26673.91,3513
2025-01-28 14:35:00,26673.91,26713.19,26667.52,26706.94,2940
2025-01-28 14:40:00,26706.94,26734.4,26693.11,26730.37,2209
2025-01-28 14:45:00,26730.37,26759.91,26729.99,26757.75,2148
2025-01-28 14:50:00,26757.75,26770.84,26743.22,26768.55,4368
2025-01-28 14:55:00,26768.55,26808.92,26754.05,26796.52,2561
2025-01-28 15:00:00,26796.52,26824.09,26765.59,26773.7,1118
2025-01-28 15:05:00,26773.7,26802.54,26722.99,26724.75,3633
2025-01-28 15:10:00,26724.75,26744.57,26710.1,26718.03,2847
2025-01-28 15:15:00,26718.03,26726.68,26717.66,26723.87,4246
2025-01-28 15:20:00,26723.87,26782.32,26722.17,26773.91,2041
2025-01-28 15:25:00,26773.91,26775.34,26725.26,26736.86,3573
2025-01-29 09:15:00,26671.38,26728.17,26661.47,26716.77,2728
2025-01-29 09:20:00,26716.77,26743.56,26714.43,26722.72,1842
2025-01-29 09:25:00,26722.72,26755.2,26706.61,26751.77,4113
2025-01-29 09:30:00,26751.77,26769.0,26726.64,26736.13,3071
2025-01-29 09:35:00,26736.13,26755.85,26722.22,26735.19,4971
2025-01-29 09:40:00,26735.19,26737.96,26713.2,26717.04,4301
2025-01-29 09:45:00,26717.04,26725.74,26671.23,26689.91,2013
2025-01-29 09:50:00,26689.91,26696.73,26665.55,26695.59,4596
2025-01-29 09:55:00,26695.59,26726.64,26695.23,26725.57,3418
2025-01-29 10:00:00,26725.57,26745.2,26715.46,26744.86,1097
2025-01-29 10:05:00,26744.86,26770.18,26742.13,26763.62,2485
2025-01-29 10:10:00,26763.62,26778.69,26708.54,26740.72,1379
2025-01-29 10:15:00,26740.72,26754.91,26718.75,26725.18,2808
2025-01-29 10:20:00,26725.18,26736.59,26703.67,26708.44,2712
2025-01-29 10:25:00,26708.44,26733.97,26630.7,26633.8,4190
2025-01-29 10:30:00,26633.8,26636.27,26593.28,26593.61,4238
2025-01-29 10:35:00,26593.61,26604.06,26558.08,26565.08,3922
2025-01-29 10:40:00,26565.08,26566.7,26512.5,26524.11,2360
2025-01-29 10:45:00,26524.11,26581.29,26512.93,26568.0,3761
2025-01-29 10:50:00,26568.0,26610.3,26554.7,26573.95,2195
2025-01-29 10:55:00,26573.95,26595.24,26539.07,26539.11,4982
2025-01-29 11:00:00,26539.11,26562.29,26491.25,26497.31,4987
2025-01-29 11:05:00,26497.31,26550.06,26476.06,26533.33,2413
2025-01-29 11:10:00,26533.33,26613.49,26514.01,26598.5,3337
2025-01-29 11:15:00,26598.5,26617.44,26588.07,26615.45,2872
2025-01-29 11:20:00,26615.45,26686.75,26611.72,26665.83,4358
2025-01-29 11:25:00,26665.83,26711.57,26664.7,26705.02,4906
2025-01-29 11:30:00,26705.02,26757.51,26700.91,26750.92,3070
2025-01-29 11:35:00,26750.92,26768.99,26734.66,26765.56,4170
2025-01-29 11:40:00,26765.56,26771.12,26729.15,26735.97,3079
2025-01-29 11:45:00,26735.97,26775.65,26721.63,26769.11,1036
2025-01-29 11:50:00,26769.11,26771.48,26737.29,26765.87,2009
2025-01-29 11:55:00,26765.87,26773.32,26748.53,26755.87,3600
2025-01-29 12:00:00,26755.87,26763.05,26688.02,26702.63,4764
2025-01-29 12:05:00,26702.63,26725.04,26688.11,26716.21,3519
2025-01-29 12:10:00,26716.21,26731.03,26684.84,26704.25,2205
2025-01-29 12:15:00,26704.25,26724.58,26663.23,26689.0,3607
2025-01-29 12:20:00,26689.0,26714.53,26687.73,26696.57,3541
2025-01-29 12:25:00,26696.57,26722.43,26680.24,26686.3,4872
2025-01-29 12:30:00,26686.3,26698.06,26668.52,26673.5,2079
2025-01-29 12:35:00,26673.5,26678.23,26652.0,26664.22,1873
2025-01-29 12:40:00,26664.22,26713.34,26663.66,26699.89,3877
2025-01-29 12:45:00,26699.89,26728.9,26671.94,26716.95,2885
2025-01-29 12:50:00,26716.95,26724.58,26678.51,26698.31,4302
2025-01-29 12:55:00,26698.31,26709.16,26661.08,26668.4,4821
2025-01-29 13:00:00,26668.4,26670.69,26632.09,26637.34,1823
2025-01-29 13:05:00,26637.34,26657.26,26611.38,26625.01,2270
2025-01-29 13:10:00,26625.01,26660.22,26601.69,26646.06,3825
2025-01-29 13:15:00,26646.06,26683.89,26639.46,26665.91,2737
2025-01-29 13:20:00,26665.91,26675.51,26615.51,26619.34,2493
2025-01-29 13:25:00,26619.34,26619.96,26594.41,26608.25,4460
2025-01-29 13:30:00,26608.25,26630.23,26599.14,26620.01,3886
2025-01-29 13:35:00,26620.01,26621.92,26606.6,26616.53,2414
2025-01-29 13:40:00,26616.53,26638.24,26602.74,26628.81,3825
2025-01-29 13:45:00,26628.81,26649.96,26625.26,26643.47,2542
2025-01-29 13:50:00,26643.47,26697.31,26641.13,26696.74,4200
2025-01-29 13:55:00,26696.74,26707.24,26682.29,26685.93,3195
2025-01-29 14:00:00,26685.93,26706.48,26651.14,26663.46,1465
2025-01-29 14:05:00,26663.46,26687.18,26633.33,26646.2,3856
2025-01-29 14:10:00,26646.2,26653.63,26637.16,26652.8,1902
2025-01-29 14:15:00,26652.8,26675.52,26631.2,26636.8,2263
2025-01-29 14:20:00,26636.8,26640.27,26595.92,26597.41,1987
2025-01-29 14:25:00,26597.41,26602.67,26527.47,26533.47,4904
2025-01-29 14:30:00,26533.47,26562.68,26508.83,26528.08,1181
2025-01-29 14:35:00,26528.08,26556.81,26527.65,26534.73,2737
2025-01-29 14:40:00,26534.73,26542.41,26479.07,26491.03,2828
2025-01-29 14:45:00,26491.03,26516.77,26470.76,26479.13,1758
2025-01-29 14:50:00,26479.13,26499.68,26475.03,26494.35,2261
2025-01-29 14:55:00,26494.35,26531.73,26494.3,26531.27,3607
2025-01-29 15:00:00,26531.27,26548.2,26468.28,26475.27,4618
2025-01-29 15:05:00,26475.27,26478.05,26433.68,26459.82,2077
2025-01-29 15:10:00,26459.82,26492.04,26453.48,26491.16,1719
2025-01-29 15:15:00,26491.16,26503.71,26423.75,26434.97,4249
2025-01-29 15:20:00,26434.97,26446.14,26411.81,26424.9,4219
2025-01-29 15:25:00,26424.9,26453.17,26422.71,26423.23,4940
2025-01-30 09:15:00,26563.68,26582.37,26561.42,26562.87,1692
2025-01-30 09:20:00,26562.87,26566.06,26535.49,26542.42,1314
2025-01-30 09:25:00,26542.42,26555.81,26538.61,26545.96,3879
2025-01-30 09:30:00,26545.96,26552.46,26519.28,26522.96,2803
2025-01-30 09:35:00,26522.96,26524.96,26493.07,26494.15,3235
2025-01-30 09:40:00,26494.15,26495.35,26453.94,26473.44,4863
2025-01-30 09:45:00,26473.44,26529.25,26468.29,26507.18,4085
2025-01-30 09:50:00,26507.18,26543.18,26498.6,26539.57,2898
2025-01-30 09:55:00,26539.57,26568.42,26512.79,26562.68,2668
2025-01-30 10:00:00,26562.68,26565.13,26553.36,26553.6,3733
2025-01-30 10:05:00,26553.6,26560.74,26462.61,26479.37,3979
2025-01-30 10:10:00,26479.37,26507.51,26467.77,26501.93,3126
2025-01-30 10:15:00,26501.93,26508.27,26455.09,26478.45,4332
2025-01-30 10:20:00,26478.45,26481.22,26457.09,26474.7,1233
2025-01-30 10:25:00,26474.7,26474.73,26434.56,26437.94,4311
2025-01-30 10:30:00,26437.94,26452.07,26393.14,26406.16,2369
2025-01-30 10:35:00,26406.16,26424.77,26394.33,26409.44,1426
2025-01-30 10:40:00,26409.44,26431.28,26401.52,26417.75,2694
2025-01-30 10:45:00,26417.75,26438.91,26404.75,26437.19,4367
2025-01-30 10:50:00,26437.19,26462.84,26417.32,26420.31,1047
2025-01-30 10:55:00,26420.31,26439.13,26408.95,26435.73,2359
2025-01-30 11:00:00,26435.73,26446.87,26431.13,26437.82,3502
2025-01-30 11:05:00,26437.82,26448.68,26427.83,26447.8,4831
2025-01-30 11:10:00,26447.8,26462.46,26417.07,26418.39,4581
2025-01-30 11:15:00,26418.39,26496.19,26416.34,26478.79,3297
2025-01-30 11:20:00,26478.79,26512.02,26475.9,26502.77,1391
2025-01-30 11:25:00,26502.77,26508.69,26455.5,26470.02,4799
2025-01-30 11:30:00,26470.02,26484.51,26448.55,26475.11,2881
2025-01-30 11:35:00,26475.11,26499.55,26465.63,26491.13,4508
2025-01-30 11:40:00,26491.13,26517.18,26467.9,26516.4,1578
2025-01-30 11:45:00,26516.4,26536.0,26505.31,26527.29,1937
2025-01-30 11:50:00,26527.29,26565.68,26511.61,26563.38,3608
2025-01-30 11:55:00,26563.38,26573.53,26561.92,26568.47,2182
2025-01-30 12:00:00,26568.47,26569.43,26525.32,26544.08,3211
2025-01-30 12:05:00,26544.08,26558.21,26525.64,26554.79,3832
2025-01-30 12:10:00,26554.79,26567.06,26544.99,26563.54,4436
2025-01-30 12:15:00,26563.54,26585.67,26553.91,26566.24,3440
2025-01-30 12:20:00,26566.24,26575.36,26551.76,26573.17,1142
2025-01-30 12:25:00,26573.17,26578.35,26571.1,26577.51,2447
2025-01-30 12:30:00,26577.51,26612.16,26571.54,26580.38,1056
2025-01-30 12:35:00,26580.38,26608.42,26555.01,26559.22,3313
2025-01-30 12:40:00,26559.22,26571.94,26515.53,26545.9,4824
2025-01-30 12:45:00,26545.9,26567.35,26512.81,26558.49,3984
2025-01-30 12:50:00,26558.49,26615.81,26556.64,26597.26,1843
2025-01-30 12:55:00,26597.26,26603.58,26569.84,26575.4,2599
2025-01-30 13:00:00,26575.4,26608.16,26565.6,26594.87,1865
2025-01-30 13:05:00,26594.87,26630.39,26547.5,26571.33,1959
2025-01-30 13:10:00,26571.33,26575.51,26515.99,26527.18,4572
2025-01-30 13:15:00,26527.18,26600.45,26523.86,26573.2,3644
2025-01-30 13:20:00,26573.2,26644.34,26556.72,26632.34,3804
2025-01-30 13:25:00,26632.34,26705.93,26623.39,26704.68,4402
2025-01-30 13:30:00,26704.68,26707.34,26668.34,26676.95,4815
2025-01-30 13:35:00,26676.95,26686.51,26647.5,26682.54,3042
2025-01-30 13:40:00,26682.54,26686.09,26649.38,26665.11,4473
2025-01-30 13:45:00,26665.11,26695.1,26660.92,26689.01,4047
2025-01-30 13:50:00,26689.01,26698.33,26661.93,26663.71,1963
2025-01-30 13:55:00,26663.71,26700.12,26638.66,26655.51,2302
2025-01-30 14:00:00,26655.51,26711.76,26650.39,26711.64,3107
2025-01-30 14:05:00,26711.64,26728.16,26696.64,26705.59,1184
2025-01-30 14:10:00,26705.59,26713.72,26651.24,26676.85,4831
2025-01-30 14:15:00,26676.85,26710.6,26662.82,26678.27,1325
2025-01-30 14:20:00,26678.27,26691.54,26668.76,26680.16,2762
2025-01-30 14:25:00,26680.16,26718.55,26667.91,26708.51,3400
2025-01-30 14:30:00,26708.51,26747.35,26697.59,26730.69,4256
2025-01-30 14:35:00,26730.69,26771.95,26718.37,26760.36,4015
2025-01-30 14:40:00,26760.36,26763.51,26726.9,26727.98,3621
2025-01-30 14:45:00,26727.98,26753.51,26713.5,26734.53,4756
2025-01-30 14:50:00,26734.53,26743.26,26716.96,26726.64,2134
2025-01-30 14:55:00,26726.64,26744.02,26711.09,26741.95,3405
2025-01-30 15:00:00,26741.95,26743.0,26725.0,26737.75,2963
2025-01-30 15:05:00,26737.75,26743.82,26722.18,26740.68,2339
2025-01-30 15:10:00,26740.68,26748.78,26714.02,26715.41,2347
2025-01-30 15:15:00,26715.41,26730.91,26692.18,26697.22,3458
2025-01-30 15:20:00,26697.22,26729.03,26686.59,26711.99,3080
2025-01-30 15:25:00,26711.99,26738.65,26691.23,26702.84,2818
2025-01-31 09:15:00,26842.81,26850.95,26824.7,26850.79,3942
2025-01-31 09:20:00,26850.79,26864.1,26849.5,26861.9,4217
2025-01-31 09:25:00,26861.9,26922.34,26835.09,26916.18,1904
2025-01-31 09:30:00,26916.18,26960.59,26902.32,26952.61,3718
2025-01-31 09:35:00,26952.61,26965.72,26887.48,26902.09,2958
2025-01-31 09:40:00,26902.09,26956.17,26885.32,26940.46,3645
2025-01-31 09:45:00,26940.46,26971.39,26904.17,26921.74,1421
2025-01-31 09:50:00,26921.74,26980.86,26919.21,26961.14,3270
2025-01-31 09:55:00,26961.14,26974.62,26928.27,26938.08,2520
2025-01-31 10:00:00,26938.08,26979.0,26934.44,26951.37,2410
2025-01-31 10:05:00,26951.37,26956.27,26904.04,26914.89,1387
2025-01-31 10:10:00,26914.89,26966.01,26914.58,26930.37,3595
2025-01-31 10:15:00,26930.37,26942.43,26814.23,26833.4,2715
2025-01-31 10:20:00,26833.4,26838.33,26807.23,26820.06,2397
2025-01-31 10:25:00,26820.06,26828.96,26803.51,26810.71,2812
2025-01-31 10:30:00,26810.71,26832.06,26796.14,26814.58,2234
2025-01-31 10:35:00,26814.58,26822.1,26779.82,26800.05,1851
2025-01-31 10:40:00,26800.05,26815.98,26788.96,26792.78,2781
2025-01-31 10:45:00,26792.78,26805.42,26786.81,26800.42,1740
2025-01-31 10:50:00,26800.42,26832.07,26751.61,26765.45,1734
2025-01-31 10:55:00,26765.45,26785.44,26748.0,26768.16,4091
2025-01-31 11:00:00,26768.16,26775.63,26735.75,26762.77,1769
2025-01-31 11:05:00,26762.77,26763.58,26729.79,26739.82,2420
2025-01-31 11:10:00,26739.82,26767.78,26736.66,26758.61,4209
2025-01-31 11:15:00,26758.61,26806.63,26742.68,26802.86,1369
2025-01-31 11:20:00,26802.86,26837.77,26799.17,26832.14,2209
2025-01-31 11:25:00,26832.14,26839.02,26777.16,26781.97,1880
2025-01-31 11:30:00,26781.97,26783.97,26740.78,26760.55,3334
2025-01-31 11:35:00,26760.55,26821.89,26749.89,26803.05,3655
2025-01-31 11:40:00,26803.05,26823.83,26777.09,26823.33,4836
2025-01-31 11:45:00,26823.33,26859.93,26818.93,26850.03,2488
2025-01-31 11:50:00,26850.03,26869.98,26770.47,26777.56,4833
2025-01-31 11:55:00,26777.56,26784.79,26758.69,26775.28,2614
2025-01-31 12:00:00,26775.28,26781.06,26764.92,26777.44,1350
2025-01-31 12:05:00,26777.44,26787.16,26711.23,26716.73,2403
2025-01-31 12:10:00,26716.73,26764.88,26711.36,26758.39,2687
2025-01-31 12:15:00,26758.39,26765.14,26753.6,26754.89,1247
2025-01-31 12:20:00,26754.89,26761.48,26712.74,26746.17,3017
2025-01-31 12:25:00,26746.17,26760.87,26690.31,26695.38,3725
2025-01-31 12:30:00,26695.38,26711.9,26612.32,26622.1,1661
2025-01-31 12:35:00,26622.1,26639.55,26612.14,26616.64,3549
2025-01-31 12:40:00,26616.64,26641.85,26610.94,26634.77,4207
2025-01-31 12:45:00,26634.77,26681.68,26631.78,26666.83,1995
2025-01-31 12:50:00,26666.83,26670.36,26596.76,26607.67,2531
2025-01-31 12:55:00,26607.67,26672.77,26597.31,26642.3,4234
2025-01-31 13:00:00,26642.3,26670.56,26624.23,26660.98,1434
2025-01-31 13:05:00,26660.98,26671.62,26630.44,26643.97,2039
2025-01-31 13:10:00,26643.97,26649.94,26616.82,26623.22,4719
2025-01-31 13:15:00,26623.22,26637.65,26585.73,26601.87,1447
2025-01-31 13:20:00,26601.87,26633.54,26549.35,26552.43,2721
2025-01-31 13:25:00,26552.43,26560.83,26525.01,26530.39,4239
2025-01-31 13:30:00,26530.39,26576.72,26515.82,26559.86,2700
2025-01-31 13:35:00,26559.86,26595.68,26553.14,26589.7,3773
2025-01-31 13:40:00,26589.7,26596.21,26556.88,26588.2,4925
2025-01-31 13:45:00,26588.2,26595.17,26519.48,26543.73,4472
2025-01-31 13:50:00,26543.73,26611.62,26540.99,26572.94,2648
2025-01-31 13:55:00,26572.94,26648.05,26552.9,26641.8,3284
2025-01-31 14:00:00,26641.8,26644.86,26589.85,26599.31,4375
2025-01-31 14:05:00,26599.31,26643.72,26583.25,26613.06,2716
2025-01-31 14:10:00,26613.06,26674.16,26604.43,26657.79,2928
2025-01-31 14:15:00,26657.79,26671.45,26628.17,26632.32,4613
2025-01-31 14:20:00,26632.32,26632.97,26602.07,26621.86,4946
2025-01-31 14:25:00,26621.86,26632.76,26620.12,26622.04,1741
2025-01-31 14:30:00,26622.04,26633.8,26603.51,26630.71,2876
2025-01-31 14:35:00,26630.71,26638.19,26583.26,26601.34,2343
2025-01-31 14:40:00,26601.34,26613.19,26581.88,26605.09,2224
2025-01-31 14:45:00,26605.09,26622.45,26545.51,26549.76,4131
2025-01-31 14:50:00,26549.76,26556.97,26517.34,26537.22,2025
2025-01-31 14:55:00,26537.22,26544.83,26503.28,26517.53,1313
2025-01-31 15:00:00,26517.53,26553.13,26503.78,26547.76,2230
2025-01-31 15:05:00,26547.76,26556.48,26480.02,26483.1,4418
2025-01-31 15:10:00,26483.1,26496.0,26435.55,26445.29,2136
2025-01-31 15:15:00,26445.29,26454.3,26443.09,26449.3,4732
2025-01-31 15:20:00,26449.3,26466.31,26448.04,26458.67,3157
2025-01-31 15:25:00,26458.67,26476.17,26450.48,26467.41,4805
2025-02-03 09:15:00,26550.74,26569.81,26540.23,26540.58,3612
2025-02-03 09:20:00,26540.58,26576.32,26530.39,26558.69,1962
2025-02-03 09:25:00,26558.69,26568.87,26521.5,26529.25,3235
2025-02-03 09:30:00,26529.25,26541.98,26524.03,26539.48,4266
2025-02-03 09:35:00,26539.48,26563.7,26536.52,26554.97,1883
2025-02-03 09:40:00,26554.97,26571.66,26542.47,26567.41,4954
2025-02-03 09:45:00,26567.41,26634.11,26550.7,26612.62,3730
2025-02-03 09:50:00,26612.62,26622.15,26595.53,26610.77,4967
2025-02-03 09:55:00,26610.77,26633.86,26603.28,26625.84,3269
2025-02-03 10:00:00,26625.84,26693.5,26597.28,26680.3,1746
2025-02-03 10:05:00,26680.3,26715.26,26674.95,26712.02,4162
2025-02-03 10:10:00,26712.02,26749.69,26710.72,26741.64,2634
2025-02-03 10:15:00,26741.64,26747.07,26729.67,26745.04,4661
2025-02-03 10:20:00,26745.04,26747.86,26665.54,26683.3,3485
2025-02-03 10:25:00,26683.3,26704.27,26678.15,26697.49,2976
2025-02-03 10:30:00,26697.49,26710.96,26686.4,26689.68,2719
2025-02-03 10:35:00,26689.68,26707.66,26689.3,26707.2,4081
2025-02-03 10:40:00,26707.2,26724.99,26706.14,26709.65,1505
2025-02-03 10:45:00,26709.65,26724.15,26641.26,26647.19,1515
2025-02-03 10:50:00,26647.19,26660.92,26631.34,26634.15,4255
2025-02-03 10:55:00,26634.15,26668.12,26626.37,26649.59,3053
2025-02-03 11:00:00,26649.59,26668.04,26641.06,26661.89,1364
2025-02-03 11:05:00,26661.89,26729.09,26655.69,26716.58,2444
2025-02-03 11:10:00,26716.58,26726.26,26653.45,26654.5,3894
2025-02-03 11:15:00,26654.5,26664.91,26638.61,26664.07,2438
2025-02-03 11:20:00,26664.07,26720.58,26662.19,26691.56,2487
2025-02-03 11:25:00,26691.56,26692.51,26661.39,26667.84,3119
2025-02-03 11:30:00,26667.84,26699.71,26663.93,26689.58,3484
2025-02-03 11:35:00,26689.58,26729.18,26670.53,26725.1,1529
2025-02-03 11:40:00,26725.1,26733.59,26700.68,26713.73,3319
2025-02-03 11:45:00,26713.73,26716.95,26700.92,26709.84,1506
2025-02-03 11:50:00,26709.84,26734.03,26705.2,26733.91,4718
2025-02-03 11:55:00,26733.91,26760.62,26730.69,26741.87,2902
2025-02-03 12:00:00,26741.87,26750.36,26710.73,26718.54,1075
2025-02-03 12:05:00,26718.54,26748.27,26716.55,26735.2,2793
2025-02-03 12:10:00,26735.2,26739.36,26661.54,26675.43,3955
2025-02-03 12:15:00,26675.43,26684.28,26652.35,26661.42,3144
2025-02-03 12:20:00,26661.42,26668.27,26654.48,26662.46,3089
2025-02-03 12:25:00,26662.46,26676.46,26636.43,26653.3,4273
2025-02-03 12:30:00,26653.3,26669.8,26622.32,26624.97,3470
2025-02-03 12:35:00,26624.97,26653.67,26614.89,26638.57,1190
2025-02-03 12:40:00,26638.57,26640.38,26632.64,26634.85,4720
2025-02-03 12:45:00,26634.85,26671.9,26629.97,26631.53,2713
2025-02-03 12:50:00,26631.53,26634.79,26621.08,26624.91,1712
2025-02-03 12:55:00,26624.91,26667.51,26593.83,26650.04,2613
2025-02-03 13:00:00,26650.04,26650.58,26623.09,26626.56,4986
2025-02-03 13:05:00,26626.56,26649.24,26603.61,26614.13,3631
2025-02-03 13:10:00,26614.13,26618.21,26568.11,26588.28,1217
2025-02-03 13:15:00,26588.28,26629.74,26572.64,26617.46,2419
2025-02-03 13:20:00,26617.46,26650.95,26616.6,26646.92,2828
2025-02-03 13:25:00,26646.92,26657.72,26623.84,26646.07,4989
2025-02-03 13:30:00,26646.07,26654.73,26635.7,26653.47,1037
2025-02-03 13:35:00,26653.47,26737.89,26637.45,26716.27,3918
2025-02-03 13:40:00,26716.27,26786.0,26705.83,26763.35,2804
2025-02-03 13:45:00,26763.35,26786.42,26754.3,26782.26,4644
2025-02-03 13:50:00,26782.26,26795.31,26752.88,26768.88,2470
2025-02-03 13:55:00,26768.88,26772.27,26698.64,26713.26,3139
2025-02-03 14:00:00,26713.26,26731.06,26711.11,26722.8,2533
2025-02-03 14:05:00,26722.8,26750.81,26715.04,26733.68,3268
2025-02-03 14:10:00,26733.68,26750.97,26683.27,26693.04,3483
2025-02-03 14:15:00,26693.04,26702.53,26675.96,26679.55,4461
2025-02-03 14:20:00,26679.55,26725.61,26674.92,26711.63,4861
2025-02-03 14:25:00,26711.63,26755.22,26699.19,26752.01,4150
2025-02-03 14:30:00,26752.01,26768.41,26698.87,26712.87,4489
2025-02-03 14:35:00,26712.87,26730.58,26693.15,26727.86,4473
2025-02-03 14:40:00,26727.86,26727.95,26710.25,26717.73,2601
2025-02-03 14:45:00,26717.73,26778.22,26708.85,26772.22,3202
2025-02-03 14:50:00,26772.22,26778.13,26744.46,26751.44,2869
2025-02-03 14:55:00,26751.44,26833.37,26727.14,26822.26,2699
2025-02-03 15:00:00,26822.26,26833.43,26787.33,26803.53,3434
2025-02-03 15:05:00,26803.53,26829.26,26788.47,26803.03,4458
2025-02-03 15:10:00,26803.03,26813.8,26781.27,26802.21,3676
2025-02-03 15:15:00,26802.21,26828.25,26798.02,26824.8,2797
2025-02-03 15:20:00,26824.8,26844.61,26794.57,26800.82,4664
2025-02-03 15:25:00,26800.82,26821.84,26779.59,26814.34,4872
2025-02-04 09:15:00,27024.08,27059.09,27018.77,27051.0,3833
2025-02-04 09:20:00,27051.0,27052.8,26985.51,26998.48,3339
2025-02-04 09:25:00,26998.48,27042.28,26975.37,27030.23,4614
2025-02-04 09:30:00,27030.23,27036.35,26982.09,26984.93,3618
2025-02-04 09:35:00,26984.93,26986.99,26975.03,26982.26,2421
2025-02-04 09:40:00,26982.26,26998.15,26979.85,26997.51,2841
2025-02-04 09:45:00,26997.51,27011.72,26951.14,26955.14,3651
2025-02-04 09:50:00,26955.14,26976.48,26951.2,26969.15,2311
2025-02-04 09:55:00,26969.15,26974.18,26945.82,26964.51,1246
2025-02-04 10:00:00,26964.51,27039.6,26951.19,27015.94,2675
2025-02-04 10:05:00,27015.94,27023.7,27006.35,27023.57,4963
2025-02-04 10:10:00,27023.57,27051.02,27012.82,27032.96,2136
2025-02-04 10:15:00,27032.96,27046.22,26996.28,27024.6,4497
2025-02-04 10:20:00,27024.6,27026.36,26979.88,26990.48,3366
2025-02-04 10:25:00,26990.48,27000.83,26962.49,26975.68,4560
2025-02-04 10:30:00,26975.68,26998.73,26923.32,26938.07,3760
2025-02-04 10:35:00,26938.07,26964.15,26881.96,26888.53,3214
2025-02-04 10:40:00,26888.53,26909.09,26883.78,26886.54,3388
2025-02-04 10:45:00,26886.54,26890.93,26882.04,26889.78,4423
2025-02-04 10:50:00,26889.78,26899.11,26858.19,26859.85,4334
2025-02-04 10:55:00,26859.85,26902.15,26841.38,26880.63,2398
2025-02-04 11:00:00,26880.63,26893.87,26867.92,26872.91,4010
2025-02-04 11:05:00,26872.91,26873.59,26869.32,26872.56,4582
2025-02-04 11:10:00,26872.56,26891.18,26866.4,26880.74,4302
2025-02-04 11:15:00,26880.74,26909.76,26862.88,26909.0,1505
2025-02-04 11:20:00,26909.0,26914.62,26861.61,26867.82,2246
2025-02-04 11:25:00,26867.82,26906.29,26858.99,26906.04,3329
2025-02-04 11:30:00,26906.04,26911.95,26855.89,26866.68,2451
2025-02-04 11:35:00,26866.68,26877.44,26827.67,26846.0,1978
2025-02-04 11:40:00,26846.0,26895.78,26840.45,26889.86,4693
2025-02-04 11:45:00,26889.86,26891.64,26851.85,26871.89,3600
2025-02-04 11:50:00,26871.89,26886.48,26799.1,26799.55,3188
2025-02-04 11:55:00,26799.55,26851.49,26797.02,26839.23,3599
2025-02-04 12:00:00,26839.23,26846.06,26838.75,26845.25,3206
2025-02-04 12:05:00,26845.25,26850.23,26812.57,26826.54,4397
2025-02-04 12:10:00,26826.54,26849.91,26815.77,26821.07,2744
2025-02-04 12:15:00,26821.07,26844.72,26805.65,26840.28,1195
2025-02-04 12:20:00,26840.28,26872.0,26832.91,26863.39,4181
2025-02-04 12:25:00,26863.39,26863.9,26844.05,26863.82,3633
2025-02-04 12:30:00,26863.82,26866.19,26763.16,26785.62,2550
2025-02-04 12:35:00,26785.62,26808.23,26763.01,26806.15,2842
2025-02-04 12:40:00,26806.15,26866.31,26798.59,26845.2,4224
2025-02-04 12:45:00,26845.2,26850.11,26842.9,26843.03,2238
2025-02-04 12:50:00,26843.03,26893.96,26807.38,26813.59,2521
2025-02-04 12:55:00,26813.59,26834.07,26791.93,26792.0,2486
2025-02-04 13:00:00,26792.0,26810.16,26782.17,26798.3,3824
2025-02-04 13:05:00,26798.3,26807.67,26769.75,26774.12,4819
2025-02-04 13:10:00,26774.12,26783.63,26755.01,26780.95,1459
2025-02-04 13:15:00,26780.95,26806.34,26744.03,26755.06,3073
2025-02-04 13:20:00,26755.06,26791.53,26754.45,26781.63,4131
2025-02-04 13:25:00,26781.63,26791.24,26758.58,26762.53,2999
2025-02-04 13:30:00,26762.53,26766.21,26707.86,26715.18,2755
2025-02-04 13:35:00,26715.18,26723.75,26682.5,26721.47,2089
2025-02-04 13:40:00,26721.47,26789.66,26712.19,26776.94,4987
2025-02-04 13:45:00,26776.94,26799.89,26743.38,26754.34,3380
2025-02-04 13:50:00,26754.34,26790.55,26748.88,26777.43,3462
2025-02-04 13:55:00,26777.43,26832.84,26776.75,26815.73,2986
2025-02-04 14:00:00,26815.73,26842.91,26807.71,26836.48,1435
2025-02-04 14:05:00,26836.48,26843.55,26824.2,26839.82,2510
2025-02-04 14:10:00,26839.82,26841.33,26804.51,26813.44,2603
2025-02-04 14:15:00,26813.44,26822.76,26793.49,26797.38,1164
2025-02-04 14:20:00,26797.38,26803.04,26760.22,26783.12,1659
2025-02-04 14:25:00,26783.12,26795.15,26779.41,26790.43,4727
2025-02-04 14:30:00,26790.43,26803.42,26774.99,26777.62,2015
2025-02-04 14:35:00,26777.62,26841.63,26770.25,26830.16,2747
2025-02-04 14:40:00,26830.16,26850.07,26811.69,26838.41,1110
2025-02-04 14:45:00,26838.41,26851.02,26796.39,26831.1,3531
2025-02-04 14:50:00,26831.1,26851.35,26809.96,26819.72,4017
2025-02-04 14:55:00,26819.72,26885.49,26818.0,26869.01,1235
2025-02-04 15:00:00,26869.01,26879.98,26864.18,26871.81,3964
2025-02-04 15:05:00,26871.81,26874.96,26802.31,26807.75,4656
2025-02-04 15:10:00,26807.75,26826.13,26801.49,26824.4,1110
2025-02-04 15:15:00,26824.4,26833.82,26777.61,26796.88,1614
2025-02-04 15:20:00,26796.88,26801.4,26793.58,26793.95,3048
2025-02-04 15:25:00,26793.95,26793.98,26781.78,26783.18,3532
2025-02-05 09:15:00,26847.24,26866.78,26844.53,26857.62,4981
2025-02-05 09:20:00,26857.62,26866.79,26798.01,26802.89,2251
2025-02-05 09:25:00,26802.89,26847.17,26790.94,26845.69,3954
2025-02-05 09:30:00,26845.69,26884.53,26829.05,26863.98,2406
2025-02-05 09:35:00,26863.98,26890.28,26844.43,26889.06,2964
2025-02-05 09:40:00,26889.06,26918.89,26864.51,26866.75,2262
2025-02-05 09:45:00,26866.75,26887.36,26851.54,26876.43,1307
2025-02-05 09:50:00,26876.43,26895.29,26855.67,26882.48,2712
2025-02-05 09:55:00,26882.48,26897.17,26866.38,26894.18,1331
2025-02-05 10:00:00,26894.18,26912.83,26886.13,26887.18,2465
2025-02-05 10:05:00,26887.18,26983.2,26863.84,26962.05,1713
2025-02-05 10:10:00,26962.05,26965.24,26907.9,26928.02,3588
2025-02-05 10:15:00,26928.02,26931.72,26913.18,26921.93,2400
2025-02-05 10:20:00,26921.93,26944.42,26919.31,26943.39,4178
2025-02-05 10:25:00,26943.39,26979.95,26943.07,26973.84,2012
2025-02-05 10:30:00,26973.84,27008.05,26947.0,27003.33,2437
2025-02-05 10:35:00,27003.33,27007.33,26980.53,26981.74,3348
2025-02-05 10:40:00,26981.74,27011.96,26935.19,26946.34,4214
2025-02-05 10:45:00,26946.34,26991.22,26938.5,26959.51,1285
2025-02-05 10:50:00,26959.51,26980.56,26953.64,26954.25,3951
2025-02-05 10:55:00,26954.25,26967.99,26936.77,26941.98,4756
2025-02-05 11:00:00,26941.98,26955.94,26912.45,26913.89,1516
2025-02-05 11:05:00,26913.89,26937.93,26899.75,26928.79,2424
2025-02-05 11:10:00,26928.79,27008.29,26928.63,26982.15,2485
2025-02-05 11:15:00,26982.15,26987.42,26946.5,26959.44,3611
2025-02-05 11:20:00,26959.44,26960.35,26895.16,26909.74,4746
2025-02-05 11:25:00,26909.74,26910.05,26836.89,26868.84,4429
2025-02-05 11:30:00,26868.84,26906.28,26851.3,26889.96,2319
2025-02-05 11:35:00,26889.96,26909.94,26876.63,26887.34,3120
2025-02-05 11:40:00,26887.34,26891.35,26833.48,26847.37,4110
2025-02-05 11:45:00,26847.37,26909.66,26847.11,26894.59,3233
2025-02-05 11:50:00,26894.59,26900.33,26872.97,26875.17,1238
2025-02-05 11:55:00,26875.17,26879.81,26854.9,26867.92,2093
2025-02-05 12:00:00,26867.92,26890.41,26850.24,26880.83,4988
2025-02-05 12:05:00,26880.83,26893.6,26836.74,26851.15,3333
2025-02-05 12:10:00,26851.15,26873.0,26839.83,26859.74,4047
2025-02-05 12:15:00,26859.74,26898.89,26835.21,26892.51,4755
2025-02-05 12:20:00,26892.51,26933.48,26879.27,26912.33,1222
2025-02-05 12:25:00,26912.33,26925.26,26843.15,26850.87,2196
2025-02-05 12:30:00,26850.87,26867.92,26840.75,26862.75,3227
2025-02-05 12:35:00,26862.75,26943.92,26843.04,26927.52,1598
2025-02-05 12:40:00,26927.52,26934.82,26920.19,26925.05,4523
2025-02-05 12:45:00,26925.05,26946.01,26895.21,26906.05,3190
2025-02-05 12:50:00,26906.05,26926.35,26845.49,26846.37,4940
2025-02-05 12:55:00,26846.37,26871.13,26837.48,26853.87,4256
2025-02-05 13:00:00,26853.87,26882.53,26841.13,26867.57,4687
2025-02-05 13:05:00,26867.57,26926.15,26861.06,26921.39,2349
2025-02-05 13:10:00,26921.39,26935.98,26880.61,26898.13,2266
2025-02-05 13:15:00,26898.13,26922.77,26868.38,26913.89,2388
2025-02-05 13:20:00,26913.89,26922.04,26897.06,26901.94,1717
2025-02-05 13:25:00,26901.94,26914.58,26863.01,26880.14,4856
2025-02-05 13:30:00,26880.14,26908.54,26870.25,26884.26,4664
2025-02-05 13:35:00,26884.26,26902.49,26874.56,26884.9,3399
2025-02-05 13:40:00,26884.9,26904.09,26865.69,26898.4,4097
2025-02-05 13:45:00,26898.4,26905.63,26881.04,26903.6,4783
2025-02-05 13:50:00,26903.6,26973.86,26875.89,26971.81,3357
2025-02-05 13:55:00,26971.81,27047.91,26964.53,27038.72,3487
2025-02-05 14:00:00,27038.72,27158.89,27032.34,27153.31,3857
2025-02-05 14:05:00,27153.31,27167.49,27106.26,27108.18,1522
2025-02-05 14:10:00,27108.18,27116.57,27078.13,27089.88,4324
2025-02-05 14:15:00,27089.88,27107.85,27070.91,27106.78,2098
2025-02-05 14:20:00,27106.78,27131.85,27089.61,27110.63,1008
2025-02-05 14:25:00,27110.63,27125.26,27074.22,27085.98,4709
2025-02-05 14:30:00,27085.98,27098.29,27064.29,27068.55,4376
2025-02-05 14:35:00,27068.55,27075.3,27039.19,27059.59,4952
2025-02-05 14:40:00,27059.59,27115.44,27039.18,27092.94,4899
2025-02-05 14:45:00,27092.94,27103.25,27070.6,27095.35,1392
2025-02-05 14:50:00,27095.35,27147.52,27066.16,27126.69,1728
2025-02-05 14:55:00,27126.69,27145.72,27095.69,27116.84,3266
2025-02-05 15:00:00,27116.84,27131.84,27111.13,27127.17,4079
2025-02-05 15:05:00,27127.17,27200.47,27123.51,27162.59,1394
2025-02-05 15:10:00,27162.59,27171.84,27142.07,27143.34,2393
2025-02-05 15:15:00,27143.34,27172.96,27122.2,27171.07,2184
2025-02-05 15:20:00,27171.07,27267.02,27147.36,27260.78,1544
2025-02-05 15:25:00,27260.78,27261.23,27183.39,27210.31,1616
2025-02-06 09:15:00,27200.99,27212.05,27140.28,27167.69,3810
2025-02-06 09:20:00,27167.69,27170.56,27144.05,27163.94,2531
2025-02-06 09:25:00,27163.94,27170.16,27112.57,27132.99,1491
2025-02-06 09:30:00,27132.99,27193.48,27117.56,27186.72,1905
2025-02-06 09:35:00,27186.72,27188.48,27116.82,27130.11,3099
2025-02-06 09:40:00,27130.11,27226.81,27112.95,27197.31,3892
2025-02-06 09:45:00,27197.31,27197.99,27170.67,27180.74,1101
2025-02-06 09:50:00,27180.74,27181.43,27125.25,27131.5,4299
2025-02-06 09:55:00,27131.5,27142.86,27118.01,27135.85,4908
2025-02-06 10:00:00,27135.85,27152.21,27078.41,27080.02,2653
2025-02-06 10:05:00,27080.02,27085.77,27061.34,27073.26,1680
2025-02-06 10:10:00,27073.26,27084.75,27032.57,27033.0,4518
2025-02-06 10:15:00,27033.0,27038.47,27021.46,27024.17,2588
2025-02-06 10:20:00,27024.17,27027.7,27015.87,27024.77,3954
2025-02-06 10:25:00,27024.77,27058.67,27013.05,27055.99,3971
2025-02-06 10:30:00,27055.99,27096.47,27046.56,27081.0,2098
2025-02-06 10:35:00,27081.0,27092.56,27043.15,27043.25,2381
2025-02-06 10:40:00,27043.25,27089.48,27021.91,27060.97,3042
2025-02-06 10:45:00,27060.97,27092.89,27040.96,27077.82,4195
2025-02-06 10:50:00,27077.82,27089.43,27055.6,27057.13,1811
2025-02-06 10:55:00,27057.13,27079.54,27039.54,27059.62,2329
2025-02-06 11:00:00,27059.62,27084.47,27056.44,27061.32,4033
2025-02-06 11:05:00,27061.32,27142.01,27056.05,27128.83,4653
2025-02-06 11:10:00,27128.83,27144.59,27124.23,27140.54,3514
2025-02-06 11:15:00,27140.54,27173.31,27116.62,27172.84,2111
2025-02-06 11:20:00,27172.84,27197.81,27087.73,27109.56,3758
2025-02-06 11:25:00,27109.56,27117.88,27075.09,27079.67,3497
2025-02-06 11:30:00,27079.67,27084.19,27061.23,27075.34,2761
2025-02-06 11:35:00,27075.34,27080.67,27041.75,27074.26,2759
2025-02-06 11:40:00,27074.26,27086.24,27060.47,27071.9,2433
2025-02-06 11:45:00,27071.9,27077.46,27022.15,27023.01,3287
2025-02-06 11:50:00,27023.01,27040.89,27005.15,27010.42,1182
2025-02-06 11:55:00,27010.42,27016.84,26977.82,27001.35,3888
2025-02-06 12:00:00,27001.35,27002.92,26983.52,26987.2,3961
2025-02-06 12:05:00,26987.2,27003.25,26971.17,26994.61,4059
2025-02-06 12:10:00,26994.61,27030.61,26973.46,27003.25,1706
2025-02-06 12:15:00,27003.25,27007.31,26999.84,27000.95,3990
2025-02-06 12:20:00,27000.95,27037.75,26978.51,27029.28,3618
2025-02-06 12:25:00,27029.28,27085.71,27025.18,27068.53,2872
2025-02-06 12:30:00,27068.53,27072.26,27050.22,27066.62,1233
2025-02-06 12:35:00,27066.62,27087.56,27041.74,27058.71,1743
2025-02-06 12:40:00,27058.71,27091.47,27035.27,27062.02,4796
2025-02-06 12:45:00,27062.02,27072.21,27051.28,27055.18,3754
2025-02-06 12:50:00,27055.18,27071.36,26986.55,26993.5,1950
2025-02-06 12:55:00,26993.5,27002.81,26974.02,26997.03,1465
2025-02-06 13:00:00,26997.03,27022.89,26973.9,27003.05,2452
2025-02-06 13:05:00,27003.05,27010.84,26961.58,26972.78,1658
2025-02-06 13:10:00,26972.78,26989.08,26945.78,26949.21,3656
2025-02-06 13:15:00,26949.21,26951.65,26924.48,26944.53,2753
2025-02-06 13:20:00,26944.53,26962.43,26930.85,26935.33,1708
2025-02-06 13:25:00,26935.33,26945.67,26907.31,26911.74,1038
2025-02-06 13:30:00,26911.74,26920.45,26876.45,26888.94,1268
2025-02-06 13:35:00,26888.94,26899.49,26831.41,26839.89,2465
2025-02-06 13:40:00,26839.89,26860.5,26821.79,26858.37,4242
2025-02-06 13:45:00,26858.37,26883.34,26844.91,26847.23,4945
2025-02-06 13:50:00,26847.23,26856.13,26800.43,26813.48,4281
2025-02-06 13:55:00,26813.48,26823.49,26787.62,26823.16,4841
2025-02-06 14:00:00,26823.16,26870.52,26818.16,26869.78,2125
2025-02-06 14:05:00,26869.78,26883.0,26851.27,26859.25,4474
2025-02-06 14:10:00,26859.25,26869.08,26785.63,26802.06,1264
2025-02-06 14:15:00,26802.06,26815.14,26744.87,26765.04,2901
2025-02-06 14:20:00,26765.04,26828.58,26764.41,26817.83,4201
2025-02-06 14:25:00,26817.83,26842.36,26744.89,26767.63,4652
2025-02-06 14:30:00,26767.63,26795.53,26732.26,26782.03,1684
2025-02-06 14:35:00,26782.03,26820.77,26752.35,26788.09,4111
2025-02-06 14:40:00,26788.09,26802.11,26777.9,26784.26,1304
2025-02-06 14:45:00,26784.26,26807.89,26778.87,26798.34,3313
2025-02-06 14:50:00,26798.34,26833.39,26795.91,26807.82,4847
2025-02-06 14:55:00,26807.82,26820.14,26800.09,26816.08,4996
2025-02-06 15:00:00,26816.08,26840.64,26787.41,26800.61,1456
2025-02-06 15:05:00,26800.61,26819.88,26778.41,26819.2,1341
2025-02-06 15:10:00,26819.2,26825.93,26792.08,26792.17,4803
2025-02-06 15:15:00,26792.17,26877.05,26784.78,26870.12,2052
2025-02-06 15:20:00,26870.12,26919.36,26860.65,26913.71,3149
2025-02-06 15:25:00,26913.71,26941.04,26905.77,26934.95,1866
2025-02-07 09:15:00,26839.63,26852.54,26826.72,26836.72,3294
2025-02-07 09:20:00,26836.72,26857.54,26828.21,26853.57,1922
2025-02-07 09:25:00,26853.57,26884.08,26845.82,26846.32,3858
2025-02-07 09:30:00,26846.32,26908.05,26827.57,26889.48,4273
2025-02-07 09:35:00,26889.48,26905.08,26885.45,26895.37,2267
2025-02-07 09:40:00,26895.37,26975.11,26889.67,26957.56,3982
2025-02-07 09:45:00,26957.56,26965.34,26905.27,26922.44,3283
2025-02-07 09:50:00,26922.44,26943.25,26906.09,26933.23,2418
2025-02-07 09:55:00,26933.23,26963.55,26891.91,26893.6,4158
2025-02-07 10:00:00,26893.6,26911.48,26876.91,26894.03,4081
2025-02-07 10:05:00,26894.03,26922.51,26889.46,26916.41,4817
2025-02-07 10:10:00,26916.41,26932.15,26870.24,26881.24,3721
2025-02-07 10:15:00,26881.24,26921.15,26858.2,26896.88,1013
2025-02-07 10:20:00,26896.88,26928.77,26893.83,26907.69,4955
2025-02-07 10:25:00,26907.69,26923.91,26890.31,26916.46,3412
2025-02-07 10:30:00,26916.46,26966.25,26900.17,26940.34,4150
2025-02-07 10:35:00,26940.34,26961.79,26928.7,26954.19,2376
2025-02-07 10:40:00,26954.19,26983.81,26947.42,26975.7,1089
2025-02-07 10:45:00,26975.7,27030.6,26965.3,27016.61,3301
2025-02-07 10:50:00,27016.61,27040.27,26947.94,26962.57,4653
2025-02-07 10:55:00,26962.57,27007.32,26934.82,27001.89,2965
2025-02-07 11:00:00,27001.89,27003.58,26974.5,26991.84,3498
2025-02-07 11:05:00,26991.84,26993.48,26926.22,26946.95,4298
2025-02-07 11:10:00,26946.95,26985.13,26935.99,26972.13,2328
2025-02-07 11:15:00,26972.13,27038.74,26964.91,27027.38,3770
2025-02-07 11:20:00,27027.38,27045.7,26976.33,27009.93,1071
2025-02-07 11:25:00,27009.93,27061.64,27002.01,27050.55,2892
2025-02-07 11:30:00,27050.55,27069.45,27043.8,27053.34,2560
2025-02-07 11:35:00,27053.34,27082.84,27033.21,27075.23,3296
2025-02-07 11:40:00,27075.23,27148.19,27066.0,27136.17,4617
2025-02-07 11:45:00,27136.17,27148.79,27125.11,27127.56,3737
2025-02-07 11:50:00,27127.56,27197.51,27127.46,27194.83,3563
2025-02-07 11:55:00,27194.83,27218.18,27171.78,27176.44,2574
2025-02-07 12:00:00,27176.44,27185.54,27079.11,27091.56,1263
2025-02-07 12:05:00,27091.56,27130.19,27090.41,27121.71,1620
2025-02-07 12:10:00,27121.71,27138.0,27106.03,27109.83,4145
2025-02-07 12:15:00,27109.83,27130.4,27092.78,27123.47,1052
2025-02-07 12:20:00,27123.47,27133.51,27077.32,27090.86,2242
2025-02-07 12:25:00,27090.86,27120.94,27083.93,27105.49,2273
2025-02-07 12:30:00,27105.49,27122.83,27073.41,27090.04,4341
2025-02-07 12:35:00,27090.04,27142.44,27076.89,27132.37,4876
2025-02-07 12:40:00,27132.37,27136.14,27123.64,27129.34,2283
2025-02-07 12:45:00,27129.34,27154.28,27101.58,27140.67,1725
2025-02-07 12:50:00,27140.67,27201.48,27129.33,27163.46,2020
2025-02-07 12:55:00,27163.46,27192.39,27057.95,27079.09,1358
2025-02-07 13:00:00,27079.09,27107.63,27037.66,27038.04,4344
2025-02-07 13:05:00,27038.04,27056.91,27026.2,27047.17,2316
2025-02-07 13:10:00,27047.17,27071.11,26998.81,27008.74,3078
2025-02-07 13:15:00,27008.74,27013.95,26992.61,27001.08,1840
2025-02-07 13:20:00,27001.08,27004.35,26986.01,26986.06,2508
2025-02-07 13:25:00,26986.06,26986.16,26975.13,26983.68,2603
2025-02-07 13:30:00,26983.68,26985.58,26952.9,26954.5,2851
2025-02-07 13:35:00,26954.5,26983.35,26950.47,26977.64,4758
2025-02-07 13:40:00,26977.64,27044.04,26975.53,27042.64,3585
2025-02-07 13:45:00,27042.64,27045.76,27010.96,27026.65,2041
2025-02-07 13:50:00,27026.65,27034.55,27008.8,27020.88,2433
2025-02-07 13:55:00,27020.88,27031.42,26998.25,27003.19,3912
2025-02-07 14:00:00,27003.19,27010.49,26932.88,26934.39,4333
2025-02-07 14:05:00,26934.39,26943.47,26917.61,26920.55,1240
2025-02-07 14:10:00,26920.55,26961.25,26903.08,26906.74,4766
2025-02-07 14:15:00,26906.74,26913.97,26882.96,26889.14,2417
2025-02-07 14:20:00,26889.14,26892.04,26880.54,26884.89,3084
2025-02-07 14:25:00,26884.89,26888.64,26860.81,26874.52,2620
2025-02-07 14:30:00,26874.52,26888.34,26844.1,26855.94,1651
2025-02-07 14:35:00,26855.94,26861.69,26823.87,26825.82,4565
2025-02-07 14:40:00,26825.82,26900.81,26817.46,26882.6,4268
2025-02-07 14:45:00,26882.6,26888.68,26825.36,26834.43,3869
2025-02-07 14:50:00,26834.43,26894.24,26821.29,26873.33,1072
2025-02-07 14:55:00,26873.33,26905.85,26869.12,26892.8,3232
2025-02-07 15:00:00,26892.8,26897.89,26865.51,26884.51,2935
2025-02-07 15:05:00,26884.51,26938.13,26882.12,26918.81,4885
2025-02-07 15:10:00,26918.81,26926.01,26871.56,26904.56,2679
2025-02-07 15:15:00,26904.56,26908.06,26851.78,26867.05,3348
2025-02-07 15:20:00,26867.05,26879.55,26859.15,26863.1,1427
2025-02-07 15:25:00,26863.1,26887.75,26844.73,26869.35,3634
2025-02-10 09:15:00,26744.55,26762.47,26634.7,26662.4,3923
2025-02-10 09:20:00,26662.4,26715.84,26649.18,26696.57,1338
2025-02-10 09:25:00,26696.57,26750.48,26663.37,26741.24,2853
2025-02-10 09:30:00,26741.24,26754.18,26718.64,26731.7,2771
2025-02-10 09:35:00,26731.7,26732.86,26724.78,26727.16,1582
2025-02-10 09:40:00,26727.16,26729.51,26690.29,26702.27,3899
2025-02-10 09:45:00,26702.27,26706.69,26686.23,26689.75,1356
2025-02-10 09:50:00,26689.75,26694.8,26684.62,26691.38,2123
2025-02-10 09:55:00,26691.38,26711.96,26690.69,26702.28,2996
2025-02-10 10:00:00,26702.28,26716.3,26687.43,26706.2,1371
2025-02-10 10:05:00,26706.2,26753.28,26698.63,26736.74,4280
2025-02-10 10:10:00,26736.74,26750.82,26648.77,26655.03,3351
2025-02-10 10:15:00,26655.03,26671.15,26619.59,26638.81,4619
2025-02-10 10:20:00,26638.81,26642.79,26624.9,26640.1,4781
2025-02-10 10:25:00,26640.1,26694.02,26631.89,26675.52,3698
2025-02-10 10:30:00,26675.52,26678.28,26648.67,26657.59,3425
2025-02-10 10:35:00,26657.59,26683.41,26641.29,26675.23,3499
2025-02-10 10:40:00,26675.23,26725.32,26641.31,26699.16,3158
2025-02-10 10:45:00,26699.16,26740.81,26670.28,26730.02,4113
2025-02-10 10:50:00,26730.02,26771.24,26727.9,26770.21,1687
2025-02-10 10:55:00,26770.21,26790.79,26747.22,26755.97,2482
2025-02-10 11:00:00,26755.97,26769.97,26745.67,26753.37,1492
2025-02-10 11:05:00,26753.37,26774.92,26714.38,26731.68,4267
2025-02-10 11:10:00,26731.68,26737.01,26702.67,26718.37,3655
2025-02-10 11:15:00,26718.37,26721.51,26711.14,26719.55,4165
2025-02-10 11:20:00,26719.55,26754.51,26697.47,26742.67,4190
2025-02-10 11:25:00,26742.67,26780.8,26732.28,26757.19,2607
2025-02-10 11:30:00,26757.19,26820.94,26745.3,26812.33,2676
2025-02-10 11:35:00,26812.33,26826.16,26801.36,26810.68,4228
2025-02-10 11:40:00,26810.68,26832.39,26803.76,26820.3,1455
2025-02-10 11:45:00,26820.3,26825.6,26737.28,26747.95,4211
2025-02-10 11:50:00,26747.95,26757.61,26733.42,26735.27,4222
2025-02-10 11:55:00,26735.27,26756.02,26701.17,26708.15,2132
2025-02-10 12:00:00,26708.15,26719.44,26698.07,26699.37,3709
2025-02-10 12:05:00,26699.37,26700.06,26681.21,26689.34,3679
2025-02-10 12:10:00,26689.34,26708.73,26671.02,26685.36,4818
2025-02-10 12:15:00,26685.36,26686.48,26609.02,26610.07,3128
2025-02-10 12:20:00,26610.07,26623.04,26567.91,26575.16,4144
2025-02-10 12:25:00,26575.16,26620.03,26574.5,26598.31,2392
2025-02-10 12:30:00,26598.31,26608.6,26589.95,26599.09,4179
2025-02-10 12:35:00,26599.09,26640.3,26585.66,26634.29,3017
2025-02-10 12:40:00,26634.29,26635.46,26610.47,26612.73,4289
2025-02-10 12:45:00,26612.73,26640.5,26610.35,26622.48,3314
2025-02-10 12:50:00,26622.48,26688.79,26603.59,26674.97,4653
2025-02-10 12:55:00,26674.97,26685.18,26630.66,26647.05,3479
2025-02-10 13:00:00,26647.05,26650.74,26605.22,26618.14,4177
2025-02-10 13:05:00,26618.14,26630.99,26616.36,26616.67,4271
2025-02-10 13:10:00,26616.67,26616.76,26548.58,26552.2,2423
2025-02-10 13:15:00,26552.2,26607.99,26547.63,26576.93,2118
2025-02-10 13:20:00,26576.93,26594.28,26521.24,26550.56,3133
2025-02-10 13:25:00,26550.56,26565.17,26526.5,26529.06,2121
2025-02-10 13:30:00,26529.06,26545.21,26511.24,26513.4,3072
2025-02-10 13:35:00,26513.4,26591.71,26497.85,26576.64,4268
2025-02-10 13:40:00,26576.64,26607.64,26564.91,26601.07,1221
2025-02-10 13:45:00,26601.07,26641.85,26590.15,26633.88,2074
2025-02-10 13:50:00,26633.88,26639.83,26622.74,26636.52,1506
2025-02-10 13:55:00,26636.52,26648.38,26567.86,26569.34,2415
2025-02-10 14:00:00,26569.34,26575.08,26562.51,26569.53,3026
2025-02-10 14:05:00,26569.53,26586.42,26566.1,26577.68,1807
2025-02-10 14:10:00,26577.68,26638.29,26567.89,26635.67,4002
2025-02-10 14:15:00,26635.67,26636.0,26610.51,26621.35,3817
2025-02-10 14:20:00,26621.35,26652.98,26605.67,26644.09,4492
2025-02-10 14:25:00,26644.09,26650.11,26617.79,26637.54,1049
2025-02-10 14:30:00,26637.54,26667.55,26613.42,26615.74,2894
2025-02-10 14:35:00,26615.74,26629.66,26585.22,26586.97,4371
2025-02-10 14:40:00,26586.97,26628.15,26531.91,26534.11,1227
2025-02-10 14:45:00,26534.11,26589.11,26530.34,26585.22,2165
2025-02-10 14:50:00,26585.22,26589.74,26536.28,26567.91,2487
2025-02-10 14:55:00,26567.91,26578.56,26566.14,26570.17,4829
2025-02-10 15:00:00,26570.17,26596.74,26564.57,26587.27,3531
2025-02-10 15:05:00,26587.27,26591.13,26570.8,26590.15,4577
2025-02-10 15:10:00,26590.15,26614.17,26587.18,26596.48,4595
2025-02-10 15:15:00,26596.48,26608.82,26542.25,26576.84,2287
2025-02-10 15:20:00,26576.84,26585.66,26526.93,26550.09,1174
2025-02-10 15:25:00,26550.09,26559.49,26542.41,26547.31,1724
2025-02-11 09:15:00,26571.48,26586.32,26524.4,26554.71,4550
2025-02-11 09:20:00,26554.71,26605.65,26545.21,26594.57,4752
2025-02-11 09:25:00,26594.57,26617.47,26593.91,26603.16,3015
2025-02-11 09:30:00,26603.16,26635.23,26602.68,26632.66,3882
2025-02-11 09:35:00,26632.66,26643.92,26567.23,26579.44,2483
2025-02-11 09:40:00,26579.44,26595.34,26569.31,26594.33,4910
2025-02-11 09:45:00,26594.33,26599.71,26559.76,26561.77,3233
2025-02-11 09:50:00,26561.77,26587.26,26551.72,26574.26,3878
2025-02-11 09:55:00,26574.26,26576.96,26554.73,26565.61,1878
2025-02-11 10:00:00,26565.61,26610.84,26562.66,26604.83,1449
2025-02-11 10:05:00,26604.83,26677.74,26593.57,26664.81,2244
2025-02-11 10:10:00,26664.81,26675.32,26647.42,26652.04,4889
2025-02-11 10:15:00,26652.04,26680.46,26643.9,26666.51,3501
2025-02-11 10:20:00,26666.51,26705.06,26658.72,26691.72,3468
2025-02-11 10:25:00,26691.72,26731.26,26687.49,26711.17,4419
2025-02-11 10:30:00,26711.17,26712.8,26656.01,26689.88,3867
2025-02-11 10:35:00,26689.88,26700.62,26602.56,26629.46,3129
2025-02-11 10:40:00,26629.46,26630.71,26602.12,26619.5,3640
2025-02-11 10:45:00,26619.5,26653.82,26613.48,26647.9,2025
2025-02-11 10:50:00,26647.9,26677.21,26638.63,26667.45,2169
2025-02-11 10:55:00,26667.45,26686.25,26653.55,26682.58,4073
2025-02-11 11:00:00,26682.58,26691.99,26668.39,26688.46,2055
2025-02-11 11:05:00,26688.46,26695.45,26602.02,26623.49,4555
2025-02-11 11:10:00,26623.49,26636.16,26548.14,26587.92,1040
2025-02-11 11:15:00,26587.92,26590.05,26564.61,26581.19,2622
2025-02-11 11:20:00,26581.19,26588.19,26558.43,26570.66,2868
2025-02-11 11:25:00,26570.66,26600.16,26562.83,26565.22,2612
2025-02-11 11:30:00,26565.22,26570.27,26552.59,26558.88,1223
2025-02-11 11:35:00,26558.88,26583.72,26550.53,26581.53,3665
2025-02-11 11:40:00,26581.53,26609.64,26540.11,26541.01,3850
2025-02-11 11:45:00,26541.01,26548.71,26499.82,26503.12,3033
2025-02-11 11:50:00,26503.12,26514.76,26483.22,26488.11,3722
2025-02-11 11:55:00,26488.11,26523.3,26486.05,26510.33,2420
2025-02-11 12:00:00,26510.33,26526.2,26470.92,26490.96,1278
2025-02-11 12:05:00,26490.96,26505.56,26476.05,26476.53,1959
2025-02-11 12:10:00,26476.53,26511.76,26454.78,26485.02,1389
2025-02-11 12:15:00,26485.02,26485.36,26424.1,26440.64,3745
2025-02-11 12:20:00,26440.64,26485.34,26427.93,26450.33,3977
2025-02-11 12:25:00,26450.33,26452.0,26388.95,26405.85,2775
2025-02-11 12:30:00,26405.85,26429.49,26391.64,26413.3,4198
2025-02-11 12:35:00,26413.3,26419.22,26404.04,26407.16,2678
2025-02-11 12:40:00,26407.16,26416.77,26387.11,26395.66,2501
2025-02-11 12:45:00,26395.66,26410.73,26388.27,26408.7,4249
2025-02-11 12:50:00,26408.7,26423.97,26388.51,26409.21,1421
2025-02-11 12:55:00,26409.21,26409.8,26355.43,26366.73,4088
2025-02-11 13:00:00,26366.73,26370.86,26359.78,26362.19,1728
2025-02-11 13:05:00,26362.19,26376.0,26342.83,26366.02,2519
2025-02-11 13:10:00,26366.02,26382.7,26360.27,26382.58,3492
2025-02-11 13:15:00,26382.58,26409.67,26369.8,26396.43,4648
2025-02-11 13:20:00,26396.43,26397.03,26365.44,26380.52,1597
2025-02-11 13:25:00,26380.52,26389.81,26370.84,26380.0,2189
2025-02-11 13:30:00,26380.0,26382.84,26296.48,26318.84,4565
2025-02-11 13:35:00,26318.84,26320.7,26267.75,26271.86,2260
2025-02-11 13:40:00,26271.86,26294.29,26224.24,26230.36,2367
2025-02-11 13:45:00,26230.36,26255.65,26226.11,26231.51,4987
2025-02-11 13:50:00,26231.51,26236.96,26218.22,26227.66,1359
2025-02-11 13:55:00,26227.66,26231.57,26222.11,26223.39,4952
2025-02-11 14:00:00,26223.39,26233.64,26206.67,26228.83,4010
2025-02-11 14:05:00,26228.83,26243.46,26160.23,26163.89,4787
2025-02-11 14:10:00,26163.89,26168.0,26151.77,26155.2,1071
2025-02-11 14:15:00,26155.2,26175.72,26144.76,26172.44,2613
2025-02-11 14:20:00,26172.44,26180.3,26107.06,26139.5,3036
2025-02-11 14:25:00,26139.5,26147.99,26090.01,26108.16,2653
2025-02-11 14:30:00,26108.16,26109.78,26075.66,26076.74,4504
2025-02-11 14:35:00,26076.74,26115.73,26061.67,26112.56,4868
2025-02-11 14:40:00,26112.56,26118.59,26108.08,26109.74,3363
2025-02-11 14:45:00,26109.74,26150.65,26108.78,26148.96,2211
2025-02-11 14:50:00,26148.96,26189.31,26139.67,26185.63,1784
2025-02-11 14:55:00,26185.63,26218.62,26184.73,26217.36,4008
2025-02-11 15:00:00,26217.36,26229.73,26149.69,26149.73,1647
2025-02-11 15:05:00,26149.73,26219.08,26141.1,26192.04,1779
2025-02-11 15:10:00,26192.04,26209.11,26163.36,26164.55,2489
2025-02-11 15:15:00,26164.55,26168.3,26150.15,26165.81,1692
2025-02-11 15:20:00,26165.81,26170.96,26144.41,26147.65,3496
2025-02-11 15:25:00,26147.65,26165.39,26134.33,26159.26,4891
2025-02-12 09:15:00,26002.56,26021.69,25970.07,25975.94,3461
2025-02-12 09:20:00,25975.94,25994.44,25927.46,25934.35,3117
2025-02-12 09:25:00,25934.35,25970.04,25911.71,25959.99,3955
2025-02-12 09:30:00,25959.99,25968.5,25945.45,25965.36,1072
2025-02-12 09:35:00,25965.36,25991.1,25961.08,25976.95,1033
2025-02-12 09:40:00,25976.95,25992.16,25966.66,25981.12,2030
2025-02-12 09:45:00,25981.12,26019.9,25979.87,26015.6,4480
2025-02-12 09:50:00,26015.6,26017.75,25988.05,26005.25,4399
2025-02-12 09:55:00,26005.25,26018.57,25895.72,25932.53,1737
2025-02-12 10:00:00,25932.53,25936.4,25907.79,25908.54,2685
2025-02-12 10:05:00,25908.54,25914.85,25907.15,25913.77,3343
2025-02-12 10:10:00,25913.77,25933.19,25901.44,25925.58,1116
2025-02-12 10:15:00,25925.58,25926.99,25891.62,25896.06,3607
2025-02-12 10:20:00,25896.06,25905.36,25879.26,25886.08,4031
2025-02-12 10:25:00,25886.08,25926.84,25882.94,25911.61,3944
2025-02-12 10:30:00,25911.61,25979.91,25907.15,25957.97,2585
2025-02-12 10:35:00,25957.97,25984.02,25949.06,25980.31,2725
2025-02-12 10:40:00,25980.31,25990.43,25936.85,25938.95,3923
2025-02-12 10:45:00,25938.95,25940.53,25931.05,25933.11,3900
2025-02-12 10:50:00,25933.11,25942.34,25927.72,25934.48,2790
2025-02-12 10:55:00,25934.48,25954.66,25927.4,25945.15,2699
2025-02-12 11:00:00,25945.15,25986.93,25917.43,25919.49,1436
2025-02-12 11:05:00,25919.49,25946.54,25900.84,25933.5,3722
2025-02-12 11:10:00,25933.5,25949.48,25908.04,25919.19,2899
2025-02-12 11:15:00,25919.19,25920.7,25867.04,25876.89,2263
2025-02-12 11:20:00,25876.89,25891.48,25862.29,25864.83,2066
2025-02-12 11:25:00,25864.83,25888.18,25851.01,25853.55,3585
2025-02-12 11:30:00,25853.55,25877.8,25828.19,25862.75,1020
2025-02-12 11:35:00,25862.75,25875.18,25855.43,25868.61,1969
2025-02-12 11:40:00,25868.61,25887.32,25868.03,25876.58,1540
2025-02-12 11:45:00,25876.58,25896.93,25844.7,25850.06,3985
2025-02-12 11:50:00,25850.06,25855.5,25812.09,25829.63,2753
2025-02-12 11:55:00,25829.63,25846.62,25782.5,25809.47,4105
2025-02-12 12:00:00,25809.47,25823.28,25783.82,25791.77,2954
2025-02-12 12:05:00,25791.77,25804.32,25757.12,25774.4,1591
2025-02-12 12:10:00,25774.4,25836.25,25765.62,25831.33,1682
2025-02-12 12:15:00,25831.33,25839.58,25764.14,25785.68,3804
2025-02-12 12:20:00,25785.68,25807.0,25778.34,25802.73,4902
2025-02-12 12:25:00,25802.73,25817.01,25795.14,25803.83,1188
2025-02-12 12:30:00,25803.83,25827.98,25802.97,25823.82,1291
2025-02-12 12:35:00,25823.82,25825.03,25798.68,25801.42,2432
2025-02-12 12:40:00,25801.42,25812.07,25773.94,25780.33,4391
2025-02-12 12:45:00,25780.33,25802.62,25775.03,25791.07,1370
2025-02-12 12:50:00,25791.07,25806.43,25762.03,25772.74,3751
2025-02-12 12:55:00,25772.74,25798.49,25769.93,25798.38,3379
2025-02-12 13:00:00,25798.38,25798.65,25713.85,25726.97,1437
2025-02-12 13:05:00,25726.97,25728.75,25653.69,25657.94,1083
2025-02-12 13:10:00,25657.94,25661.97,25638.84,25655.28,4331
2025-02-12 13:15:00,25655.28,25687.7,25652.84,25677.28,4475
2025-02-12 13:20:00,25677.28,25689.85,25639.61,25640.24,3596
2025-02-12 13:25:00,25640.24,25644.82,25608.83,25612.2,2448
2025-02-12 13:30:00,25612.2,25634.71,25584.78,25627.13,4068
2025-02-12 13:35:00,25627.13,25636.73,25567.54,25575.35,2569
2025-02-12 13:40:00,25575.35,25583.48,25551.96,25560.94,2727
2025-02-12 13:45:00,25560.94,25602.98,25543.26,25590.4,4729
2025-02-12 13:50:00,25590.4,25597.29,25560.87,25579.48,1549
2025-02-12 13:55:00,25579.48,25581.83,25535.21,25567.96,4556
2025-02-12 14:00:00,25567.96,25581.93,25562.76,25575.11,2988
2025-02-12 14:05:00,25575.11,25578.86,25549.92,25559.06,4503
2025-02-12 14:10:00,25559.06,25593.05,25542.56,25547.27,1587
2025-02-12 14:15:00,25547.27,25550.08,25523.97,25533.74,2918
2025-02-12 14:20:00,25533.74,25566.86,25520.03,25556.24,1561
2025-02-12 14:25:00,25556.24,25567.07,25498.61,25513.33,1497
2025-02-12 14:30:00,25513.33,25535.87,25454.4,25487.68,4294
2025-02-12 14:35:00,25487.68,25488.43,25451.83,25472.92,2940
2025-02-12 14:40:00,25472.92,25482.72,25454.38,25459.58,4134
2025-02-12 14:45:00,25459.58,25498.38,25453.15,25484.25,3392
2025-02-12 14:50:00,25484.25,25496.24,25480.03,25488.62,1935
2025-02-12 14:55:00,25488.62,25500.56,25470.74,25477.14,2548
2025-02-12 15:00:00,25477.14,25509.9,25474.16,25501.57,2003
2025-02-12 15:05:00,25501.57,25510.26,25478.27,25482.39,4163
2025-02-12 15:10:00,25482.39,25501.62,25462.73,25463.54,1765
2025-02-12 15:15:00,25463.54,25482.25,25458.66,25477.89,4407
2025-02-12 15:20:00,25477.89,25541.52,25475.95,25531.24,2045
2025-02-12 15:25:00,25531.24,25537.7,25492.07,25492.61,2983
2025-02-13 09:15:00,25627.89,25631.46,25619.35,25626.74,4577
2025-02-13 09:20:00,25626.74,25639.05,25602.7,25608.98,2310
2025-02-13 09:25:00,25608.98,25635.79,25597.12,25603.07,1491
2025-02-13 09:30:00,25603.07,25610.2,25543.35,25545.83,4244
2025-02-13 09:35:00,25545.83,25555.75,25528.84,25538.88,2019
2025-02-13 09:40:00,25538.88,25540.01,25499.25,25514.36,1778
2025-02-13 09:45:00,25514.36,25523.87,25458.22,25467.79,4384
2025-02-13 09:50:00,25467.79,25490.18,25467.56,25489.01,2822
2025-02-13 09:55:00,25489.01,25513.1,25434.03,25444.2,4661
2025-02-13 10:00:00,25444.2,25456.27,25375.27,25378.82,3493
2025-02-13 10:05:00,25378.82,25443.1,25366.09,25434.52,4376
2025-02-13 10:10:00,25434.52,25435.11,25363.37,25378.97,4749
2025-02-13 10:15:00,25378.97,25392.58,25373.5,25376.29,3048
2025-02-13 10:20:00,25376.29,25455.42,25374.51,25430.39,3068
2025-02-13 10:25:00,25430.39,25477.41,25404.74,25465.03,2147
2025-02-13 10:30:00,25465.03,25468.13,25448.0,25465.1,2588
2025-02-13 10:35:00,25465.1,25470.21,25453.94,25453.94,2676
2025-02-13 10:40:00,25453.94,25463.06,25418.06,25431.78,4703
2025-02-13 10:45:00,25431.78,25438.82,25406.02,25413.76,3685
2025-02-13 10:50:00,25413.76,25439.6,25413.5,25426.78,3851
2025-02-13 10:55:00,25426.78,25443.08,25402.84,25404.63,3628
2025-02-13 11:00:00,25404.63,25406.13,25366.41,25373.4,3686
2025-02-13 11:05:00,25373.4,25375.79,25363.32,25367.33,1687
2025-02-13 11:10:00,25367.33,25375.03,25341.56,25353.39,1924
2025-02-13 11:15:00,25353.39,25358.97,25293.24,25303.84,3035
2025-02-13 11:20:00,25303.84,25330.74,25303.35,25328.23,1146
2025-02-13 11:25:00,25328.23,25330.39,25305.87,25317.36,3697
2025-02-13 11:30:00,25317.36,25320.97,25272.74,25275.32,1410
2025-02-13 11:35:00,25275.32,25330.17,25273.22,25316.62,1447
2025-02-13 11:40:00,25316.62,25334.05,25281.29,25293.48,4966
2025-02-13 11:45:00,25293.48,25303.05,25260.42,25297.87,1181
2025-02-13 11:50:00,25297.87,25353.98,25287.23,25349.45,3634
2025-02-13 11:55:00,25349.45,25369.52,25308.86,25330.48,3643
2025-02-13 12:00:00,25330.48,25336.37,25281.59,25285.68,4952
2025-02-13 12:05:00,25285.68,25293.06,25235.19,25247.29,1545
2025-02-13 12:10:00,25247.29,25287.62,25230.15,25279.84,1456
2025-02-13 12:15:00,25279.84,25280.43,25251.58,25275.69,2097
2025-02-13 12:20:00,25275.69,25286.66,25226.68,25234.33,3312
2025-02-13 12:25:00,25234.33,25251.15,25226.07,25228.37,4116
2025-02-13 12:30:00,25228.37,25254.86,25221.48,25236.0,4309
2025-02-13 12:35:00,25236.0,25237.72,25213.61,25219.38,4066
2025-02-13 12:40:00,25219.38,25226.06,25206.3,25206.33,3395
2025-02-13 12:45:00,25206.33,25245.37,25180.98,25226.6,3941
2025-02-13 12:50:00,25226.6,25244.15,25224.35,25242.17,1612
2025-02-13 12:55:00,25242.17,25271.25,25223.7,25268.94,1456
2025-02-13 13:00:00,25268.94,25273.86,25262.95,25267.1,4953
2025-02-13 13:05:00,25267.1,25275.58,25246.73,25257.18,3523
2025-02-13 13:10:00,25257.18,25259.94,25182.99,25194.24,4787
2025-02-13 13:15:00,25194.24,25208.65,25181.31,25185.48,1939
2025-02-13 13:20:00,25185.48,25210.54,25180.36,25196.08,2619
2025-02-13 13:25:00,25196.08,25207.58,25156.98,25162.54,4319
2025-02-13 13:30:00,25162.54,25172.14,25141.19,25160.18,1180
2025-02-13 13:35:00,25160.18,25162.62,25150.9,25159.57,2048
2025-02-13 13:40:00,25159.57,25217.34,25146.98,25201.66,3228
2025-02-13 13:45:00,25201.66,25210.78,25172.26,25182.75,1262
2025-02-13 13:50:00,25182.75,25192.11,25128.15,25136.4,3449
2025-02-13 13:55:00,25136.4,25209.93,25135.76,25169.63,3990
2025-02-13 14:00:00,25169.63,25181.22,25123.36,25124.51,2661
2025-02-13 14:05:00,25124.51,25135.08,25111.67,25120.59,2431
2025-02-13 14:10:00,25120.59,25132.79,25092.85,25107.64,4562
2025-02-13 14:15:00,25107.64,25113.17,25099.06,25101.47,4562
2025-02-13 14:20:00,25101.47,25114.77,25090.16,25101.5,4399
2025-02-13 14:25:00,25101.5,25113.25,25085.2,25091.25,2205
2025-02-13 14:30:00,25091.25,25099.49,25050.31,25081.86,3583
2025-02-13 14:35:00,25081.86,25091.94,25067.54,25074.93,4349
2025-02-13 14:40:00,25074.93,25076.08,25071.02,25073.12,3849
2025-02-13 14:45:00,25073.12,25084.28,25052.37,25067.04,1734
2025-02-13 14:50:00,25067.04,25099.29,25060.37,25085.13,4875
2025-02-13 14:55:00,25085.13,25087.0,25061.16,25075.67,2304
2025-02-13 15:00:00,25075.67,25088.78,25041.63,25059.5,3790
2025-02-13 15:05:00,25059.5,25081.46,25039.22,25053.38,4402
2025-02-13 15:10:00,25053.38,25068.12,25047.95,25058.96,3891
2025-02-13 15:15:00,25058.96,25074.25,25042.04,25042.51,1048
2025-02-13 15:20:00,25042.51,25092.37,25032.27,25083.08,4942
2025-02-13 15:25:00,25083.08,25083.26,25068.98,25078.05,4978
2025-02-14 09:15:00,25026.17,25066.06,25018.92,25060.11,4827
2025-02-14 09:20:00,25060.11,25132.23,25056.9,25112.61,2094
2025-02-14 09:25:00,25112.61,25124.47,25097.45,25101.3,4037
2025-02-14 09:30:00,25101.3,25105.81,25089.98,25103.63,4922
2025-02-14 09:35:00,25103.63,25123.83,25091.46,25101.72,4902
2025-02-14 09:40:00,25101.72,25156.97,25085.83,25145.61,4311
2025-02-14 09:45:00,25145.61,25167.16,25144.02,25159.45,2848
2025-02-14 09:50:00,25159.45,25177.85,25153.44,25157.52,1720
2025-02-14 09:55:00,25157.52,25158.62,25146.65,25153.81,2866
2025-02-14 10:00:00,25153.81,25186.93,25152.54,25173.76,3867
2025-02-14 10:05:00,25173.76,25189.22,25140.88,25151.3,1671
2025-02-14 10:10:00,25151.3,25182.94,25141.94,25176.89,1213
2025-02-14 10:15:00,25176.89,25212.74,25171.45,25185.89,4430
2025-02-14 10:20:00,25185.89,25195.05,25166.82,25183.2,4562
2025-02-14 10:25:00,25183.2,25236.69,25164.44,25214.26,3162
2025-02-14 10:30:00,25214.26,25260.32,25207.32,25254.26,4688
2025-02-14 10:35:00,25254.26,25264.88,25221.06,25236.74,1248
2025-02-14 10:40:00,25236.74,25271.98,25232.5,25262.34,3838
2025-02-14 10:45:00,25262.34,25288.85,25257.61,25275.91,4401
2025-02-14 10:50:00,25275.91,25288.96,25265.93,25284.63,4016
2025-02-14 10:55:00,25284.63,25317.73,25264.45,25309.18,1759
2025-02-14 11:00:00,25309.18,25314.89,25291.46,25297.61,1670
2025-02-14 11:05:00,25297.61,25310.76,25244.82,25270.77,1782
2025-02-14 11:10:00,25270.77,25308.09,25270.35,25298.44,2061
2025-02-14 11:15:00,25298.44,25301.2,25285.95,25286.19,4024
2025-02-14 11:20:00,25286.19,25289.11,25270.72,25286.62,3377
2025-02-14 11:25:00,25286.62,25315.4,25250.73,25252.17,4246
2025-02-14 11:30:00,25252.17,25258.71,25195.97,25210.49,3301
2025-02-14 11:35:00,25210.49,25260.95,25193.06,25225.72,1198
2025-02-14 11:40:00,25225.72,25273.81,25217.72,25237.34,3802
2025-02-14 11:45:00,25237.34,25260.27,25234.25,25259.17,3705
2025-02-14 11:50:00,25259.17,25280.5,25243.6,25248.2,3353
2025-02-14 11:55:00,25248.2,25256.78,25180.95,25199.15,2433
2025-02-14 12:00:00,25199.15,25226.69,25172.29,25202.89,4886
2025-02-14 12:05:00,25202.89,25245.04,25188.7,25221.08,1914
2025-02-14 12:10:00,25221.08,25241.88,25208.63,25240.07,3195
2025-02-14 12:15:00,25240.07,25281.25,25230.33,25270.09,1187
2025-02-14 12:20:00,25270.09,25291.17,25256.51,25263.96,1906
2025-02-14 12:25:00,25263.96,25270.23,25212.19,25250.11,3775
2025-02-14 12:30:00,25250.11,25259.42,25214.86,25227.81,1384
2025-02-14 12:35:00,25227.81,25240.54,25195.13,25201.97,1390
2025-02-14 12:40:00,25201.97,25277.68,25201.31,25257.07,3439
2025-02-14 12:45:00,25257.07,25268.41,25256.17,25262.15,4793
2025-02-14 12:50:00,25262.15,25263.25,25171.72,25179.24,4648
2025-02-14 12:55:00,25179.24,25202.23,25170.28,25180.56,2461
2025-02-14 13:00:00,25180.56,25211.09,25174.54,25198.04,3020
2025-02-14 13:05:00,25198.04,25212.16,25173.95,25175.24,2306
2025-02-14 13:10:00,25175.24,25185.35,25157.33,25176.39,3081
2025-02-14 13:15:00,25176.39,25206.37,25159.33,25197.59,3875
2025-02-14 13:20:00,25197.59,25212.77,25188.48,25201.51,1202
2025-02-14 13:25:00,25201.51,25216.63,25182.09,25194.56,4575
2025-02-14 13:30:00,25194.56,25219.2,25152.39,25156.76,1743
2025-02-14 13:35:00,25156.76,25183.12,25132.64,25149.02,2671
2025-02-14 13:40:00,25149.02,25189.34,25136.74,25172.27,1543
2025-02-14 13:45:00,25172.27,25230.06,25159.86,25210.42,1562
2025-02-14 13:50:00,25210.42,25231.43,25194.78,25196.62,3681
2025-02-14 13:55:00,25196.62,25197.36,25166.78,25175.27,3634
2025-02-14 14:00:00,25175.27,25177.68,25159.41,25161.97,4867
2025-02-14 14:05:00,25161.97,25164.38,25117.42,25126.43,1533
2025-02-14 14:10:00,25126.43,25157.23,25116.65,25148.95,3938
2025-02-14 14:15:00,25148.95,25152.88,25142.27,25143.54,2513
2025-02-14 14:20:00,25143.54,25159.91,25141.75,25154.9,2749
2025-02-14 14:25:00,25154.9,25155.57,25133.52,25133.65,3384
2025-02-14 14:30:00,25133.65,25133.83,25101.02,25104.91,3207
2025-02-14 14:35:00,25104.91,25129.63,25081.24,25120.93,3401
2025-02-14 14:40:00,25120.93,25136.8,25100.7,25131.34,4144
2025-02-14 14:45:00,25131.34,25140.87,25122.63,25124.58,2784
2025-02-14 14:50:00,25124.58,25135.43,25085.58,25101.89,3136
2025-02-14 14:55:00,25101.89,25122.81,25095.89,25115.68,1814
2025-02-14 15:00:00,25115.68,25123.45,25099.83,25115.5,2433
2025-02-14 15:05:00,25115.5,25121.32,25078.66,25083.2,1794
2025-02-14 15:10:00,25083.2,25102.9,25080.94,25095.79,1045
2025-02-14 15:15:00,25095.79,25098.14,25081.98,25083.02,4620
2025-02-14 15:20:00,25083.02,25084.19,25071.14,25077.61,2017
2025-02-14 15:25:00,25077.61,25080.3,25046.74,25057.96,4914
2025-02-17 09:15:00,24962.37,25004.88,24959.81,24988.43,2852
2025-02-17 09:20:00,24988.43,24997.42,24976.89,24978.62,1571
2025-02-17 09:25:00,24978.62,25044.73,24976.14,25036.85,4976
2025-02-17 09:30:00,25036.85,25054.68,25020.09,25026.86,4580
2025-02-17 09:35:00,25026.86,25029.18,25007.39,25021.48,1689
2025-02-17 09:40:00,25021.48,25032.49,25014.3,25027.64,4632
2025-02-17 09:45:00,25027.64,25046.68,24993.16,25016.12,4363
2025-02-17 09:50:00,25016.12,25033.33,25003.64,25026.92,4265
2025-02-17 09:55:00,25026.92,25027.1,25003.9,25003.92,1738
2025-02-17 10:00:00,25003.92,25005.01,24965.17,24984.77,2074
2025-02-17 10:05:00,24984.77,25073.84,24984.61,25069.42,2030
2025-02-17 10:10:00,25069.42,25085.84,25042.21,25049.36,2260
2025-02-17 10:15:00,25049.36,25055.68,25012.47,25023.46,1714
2025-02-17 10:20:00,25023.46,25052.25,25007.71,25014.0,4905
2025-02-17 10:25:00,25014.0,25061.36,25011.06,25047.77,2395
2025-02-17 10:30:00,25047.77,25061.37,25013.88,25018.35,3344
2025-02-17 10:35:00,25018.35,25021.88,24921.04,24933.28,2932
2025-02-17 10:40:00,24933.28,25011.59,24927.4,25005.01,1595
2025-02-17 10:45:00,25005.01,25025.2,24989.73,25021.19,4148
2025-02-17 10:50:00,25021.19,25023.02,25004.64,25010.63,1989
2025-02-17 10:55:00,25010.63,25028.5,25007.59,25018.89,2063
2025-02-17 11:00:00,25018.89,25018.99,24990.88,25002.43,1334
2025-02-17 11:05:00,25002.43,25007.34,24996.46,25001.35,4497
2025-02-17 11:10:00,25001.35,25016.86,24935.39,24965.19,3864
2025-02-17 11:15:00,24965.19,24985.06,24932.21,24940.06,2120
2025-02-17 11:20:00,24940.06,24946.63,24928.76,24928.77,2587
2025-02-17 11:25:00,24928.77,24932.21,24905.18,24914.31,2977
2025-02-17 11:30:00,24914.31,24922.26,24882.51,24891.71,1332
2025-02-17 11:35:00,24891.71,24925.25,24880.03,24908.95,3814
2025-02-17 11:40:00,24908.95,24922.6,24899.01,24906.27,2624
2025-02-17 11:45:00,24906.27,24913.68,24901.43,24913.67,2546
2025-02-17 11:50:00,24913.67,24917.51,24865.22,24871.98,1341
2025-02-17 11:55:00,24871.98,24910.82,24870.18,24906.84,4076
2025-02-17 12:00:00,24906.84,24981.16,24901.86,24957.01,1683
2025-02-17 12:05:00,24957.01,24960.17,24956.46,24957.53,4453
2025-02-17 12:10:00,24957.53,24974.38,24937.05,24958.39,2242
2025-02-17 12:15:00,24958.39,24962.6,24929.26,24930.51,2390
2025-02-17 12:20:00,24930.51,24981.74,24902.22,24969.77,3704
2025-02-17 12:25:00,24969.77,24973.13,24968.09,24969.45,2910
2025-02-17 12:30:00,24969.45,24994.17,24968.32,24983.54,3372
2025-02-17 12:35:00,24983.54,24989.71,24908.18,24920.05,1335
2025-02-17 12:40:00,24920.05,24929.35,24909.83,24911.01,4431
2025-02-17 12:45:00,24911.01,24926.31,24906.03,24924.04,2898
2025-02-17 12:50:00,24924.04,24935.61,24916.96,24921.55,1613
2025-02-17 12:55:00,24921.55,24933.65,24908.79,24916.91,3734
2025-02-17 13:00:00,24916.91,24953.75,24909.77,24950.71,4391
2025-02-17 13:05:00,24950.71,24954.04,24923.39,24928.77,4294
2025-02-17 13:10:00,24928.77,24947.02,24898.23,24920.93,3962
2025-02-17 13:15:00,24920.93,24942.35,24832.86,24837.77,3152
2025-02-17 13:20:00,24837.77,24873.83,24826.21,24850.13,3324
2025-02-17 13:25:00,24850.13,24883.21,24831.39,24844.45,1020
2025-02-17 13:30:00,24844.45,24853.5,24836.55,24844.76,3066
2025-02-17 13:35:00,24844.76,24851.51,24830.37,24849.53,1218
2025-02-17 13:40:00,24849.53,24859.59,24816.43,24825.3,4179
2025-02-17 13:45:00,24825.3,24895.65,24822.05,24871.88,2470
2025-02-17 13:50:00,24871.88,24876.41,24847.26,24851.79,3525
2025-02-17 13:55:00,24851.79,24907.38,24850.87,24895.92,1192
2025-02-17 14:00:00,24895.92,24900.7,24840.17,24845.59,3830
2025-02-17 14:05:00,24845.59,24896.49,24828.26,24886.65,4750
2025-02-17 14:10:00,24886.65,24908.52,24886.28,24893.42,3778
2025-02-17 14:15:00,24893.42,24918.52,24891.67,24917.89,4824
2025-02-17 14:20:00,24917.89,24953.93,24903.56,24947.29,4870
2025-02-17 14:25:00,24947.29,24957.06,24943.07,24952.63,3898
2025-02-17 14:30:00,24952.63,24979.91,24938.58,24944.13,2120
2025-02-17 14:35:00,24944.13,24947.11,24934.76,24942.23,1027
2025-02-17 14:40:00,24942.23,24966.31,24915.83,24917.56,2476
2025-02-17 14:45:00,24917.56,24922.5,24870.48,24870.91,2973
2025-02-17 14:50:00,24870.91,24881.36,24824.07,24833.42,2168
2025-02-17 14:55:00,24833.42,24869.41,24833.21,24860.31,2065
2025-02-17 15:00:00,24860.31,24905.44,24846.72,24902.96,2868
2025-02-17 15:05:00,24902.96,24917.19,24776.55,24791.09,4674
2025-02-17 15:10:00,24791.09,24811.16,24771.87,24804.39,1907
2025-02-17 15:15:00,24804.39,24816.31,24775.41,24777.51,4653
2025-02-17 15:20:00,24777.51,24807.44,24753.34,24791.02,1043
2025-02-17 15:25:00,24791.02,24799.63,24758.56,24775.68,1040
2025-02-18 09:15:00,24713.62,24714.02,24668.84,24693.61,3914
2025-02-18 09:20:00,24693.61,24708.35,24688.42,24706.62,3343
2025-02-18 09:25:00,24706.62,24726.38,24698.04,24723.26,4581
2025-02-18 09:30:00,24723.26,24735.36,24710.19,24733.75,4624
2025-02-18 09:35:00,24733.75,24760.94,24725.1,24752.63,4810
2025-02-18 09:40:00,24752.63,24767.02,24732.81,24749.11,3479
2025-02-18 09:45:00,24749.11,24756.94,24731.36,24735.4,1583
2025-02-18 09:50:00,24735.4,24821.16,24729.29,24803.02,2976
2025-02-18 09:55:00,24803.02,24813.17,24778.49,24785.43,4063
2025-02-18 10:00:00,24785.43,24802.8,24778.44,24801.0,3958
2025-02-18 10:05:00,24801.0,24830.25,24790.53,24810.94,4830
2025-02-18 10:10:00,24810.94,24820.81,24797.61,24800.0,1412
2025-02-18 10:15:00,24800.0,24811.73,24738.52,24738.71,3422
2025-02-18 10:20:00,24738.71,24784.57,24732.48,24764.15,4284
2025-02-18 10:25:00,24764.15,24773.31,24742.77,24749.71,3053
2025-02-18 10:30:00,24749.71,24757.74,24733.38,24738.2,4358
2025-02-18 10:35:00,24738.2,24751.99,24685.0,24698.63,1104
2025-02-18 10:40:00,24698.63,24701.67,24687.61,24698.6,1857
2025-02-18 10:45:00,24698.6,24713.57,24685.27,24707.68,3683
2025-02-18 10:50:00,24707.68,24708.04,24685.3,24705.63,4388
2025-02-18 10:55:00,24705.63,24716.03,24674.86,24707.5,3982
2025-02-18 11:00:00,24707.5,24716.15,24695.52,24707.81,4702
2025-02-18 11:05:00,24707.81,24721.79,24682.51,24706.87,1624
2025-02-18 11:10:00,24706.87,24707.62,24666.39,24676.12,4149
2025-02-18 11:15:00,24676.12,24693.63,24666.9,24683.9,2621
2025-02-18 11:20:00,24683.9,24689.69,24633.54,24662.48,1240
2025-02-18 11:25:00,24662.48,24670.21,24640.93,24650.82,4240
2025-02-18 11:30:00,24650.82,24656.72,24612.48,24623.05,2909
2025-02-18 11:35:00,24623.05,24647.67,24620.27,24640.93,1808
2025-02-18 11:40:00,24640.93,24690.82,24638.8,24664.94,3862
2025-02-18 11:45:00,24664.94,24696.78,24647.83,24679.39,4655
2025-02-18 11:50:00,24679.39,24683.68,24622.49,24622.81,4017
2025-02-18 11:55:00,24622.81,24628.23,24604.55,24627.3,3373
2025-02-18 12:00:00,24627.3,24630.86,24577.65,24609.15,3390
2025-02-18 12:05:00,24609.15,24628.98,24572.1,24583.13,1656
2025-02-18 12:10:00,24583.13,24656.84,24578.67,24653.73,4198
2025-02-18 12:15:00,24653.73,24667.23,24645.43,24648.67,4793
2025-02-18 12:20:00,24648.67,24666.7,24643.07,24662.28,1782
2025-02-18 12:25:00,24662.28,24664.33,24637.58,24643.25,3304
2025-02-18 12:30:00,24643.25,24662.85,24636.8,24660.24,3509
2025-02-18 12:35:00,24660.24,24665.98,24631.97,24639.45,4229
2025-02-18 12:40:00,24639.45,24720.7,24623.98,24700.56,2448
2025-02-18 12:45:00,24700.56,24715.71,24682.5,24707.66,3921
2025-02-18 12:50:00,24707.66,24757.61,24689.74,24750.61,1661
2025-02-18 12:55:00,24750.61,24825.11,24739.82,24812.73,4166
2025-02-18 13:00:00,24812.73,24825.15,24801.64,24824.92,1842
2025-02-18 13:05:00,24824.92,24852.27,24819.65,24850.23,2473
2025-02-18 13:10:00,24850.23,24881.34,24830.21,24880.55,1629
2025-02-18 13:15:00,24880.55,24902.82,24866.23,24878.07,1071
2025-02-18 13:20:00,24878.07,24885.08,24825.77,24827.29,1587
2025-02-18 13:25:00,24827.29,24868.4,24806.43,24862.89,1367
2025-02-18 13:30:00,24862.89,24903.59,24836.72,24885.57,1716
2025-02-18 13:35:00,24885.57,24948.9,24866.0,24945.04,4813
2025-02-18 13:40:00,24945.04,24978.21,24911.53,24967.28,3345
2025-02-18 13:45:00,24967.28,24994.67,24963.23,24992.0,4635
2025-02-18 13:50:00,24992.0,25010.0,24960.32,24969.52,4896
2025-02-18 13:55:00,24969.52,25003.7,24969.49,24994.83,2967
2025-02-18 14:00:00,24994.83,25017.98,24994.69,25011.57,1849
2025-02-18 14:05:00,25011.57,25018.57,24990.93,24997.78,4760
2025-02-18 14:10:00,24997.78,25039.85,24997.51,25033.75,2511
2025-02-18 14:15:00,25033.75,25053.16,25025.79,25040.05,2006
2025-02-18 14:20:00,25040.05,25082.37,25035.73,25069.74,3656
2025-02-18 14:25:00,25069.74,25096.22,25067.61,25092.1,2961
2025-02-18 14:30:00,25092.1,25139.06,25087.22,25118.02,3065
2025-02-18 14:35:00,25118.02,25141.48,25101.94,25129.53,2808
2025-02-18 14:40:00,25129.53,25155.77,25123.75,25146.76,1811
2025-02-18 14:45:00,25146.76,25168.33,25095.53,25110.57,2000
2025-02-18 14:50:00,25110.57,25133.47,25047.21,25061.03,4681
2025-02-18 14:55:00,25061.03,25111.87,25050.95,25108.94,2890
2025-02-18 15:00:00,25108.94,25145.49,25098.79,25135.3,3215
2025-02-18 15:05:00,25135.3,25181.18,25124.02,25170.23,2073
2025-02-18 15:10:00,25170.23,25174.53,25158.48,25164.35,4774
2025-02-18 15:15:00,25164.35,25191.81,25164.08,25188.44,4048
2025-02-18 15:20:00,25188.44,25200.34,25162.13,25171.13,2331
2025-02-18 15:25:00,25171.13,25187.05,25137.01,25159.13,1515
2025-02-19 09:15:00,25304.56,25313.18,25293.27,25310.25,3801
2025-02-19 09:20:00,25310.25,25317.4,25292.0,25307.63,3583
2025-02-19 09:25:00,25307.63,25316.82,25256.55,25266.38,1076
2025-02-19 09:30:00,25266.38,25279.09,25249.61,25258.81,3902
2025-02-19 09:35:00,25258.81,25267.27,25223.53,25231.44,1685
2025-02-19 09:40:00,25231.44,25306.57,25228.41,25276.38,1399
2025-02-19 09:45:00,25276.38,25333.16,25246.9,25330.02,2917
2025-02-19 09:50:00,25330.02,25355.95,25316.2,25346.95,2673
2025-02-19 09:55:00,25346.95,25349.73,25336.44,25345.22,1328
2025-02-19 10:00:00,25345.22,25353.92,25299.5,25324.68,1464
2025-02-19 10:05:00,25324.68,25332.21,25318.31,25324.24,1006
2025-02-19 10:10:00,25324.24,25354.93,25314.2,25344.3,4211
2025-02-19 10:15:00,25344.3,25347.37,25332.5,25346.52,1871
2025-02-19 10:20:00,25346.52,25384.89,25345.03,25378.1,1336
2025-02-19 10:25:00,25378.1,25451.9,25368.55,25431.05,4402
2025-02-19 10:30:00,25431.05,25465.22,25428.86,25458.49,1561
2025-02-19 10:35:00,25458.49,25472.88,25427.32,25431.72,4955
2025-02-19 10:40:00,25431.72,25447.99,25382.63,25390.51,1059
2025-02-19 10:45:00,25390.51,25441.27,25390.51,25438.05,2183
2025-02-19 10:50:00,25438.05,25440.16,25420.55,25433.58,3724
2025-02-19 10:55:00,25433.58,25497.01,25414.37,25488.54,4359
2025-02-19 11:00:00,25488.54,25489.45,25483.36,25486.35,4397
2025-02-19 11:05:00,25486.35,25503.96,25426.74,25428.67,3883
2025-02-19 11:10:00,25428.67,25431.05,25395.37,25409.47,4022
2025-02-19 11:15:00,25409.47,25418.72,25394.2,25404.14,3481
2025-02-19 11:20:00,25404.14,25415.41,25383.47,25391.6,3665
2025-02-19 11:25:00,25391.6,25435.61,25385.08,25425.86,1546
2025-02-19 11:30:00,25425.86,25426.04,25410.36,25412.49,1174
2025-02-19 11:35:00,25412.49,25413.46,25356.18,25368.97,1490
2025-02-19 11:40:00,25368.97,25421.02,25352.73,25416.86,4851
2025-02-19 11:45:00,25416.86,25426.52,25367.87,25380.36,2112
2025-02-19 11:50:00,25380.36,25393.8,25312.5,25332.3,2956
2025-02-19 11:55:00,25332.3,25336.32,25322.61,25331.15,4836
2025-02-19 12:00:00,25331.15,25349.53,25315.94,25319.61,2762
2025-02-19 12:05:00,25319.61,25337.65,25289.5,25300.02,3575
2025-02-19 12:10:00,25300.02,25330.71,25282.64,25310.07,3552
2025-02-19 12:15:00,25310.07,25316.07,25309.92,25313.52,2802
2025-02-19 12:20:00,25313.52,25349.26,25298.14,25327.48,3068
2025-02-19 12:25:00,25327.48,25371.93,25323.88,25360.01,2125
2025-02-19 12:30:00,25360.01,25393.39,25358.21,25382.6,2800
2025-02-19 12:35:00,25382.6,25389.43,25326.08,25327.35,4979
2025-02-19 12:40:00,25327.35,25329.86,25292.59,25307.94,1994
2025-02-19 12:45:00,25307.94,25325.66,25267.11,25283.85,4499
2025-02-19 12:50:00,25283.85,25286.74,25215.84,25226.15,4381
2025-02-19 12:55:00,25226.15,25312.92,25206.78,25292.06,2667
2025-02-19 13:00:00,25292.06,25333.87,25282.35,25316.7,1218
2025-02-19 13:05:00,25316.7,25318.9,25311.25,25312.4,1743
2025-02-19 13:10:00,25312.4,25320.76,25311.15,25320.71,4384
2025-02-19 13:15:00,25320.71,25370.46,25319.58,25365.69,1050
2025-02-19 13:20:00,25365.69,25370.97,25331.52,25343.43,2346
2025-02-19 13:25:00,25343.43,25344.9,25338.36,25340.27,1209
2025-02-19 13:30:00,25340.27,25359.34,25332.11,25351.65,1919
2025-02-19 13:35:00,25351.65,25364.43,25327.5,25331.28,1645
2025-02-19 13:40:00,25331.28,25351.83,25298.35,25312.48,4364
2025-02-19 13:45:00,25312.48,25316.19,25302.26,25311.41,1040
2025-02-19 13:50:00,25311.41,25336.49,25295.2,25305.35,1699
2025-02-19 13:55:00,25305.35,25305.66,25266.15,25271.93,1748
2025-02-19 14:00:00,25271.93,25302.93,25269.16,25302.66,3851
2025-02-19 14:05:00,25302.66,25302.67,25247.68,25248.57,4625
2025-02-19 14:10:00,25248.57,25252.15,25243.01,25250.21,4341
2025-02-19 14:15:00,25250.21,25254.43,25246.1,25249.29,1500
2025-02-19 14:20:00,25249.29,25251.7,25199.44,25211.31,3486
2025-02-19 14:25:00,25211.31,25226.59,25199.9,25217.33,3528
2025-02-19 14:30:00,25217.33,25249.49,25192.69,25239.72,2358
2025-02-19 14:35:00,25239.72,25246.75,25193.49,25203.39,1967
2025-02-19 14:40:00,25203.39,25213.57,25198.23,25208.08,1699
2025-02-19 14:45:00,25208.08,25212.4,25131.15,25155.89,3953
2025-02-19 14:50:00,25155.89,25157.46,25127.92,25132.93,4673
2025-02-19 14:55:00,25132.93,25150.36,25072.54,25080.97,3364
2025-02-19 15:00:00,25080.97,25089.38,25034.05,25063.8,3054
2025-02-19 15:05:00,25063.8,25087.68,25045.24,25080.52,3539
2025-02-19 15:10:00,25080.52,25082.39,25056.44,25061.34,3752
2025-02-19 15:15:00,25061.34,25066.59,24977.25,24980.59,3113
2025-02-19 15:20:00,24980.59,25040.42,24974.02,25029.26,4675
2025-02-19 15:25:00,25029.26,25080.94,25027.11,25062.62,1114
2025-02-20 09:15:00,24992.85,25005.42,24982.66,24994.68,4185
2025-02-20 09:20:00,24994.68,24997.81,24957.12,24958.67,2201
2025-02-20 09:25:00,24958.67,24962.71,24938.25,24962.22,3300
2025-02-20 09:30:00,24962.22,24970.3,24942.32,24948.28,3335
2025-02-20 09:35:00,24948.28,24949.92,24903.09,24908.53,1917
2025-02-20 09:40:00,24908.53,24933.01,24905.88,24928.8,4873
2025-02-20 09:45:00,24928.8,24929.33,24903.06,24904.14,2966
2025-02-20 09:50:00,24904.14,24953.01,24901.42,24918.43,3122
2025-02-20 09:55:00,24918.43,24918.97,24887.4,24898.31,4954
2025-02-20 10:00:00,24898.31,24911.73,24877.2,24885.66,3867
2025-02-20 10:05:00,24885.66,24892.54,24786.88,24814.32,1534
2025-02-20 10:10:00,24814.32,24816.28,24777.54,24789.1,4227
2025-02-20 10:15:00,24789.1,24831.04,24766.98,24829.8,1999
2025-02-20 10:20:00,24829.8,24837.02,24795.45,24827.59,3077
2025-02-20 10:25:00,24827.59,24879.5,24823.21,24865.03,2809
2025-02-20 10:30:00,24865.03,24871.06,24852.96,24852.96,3028
2025-02-20 10:35:00,24852.96,24854.53,24838.19,24842.65,3177
2025-02-20 10:40:00,24842.65,24880.55,24839.49,24877.92,1155
2025-02-20 10:45:00,24877.92,24881.21,24810.91,24840.99,4497
2025-02-20 10:50:00,24840.99,24842.78,24828.51,24841.96,3386
2025-02-20 10:55:00,24841.96,24845.16,24802.57,24835.55,3153
2025-02-20 11:00:00,24835.55,24866.16,24825.76,24858.81,4962
2025-02-20 11:05:00,24858.81,24860.41,24837.63,24839.73,2424
2025-02-20 11:10:00,24839.73,24849.04,24796.86,24803.52,4866
2025-02-20 11:15:00,24803.52,24806.13,24766.97,24778.89,4774
2025-02-20 11:20:00,24778.89,24830.44,24772.06,24796.83,3653
2025-02-20 11:25:00,24796.83,24804.55,24744.82,24750.68,2829
2025-02-20 11:30:00,24750.68,24755.23,24719.45,24736.65,3170
2025-02-20 11:35:00,24736.65,24739.01,24713.61,24713.91,1844
2025-02-20 11:40:00,24713.91,24720.94,24677.88,24698.6,3275
2025-02-20 11:45:00,24698.6,24707.85,24643.02,24657.17,3772
2025-02-20 11:50:00,24657.17,24661.73,24634.63,24649.52,4105
2025-02-20 11:55:00,24649.52,24673.69,24628.71,24666.54,3768
2025-02-20 12:00:00,24666.54,24724.78,24644.21,24704.29,3843
2025-02-20 12:05:00,24704.29,24706.45,24664.75,24673.09,4921
2025-02-20 12:10:00,24673.09,24681.92,24595.76,24598.67,3743
2025-02-20 12:15:00,24598.67,24600.66,24544.06,24560.27,4873
2025-02-20 12:20:00,24560.27,24569.8,24546.08,24548.76,3659
2025-02-20 12:25:00,24548.76,24555.88,24544.55,24545.75,4775
2025-02-20 12:30:00,24545.75,24559.12,24512.63,24514.1,2321
2025-02-20 12:35:00,24514.1,24528.83,24506.68,24516.64,2813
2025-02-20 12:40:00,24516.64,24535.91,24485.81,24489.34,4045
2025-02-20 12:45:00,24489.34,24558.11,24480.18,24548.08,2741
2025-02-20 12:50:00,24548.08,24563.18,24516.09,24559.03,4175
2025-02-20 12:55:00,24559.03,24567.86,24527.83,24540.65,3114
2025-02-20 13:00:00,24540.65,24554.3,24513.23,24525.6,4661
2025-02-20 13:05:00,24525.6,24531.24,24490.03,24502.4,3359
2025-02-20 13:10:00,24502.4,24585.29,24480.13,24577.3,4793
2025-02-20 13:15:00,24577.3,24592.8,24571.41,24590.88,1005
2025-02-20 13:20:00,24590.88,24609.3,24528.48,24540.65,4335
2025-02-20 13:25:00,24540.65,24549.81,24515.38,24528.77,3624
2025-02-20 13:30:00,24528.77,24560.69,24517.42,24554.2,1953
2025-02-20 13:35:00,24554.2,24607.36,24552.31,24573.91,4703
2025-02-20 13:40:00,24573.91,24584.91,24545.36,24549.04,2931
2025-02-20 13:45:00,24549.04,24550.29,24523.9,24532.96,4255
2025-02-20 13:50:00,24532.96,24570.27,24527.18,24568.49,3641
2025-02-20 13:55:00,24568.49,24570.22,24536.19,24542.66,1152
2025-02-20 14:00:00,24542.66,24557.29,24541.26,24554.7,4346
2025-02-20 14:05:00,24554.7,24571.42,24551.31,24556.84,1490
2025-02-20 14:10:00,24556.84,24561.29,24548.56,24559.84,3333
2025-02-20 14:15:00,24559.84,24573.68,24499.97,24507.56,3339
2025-02-20 14:20:00,24507.56,24514.15,24474.27,24498.91,2699
2025-02-20 14:25:00,24498.91,24533.72,24481.1,24515.51,1883
2025-02-20 14:30:00,24515.51,24518.02,24481.74,24487.86,4548
2025-02-20 14:35:00,24487.86,24492.03,24479.38,24479.97,2975
2025-02-20 14:40:00,24479.97,24482.72,24467.44,24468.92,4871
2025-02-20 14:45:00,24468.92,24485.46,24432.38,24444.64,3541
2025-02-20 14:50:00,24444.64,24474.86,24440.13,24461.25,1264
2025-02-20 14:55:00,24461.25,24478.27,24458.11,24463.36,3430
2025-02-20 15:00:00,24463.36,24476.03,24438.57,24453.82,2483
2025-02-20 15:05:00,24453.82,24496.11,24449.94,24483.97,2116
2025-02-20 15:10:00,24483.97,24520.33,24470.35,24499.09,3370
2025-02-20 15:15:00,24499.09,24526.86,24484.32,24525.6,3527
2025-02-20 15:20:00,24525.6,24547.83,24517.86,24532.1,2347
2025-02-20 15:25:00,24532.1,24547.78,24528.01,24546.61,2477
2025-02-21 09:15:00,24675.67,24676.16,24607.2,24632.03,1133
2025-02-21 09:20:00,24632.03,24659.04,24621.44,24650.87,3896
2025-02-21 09:25:00,24650.87,24681.92,24649.66,24673.58,1527
2025-02-21 09:30:00,24673.58,24684.23,24639.98,24649.4,1590
2025-02-21 09:35:00,24649.4,24688.49,24632.09,24684.7,2632
2025-02-21 09:40:00,24684.7,24694.79,24673.63,24694.19,1198
2025-02-21 09:45:00,24694.19,24733.73,24685.17,24729.41,3591
2025-02-21 09:50:00,24729.41,24729.86,24702.46,24720.95,3182
2025-02-21 09:55:00,24720.95,24733.44,24694.06,24701.58,3209
2025-02-21 10:00:00,24701.58,24704.68,24670.01,24677.14,1352
2025-02-21 10:05:00,24677.14,24709.39,24668.1,24695.6,2622
2025-02-21 10:10:00,24695.6,24704.68,24645.67,24650.57,1618
2025-02-21 10:15:00,24650.57,24695.4,24644.58,24668.02,3797
2025-02-21 10:20:00,24668.02,24686.26,24649.64,24675.82,2152
2025-02-21 10:25:00,24675.82,24712.28,24639.79,24697.92,3553
2025-02-21 10:30:00,24697.92,24755.15,24689.35,24743.4,4820
2025-02-21 10:35:00,24743.4,24780.89,24723.77,24771.02,1380
2025-02-21 10:40:00,24771.02,24787.7,24749.76,24765.25,4714
2025-02-21 10:45:00,24765.25,24784.86,24710.95,24740.85,4376
2025-02-21 10:50:00,24740.85,24761.69,24735.8,24756.48,3617
2025-02-21 10:55:00,24756.48,24773.98,24727.09,24740.12,2749
2025-02-21 11:00:00,24740.12,24761.4,24711.95,24723.23,4141
2025-02-21 11:05:00,24723.23,24728.6,24680.73,24688.03,2158
2025-02-21 11:10:00,24688.03,24710.52,24677.19,24709.33,3325
2025-02-21 11:15:00,24709.33,24720.54,24671.93,24690.42,1562
2025-02-21 11:20:00,24690.42,24709.74,24679.13,24696.97,1697
2025-02-21 11:25:00,24696.97,24701.43,24695.32,24699.64,3693
2025-02-21 11:30:00,24699.64,24707.81,24688.61,24692.34,4941
2025-02-21 11:35:00,24692.34,24698.3,24641.78,24644.41,1218
2025-02-21 11:40:00,24644.41,24654.54,24577.87,24593.24,2362
2025-02-21 11:45:00,24593.24,24604.06,24574.7,24579.49,3225
2025-02-21 11:50:00,24579.49,24624.96,24568.99,24617.94,2355
2025-02-21 11:55:00,24617.94,24653.44,24605.22,24650.44,4014
2025-02-21 12:00:00,24650.44,24654.73,24633.52,24640.81,1687
2025-02-21 12:05:00,24640.81,24645.5,24583.49,24592.47,3306
2025-02-21 12:10:00,24592.47,24620.34,24579.35,24614.2,3930
2025-02-21 12:15:00,24614.2,24698.67,24597.57,24697.99,1690
2025-02-21 12:20:00,24697.99,24714.78,24637.29,24637.97,3078
2025-02-21 12:25:00,24637.97,24649.76,24630.16,24643.5,2355
2025-02-21 12:30:00,24643.5,24660.57,24638.47,24655.69,1493
2025-02-21 12:35:00,24655.69,24665.52,24633.55,24641.19,2852
2025-02-21 12:40:00,24641.19,24650.42,24627.78,24649.11,1482
2025-02-21 12:45:00,24649.11,24656.39,24622.88,24656.02,2560
2025-02-21 12:50:00,24656.02,24664.38,24652.2,24662.86,2129
2025-02-21 12:55:00,24662.86,24746.27,24657.33,24725.64,1007
2025-02-21 13:00:00,24725.64,24776.71,24717.03,24764.57,2416
2025-02-21 13:05:00,24764.57,24794.0,24754.05,24786.05,3870
2025-02-21 13:10:00,24786.05,24802.32,24769.12,24775.21,3771
2025-02-21 13:15:00,24775.21,24790.18,24746.88,24754.33,4419
2025-02-21 13:20:00,24754.33,24754.64,24728.47,24738.68,1782
2025-02-21 13:25:00,24738.68,24739.08,24726.67,24736.29,1003
2025-02-21 13:30:00,24736.29,24764.05,24722.6,24762.62,4606
2025-02-21 13:35:00,24762.62,24788.14,24710.7,24711.3,4630
2025-02-21 13:40:00,24711.3,24746.87,24706.37,24739.95,2108
2025-02-21 13:45:00,24739.95,24743.72,24713.47,24721.88,3895
2025-02-21 13:50:00,24721.88,24746.21,24705.58,24730.64,2847
2025-02-21 13:55:00,24730.64,24745.07,24719.01,24720.38,3775
2025-02-21 14:00:00,24720.38,24726.76,24685.73,24709.32,2581
2025-02-21 14:05:00,24709.32,24723.89,24707.86,24713.91,4346
2025-02-21 14:10:00,24713.91,24717.56,24671.02,24682.89,3176
2025-02-21 14:15:00,24682.89,24772.01,24680.65,24754.6,1237
2025-02-21 14:20:00,24754.6,24760.49,24753.53,24759.83,1208
2025-02-21 14:25:00,24759.83,24763.48,24758.78,24763.02,3453
2025-02-21 14:30:00,24763.02,24768.71,24749.57,24768.7,3201
2025-02-21 14:35:00,24768.7,24776.18,24739.15,24757.9,3972
2025-02-21 14:40:00,24757.9,24824.96,24731.8,24791.53,4132
2025-02-21 14:45:00,24791.53,24797.97,24757.13,24788.93,1577
2025-02-21 14:50:00,24788.93,24817.54,24775.15,24797.76,2421
2025-02-21 14:55:00,24797.76,24816.48,24770.11,24789.08,2865
2025-02-21 15:00:00,24789.08,24797.31,24731.62,24756.03,1828
2025-02-21 15:05:00,24756.03,24774.76,24740.66,24751.3,3987
2025-02-21 15:10:00,24751.3,24756.55,24746.79,24747.68,3548
2025-02-21 15:15:00,24747.68,24758.12,24705.43,24728.28,3139
2025-02-21 15:20:00,24728.28,24729.77,24717.53,24723.06,1912
2025-02-21 15:25:00,24723.06,24750.07,24709.0,24732.53,2718
2025-02-24 09:15:00,24764.37,24766.13,24750.87,24759.3,3567
2025-02-24 09:20:00,24759.3,24760.15,24731.45,24741.34,2598
2025-02-24 09:25:00,24741.34,24760.76,24729.21,24729.27,3938
2025-02-24 09:30:00,24729.27,24739.61,24727.61,24738.99,2034
2025-02-24 09:35:00,24738.99,24746.64,24698.85,24715.91,2246
2025-02-24 09:40:00,24715.91,24718.83,24709.31,24714.38,2733
2025-02-24 09:45:00,24714.38,24732.73,24701.94,24727.65,1672
2025-02-24 09:50:00,24727.65,24769.77,24727.44,24762.62,1188
2025-02-24 09:55:00,24762.62,24783.47,24753.24,24775.22,2207
2025-02-24 10:00:00,24775.22,24778.86,24743.77,24762.4,2600
2025-02-24 10:05:00,24762.4,24771.47,24713.06,24719.42,2423
2025-02-24 10:10:00,24719.42,24742.14,24705.0,24732.34,1448
2025-02-24 10:15:00,24732.34,24742.13,24702.33,24719.04,2384
2025-02-24 10:20:00,24719.04,24743.14,24708.86,24731.99,3373
2025-02-24 10:25:00,24731.99,24737.15,24722.88,24734.94,4388
2025-02-24 10:30:00,24734.94,24771.83,24733.18,24764.56,1812
2025-02-24 10:35:00,24764.56,24773.59,24731.17,24752.34,2336
2025-02-24 10:40:00,24752.34,24766.55,24741.0,24748.82,3806
2025-02-24 10:45:00,24748.82,24757.87,24741.64,24749.93,2113
2025-02-24 10:50:00,24749.93,24750.39,24716.58,24729.61,4673
2025-02-24 10:55:00,24729.61,24742.29,24704.53,24724.62,3363
2025-02-24 11:00:00,24724.62,24763.77,24723.35,24763.46,2699
2025-02-24 11:05:00,24763.46,24768.99,24731.83,24763.61,1173
2025-02-24 11:10:00,24763.61,24818.98,24756.78,24807.86,2370
2025-02-24 11:15:00,24807.86,24808.84,24790.81,24791.38,3611
2025-02-24 11:20:00,24791.38,24807.68,24755.77,24777.06,2322
2025-02-24 11:25:00,24777.06,24808.94,24767.96,24796.99,2904
2025-02-24 11:30:00,24796.99,24819.56,24790.08,24804.45,3784
2025-02-24 11:35:00,24804.45,24806.75,24739.77,24750.98,2696
2025-02-24 11:40:00,24750.98,24768.02,24743.14,24749.42,2544
2025-02-24 11:45:00,24749.42,24759.33,24731.78,24739.18,4493
2025-02-24 11:50:00,24739.18,24776.84,24732.52,24771.28,3005
2025-02-24 11:55:00,24771.28,24788.96,24752.01,24781.5,2708
2025-02-24 12:00:00,24781.5,24814.93,24780.57,24800.18,2591
2025-02-24 12:05:00,24800.18,24824.44,24794.31,24822.14,4135
2025-02-24 12:10:00,24822.14,24825.05,24782.33,24787.84,2731
2025-02-24 12:15:00,24787.84,24809.92,24770.48,24780.32,4540
2025-02-24 12:20:00,24780.32,24791.18,24729.32,24737.91,2045
2025-02-24 12:25:00,24737.91,24757.26,24725.2,24731.96,3495
2025-02-24 12:30:00,24731.96,24742.37,24710.69,24723.79,3854
2025-02-24 12:35:00,24723.79,24730.54,24696.84,24704.76,4140
2025-02-24 12:40:00,24704.76,24715.41,24682.04,24688.18,2178
2025-02-24 12:45:00,24688.18,24689.73,24677.0,24681.84,2978
2025-02-24 12:50:00,24681.84,24710.1,24680.27,24698.1,2340
2025-02-24 12:55:00,24698.1,24742.65,24692.73,24731.92,1182
2025-02-24 13:00:00,24731.92,24740.75,24715.64,24715.97,3498
2025-02-24 13:05:00,24715.97,24743.73,24714.2,24740.85,4531
2025-02-24 13:10:00,24740.85,24762.22,24725.05,24732.06,2977
2025-02-24 13:15:00,24732.06,24733.36,24720.61,24728.09,2877
2025-02-24 13:20:00,24728.09,24777.48,24720.16,24776.48,1010
2025-02-24 13:25:00,24776.48,24813.87,24773.37,24796.96,2012
2025-02-24 13:30:00,24796.96,24806.35,24754.33,24760.07,1202
2025-02-24 13:35:00,24760.07,24796.82,24754.86,24779.91,3840
2025-02-24 13:40:00,24779.91,24804.26,24779.08,24797.44,4029
2025-02-24 13:45:00,24797.44,24829.54,24771.68,24827.06,2260
2025-02-24 13:50:00,24827.06,24897.37,24817.67,24887.31,1620
2025-02-24 13:55:00,24887.31,24943.07,24882.97,24930.5,4950
2025-02-24 14:00:00,24930.5,24937.45,24861.9,24863.72,1772
2025-02-24 14:05:00,24863.72,24903.86,24860.46,24882.32,4989
2025-02-24 14:10:00,24882.32,24890.55,24858.17,24867.38,2643
2025-02-24 14:15:00,24867.38,24898.38,24862.74,24896.92,3979
2025-02-24 14:20:00,24896.92,24903.79,24846.46,24848.7,1945
2025-02-24 14:25:00,24848.7,24886.98,24837.37,24885.47,3105
2025-02-24 14:30:00,24885.47,24904.99,24842.68,24847.92,3790
2025-02-24 14:35:00,24847.92,24866.36,24839.02,24845.11,4581
2025-02-24 14:40:00,24845.11,24901.51,24819.08,24892.17,1277
2025-02-24 14:45:00,24892.17,24927.39,24890.61,24921.62,1859
2025-02-24 14:50:00,24921.62,24925.24,24879.5,24895.81,4824
2025-02-24 14:55:00,24895.81,24930.02,24882.17,24910.1,4352
2025-02-24 15:00:00,24910.1,24948.52,24909.85,24931.85,3560
2025-02-24 15:05:00,24931.85,24939.08,24897.84,24915.82,1391
2025-02-24 15:10:00,24915.82,24924.51,24882.62,24916.11,3041
2025-02-24 15:15:00,24916.11,24941.27,24899.7,24935.71,1891
2025-02-24 15:20:00,24935.71,24953.28,24930.55,24951.99,1234
2025-02-24 15:25:00,24951.99,24985.39,24951.35,24983.11,1685
2025-02-25 09:15:00,24962.46,24969.46,24941.07,24941.18,4039
2025-02-25 09:20:00,24941.18,24956.89,24938.64,24940.06,1484
2025-02-25 09:25:00,24940.06,24944.05,24911.05,24921.52,4666
2025-02-25 09:30:00,24921.52,24977.1,24921.21,24969.64,1830
2025-02-25 09:35:00,24969.64,24982.11,24951.39,24980.71,4935
2025-02-25 09:40:00,24980.71,24991.99,24976.16,24981.45,4416
2025-02-25 09:45:00,24981.45,24989.39,24936.21,24943.63,3447
2025-02-25 09:50:00,24943.63,24967.67,24898.43,24904.82,3052
2025-02-25 09:55:00,24904.82,24954.95,24899.4,24918.34,4926
2025-02-25 10:00:00,24918.34,24960.18,24910.66,24954.89,1377
2025-02-25 10:05:00,24954.89,24975.37,24951.93,24966.26,3612
2025-02-25 10:10:00,24966.26,24975.07,24954.97,24970.9,4553
2025-02-25 10:15:00,24970.9,24977.5,24942.71,24949.16,3759
2025-02-25 10:20:00,24949.16,24995.6,24944.07,24977.81,4034
2025-02-25 10:25:00,24977.81,25010.74,24977.61,25006.75,3871
2025-02-25 10:30:00,25006.75,25011.21,25006.37,25006.79,3859
2025-02-25 10:35:00,25006.79,25038.52,25006.74,25037.9,4066
2025-02-25 10:40:00,25037.9,25049.96,25035.8,25043.79,3225
2025-02-25 10:45:00,25043.79,25076.38,25043.37,25064.82,2953
2025-02-25 10:50:00,25064.82,25065.51,25063.15,25064.92,2127
2025-02-25 10:55:00,25064.92,25075.88,25048.74,25063.25,3355
2025-02-25 11:00:00,25063.25,25077.97,25044.27,25055.85,3822
2025-02-25 11:05:00,25055.85,25066.82,25054.29,25055.88,3100
2025-02-25 11:10:00,25055.88,25074.83,25049.62,25057.08,4663
2025-02-25 11:15:00,25057.08,25073.38,25043.09,25046.67,2600
2025-02-25 11:20:00,25046.67,25098.72,25033.46,25080.45,3698
2025-02-25 11:25:00,25080.45,25088.61,25025.22,25037.83,3216
2025-02-25 11:30:00,25037.83,25087.13,25034.73,25062.54,1494
2025-02-25 11:35:00,25062.54,25064.64,25047.07,25059.23,2367
2025-02-25 11:40:00,25059.23,25074.17,25008.26,25029.68,2644
2025-02-25 11:45:00,25029.68,25031.1,25011.73,25011.76,3300
2025-02-25 11:50:00,25011.76,25018.43,24947.74,24958.71,4698
2025-02-25 11:55:00,24958.71,25046.18,24946.62,25041.1,1818
2025-02-25 12:00:00,25041.1,25100.67,25019.94,25098.32,1427
2025-02-25 12:05:00,25098.32,25154.87,25094.69,25137.45,1085
2025-02-25 12:10:00,25137.45,25155.78,25123.93,25154.35,2406
2025-02-25 12:15:00,25154.35,25206.03,25148.88,25191.56,2852
2025-02-25 12:20:00,25191.56,25213.28,25180.72,25206.76,4877
2025-02-25 12:25:00,25206.76,25219.21,25187.87,25209.21,2994
2025-02-25 12:30:00,25209.21,25216.22,25191.57,25203.96,4366
2025-02-25 12:35:00,25203.96,25215.69,25198.68,25199.92,3173
2025-02-25 12:40:00,25199.92,25237.82,25170.08,25236.81,2151
2025-02-25 12:45:00,25236.81,25249.46,25215.44,25232.28,1671
2025-02-25 12:50:00,25232.28,25269.76,25230.44,25246.67,1173
2025-02-25 12:55:00,25246.67,25283.35,25232.15,25278.25,1470
2025-02-25 13:00:00,25278.25,25308.83,25254.36,25290.18,2755
2025-02-25 13:05:00,25290.18,25318.29,25277.96,25305.63,2525
2025-02-25 13:10:00,25305.63,25331.93,25299.79,25324.68,4889
2025-02-25 13:15:00,25324.68,25331.69,25300.59,25315.16,1834
2025-02-25 13:20:00,25315.16,25352.66,25301.75,25351.53,2959
2025-02-25 13:25:00,25351.53,25369.61,25347.93,25362.89,3160
2025-02-25 13:30:00,25362.89,25406.83,25357.58,25389.81,4942
2025-02-25 13:35:00,25389.81,25413.78,25330.65,25339.72,3980
2025-02-25 13:40:00,25339.72,25371.42,25327.4,25353.62,4840
2025-02-25 13:45:00,25353.62,25370.21,25346.44,25368.78,1551
2025-02-25 13:50:00,25368.78,25369.06,25331.88,25346.82,3881
2025-02-25 13:55:00,25346.82,25376.95,25335.62,25370.29,2376
2025-02-25 14:00:00,25370.29,25383.32,25301.39,25318.45,3467
2025-02-25 14:05:00,25318.45,25331.24,25305.51,25313.13,3492
2025-02-25 14:10:00,25313.13,25353.81,25304.04,25342.42,4840
2025-02-25 14:15:00,25342.42,25346.12,25313.57,25329.43,2881
2025-02-25 14:20:00,25329.43,25355.32,25293.12,25304.16,1456
2025-02-25 14:25:00,25304.16,25320.71,25283.25,25302.08,4532
2025-02-25 14:30:00,25302.08,25372.32,25288.49,25329.44,3948
2025-02-25 14:35:00,25329.44,25336.78,25305.69,25320.26,1299
2025-02-25 14:40:00,25320.26,25336.1,25270.65,25302.52,4089
2025-02-25 14:45:00,25302.52,25366.99,25284.5,25338.28,1534
2025-02-25 14:50:00,25338.28,25372.01,25337.77,25363.48,3199
2025-02-25 14:55:00,25363.48,25381.12,25321.7,25324.79,1455
2025-02-25 15:00:00,25324.79,25338.44,25305.87,25307.29,1412
2025-02-25 15:05:00,25307.29,25325.52,25272.81,25286.4,2940
2025-02-25 15:10:00,25286.4,25309.33,25274.37,25290.32,1517
2025-02-25 15:15:00,25290.32,25295.98,25254.04,25277.91,4551
2025-02-25 15:20:00,25277.91,25283.44,25236.96,25241.41,2229
2025-02-25 15:25:00,25241.41,25248.36,25175.16,25204.76,1575
2025-02-26 09:15:00,25136.8,25144.41,25065.39,25087.38,4446
2025-02-26 09:20:00,25087.38,25117.81,25058.76,25062.66,1070
2025-02-26 09:25:00,25062.66,25074.91,25048.71,25054.69,1836
2025-02-26 09:30:00,25054.69,25056.82,24997.65,25017.77,3252
2025-02-26 09:35:00,25017.77,25073.06,25001.96,25043.3,1788
2025-02-26 09:40:00,25043.3,25058.69,25033.53,25037.55,2711
2025-02-26 09:45:00,25037.55,25046.15,25007.57,25022.53,3528
2025-02-26 09:50:00,25022.53,25032.81,25013.58,25030.44,3956
2025-02-26 09:55:00,25030.44,25039.51,24995.84,24998.72,2916
2025-02-26 10:00:00,24998.72,25014.5,24989.82,25000.86,4299
2025-02-26 10:05:00,25000.86,25001.59,24991.31,24996.05,4857
2025-02-26 10:10:00,24996.05,24998.56,24968.56,24972.76,4440
2025-02-26 10:15:00,24972.76,25018.51,24961.37,25014.0,2675
2025-02-26 10:20:00,25014.0,25020.96,24975.27,24980.7,1719
2025-02-26 10:25:00,24980.7,24999.34,24964.29,24971.61,3765
2025-02-26 10:30:00,24971.61,24991.56,24928.0,24935.14,2898
2025-02-26 10:35:00,24935.14,24979.4,24925.03,24967.53,1503
2025-02-26 10:40:00,24967.53,24982.91,24938.12,24946.34,4091
2025-02-26 10:45:00,24946.34,24992.51,24944.15,24981.82,2068
2025-02-26 10:50:00,24981.82,25020.11,24962.6,25012.48,2801
2025-02-26 10:55:00,25012.48,25018.01,24968.46,24975.08,3434
2025-02-26 11:00:00,24975.08,24998.66,24965.87,24985.96,3476
2025-02-26 11:05:00,24985.96,25011.67,24979.85,25003.94,3686
2025-02-26 11:10:00,25003.94,25009.55,24964.19,24972.53,3265
2025-02-26 11:15:00,24972.53,25034.14,24960.45,25011.77,3001
2025-02-26 11:20:00,25011.77,25024.27,24997.12,24998.8,4042
2025-02-26 11:25:00,24998.8,25015.73,24975.27,24981.04,4443
2025-02-26 11:30:00,24981.04,24986.85,24979.91,24980.45,4048
2025-02-26 11:35:00,24980.45,24983.31,24959.65,24981.96,4694
2025-02-26 11:40:00,24981.96,25051.06,24964.58,25032.72,4863
2025-02-26 11:45:00,25032.72,25032.79,25030.04,25032.6,4995
2025-02-26 11:50:00,25032.6,25049.75,25017.19,25022.49,4928
2025-02-26 11:55:00,25022.49,25051.23,25018.76,25039.92,3946
2025-02-26 12:00:00,25039.92,25067.23,25019.32,25054.58,2676
2025-02-26 12:05:00,25054.58,25064.46,25026.22,25044.93,4188
2025-02-26 12:10:00,25044.93,25048.47,25039.74,25043.35,4938
2025-02-26 12:15:00,25043.35,25044.59,24989.68,25011.26,2459
2025-02-26 12:20:00,25011.26,25030.1,24987.15,24993.11,2945
2025-02-26 12:25:00,24993.11,25062.65,24990.9,25059.55,1158
2025-02-26 12:30:00,25059.55,25079.06,25053.1,25058.54,4440
2025-02-26 12:35:00,25058.54,25067.51,24973.09,24987.53,2155
2025-02-26 12:40:00,24987.53,24993.09,24904.66,24933.47,4831
2025-02-26 12:45:00,24933.47,24940.59,24874.67,24886.73,1507
2025-02-26 12:50:00,24886.73,24916.21,24851.94,24915.96,3109
2025-02-26 12:55:00,24915.96,24916.53,24885.85,24899.22,4872
2025-02-26 13:00:00,24899.22,24912.11,24853.35,24856.35,2316
2025-02-26 13:05:00,24856.35,24857.07,24814.37,24832.14,1823
2025-02-26 13:10:00,24832.14,24855.88,24818.18,24853.0,1517
2025-02-26 13:15:00,24853.0,24859.49,24768.24,24776.19,3114
2025-02-26 13:20:00,24776.19,24778.03,24747.56,24749.75,3503
2025-02-26 13:25:00,24749.75,24808.46,24736.33,24804.26,4112
2025-02-26 13:30:00,24804.26,24845.37,24802.74,24840.69,3853
2025-02-26 13:35:00,24840.69,24840.83,24832.5,24837.85,4311
2025-02-26 13:40:00,24837.85,24839.01,24819.43,24837.18,4351
2025-02-26 13:45:00,24837.18,24866.79,24816.9,24852.62,1816
2025-02-26 13:50:00,24852.62,24906.23,24836.43,24896.62,2103
2025-02-26 13:55:00,24896.62,24909.45,24879.06,24880.01,4323
2025-02-26 14:00:00,24880.01,24902.99,24843.18,24900.72,2131
2025-02-26 14:05:00,24900.72,24911.83,24898.87,24909.3,2382
2025-02-26 14:10:00,24909.3,24918.64,24899.03,24915.74,3463
2025-02-26 14:15:00,24915.74,24917.06,24895.13,24904.23,3914
2025-02-26 14:20:00,24904.23,24915.05,24836.46,24853.32,4610
2025-02-26 14:25:00,24853.32,24897.96,24842.62,24897.67,4158
2025-02-26 14:30:00,24897.67,24915.82,24890.73,24904.6,4501
2025-02-26 14:35:00,24904.6,24917.02,24886.37,24913.86,1451
2025-02-26 14:40:00,24913.86,24917.9,24907.48,24912.17,2760
2025-02-26 14:45:00,24912.17,24947.53,24899.03,24934.78,1257
2025-02-26 14:50:00,24934.78,24945.79,24910.81,24914.01,4612
2025-02-26 14:55:00,24914.01,24921.15,24898.13,24915.28,3049
2025-02-26 15:00:00,24915.28,24931.58,24893.31,24914.69,3052
2025-02-26 15:05:00,24914.69,24963.03,24896.77,24952.59,2270
2025-02-26 15:10:00,24952.59,24956.96,24935.42,24953.43,2603
2025-02-26 15:15:00,24953.43,25009.48,24951.53,24991.02,4641
2025-02-26 15:20:00,24991.02,25050.99,24988.86,25032.56,3023
2025-02-26 15:25:00,25032.56,25036.81,24955.64,24961.01,2305
2025-02-27 09:15:00,25006.16,25025.27,24994.66,25024.47,3990
2025-02-27 09:20:00,25024.47,25034.02,24994.95,24999.7,4447
2025-02-27 09:25:00,24999.7,25024.09,24980.76,25007.74,3011
2025-02-27 09:30:00,25007.74,25008.2,24989.24,24992.22,3900
2025-02-27 09:35:00,24992.22,24993.65,24985.47,24990.28,1562
2025-02-27 09:40:00,24990.28,25010.68,24933.81,24958.31,1861
2025-02-27 09:45:00,24958.31,24992.19,24945.21,24987.89,4576
2025-02-27 09:50:00,24987.89,25000.56,24953.61,24958.01,1627
2025-02-27 09:55:00,24958.01,24960.24,24918.12,24925.54,1178
2025-02-27 10:00:00,24925.54,24938.88,24922.02,24931.73,3059
2025-02-27 10:05:00,24931.73,24936.53,24918.55,24922.2,4402
2025-02-27 10:10:00,24922.2,24948.26,24917.03,24936.98,1240
2025-02-27 10:15:00,24936.98,24955.66,24910.53,24913.89,3740
2025-02-27 10:20:00,24913.89,24942.95,24913.35,24937.24,3226
2025-02-27 10:25:00,24937.24,25010.42,24936.14,24993.75,2509
2025-02-27 10:30:00,24993.75,25019.22,24975.64,25018.66,2065
2025-02-27 10:35:00,25018.66,25022.39,25012.57,25018.49,2652
2025-02-27 10:40:00,25018.49,25052.64,25000.19,25041.15,4169
2025-02-27 10:45:00,25041.15,25048.13,24991.5,25014.96,2481
2025-02-27 10:50:00,25014.96,25052.5,25011.68,25051.92,4014
2025-02-27 10:55:00,25051.92,25052.82,25012.72,25042.65,3761
2025-02-27 11:00:00,25042.65,25044.93,25034.03,25042.17,1944
2025-02-27 11:05:00,25042.17,25076.84,25036.41,25053.15,4058
2025-02-27 11:10:00,25053.15,25054.99,25029.61,25030.2,2914
2025-02-27 11:15:00,25030.2,25035.61,25027.85,25031.88,1719
2025-02-27 11:20:00,25031.88,25044.17,25015.22,25033.16,2198
2025-02-27 11:25:00,25033.16,25062.46,25017.02,25047.35,4006
2025-02-27 11:30:00,25047.35,25048.37,25016.22,25029.5,2721
2025-02-27 11:35:00,25029.5,25031.01,25000.84,25022.4,3889
2025-02-27 11:40:00,25022.4,25025.81,24999.2,25009.27,3559
2025-02-27 11:45:00,25009.27,25057.47,25003.99,25055.96,4392
2025-02-27 11:50:00,25055.96,25075.04,25023.4,25040.59,2939
2025-02-27 11:55:00,25040.59,25053.39,25039.9,25048.25,3194
2025-02-27 12:00:00,25048.25,25062.28,25039.62,25057.05,1543
2025-02-27 12:05:00,25057.05,25094.52,25051.17,25087.99,1041
2025-02-27 12:10:00,25087.99,25126.99,25083.21,25119.64,3361
2025-02-27 12:15:00,25119.64,25122.52,25100.71,25107.05,4972
2025-02-27 12:20:00,25107.05,25118.85,25069.07,25080.47,3114
2025-02-27 12:25:00,25080.47,25127.39,25058.37,25115.1,3127
2025-02-27 12:30:00,25115.1,25121.72,25107.62,25118.18,2910
2025-02-27 12:35:00,25118.18,25118.81,25088.35,25093.57,3390
2025-02-27 12:40:00,25093.57,25095.56,25032.36,25044.01,2499
2025-02-27 12:45:00,25044.01,25054.32,25027.71,25034.07,2027
2025-02-27 12:50:00,25034.07,25034.85,24981.34,24993.5,4431
2025-02-27 12:55:00,24993.5,25008.58,24980.6,24996.39,3852
2025-02-27 13:00:00,24996.39,25005.14,24978.14,24995.5,2997
2025-02-27 13:05:00,24995.5,24998.4,24907.19,24908.34,1230
2025-02-27 13:10:00,24908.34,24936.21,24907.41,24933.76,4924
2025-02-27 13:15:00,24933.76,24948.47,24925.59,24941.66,4950
2025-02-27 13:20:00,24941.66,24953.77,24894.57,24904.76,3996
2025-02-27 13:25:00,24904.76,24909.24,24894.64,24899.77,1824
2025-02-27 13:30:00,24899.77,24961.45,24890.06,24942.3,4710
2025-02-27 13:35:00,24942.3,24958.64,24929.36,24934.92,3546
2025-02-27 13:40:00,24934.92,24989.37,24928.85,24986.55,4204
2025-02-27 13:45:00,24986.55,25010.98,24950.42,24953.54,2099
2025-02-27 13:50:00,24953.54,24969.38,24933.03,24945.49,2296
2025-02-27 13:55:00,24945.49,24951.32,24890.49,24901.61,4892
2025-02-27 14:00:00,24901.61,24938.49,24899.57,24911.08,4445
2025-02-27 14:05:00,24911.08,24915.8,24862.01,24877.03,3336
2025-02-27 14:10:00,24877.03,24884.96,24872.57,24879.98,2534
2025-02-27 14:15:00,24879.98,24937.5,24860.37,24919.6,3001
2025-02-27 14:20:00,24919.6,24924.07,24893.72,24894.37,2610
2025-02-27 14:25:00,24894.37,24936.07,24887.31,24916.24,4052
2025-02-27 14:30:00,24916.24,24946.08,24900.86,24936.78,3152
2025-02-27 14:35:00,24936.78,24957.2,24935.48,24944.2,3440
2025-02-27 14:40:00,24944.2,24952.31,24921.07,24941.27,3636
2025-02-27 14:45:00,24941.27,25019.34,24931.33,25002.75,4076
2025-02-27 14:50:00,25002.75,25058.96,24998.64,25051.04,1079
2025-02-27 14:55:00,25051.04,25059.01,25032.21,25057.21,1501
2025-02-27 15:00:00,25057.21,25061.21,25026.18,25042.2,1627
2025-02-27 15:05:00,25042.2,25080.34,25033.62,25068.29,1307
2025-02-27 15:10:00,25068.29,25082.28,25042.53,25043.82,3364
2025-02-27 15:15:00,25043.82,25101.88,25042.19,25088.73,4492
2025-02-27 15:20:00,25088.73,25115.88,25073.75,25109.78,1248
2025-02-27 15:25:00,25109.78,25117.76,25073.17,25090.07,1299
2025-02-28 09:15:00,25106.45,25125.08,25082.35,25118.2,3980
2025-02-28 09:20:00,25118.2,25131.99,25101.86,25102.02,3281
2025-02-28 09:25:00,25102.02,25148.39,25092.9,25139.6,4888
2025-02-28 09:30:00,25139.6,25168.22,25136.73,25160.89,1472
2025-02-28 09:35:00,25160.89,25171.46,25159.81,25166.23,4362
2025-02-28 09:40:00,25166.23,25192.69,25156.98,25185.26,3947
2025-02-28 09:45:00,25185.26,25192.95,25179.49,25192.24,1372
2025-02-28 09:50:00,25192.24,25228.59,25187.18,25221.92,4119
2025-02-28 09:55:00,25221.92,25223.4,25143.66,25162.65,3920
2025-02-28 10:00:00,25162.65,25228.7,25161.69,25221.87,3143
2025-02-28 10:05:00,25221.87,25243.14,25175.92,25177.87,3750
2025-02-28 10:10:00,25177.87,25258.17,25158.19,25227.23,2391
2025-02-28 10:15:00,25227.23,25247.29,25154.97,25175.12,1830
2025-02-28 10:20:00,25175.12,25221.74,25174.41,25204.82,2140
2025-02-28 10:25:00,25204.82,25218.35,25198.09,25198.11,1287
2025-02-28 10:30:00,25198.11,25206.83,25175.34,25183.87,3234
2025-02-28 10:35:00,25183.87,25267.33,25180.89,25258.58,4696
2025-02-28 10:40:00,25258.58,25310.76,25248.71,25300.52,4368
2025-02-28 10:45:00,25300.52,25311.42,25294.74,25302.65,2765
2025-02-28 10:50:00,25302.65,25311.68,25285.43,25291.78,4404
2025-02-28 10:55:00,25291.78,25297.47,25251.72,25257.07,4742
2025-02-28 11:00:00,25257.07,25270.06,25241.61,25258.34,4474
2025-02-28 11:05:00,25258.34,25284.64,25256.02,25282.21,2816
2025-02-28 11:10:00,25282.21,25349.91,25266.91,25339.44,3794
2025-02-28 11:15:00,25339.44,25351.4,25305.1,25322.62,4915
2025-02-28 11:20:00,25322.62,25335.26,25287.52,25295.33,1730
2025-02-28 11:25:00,25295.33,25296.09,25275.67,25282.5,3423
2025-02-28 11:30:00,25282.5,25289.17,25252.15,25262.55,1747
2025-02-28 11:35:00,25262.55,25279.56,25258.07,25279.11,2568
2025-02-28 11:40:00,25279.11,25308.37,25266.04,25293.64,3616
2025-02-28 11:45:00,25293.64,25315.39,25276.11,25310.95,3945
2025-02-28 11:50:00,25310.95,25331.05,25290.29,25327.1,1288
2025-02-28 11:55:00,25327.1,25338.91,25290.29,25307.5,2074
2025-02-28 12:00:00,25307.5,25327.04,25275.63,25326.63,3137
2025-02-28 12:05:00,25326.63,25331.37,25291.83,25300.38,2757
2025-02-28 12:10:00,25300.38,25317.05,25285.98,25312.95,2656
2025-02-28 12:15:00,25312.95,25321.19,25294.87,25311.13,2845
2025-02-28 12:20:00,25311.13,25348.97,25301.35,25333.3,2976
2025-02-28 12:25:00,25333.3,25336.36,25290.69,25303.75,1915
2025-02-28 12:30:00,25303.75,25329.62,25297.35,25315.11,4939
2025-02-28 12:35:00,25315.11,25349.68,25294.77,25333.05,3233
2025-02-28 12:40:00,25333.05,25339.62,25273.04,25296.16,3072
2025-02-28 12:45:00,25296.16,25343.92,25286.25,25332.52,3198
2025-02-28 12:50:00,25332.52,25333.94,25256.4,25259.67,3592
2025-02-28 12:55:00,25259.67,25281.42,25248.65,25277.72,3060
2025-02-28 13:00:00,25277.72,25297.96,25266.84,25295.88,2328
2025-02-28 13:05:00,25295.88,25337.74,25287.79,25337.24,2325
2025-02-28 13:10:00,25337.24,25356.24,25303.69,25323.49,2218
2025-02-28 13:15:00,25323.49,25365.08,25295.15,25351.38,4083
2025-02-28 13:20:00,25351.38,25374.06,25339.96,25358.91,1640
2025-02-28 13:25:00,25358.91,25370.62,25304.95,25315.7,4639
2025-02-28 13:30:00,25315.7,25324.96,25302.63,25323.14,1486
2025-02-28 13:35:00,25323.14,25326.06,25302.38,25311.33,4343
2025-02-28 13:40:00,25311.33,25315.34,25287.53,25297.39,4371
2025-02-28 13:45:00,25297.39,25301.14,25280.17,25280.63,4474
2025-02-28 13:50:00,25280.63,25324.63,25263.63,25318.06,1115
2025-02-28 13:55:00,25318.06,25323.54,25301.66,25307.62,4125
2025-02-28 14:00:00,25307.62,25330.39,25281.59,25288.51,4569
2025-02-28 14:05:00,25288.51,25305.43,25245.58,25254.21,1095
2025-02-28 14:10:00,25254.21,25260.22,25222.72,25241.73,4293
2025-02-28 14:15:00,25241.73,25286.17,25234.55,25262.08,3863
2025-02-28 14:20:00,25262.08,25286.57,25243.56,25259.9,1917
2025-02-28 14:25:00,25259.9,25261.32,25201.51,25225.22,3520
2025-02-28 14:30:00,25225.22,25242.72,25185.59,25201.45,3571
2025-02-28 14:35:00,25201.45,25204.11,25179.73,25198.44,1219
2025-02-28 14:40:00,25198.44,25253.43,25189.58,25229.84,4946
2025-02-28 14:45:00,25229.84,25233.15,25201.42,25217.92,4401
2025-02-28 14:50:00,25217.92,25240.41,25195.91,25199.04,3189
2025-02-28 14:55:00,25199.04,25199.32,25153.31,25169.29,1200
2025-02-28 15:00:00,25169.29,25220.28,25153.09,25212.01,1513
2025-02-28 15:05:00,25212.01,25219.93,25141.12,25148.56,3736
2025-02-28 15:10:00,25148.56,25200.77,25135.37,25183.73,2119
2025-02-28 15:15:00,25183.73,25253.13,25173.58,25247.56,1570
2025-02-28 15:20:00,25247.56,25260.68,25225.84,25236.57,2106
2025-02-28 15:25:00,25236.57,25241.46,25219.6,25237.16,4038
2025-03-03 09:15:00,25304.74,25346.23,25300.41,25340.14,1780
2025-03-03 09:20:00,25340.14,25413.4,25332.64,25383.89,3726
2025-03-03 09:25:00,25383.89,25403.15,25379.54,25385.46,4997
2025-03-03 09:30:00,25385.46,25430.47,25369.23,25415.82,4184
2025-03-03 09:35:00,25415.82,25457.66,25409.83,25456.64,1381
2025-03-03 09:40:00,25456.64,25480.49,25449.73,25472.25,3954
2025-03-03 09:45:00,25472.25,25491.75,25433.69,25453.25,2986
2025-03-03 09:50:00,25453.25,25541.82,25440.94,25540.21,4106
2025-03-03 09:55:00,25540.21,25572.69,25477.83,25482.08,2441
2025-03-03 10:00:00,25482.08,25499.86,25458.15,25467.23,4667
2025-03-03 10:05:00,25467.23,25468.86,25437.58,25441.57,3336
2025-03-03 10:10:00,25441.57,25455.98,25412.74,25435.59,4412
2025-03-03 10:15:00,25435.59,25489.97,25426.12,25488.79,1495
2025-03-03 10:20:00,25488.79,25489.47,25462.0,25475.87,4890
2025-03-03 10:25:00,25475.87,25477.61,25460.43,25468.9,3651
2025-03-03 10:30:00,25468.9,25544.99,25463.26,25533.6,4351
2025-03-03 10:35:00,25533.6,25567.97,25514.96,25549.44,1831
2025-03-03 10:40:00,25549.44,25551.57,25515.13,25541.68,2402
2025-03-03 10:45:00,25541.68,25556.89,25531.67,25542.2,2047
2025-03-03 10:50:00,25542.2,25570.38,25526.15,25569.59,4045
2025-03-03 10:55:00,25569.59,25570.44,25525.58,25545.55,4578
2025-03-03 11:00:00,25545.55,25564.73,25543.99,25559.99,3831
2025-03-03 11:05:00,25559.99,25562.08,25526.83,25537.08,1498
2025-03-03 11:10:00,25537.08,25542.66,25490.9,25509.8,4322
2025-03-03 11:15:00,25509.8,25590.86,25491.51,25582.44,1274
2025-03-03 11:20:00,25582.44,25601.49,25577.76,25598.87,2912
2025-03-03 11:25:00,25598.87,25615.04,25585.49,25612.25,3832
2025-03-03 11:30:00,25612.25,25613.39,25588.08,25603.64,1436
2025-03-03 11:35:00,25603.64,25656.57,25582.75,25643.28,2048
2025-03-03 11:40:00,25643.28,25652.16,25581.51,25589.76,2925
2025-03-03 11:45:00,25589.76,25636.78,25588.56,25619.38,1852
2025-03-03 11:50:00,25619.38,25637.54,25616.23,25616.61,3928
2025-03-03 11:55:00,25616.61,25620.43,25585.09,25601.22,3274
2025-03-03 12:00:00,25601.22,25654.55,25575.86,25642.98,4163
2025-03-03 12:05:00,25642.98,25676.04,25633.55,25661.61,1710
2025-03-03 12:10:00,25661.61,25684.84,25644.76,25674.15,2027
2025-03-03 12:15:00,25674.15,25740.91,25660.56,25715.43,1263
2025-03-03 12:20:00,25715.43,25750.82,25707.41,25745.93,4519
2025-03-03 12:25:00,25745.93,25766.85,25733.32,25764.85,1021
2025-03-03 12:30:00,25764.85,25777.99,25699.18,25709.33,3247
2025-03-03 12:35:00,25709.33,25713.67,25644.38,25647.83,1793
2025-03-03 12:40:00,25647.83,25653.77,25645.12,25646.67,3486
2025-03-03 12:45:00,25646.67,25675.1,25628.23,25667.35,1366
2025-03-03 12:50:00,25667.35,25669.75,25646.85,25652.18,1933
2025-03-03 12:55:00,25652.18,25662.85,25636.53,25640.54,4646
2025-03-03 13:00:00,25640.54,25653.52,25618.92,25633.96,2579
2025-03-03 13:05:00,25633.96,25636.49,25584.24,25584.51,1418
2025-03-03 13:10:00,25584.51,25605.55,25566.54,25581.59,1593
2025-03-03 13:15:00,25581.59,25583.62,25569.74,25574.32,4090
2025-03-03 13:20:00,25574.32,25577.76,25572.43,25575.5,4193
2025-03-03 13:25:00,25575.5,25595.71,25561.02,25587.96,1429
2025-03-03 13:30:00,25587.96,25663.44,25579.82,25638.05,1830
2025-03-03 13:35:00,25638.05,25677.26,25629.74,25675.29,1475
2025-03-03 13:40:00,25675.29,25709.64,25673.82,25675.2,1056
2025-03-03 13:45:00,25675.2,25689.04,25634.74,25660.95,2564
2025-03-03 13:50:00,25660.95,25664.71,25637.85,25652.0,2985
2025-03-03 13:55:00,25652.0,25653.19,25608.4,25635.09,1032
2025-03-03 14:00:00,25635.09,25651.03,25605.41,25627.68,3947
2025-03-03 14:05:00,25627.68,25647.22,25610.93,25616.04,3215
2025-03-03 14:10:00,25616.04,25640.97,25614.24,25635.55,3348
2025-03-03 14:15:00,25635.55,25646.85,25615.96,25646.24,2326
2025-03-03 14:20:00,25646.24,25658.35,25582.5,25591.9,1801
2025-03-03 14:25:00,25591.9,25595.2,25565.28,25568.58,3770
2025-03-03 14:30:00,25568.58,25575.46,25567.54,25569.98,2095
2025-03-03 14:35:00,25569.98,25583.59,25507.46,25514.14,2645
2025-03-03 14:40:00,25514.14,25540.89,25514.0,25536.01,1364
2025-03-03 14:45:00,25536.01,25551.79,25516.74,25522.93,1621
2025-03-03 14:50:00,25522.93,25555.21,25508.61,25535.14,3775
2025-03-03 14:55:00,25535.14,25538.38,25486.26,25503.42,1395
2025-03-03 15:00:00,25503.42,25521.31,25447.72,25463.01,1171
2025-03-03 15:05:00,25463.01,25477.23,25380.59,25386.25,3217
2025-03-03 15:10:00,25386.25,25389.01,25371.85,25378.22,4647
2025-03-03 15:15:00,25378.22,25380.9,25364.07,25366.13,3207
2025-03-03 15:20:00,25366.13,25399.6,25357.68,25391.66,3909
2025-03-03 15:25:00,25391.66,25445.74,25385.58,25435.4,2165
2025-03-04 09:15:00,25495.37,25536.85,25476.62,25519.83,2075
2025-03-04 09:20:00,25519.83,25523.28,25492.96,25498.51,3301
2025-03-04 09:25:00,25498.51,25529.74,25466.08,25476.26,4758
2025-03-04 09:30:00,25476.26,25489.45,25458.38,25487.78,3333
2025-03-04 09:35:00,25487.78,25545.9,25455.37,25543.49,2793
2025-03-04 09:40:00,25543.49,25546.74,25463.77,25479.21,4237
2025-03-04 09:45:00,25479.21,25479.33,25414.13,25424.89,3907
2025-03-04 09:50:00,25424.89,25462.9,25421.53,25450.43,4837
2025-03-04 09:55:00,25450.43,25485.0,25427.79,25483.95,2619
2025-03-04 10:00:00,25483.95,25493.51,25449.0,25454.17,3318
2025-03-04 10:05:00,25454.17,25489.47,25430.26,25471.77,1171
2025-03-04 10:10:00,25471.77,25476.3,25412.48,25416.35,1071
2025-03-04 10:15:00,25416.35,25462.98,25411.04,25440.51,3048
2025-03-04 10:20:00,25440.51,25461.09,25372.72,25385.65,4800
2025-03-04 10:25:00,25385.65,25409.0,25373.29,25404.76,3946
2025-03-04 10:30:00,25404.76,25405.98,25389.65,25391.65,3598
2025-03-04 10:35:00,25391.65,25433.05,25381.45,25427.33,4312
2025-03-04 10:40:00,25427.33,25432.86,25390.37,25409.5,1049
2025-03-04 10:45:00,25409.5,25433.22,25400.32,25415.04,4919
2025-03-04 10:50:00,25415.04,25436.24,25380.08,25408.27,4001
2025-03-04 10:55:00,25408.27,25411.11,25326.67,25338.96,1506
2025-03-04 11:00:00,25338.96,25344.4,25306.64,25308.6,3570
2025-03-04 11:05:00,25308.6,25319.4,25296.76,25315.16,3230
2025-03-04 11:10:00,25315.16,25317.83,25303.42,25305.35,4689
2025-03-04 11:15:00,25305.35,25344.14,25289.96,25340.81,4764
2025-03-04 11:20:00,25340.81,25342.88,25302.26,25306.53,1627
2025-03-04 11:25:00,25306.53,25308.75,25293.81,25299.65,3260
2025-03-04 11:30:00,25299.65,25301.78,25272.81,25282.13,4450
2025-03-04 11:35:00,25282.13,25288.56,25269.07,25269.46,1305
2025-03-04 11:40:00,25269.46,25285.12,25235.97,25260.21,1904
2025-03-04 11:45:00,25260.21,25262.52,25216.09,25227.59,3887
2025-03-04 11:50:00,25227.59,25274.07,25224.05,25267.92,3116
2025-03-04 11:55:00,25267.92,25303.35,25250.92,25276.58,2889
2025-03-04 12:00:00,25276.58,25326.06,25272.59,25316.91,1216
2025-03-04 12:05:00,25316.91,25321.63,25273.85,25283.08,3431
2025-03-04 12:10:00,25283.08,25290.15,25267.78,25270.74,2954
2025-03-04 12:15:00,25270.74,25328.28,25254.72,25321.05,3102
2025-03-04 12:20:00,25321.05,25354.06,25318.63,25343.25,4066
2025-03-04 12:25:00,25343.25,25347.92,25332.32,25335.46,4734
2025-03-04 12:30:00,25335.46,25367.57,25308.56,25312.5,4798
2025-03-04 12:35:00,25312.5,25328.96,25273.81,25297.88,1870
2025-03-04 12:40:00,25297.88,25411.33,25297.33,25399.75,2443
2025-03-04 12:45:00,25399.75,25413.37,25386.07,25413.27,4695
2025-03-04 12:50:00,25413.27,25453.67,25412.55,25447.72,1445
2025-03-04 12:55:00,25447.72,25481.13,25422.72,25471.56,4774
2025-03-04 13:00:00,25471.56,25486.82,25461.41,25466.1,4668
2025-03-04 13:05:00,25466.1,25484.35,25450.64,25477.94,4763
2025-03-04 13:10:00,25477.94,25503.68,25462.91,25503.27,1071
2025-03-04 13:15:00,25503.27,25518.08,25488.85,25500.46,2275
2025-03-04 13:20:00,25500.46,25502.73,25473.27,25478.42,4701
2025-03-04 13:25:00,25478.42,25533.22,25478.39,25528.11,1512
2025-03-04 13:30:00,25528.11,25601.19,25526.28,25574.01,4709
2025-03-04 13:35:00,25574.01,25632.76,25571.17,25624.39,2707
2025-03-04 13:40:00,25624.39,25634.38,25589.67,25590.41,3843
2025-03-04 13:45:00,25590.41,25606.27,25570.09,25603.32,4941
2025-03-04 13:50:00,25603.32,25634.72,25589.32,25615.76,4732
2025-03-04 13:55:00,25615.76,25627.71,25600.85,25610.66,3519
2025-03-04 14:00:00,25610.66,25624.92,25609.51,25619.92,1918
2025-03-04 14:05:00,25619.92,25627.21,25590.94,25591.77,1139
2025-03-04 14:10:00,25591.77,25655.51,25588.43,25647.66,2579
2025-03-04 14:15:00,25647.66,25729.76,25646.96,25719.69,1004
2025-03-04 14:20:00,25719.69,25760.78,25714.16,25733.88,2968
2025-03-04 14:25:00,25733.88,25748.79,25729.34,25734.86,4981
2025-03-04 14:30:00,25734.86,25743.99,25697.97,25703.19,3571
2025-03-04 14:35:00,25703.19,25705.02,25655.57,25679.3,4090
2025-03-04 14:40:00,25679.3,25686.95,25629.85,25640.25,1320
2025-03-04 14:45:00,25640.25,25647.38,25602.36,25619.47,2432
2025-03-04 14:50:00,25619.47,25638.31,25604.47,25611.97,4568
2025-03-04 14:55:00,25611.97,25631.98,25579.26,25580.37,4633
2025-03-04 15:00:00,25580.37,25584.24,25530.21,25533.14,1523
2025-03-04 15:05:00,25533.14,25560.65,25524.24,25544.75,1172
2025-03-04 15:10:00,25544.75,25567.08,25534.81,25550.42,4002
2025-03-04 15:15:00,25550.42,25550.95,25515.78,25519.27,1618
2025-03-04 15:20:00,25519.27,25545.1,25491.61,25499.8,3109
2025-03-04 15:25:00,25499.8,25530.58,25493.41,25529.66,1612
2025-03-05 09:15:00,25486.35,25504.31,25446.56,25457.47,3204
2025-03-05 09:20:00,25457.47,25457.74,25409.87,25414.72,3430
2025-03-05 09:25:00,25414.72,25417.59,25379.69,25403.66,3460
2025-03-05 09:30:00,25403.66,25418.15,25375.58,25388.03,2328
2025-03-05 09:35:00,25388.03,25391.01,25356.9,25366.37,3873
2025-03-05 09:40:00,25366.37,25416.61,25366.04,25413.94,3933
2025-03-05 09:45:00,25413.94,25433.18,25392.6,25398.78,4041
2025-03-05 09:50:00,25398.78,25421.29,25373.27,25381.51,4330
2025-03-05 09:55:00,25381.51,25431.01,25374.87,25422.15,4067
2025-03-05 10:00:00,25422.15,25437.34,25416.38,25427.7,1631
2025-03-05 10:05:00,25427.7,25474.33,25415.95,25464.79,3367
2025-03-05 10:10:00,25464.79,25511.74,25457.33,25506.32,4633
2025-03-05 10:15:00,25506.32,25547.22,25502.91,25527.57,4857
2025-03-05 10:20:00,25527.57,25534.0,25456.99,25467.89,3057
2025-03-05 10:25:00,25467.89,25484.82,25459.98,25469.42,2950
2025-03-05 10:30:00,25469.42,25489.76,25458.1,25475.66,2961
2025-03-05 10:35:00,25475.66,25538.48,25470.72,25532.11,1268
2025-03-05 10:40:00,25532.11,25559.92,25518.5,25547.27,1738
2025-03-05 10:45:00,25547.27,25570.41,25488.57,25493.48,1155
2025-03-05 10:50:00,25493.48,25504.78,25457.36,25467.49,4028
2025-03-05 10:55:00,25467.49,25477.51,25447.57,25448.87,3094
2025-03-05 11:00:00,25448.87,25457.63,25438.57,25444.77,2054
2025-03-05 11:05:00,25444.77,25447.66,25431.73,25435.3,1754
2025-03-05 11:10:00,25435.3,25488.33,25419.98,25460.81,3922
2025-03-05 11:15:00,25460.81,25476.55,25431.9,25474.13,2527
2025-03-05 11:20:00,25474.13,25532.71,25464.71,25524.3,2461
2025-03-05 11:25:00,25524.3,25539.15,25510.48,25514.75,4569
2025-03-05 11:30:00,25514.75,25531.14,25491.98,25506.41,3266
2025-03-05 11:35:00,25506.41,25569.45,25495.74,25556.99,4202
2025-03-05 11:40:00,25556.99,25571.88,25527.37,25538.01,4504
2025-03-05 11:45:00,25538.01,25551.92,25518.66,25522.56,4173
2025-03-05 11:50:00,25522.56,25538.02,25493.33,25518.25,1899
2025-03-05 11:55:00,25518.25,25530.16,25512.39,25519.24,1513
2025-03-05 12:00:00,25519.24,25541.62,25509.88,25522.2,4916
2025-03-05 12:05:00,25522.2,25526.65,25482.24,25490.4,4745
2025-03-05 12:10:00,25490.4,25595.53,25487.5,25580.96,3094
2025-03-05 12:15:00,25580.96,25610.87,25578.03,25607.19,4148
2025-03-05 12:20:00,25607.19,25615.17,25565.37,25600.04,3533
2025-03-05 12:25:00,25600.04,25648.89,25587.44,25642.45,3013
2025-03-05 12:30:00,25642.45,25660.4,25619.89,25631.61,1347
2025-03-05 12:35:00,25631.61,25658.98,25626.34,25649.54,2686
2025-03-05 12:40:00,25649.54,25675.68,25647.35,25662.25,1849
2025-03-05 12:45:00,25662.25,25667.59,25646.18,25650.26,2492
2025-03-05 12:50:00,25650.26,25671.04,25649.15,25660.44,1234
2025-03-05 12:55:00,25660.44,25675.82,25612.98,25616.07,3628
2025-03-05 13:00:00,25616.07,25622.63,25600.52,25604.68,2179
2025-03-05 13:05:00,25604.68,25633.71,25598.62,25627.41,1927
2025-03-05 13:10:00,25627.41,25644.35,25609.06,25611.21,1348
2025-03-05 13:15:00,25611.21,25618.45,25586.61,25597.15,3760
2025-03-05 13:20:00,25597.15,25598.48,25573.03,25577.95,2319
2025-03-05 13:25:00,25577.95,25631.94,25555.12,25624.22,3888
2025-03-05 13:30:00,25624.22,25628.11,25596.22,25597.56,2792
2025-03-05 13:35:00,25597.56,25597.73,25568.43,25585.11,2538
2025-03-05 13:40:00,25585.11,25607.82,25578.47,25603.01,3279
2025-03-05 13:45:00,25603.01,25651.5,25602.82,25644.9,3720
2025-03-05 13:50:00,25644.9,25686.58,25631.66,25680.23,2159
2025-03-05 13:55:00,25680.23,25703.63,25678.21,25690.74,3919
2025-03-05 14:00:00,25690.74,25718.48,25683.31,25713.06,3072
2025-03-05 14:05:00,25713.06,25723.7,25702.08,25711.64,3872
2025-03-05 14:10:00,25711.64,25774.43,25704.82,25770.81,3105
2025-03-05 14:15:00,25770.81,25806.59,25764.35,25797.63,3170
2025-03-05 14:20:00,25797.63,25838.07,25792.96,25828.05,1987
2025-03-05 14:25:00,25828.05,25838.96,25812.36,25830.78,1421
2025-03-05 14:30:00,25830.78,25852.08,25827.75,25840.76,4231
2025-03-05 14:35:00,25840.76,25844.58,25782.26,25793.1,3273
2025-03-05 14:40:00,25793.1,25828.75,25766.8,25822.45,2187
2025-03-05 14:45:00,25822.45,25843.28,25803.14,25826.86,1897
2025-03-05 14:50:00,25826.86,25839.38,25741.34,25766.17,4334
2025-03-05 14:55:00,25766.17,25773.76,25749.37,25751.71,4607
2025-03-05 15:00:00,25751.71,25767.26,25747.39,25755.51,3948
2025-03-05 15:05:00,25755.51,25783.41,25744.06,25779.7,2005
2025-03-05 15:10:00,25779.7,25822.08,25770.72,25801.33,4347
2025-03-05 15:15:00,25801.33,25804.56,25774.1,25775.28,2239
2025-03-05 15:20:00,25775.28,25794.65,25752.74,25755.31,2076
2025-03-05 15:25:00,25755.31,25775.68,25711.51,25730.79,1507
2025-03-06 09:15:00,25879.82,25899.89,25839.36,25854.7,2362
2025-03-06 09:20:00,25854.7,25863.34,25833.34,25841.99,2431
2025-03-06 09:25:00,25841.99,25865.66,25830.96,25861.72,1127
2025-03-06 09:30:00,25861.72,25911.96,25858.43,25906.14,1605
2025-03-06 09:35:00,25906.14,25965.34,25903.01,25954.47,3924
2025-03-06 09:40:00,25954.47,25999.18,25941.18,25996.13,3971
2025-03-06 09:45:00,25996.13,26006.2,25955.57,25963.01,4505
2025-03-06 09:50:00,25963.01,25968.21,25952.56,25960.19,2748
2025-03-06 09:55:00,25960.19,25972.24,25938.26,25941.82,2648
2025-03-06 10:00:00,25941.82,25963.67,25918.76,25949.1,4624
2025-03-06 10:05:00,25949.1,25951.1,25909.3,25916.33,3716
2025-03-06 10:10:00,25916.33,25937.03,25897.93,25927.1,2219
2025-03-06 10:15:00,25927.1,25928.07,25924.83,25926.21,2306
2025-03-06 10:20:00,25926.21,25971.14,25921.09,25954.21,1558
2025-03-06 10:25:00,25954.21,25995.18,25940.3,25992.16,4350
2025-03-06 10:30:00,25992.16,25997.47,25957.04,25959.87,3390
2025-03-06 10:35:00,25959.87,25985.64,25958.83,25978.97,2413
2025-03-06 10:40:00,25978.97,25984.02,25947.62,25960.25,4545
2025-03-06 10:45:00,25960.25,26005.76,25951.04,25997.28,1270
2025-03-06 10:50:00,25997.28,25997.91,25923.99,25927.54,1309
2025-03-06 10:55:00,25927.54,25971.94,25924.39,25965.25,4753
2025-03-06 11:00:00,25965.25,26001.79,25953.78,25997.55,1742
2025-03-06 11:05:00,25997.55,26011.19,25950.79,25957.95,1997
2025-03-06 11:10:00,25957.95,25958.17,25928.85,25947.78,1575
2025-03-06 11:15:00,25947.78,25960.14,25866.74,25870.47,1869
2025-03-06 11:20:00,25870.47,25875.93,25867.77,25874.64,1886
2025-03-06 11:25:00,25874.64,25886.66,25864.49,25875.49,2012
2025-03-06 11:30:00,25875.49,25879.26,25796.08,25813.14,4513
2025-03-06 11:35:00,25813.14,25874.51,25797.42,25869.64,2699
2025-03-06 11:40:00,25869.64,25878.55,25847.36,25859.9,4889
2025-03-06 11:45:00,25859.9,25880.54,25838.7,25862.62,2414
2025-03-06 11:50:00,25862.62,25880.1,25821.82,25830.31,3403
2025-03-06 11:55:00,25830.31,25843.46,25738.39,25743.23,2352
2025-03-06 12:00:00,25743.23,25746.1,25709.35,25715.52,2938
2025-03-06 12:05:00,25715.52,25717.45,25693.64,25702.07,4793
2025-03-06 12:10:00,25702.07,25713.29,25647.47,25649.79,1919
2025-03-06 12:15:00,25649.79,25669.31,25609.91,25629.43,3099
2025-03-06 12:20:00,25629.43,25645.17,25560.02,25586.29,3397
2025-03-06 12:25:00,25586.29,25602.2,25537.28,25553.96,2706
2025-03-06 12:30:00,25553.96,25570.08,25509.97,25515.49,2828
2025-03-06 12:35:00,25515.49,25534.8,25446.13,25463.12,1639
2025-03-06 12:40:00,25463.12,25503.0,25454.0,25493.4,4186
2025-03-06 12:45:00,25493.4,25530.38,25445.35,25445.85,2594
2025-03-06 12:50:00,25445.85,25454.89,25415.5,25433.53,1486
2025-03-06 12:55:00,25433.53,25477.31,25419.21,25453.34,2313
2025-03-06 13:00:00,25453.34,25508.18,25443.34,25489.78,4795
2025-03-06 13:05:00,25489.78,25519.68,25483.25,25511.13,1967
2025-03-06 13:10:00,25511.13,25530.73,25497.73,25523.14,2294
2025-03-06 13:15:00,25523.14,25528.66,25498.94,25501.2,1209
2025-03-06 13:20:00,25501.2,25547.26,25488.39,25536.27,1229
2025-03-06 13:25:00,25536.27,25538.75,25519.18,25535.28,4042
2025-03-06 13:30:00,25535.28,25546.59,25472.26,25495.79,4178
2025-03-06 13:35:00,25495.79,25505.15,25491.0,25504.55,1476
2025-03-06 13:40:00,25504.55,25535.39,25473.88,25482.53,4305
2025-03-06 13:45:00,25482.53,25486.85,25434.51,25448.21,3851
2025-03-06 13:50:00,25448.21,25476.49,25435.35,25461.0,2481
2025-03-06 13:55:00,25461.0,25466.47,25402.02,25409.59,3139
2025-03-06 14:00:00,25409.59,25415.34,25380.72,25382.6,4575
2025-03-06 14:05:00,25382.6,25395.15,25352.56,25365.47,2591
2025-03-06 14:10:00,25365.47,25377.22,25355.17,25355.62,2526
2025-03-06 14:15:00,25355.62,25367.62,25327.18,25329.49,3474
2025-03-06 14:20:00,25329.49,25346.33,25297.85,25321.23,3806
2025-03-06 14:25:00,25321.23,25345.63,25315.76,25336.97,4500
2025-03-06 14:30:00,25336.97,25403.04,25323.25,25390.81,1281
2025-03-06 14:35:00,25390.81,25402.83,25311.73,25336.61,1025
2025-03-06 14:40:00,25336.61,25389.91,25333.08,25374.4,2352
2025-03-06 14:45:00,25374.4,25386.89,25362.16,25382.93,4157
2025-03-06 14:50:00,25382.93,25422.89,25382.0,25418.24,4476
2025-03-06 14:55:00,25418.24,25426.24,25402.25,25407.52,3277
2025-03-06 15:00:00,25407.52,25421.88,25360.96,25373.79,2689
2025-03-06 15:05:00,25373.79,25382.64,25317.05,25328.23,2537
2025-03-06 15:10:00,25328.23,25336.59,25291.82,25308.42,1249
2025-03-06 15:15:00,25308.42,25314.55,25291.68,25304.75,4290
2025-03-06 15:20:00,25304.75,25316.78,25285.95,25299.87,4240
2025-03-06 15:25:00,25299.87,25314.91,25280.05,25289.43,3516
2025-03-07 09:15:00,25411.72,25445.8,25408.14,25433.24,4227
2025-03-07 09:20:00,25433.24,25435.65,25404.15,25407.98,2170
2025-03-07 09:25:00,25407.98,25430.67,25389.38,25424.68,4487
2025-03-07 09:30:00,25424.68,25446.31,25379.46,25387.3,4527
2025-03-07 09:35:00,25387.3,25447.02,25377.67,25423.23,3022
2025-03-07 09:40:00,25423.23,25471.39,25418.22,25467.84,1032
2025-03-07 09:45:00,25467.84,25510.79,25466.87,25497.37,1291
2025-03-07 09:50:00,25497.37,25532.27,25466.91,25513.72,4470
2025-03-07 09:55:00,25513.72,25528.35,25464.68,25465.35,4775
2025-03-07 10:00:00,25465.35,25491.22,25464.86,25484.03,4799
2025-03-07 10:05:00,25484.03,25485.5,25468.45,25475.02,3259
2025-03-07 10:10:00,25475.02,25485.04,25420.61,25438.68,4491
2025-03-07 10:15:00,25438.68,25442.15,25433.6,25435.89,4758
2025-03-07 10:20:00,25435.89,25500.7,25432.24,25482.41,3888
2025-03-07 10:25:00,25482.41,25496.82,25449.08,25451.99,4146
2025-03-07 10:30:00,25451.99,25465.16,25416.56,25420.12,4511
2025-03-07 10:35:00,25420.12,25444.68,25419.68,25429.61,2758
2025-03-07 10:40:00,25429.61,25445.98,25368.96,25375.59,2307
2025-03-07 10:45:00,25375.59,25385.43,25372.23,25378.61,3994
2025-03-07 10:50:00,25378.61,25386.55,25351.96,25353.93,2561
2025-03-07 10:55:00,25353.93,25357.89,25315.37,25323.2,4707
2025-03-07 11:00:00,25323.2,25348.08,25313.89,25343.29,4055
2025-03-07 11:05:00,25343.29,25365.13,25331.0,25349.46,4220
2025-03-07 11:10:00,25349.46,25357.85,25308.27,25320.15,1895
2025-03-07 11:15:00,25320.15,25338.32,25318.58,25326.63,1959
2025-03-07 11:20:00,25326.63,25334.63,25321.05,25334.23,4283
2025-03-07 11:25:00,25334.23,25337.21,25309.56,25324.99,3925
2025-03-07 11:30:00,25324.99,25360.68,25305.23,25348.97,4183
2025-03-07 11:35:00,25348.97,25375.22,25337.92,25365.67,4482
2025-03-07 11:40:00,25365.67,25393.82,25358.85,25393.35,3626
2025-03-07 11:45:00,25393.35,25424.35,25371.31,25376.34,2024
2025-03-07 11:50:00,25376.34,25386.03,25373.84,25385.6,4375
2025-03-07 11:55:00,25385.6,25387.7,25346.89,25354.2,3475
2025-03-07 12:00:00,25354.2,25364.4,25347.48,25358.79,1611
2025-03-07 12:05:00,25358.79,25401.01,25352.74,25389.38,3583
2025-03-07 12:10:00,25389.38,25402.95,25346.68,25360.7,2447
2025-03-07 12:15:00,25360.7,25371.98,25282.93,25296.67,3066
2025-03-07 12:20:00,25296.67,25305.79,25249.7,25254.32,1931
2025-03-07 12:25:00,25254.32,25265.18,25191.96,25192.9,3473
2025-03-07 12:30:00,25192.9,25206.13,25172.83,25175.44,3610
2025-03-07 12:35:00,25175.44,25183.61,25146.96,25155.09,4054
2025-03-07 12:40:00,25155.09,25167.11,25145.49,25155.93,2333
2025-03-07 12:45:00,25155.93,25206.48,25145.64,25204.02,1485
2025-03-07 12:50:00,25204.02,25235.19,25188.34,25226.15,4834
2025-03-07 12:55:00,25226.15,25269.92,25220.68,25266.02,4671
2025-03-07 13:00:00,25266.02,25294.82,25251.67,25294.57,3127
2025-03-07 13:05:00,25294.57,25312.56,25279.62,25286.32,1920
2025-03-07 13:10:00,25286.32,25296.62,25240.76,25249.39,3789
2025-03-07 13:15:00,25249.39,25263.03,25235.58,25238.77,1031
2025-03-07 13:20:00,25238.77,25239.65,25177.22,25187.1,4945
2025-03-07 13:25:00,25187.1,25220.12,25181.15,25199.78,3942
2025-03-07 13:30:00,25199.78,25200.51,25155.73,25167.47,4617
2025-03-07 13:35:00,25167.47,25179.39,25146.29,25169.25,4800
2025-03-07 13:40:00,25169.25,25181.45,25168.49,25176.05,4187
2025-03-07 13:45:00,25176.05,25213.34,25162.0,25203.66,4900
2025-03-07 13:50:00,25203.66,25206.34,25200.76,25206.24,3114
2025-03-07 13:55:00,25206.24,25236.4,25185.92,25187.64,1574
2025-03-07 14:00:00,25187.64,25220.75,25185.78,25218.63,1111
2025-03-07 14:05:00,25218.63,25260.77,25211.34,25254.02,3703
2025-03-07 14:10:00,25254.02,25266.75,25213.89,25227.31,4035
2025-03-07 14:15:00,25227.31,25249.73,25220.35,25236.1,2287
2025-03-07 14:20:00,25236.1,25284.19,25222.67,25281.18,1402
2025-03-07 14:25:00,25281.18,25329.63,25267.89,25319.78,1715
2025-03-07 14:30:00,25319.78,25327.84,25275.75,25276.17,2779
2025-03-07 14:35:00,25276.17,25287.66,25234.41,25243.85,4279
2025-03-07 14:40:00,25243.85,25275.2,25217.24,25226.16,3049
2025-03-07 14:45:00,25226.16,25264.2,25220.07,25253.26,3364
2025-03-07 14:50:00,25253.26,25264.48,25245.0,25250.04,4922
2025-03-07 14:55:00,25250.04,25263.15,25207.26,25217.24,4848
2025-03-07 15:00:00,25217.24,25224.82,25213.59,25217.09,4325
2025-03-07 15:05:00,25217.09,25263.18,25210.59,25255.89,1550
2025-03-07 15:10:00,25255.89,25268.2,25211.91,25224.24,2089
2025-03-07 15:15:00,25224.24,25245.3,25208.19,25218.89,2976
2025-03-07 15:20:00,25218.89,25222.89,25211.1,25214.67,1008
2025-03-07 15:25:00,25214.67,25232.3,25208.35,25223.12,2887
2025-03-10 09:15:00,25229.79,25240.13,25207.87,25224.29,4722
2025-03-10 09:20:00,25224.29,25247.34,25207.47,25242.05,3520
2025-03-10 09:25:00,25242.05,25296.15,25224.38,25285.83,4666
2025-03-10 09:30:00,25285.83,25295.22,25271.66,25285.64,2123
2025-03-10 09:35:00,25285.64,25302.53,25268.02,25278.33,3756
2025-03-10 09:40:00,25278.33,25310.96,25269.26,25296.75,3113
2025-03-10 09:45:00,25296.75,25332.35,25295.12,25329.2,2190
2025-03-10 09:50:00,25329.2,25333.13,25303.36,25305.86,3698
2025-03-10 09:55:00,25305.86,25378.93,25258.59,25354.15,2132
2025-03-10 10:00:00,25354.15,25366.22,25343.43,25359.43,2957
2025-03-10 10:05:00,25359.43,25362.84,25315.56,25320.3,4287
2025-03-10 10:10:00,25320.3,25334.65,25304.81,25315.18,1142
2025-03-10 10:15:00,25315.18,25329.71,25282.08,25288.12,1123
2025-03-10 10:20:00,25288.12,25289.26,25251.23,25261.56,4414
2025-03-10 10:25:00,25261.56,25263.96,25186.75,25204.45,2479
2025-03-10 10:30:00,25204.45,25228.98,25172.85,25183.17,4396
2025-03-10 10:35:00,25183.17,25192.04,25126.56,25135.33,1355
2025-03-10 10:40:00,25135.33,25168.48,25128.13,25137.99,1724
2025-03-10 10:45:00,25137.99,25152.78,25115.8,25119.77,2254
2025-03-10 10:50:00,25119.77,25134.64,25080.89,25097.45,1426
2025-03-10 10:55:00,25097.45,25109.8,25090.33,25105.35,1560
2025-03-10 11:00:00,25105.35,25124.68,25059.06,25070.17,3821
2025-03-10 11:05:00,25070.17,25073.16,25032.31,25040.81,1970
2025-03-10 11:10:00,25040.81,25060.37,25025.78,25030.5,1589
2025-03-10 11:15:00,25030.5,25042.76,25020.28,25020.82,3483
2025-03-10 11:20:00,25020.82,25027.27,24988.32,25002.39,1912
2025-03-10 11:25:00,25002.39,25025.21,24999.74,25007.69,4135
2025-03-10 11:30:00,25007.69,25015.53,24986.88,25006.96,2117
2025-03-10 11:35:00,25006.96,25019.79,24990.82,24990.92,1026
2025-03-10 11:40:00,24990.92,24992.97,24964.9,24965.56,2852
2025-03-10 11:45:00,24965.56,25018.04,24947.16,25015.46,2421
2025-03-10 11:50:00,25015.46,25022.95,25002.41,25011.36,1874
2025-03-10 11:55:00,25011.36,25033.37,25002.14,25028.16,4866
2025-03-10 12:00:00,25028.16,25032.39,25006.6,25007.16,1600
2025-03-10 12:05:00,25007.16,25012.86,24955.63,24973.66,1579
2025-03-10 12:10:00,24973.66,24987.0,24945.88,24949.14,4360
2025-03-10 12:15:00,24949.14,24958.59,24949.11,24951.62,4321
2025-03-10 12:20:00,24951.62,25003.87,24939.0,25003.26,2092
2025-03-10 12:25:00,25003.26,25004.04,24979.43,24990.44,4317
2025-03-10 12:30:00,24990.44,25026.04,24970.79,25013.0,2325
2025-03-10 12:35:00,25013.0,25047.47,25006.44,25039.25,3844
2025-03-10 12:40:00,25039.25,25066.02,25011.27,25057.32,2073
2025-03-10 12:45:00,25057.32,25142.9,25053.8,25113.38,1558
2025-03-10 12:50:00,25113.38,25114.72,25109.19,25110.08,1156
2025-03-10 12:55:00,25110.08,25128.53,25097.64,25125.86,4632
2025-03-10 13:00:00,25125.86,25130.73,25075.63,25093.91,1165
2025-03-10 13:05:00,25093.91,25131.01,25092.86,25119.52,1124
2025-03-10 13:10:00,25119.52,25202.62,25115.06,25169.47,2382
2025-03-10 13:15:00,25169.47,25183.34,25162.36,25166.62,2658
2025-03-10 13:20:00,25166.62,25189.5,25145.57,25158.82,3966
2025-03-10 13:25:00,25158.82,25182.7,25112.82,25133.49,4783
2025-03-10 13:30:00,25133.49,25156.07,25101.93,25114.58,2330
2025-03-10 13:35:00,25114.58,25163.18,25105.22,25146.74,2511
2025-03-10 13:40:00,25146.74,25150.73,25118.23,25124.9,2437
2025-03-10 13:45:00,25124.9,25187.29,25117.25,25176.75,1200
2025-03-10 13:50:00,25176.75,25180.48,25139.49,25145.11,1984
2025-03-10 13:55:00,25145.11,25145.75,25128.19,25133.44,3679
2025-03-10 14:00:00,25133.44,25149.51,25105.68,25143.07,2693
2025-03-10 14:05:00,25143.07,25175.91,25133.4,25165.81,2257
2025-03-10 14:10:00,25165.81,25175.71,25144.93,25156.53,1718
2025-03-10 14:15:00,25156.53,25218.75,25147.79,25211.84,3270
2025-03-10 14:20:00,25211.84,25229.35,25201.05,25212.02,1918
2025-03-10 14:25:00,25212.02,25231.24,25196.91,25201.48,4940
2025-03-10 14:30:00,25201.48,25218.34,25179.79,25193.96,2432
2025-03-10 14:35:00,25193.96,25210.2,25187.97,25197.18,4610
2025-03-10 14:40:00,25197.18,25197.61,25113.06,25132.0,2500
2025-03-10 14:45:00,25132.0,25144.57,25093.99,25112.6,2925
2025-03-10 14:50:00,25112.6,25143.89,25101.21,25129.0,3286
2025-03-10 14:55:00,25129.0,25214.74,25121.71,25208.09,4004
2025-03-10 15:00:00,25208.09,25214.51,25200.04,25206.61,2331
2025-03-10 15:05:00,25206.61,25220.33,25164.72,25167.42,3270
2025-03-10 15:10:00,25167.42,25193.89,25115.06,25126.31,2852
2025-03-10 15:15:00,25126.31,25129.1,25117.28,25128.97,3718
2025-03-10 15:20:00,25128.97,25146.74,25110.2,25136.7,1609
2025-03-10 15:25:00,25136.7,25148.93,25135.23,25143.17,3766
2025-03-11 09:15:00,25212.34,25226.96,25185.98,25210.57,1706
2025-03-11 09:20:00,25210.57,25227.99,25188.26,25199.88,3151
2025-03-11 09:25:00,25199.88,25202.81,25168.43,25173.28,1019
2025-03-11 09:30:00,25173.28,25209.94,25161.7,25202.28,4062
2025-03-11 09:35:00,25202.28,25216.11,25195.9,25197.99,1326
2025-03-11 09:40:00,25197.99,25220.89,25176.38,25180.96,4409
2025-03-11 09:45:00,25180.96,25208.17,25171.4,25208.05,4079
2025-03-11 09:50:00,25208.05,25243.19,25205.88,25224.9,1705
2025-03-11 09:55:00,25224.9,25260.46,25223.9,25250.13,3278
2025-03-11 10:00:00,25250.13,25253.93,25199.9,25204.78,3072
2025-03-11 10:05:00,25204.78,25232.88,25200.78,25213.36,2377
2025-03-11 10:10:00,25213.36,25301.42,25203.93,25294.58,3385
2025-03-11 10:15:00,25294.58,25296.79,25250.48,25268.13,3369
2025-03-11 10:20:00,25268.13,25271.88,25245.9,25253.38,3514
2025-03-11 10:25:00,25253.38,25284.48,25245.39,25283.4,1621
2025-03-11 10:30:00,25283.4,25285.48,25265.89,25273.12,2446
2025-03-11 10:35:00,25273.12,25278.74,25270.09,25273.02,1982
2025-03-11 10:40:00,25273.02,25291.76,25252.36,25257.61,1747
2025-03-11 10:45:00,25257.61,25258.47,25204.48,25225.31,4989
2025-03-11 10:50:00,25225.31,25226.35,25178.99,25182.77,1019
2025-03-11 10:55:00,25182.77,25184.62,25162.74,25183.29,3756
2025-03-11 11:00:00,25183.29,25188.8,25180.19,25188.1,1622
2025-03-11 11:05:00,25188.1,25204.07,25154.49,25173.15,4380
2025-03-11 11:10:00,25173.15,25214.05,25163.97,25206.72,3387
2025-03-11 11:15:00,25206.72,25213.47,25114.39,25129.83,3612
2025-03-11 11:20:00,25129.83,25155.35,25127.62,25131.25,4463
2025-03-11 11:25:00,25131.25,25145.05,25079.88,25080.64,4036
2025-03-11 11:30:00,25080.64,25098.8,25054.12,25060.17,4525
2025-03-11 11:35:00,25060.17,25079.26,25039.76,25057.86,4567
2025-03-11 11:40:00,25057.86,25067.56,25051.7,25057.29,3024
2025-03-11 11:45:00,25057.29,25064.28,25007.41,25028.08,1421
2025-03-11 11:50:00,25028.08,25035.69,25000.45,25010.9,4422
2025-03-11 11:55:00,25010.9,25026.45,24991.03,25019.67,2784
2025-03-11 12:00:00,25019.67,25073.13,25017.92,25058.2,1613
2025-03-11 12:05:00,25058.2,25067.14,25035.06,25038.25,4536
2025-03-11 12:10:00,25038.25,25043.13,24969.67,24977.07,1095
2025-03-11 12:15:00,24977.07,25010.67,24973.74,24995.71,1851
2025-03-11 12:20:00,24995.71,25064.88,24988.92,25035.16,3766
2025-03-11 12:25:00,25035.16,25044.31,24994.22,25011.04,3413
2025-03-11 12:30:00,25011.04,25020.97,24996.78,25019.6,1214
2025-03-11 12:35:00,25019.6,25029.2,24997.59,25003.7,3402
2025-03-11 12:40:00,25003.7,25033.13,24992.78,25030.88,4206
2025-03-11 12:45:00,25030.88,25046.3,24964.54,24989.52,3578
2025-03-11 12:50:00,24989.52,25011.37,24952.04,24955.62,4415
2025-03-11 12:55:00,24955.62,24969.61,24928.41,24932.71,1328
2025-03-11 13:00:00,24932.71,24974.79,24918.68,24963.2,2355
2025-03-11 13:05:00,24963.2,24990.66,24952.89,24974.5,3914
2025-03-11 13:10:00,24974.5,25000.94,24968.28,24989.7,4039
2025-03-11 13:15:00,24989.7,24992.94,24979.89,24986.22,2742
2025-03-11 13:20:00,24986.22,25055.34,24970.85,25050.67,1782
2025-03-11 13:25:00,25050.67,25079.68,25049.13,25076.39,4345
2025-03-11 13:30:00,25076.39,25110.09,25075.51,25098.26,4848
2025-03-11 13:35:00,25098.26,25117.7,25058.8,25060.11,3176
2025-03-11 13:40:00,25060.11,25075.06,25051.34,25073.87,1361
2025-03-11 13:45:00,25073.87,25089.72,25058.86,25073.44,2678
2025-03-11 13:50:00,25073.44,25109.47,25071.74,25099.97,4175
2025-03-11 13:55:00,25099.97,25108.12,25080.78,25083.84,3615
2025-03-11 14:00:00,25083.84,25101.14,25082.37,25094.93,2489
2025-03-11 14:05:00,25094.93,25098.56,25054.31,25057.29,1732
2025-03-11 14:10:00,25057.29,25092.57,25054.16,25090.67,4319
2025-03-11 14:15:00,25090.67,25092.75,25066.03,25079.14,1631
2025-03-11 14:20:00,25079.14,25085.1,25005.83,25010.15,4002
2025-03-11 14:25:00,25010.15,25011.79,24957.82,24984.01,1741
2025-03-11 14:30:00,24984.01,24994.0,24945.41,24953.18,4271
2025-03-11 14:35:00,24953.18,24960.57,24931.24,24953.74,2480
2025-03-11 14:40:00,24953.74,25039.72,24936.19,25021.92,3787
2025-03-11 14:45:00,25021.92,25069.32,24987.48,25065.28,2394
2025-03-11 14:50:00,25065.28,25065.41,25030.68,25038.36,3403
2025-03-11 14:55:00,25038.36,25052.96,25020.45,25024.65,2214
2025-03-11 15:00:00,25024.65,25039.11,25007.43,25031.39,2373
2025-03-11 15:05:00,25031.39,25084.21,25024.55,25082.06,1143
2025-03-11 15:10:00,25082.06,25158.48,25065.37,25131.69,2602
2025-03-11 15:15:00,25131.69,25137.5,25086.02,25104.91,3941
2025-03-11 15:20:00,25104.91,25119.75,25062.64,25074.82,2311
2025-03-11 15:25:00,25074.82,25080.47,25066.14,25077.0,2437
2025-03-12 09:15:00,24972.79,24986.26,24972.2,24981.35,3496
2025-03-12 09:20:00,24981.35,24996.2,24928.17,24937.1,3317
2025-03-12 09:25:00,24937.1,24944.35,24851.95,24868.0,1821
2025-03-12 09:30:00,24868.0,24903.1,24858.92,24891.02,4848
2025-03-12 09:35:00,24891.02,24905.83,24860.29,24862.55,3346
2025-03-12 09:40:00,24862.55,24961.33,24840.25,24942.01,3479
2025-03-12 09:45:00,24942.01,24955.6,24829.85,24840.76,4041
2025-03-12 09:50:00,24840.76,24855.33,24818.67,24828.91,2953
2025-03-12 09:55:00,24828.91,24829.38,24795.63,24796.03,4453
2025-03-12 10:00:00,24796.03,24820.67,24790.28,24807.85,1604
2025-03-12 10:05:00,24807.85,24835.51,24800.55,24829.85,2762
2025-03-12 10:10:00,24829.85,24851.82,24812.52,24841.05,2628
2025-03-12 10:15:00,24841.05,24864.98,24828.82,24852.35,4086
2025-03-12 10:20:00,24852.35,24860.76,24828.45,24836.48,4948
2025-03-12 10:25:00,24836.48,24869.37,24827.83,24858.14,4110
2025-03-12 10:30:00,24858.14,24863.9,24825.9,24825.96,4924
2025-03-12 10:35:00,24825.96,24867.78,24805.91,24855.94,3916
2025-03-12 10:40:00,24855.94,24933.37,24849.12,24900.77,3272
2025-03-12 10:45:00,24900.77,24903.9,24893.64,24896.46,3823
2025-03-12 10:50:00,24896.46,24920.04,24894.14,24911.01,3326
2025-03-12 10:55:00,24911.01,24918.19,24867.34,24874.21,1575
2025-03-12 11:00:00,24874.21,24883.09,24854.38,24870.36,4798
2025-03-12 11:05:00,24870.36,24921.4,24850.36,24914.86,4131
2025-03-12 11:10:00,24914.86,24925.69,24901.56,24912.1,3623
2025-03-12 11:15:00,24912.1,24937.44,24909.68,24929.5,3674
2025-03-12 11:20:00,24929.5,24981.02,24915.09,24964.07,2035
2025-03-12 11:25:00,24964.07,24973.7,24958.75,24960.13,3312
2025-03-12 11:30:00,24960.13,24964.09,24900.59,24924.33,4422
2025-03-12 11:35:00,24924.33,24988.34,24909.12,24975.94,1615
2025-03-12 11:40:00,24975.94,24989.65,24958.67,24961.87,4306
2025-03-12 11:45:00,24961.87,24966.17,24944.0,24950.81,3854
2025-03-12 11:50:00,24950.81,24965.79,24934.47,24944.36,1753
2025-03-12 11:55:00,24944.36,24946.62,24941.86,24942.01,1751
2025-03-12 12:00:00,24942.01,24950.17,24933.65,24940.14,1048
2025-03-12 12:05:00,24940.14,24945.51,24894.9,24897.29,2092
2025-03-12 12:10:00,24897.29,24928.46,24890.16,24911.22,3662
2025-03-12 12:15:00,24911.22,24928.74,24866.27,24874.77,2652
2025-03-12 12:20:00,24874.77,24932.14,24873.57,24921.43,4516
2025-03-12 12:25:00,24921.43,24948.16,24916.85,24937.17,4479
2025-03-12 12:30:00,24937.17,24945.26,24913.99,24924.63,3471
2025-03-12 12:35:00,24924.63,24956.86,24915.19,24920.04,3965
2025-03-12 12:40:00,24920.04,24972.38,24898.12,24971.19,2548
2025-03-12 12:45:00,24971.19,25006.21,24955.22,24995.25,1660
2025-03-12 12:50:00,24995.25,25009.07,24988.26,25006.03,4482
2025-03-12 12:55:00,25006.03,25013.52,24960.49,24976.43,2977
2025-03-12 13:00:00,24976.43,24981.53,24966.0,24967.51,1614
2025-03-12 13:05:00,24967.51,25009.69,24963.64,24990.17,4839
2025-03-12 13:10:00,24990.17,24991.63,24966.77,24978.07,3070
2025-03-12 13:15:00,24978.07,24995.64,24938.26,24947.43,2878
2025-03-12 13:20:00,24947.43,24949.93,24908.46,24934.94,2193
2025-03-12 13:25:00,24934.94,24965.44,24916.49,24962.8,4247
2025-03-12 13:30:00,24962.8,24965.42,24955.04,24963.37,1302
2025-03-12 13:35:00,24963.37,24966.04,24948.16,24950.34,4182
2025-03-12 13:40:00,24950.34,24960.96,24941.11,24956.71,1315
2025-03-12 13:45:00,24956.71,24974.7,24896.36,24900.02,3983
2025-03-12 13:50:00,24900.02,24949.13,24894.28,24944.41,1615
2025-03-12 13:55:00,24944.41,24997.99,24922.61,24987.74,4915
2025-03-12 14:00:00,24987.74,25003.87,24931.27,24947.97,2694
2025-03-12 14:05:00,24947.97,24956.85,24936.65,24945.61,4584
2025-03-12 14:10:00,24945.61,24980.68,24939.5,24977.62,3724
2025-03-12 14:15:00,24977.62,25023.9,24973.09,25003.91,3123
2025-03-12 14:20:00,25003.91,25005.07,24944.33,24959.74,4575
2025-03-12 14:25:00,24959.74,24972.45,24923.02,24941.13,2861
2025-03-12 14:30:00,24941.13,24957.13,24930.78,24952.35,3106
2025-03-12 14:35:00,24952.35,24992.12,24939.98,24974.4,3713
2025-03-12 14:40:00,24974.4,25002.19,24957.25,24999.2,4735
2025-03-12 14:45:00,24999.2,25039.97,24991.19,25025.83,3613
2025-03-12 14:50:00,25025.83,25049.27,25021.4,25041.61,4343
2025-03-12 14:55:00,25041.61,25045.73,25013.26,25025.69,3829
2025-03-12 15:00:00,25025.69,25049.33,24999.57,25007.66,1031
2025-03-12 15:05:00,25007.66,25087.88,25007.34,25069.31,2982
2025-03-12 15:10:00,25069.31,25070.78,25058.91,25068.42,1503
2025-03-12 15:15:00,25068.42,25073.18,25047.4,25056.07,2648
2025-03-12 15:20:00,25056.07,25064.36,24997.99,25020.02,2008
2025-03-12 15:25:00,25020.02,25048.04,25008.68,25017.8,1701
2025-03-13 09:15:00,24793.5,24813.12,24789.94,24796.49,3051
2025-03-13 09:20:00,24796.49,24856.91,24787.14,24856.63,4030
2025-03-13 09:25:00,24856.63,24882.45,24812.34,24820.44,1144
2025-03-13 09:30:00,24820.44,24836.69,24807.89,24830.04,4575
2025-03-13 09:35:00,24830.04,24889.18,24815.63,24872.79,2683
2025-03-13 09:40:00,24872.79,24926.37,24861.77,24895.25,1928
2025-03-13 09:45:00,24895.25,24950.67,24892.02,24945.44,3452
2025-03-13 09:50:00,24945.44,24965.09,24915.93,24929.67,1138
2025-03-13 09:55:00,24929.67,24937.29,24895.04,24902.78,2510
2025-03-13 10:00:00,24902.78,24925.95,24899.5,24915.85,3067
2025-03-13 10:05:00,24915.85,24922.42,24827.6,24840.02,2248
2025-03-13 10:10:00,24840.02,24869.37,24839.56,24852.37,4318
2025-03-13 10:15:00,24852.37,24868.01,24815.25,24823.28,4893
2025-03-13 10:20:00,24823.28,24836.12,24808.1,24834.74,2039
2025-03-13 10:25:00,24834.74,24836.5,24784.31,24797.94,1899
2025-03-13 10:30:00,24797.94,24832.03,24774.73,24783.75,4944
2025-03-13 10:35:00,24783.75,24804.33,24776.19,24794.83,1839
2025-03-13 10:40:00,24794.83,24801.53,24767.67,24782.97,4510
2025-03-13 10:45:00,24782.97,24837.35,24774.29,24820.7,3548
2025-03-13 10:50:00,24820.7,24823.04,24796.56,24806.58,2824
2025-03-13 10:55:00,24806.58,24836.93,24797.03,24804.13,1168
2025-03-13 11:00:00,24804.13,24810.81,24769.81,24788.39,1381
2025-03-13 11:05:00,24788.39,24806.58,24775.38,24787.7,1422
2025-03-13 11:10:00,24787.7,24793.84,24784.0,24790.61,2261
2025-03-13 11:15:00,24790.61,24814.92,24780.08,24788.05,4388
2025-03-13 11:20:00,24788.05,24819.91,24771.37,24808.98,3328
2025-03-13 11:25:00,24808.98,24810.64,24792.13,24801.96,2072
2025-03-13 11:30:00,24801.96,24809.39,24795.18,24798.21,3989
2025-03-13 11:35:00,24798.21,24804.39,24775.22,24777.82,4953
2025-03-13 11:40:00,24777.82,24788.2,24773.25,24784.3,1489
2025-03-13 11:45:00,24784.3,24816.52,24780.01,24814.76,1333
2025-03-13 11:50:00,24814.76,24863.34,24814.57,24854.68,1038
2025-03-13 11:55:00,24854.68,24885.44,24850.29,24883.67,2395
2025-03-13 12:00:00,24883.67,24900.96,24846.69,24862.79,3348
2025-03-13 12:05:00,24862.79,24890.78,24836.26,24843.31,3287
2025-03-13 12:10:00,24843.31,24845.12,24820.5,24824.63,4758
2025-03-13 12:15:00,24824.63,24881.6,24820.99,24868.88,3250
2025-03-13 12:20:00,24868.88,24896.12,24851.81,24894.11,2432
2025-03-13 12:25:00,24894.11,24928.53,24885.34,24917.31,4528
2025-03-13 12:30:00,24917.31,24943.22,24879.05,24912.41,1873
2025-03-13 12:35:00,24912.41,24921.56,24907.2,24907.73,1499
2025-03-13 12:40:00,24907.73,24908.86,24852.29,24859.49,1155
2025-03-13 12:45:00,24859.49,24918.34,24843.01,24915.58,2282
2025-03-13 12:50:00,24915.58,24936.89,24908.38,24924.04,3449
2025-03-13 12:55:00,24924.04,24974.08,24923.59,24969.64,2779
2025-03-13 13:00:00,24969.64,24987.37,24949.73,24975.77,3944
2025-03-13 13:05:00,24975.77,24985.16,24959.21,24959.27,4986
2025-03-13 13:10:00,24959.27,24960.77,24917.7,24923.92,4629
2025-03-13 13:15:00,24923.92,24953.74,24917.48,24939.0,2547
2025-03-13 13:20:00,24939.0,25004.71,24927.19,24985.88,4683
2025-03-13 13:25:00,24985.88,25025.42,24972.76,25010.11,3136
2025-03-13 13:30:00,25010.11,25030.51,24920.66,24936.1,2995
2025-03-13 13:35:00,24936.1,24940.43,24884.41,24911.45,3230
2025-03-13 13:40:00,24911.45,24921.94,24908.52,24918.93,4109
2025-03-13 13:45:00,24918.93,24924.12,24866.04,24876.59,3920
2025-03-13 13:50:00,24876.59,24891.81,24830.67,24833.91,2956
2025-03-13 13:55:00,24833.91,24846.12,24819.36,24826.36,4006
2025-03-13 14:00:00,24826.36,24849.56,24809.92,24812.7,4355
2025-03-13 14:05:00,24812.7,24869.92,24787.06,24856.99,3294
2025-03-13 14:10:00,24856.99,24952.87,24851.95,24921.33,1325
2025-03-13 14:15:00,24921.33,24979.28,24880.57,24966.39,3947
2025-03-13 14:20:00,24966.39,25013.51,24945.89,25011.27,4939
2025-03-13 14:25:00,25011.27,25026.09,24996.01,25007.53,3406
2025-03-13 14:30:00,25007.53,25043.78,24997.51,25027.62,1275
2025-03-13 14:35:00,25027.62,25058.65,25014.8,25042.79,1250
2025-03-13 14:40:00,25042.79,25108.33,25039.08,25102.35,2987
2025-03-13 14:45:00,25102.35,25135.94,25090.19,25126.54,1134
2025-03-13 14:50:00,25126.54,25204.84,25121.25,25188.51,2907
2025-03-13 14:55:00,25188.51,25207.07,25151.61,25158.38,2836
2025-03-13 15:00:00,25158.38,25184.15,25144.96,25171.24,4528
2025-03-13 15:05:00,25171.24,25226.71,25167.28,25207.91,4456
2025-03-13 15:10:00,25207.91,25242.1,25158.39,25234.35,2900
2025-03-13 15:15:00,25234.35,25260.19,25222.75,25249.07,3056
2025-03-13 15:20:00,25249.07,25263.93,25231.88,25251.19,4879
2025-03-13 15:25:00,25251.19,25260.6,25205.18,25227.32,2427
2025-03-14 09:15:00,25036.62,25048.79,25032.59,25044.35,3602
2025-03-14 09:20:00,25044.35,25124.22,25029.76,25096.07,4374
2025-03-14 09:25:00,25096.07,25101.13,25086.68,25100.74,2203
2025-03-14 09:30:00,25100.74,25126.43,25098.41,25112.21,4383
2025-03-14 09:35:00,25112.21,25117.25,25101.63,25103.91,3300
2025-03-14 09:40:00,25103.91,25126.28,25102.49,25117.13,3077
2025-03-14 09:45:00,25117.13,25121.92,25113.94,25117.94,1231
2025-03-14 09:50:00,25117.94,25125.06,25060.05,25063.14,4354
2025-03-14 09:55:00,25063.14,25071.17,25036.37,25047.47,4934
2025-03-14 10:00:00,25047.47,25065.35,25030.07,25058.26,4066
2025-03-14 10:05:00,25058.26,25078.81,25056.8,25076.83,2880
2025-03-14 10:10:00,25076.83,25105.3,25058.9,25085.09,1324
2025-03-14 10:15:00,25085.09,25089.03,25022.87,25026.38,2852
2025-03-14 10:20:00,25026.38,25074.42,25011.42,25060.97,1701
2025-03-14 10:25:00,25060.97,25079.32,25033.23,25057.33,2749
2025-03-14 10:30:00,25057.33,25117.68,25040.77,25101.9,2650
2025-03-14 10:35:00,25101.9,25145.57,25100.09,25137.14,1353
2025-03-14 10:40:00,25137.14,25191.08,25136.91,25183.98,1222
2025-03-14 10:45:00,25183.98,25190.83,25163.18,25180.28,4629
2025-03-14 10:50:00,25180.28,25190.95,25173.52,25174.06,1354
2025-03-14 10:55:00,25174.06,25184.66,25173.95,25183.25,4176
2025-03-14 11:00:00,25183.25,25191.72,25157.9,25165.56,2083
2025-03-14 11:05:00,25165.56,25196.73,25147.74,25163.79,3371
2025-03-14 11:10:00,25163.79,25170.48,25162.39,25165.03,4565
2025-03-14 11:15:00,25165.03,25201.32,25153.61,25176.3,3171
2025-03-14 11:20:00,25176.3,25230.57,25174.68,25219.96,4578
2025-03-14 11:25:00,25219.96,25275.16,25219.49,25264.82,1944
2025-03-14 11:30:00,25264.82,25268.76,25240.42,25241.97,1008
2025-03-14 11:35:00,25241.97,25248.85,25207.67,25214.26,4204
2025-03-14 11:40:00,25214.26,25267.35,25208.82,25265.88,1101
2025-03-14 11:45:00,25265.88,25271.02,25239.75,25255.73,4435
2025-03-14 11:50:00,25255.73,25261.58,25239.59,25244.25,1347
2025-03-14 11:55:00,25244.25,25250.59,25177.95,25185.11,2658
2025-03-14 12:00:00,25185.11,25197.14,25141.03,25153.75,1836
2025-03-14 12:05:00,25153.75,25170.52,25112.15,25115.46,2984
2025-03-14 12:10:00,25115.46,25123.32,25076.58,25084.7,4305
2025-03-14 12:15:00,25084.7,25092.67,25071.26,25078.53,4476
2025-03-14 12:20:00,25078.53,25131.25,25072.08,25113.68,3219
2025-03-14 12:25:00,25113.68,25151.71,25105.85,25135.69,2054
2025-03-14 12:30:00,25135.69,25167.68,25108.02,25151.12,1997
2025-03-14 12:35:00,25151.12,25208.72,25144.8,25194.69,1188
2025-03-14 12:40:00,25194.69,25198.94,25164.46,25164.89,2995
2025-03-14 12:45:00,25164.89,25184.12,25148.85,25172.83,4348
2025-03-14 12:50:00,25172.83,25199.04,25161.05,25176.19,2152
2025-03-14 12:55:00,25176.19,25186.7,25163.77,25171.67,2712
2025-03-14 13:00:00,25171.67,25204.61,25165.68,25199.51,1703
2025-03-14 13:05:00,25199.51,25202.57,25153.2,25170.88,3483
2025-03-14 13:10:00,25170.88,25176.4,25125.97,25140.77,2969
2025-03-14 13:15:00,25140.77,25149.87,25128.92,25133.04,3027
2025-03-14 13:20:00,25133.04,25145.84,25118.13,25139.29,4770
2025-03-14 13:25:00,25139.29,25167.85,25124.96,25167.02,3454
2025-03-14 13:30:00,25167.02,25177.84,25160.3,25164.54,3591
2025-03-14 13:35:00,25164.54,25173.19,25145.12,25148.58,3150
2025-03-14 13:40:00,25148.58,25159.69,25130.02,25140.57,1556
2025-03-14 13:45:00,25140.57,25150.43,25134.4,25136.55,3828
2025-03-14 13:50:00,25136.55,25159.48,25107.37,25149.43,3772
2025-03-14 13:55:00,25149.43,25186.5,25133.52,25179.76,2368
2025-03-14 14:00:00,25179.76,25190.86,25142.21,25147.35,3229
2025-03-14 14:05:00,25147.35,25148.58,25116.25,25137.94,1976
2025-03-14 14:10:00,25137.94,25175.84,25128.21,25156.6,1455
2025-03-14 14:15:00,25156.6,25157.31,25103.87,25108.11,2647
2025-03-14 14:20:00,25108.11,25108.3,25086.62,25101.54,4462
2025-03-14 14:25:00,25101.54,25106.99,25085.04,25088.02,4431
2025-03-14 14:30:00,25088.02,25138.6,25071.88,25137.01,3812
2025-03-14 14:35:00,25137.01,25142.14,25129.23,25139.45,3193
2025-03-14 14:40:00,25139.45,25157.79,25122.55,25137.82,1281
2025-03-14 14:45:00,25137.82,25174.42,25124.04,25131.16,4364
2025-03-14 14:50:00,25131.16,25144.51,25129.58,25142.7,2123
2025-03-14 14:55:00,25142.7,25150.85,25081.38,25099.86,1009
2025-03-14 15:00:00,25099.86,25111.72,25043.43,25053.61,1971
2025-03-14 15:05:00,25053.61,25061.65,25023.13,25032.39,3553
2025-03-14 15:10:00,25032.39,25035.24,25007.48,25011.97,2620
2025-03-14 15:15:00,25011.97,25041.19,24956.23,24967.7,2674
2025-03-14 15:20:00,24967.7,24983.75,24924.99,24929.7,1074
2025-03-14 15:25:00,24929.7,24972.35,24920.38,24961.2,2394
2025-03-17 09:15:00,24784.33,24803.45,24774.16,24785.73,3667
2025-03-17 09:20:00,24785.73,24795.63,24764.67,24770.67,4083
2025-03-17 09:25:00,24770.67,24774.01,24763.62,24771.79,3538
2025-03-17 09:30:00,24771.79,24772.94,24743.83,24758.39,4529
2025-03-17 09:35:00,24758.39,24767.24,24733.45,24740.79,1586
2025-03-17 09:40:00,24740.79,24789.97,24725.69,24782.89,4949
2025-03-17 09:45:00,24782.89,24808.62,24736.22,24738.03,3921
2025-03-17 09:50:00,24738.03,24771.68,24730.35,24761.74,2054
2025-03-17 09:55:00,24761.74,24801.29,24757.13,24796.95,3641
2025-03-17 10:00:00,24796.95,24848.95,24794.87,24840.82,4633
2025-03-17 10:05:00,24840.82,24886.51,24815.47,24867.19,2399
2025-03-17 10:10:00,24867.19,24906.33,24859.41,24880.48,4363
2025-03-17 10:15:00,24880.48,24899.12,24856.21,24894.34,4602
2025-03-17 10:20:00,24894.34,24905.53,24830.55,24841.01,2023
2025-03-17 10:25:00,24841.01,24843.37,24821.01,24825.0,3528
2025-03-17 10:30:00,24825.0,24859.05,24805.81,24806.34,2210
2025-03-17 10:35:00,24806.34,24837.56,24798.71,24834.63,4543
2025-03-17 10:40:00,24834.63,24862.86,24831.97,24852.57,1192
2025-03-17 10:45:00,24852.57,24863.63,24792.83,24809.55,2075
2025-03-17 10:50:00,24809.55,24892.33,24797.18,24863.14,3839
2025-03-17 10:55:00,24863.14,24873.43,24860.67,24862.6,4831
2025-03-17 11:00:00,24862.6,24936.04,24861.73,24931.38,3377
2025-03-17 11:05:00,24931.38,24966.79,24917.56,24955.24,4328
2025-03-17 11:10:00,24955.24,24974.0,24912.76,24935.45,3883
2025-03-17 11:15:00,24935.45,24972.66,24933.47,24952.73,1262
2025-03-17 11:20:00,24952.73,24980.96,24951.61,24977.58,4349
2025-03-17 11:25:00,24977.58,25010.2,24975.93,25006.58,4173
2025-03-17 11:30:00,25006.58,25031.59,24987.07,25028.13,3646
2025-03-17 11:35:00,25028.13,25050.74,24992.63,24998.07,4542
2025-03-17 11:40:00,24998.07,25048.36,24988.66,25033.55,2776
2025-03-17 11:45:00,25033.55,25044.35,25008.66,25032.65,1053
2025-03-17 11:50:00,25032.65,25035.7,24988.54,24998.95,2124
2025-03-17 11:55:00,24998.95,25004.5,24994.68,24998.25,2257
2025-03-17 12:00:00,24998.25,25006.71,24976.45,24978.82,1512
2025-03-17 12:05:00,24978.82,24986.36,24965.53,24969.71,2363
2025-03-17 12:10:00,24969.71,24982.58,24962.15,24962.84,3952
2025-03-17 12:15:00,24962.84,24974.51,24949.7,24962.72,3488
2025-03-17 12:20:00,24962.72,24964.9,24909.23,24923.72,4140
2025-03-17 12:25:00,24923.72,24953.97,24921.17,24928.18,3425
2025-03-17 12:30:00,24928.18,24931.95,24915.78,24928.44,2995
2025-03-17 12:35:00,24928.44,24933.52,24913.58,24924.19,2381
2025-03-17 12:40:00,24924.19,24950.93,24917.78,24948.71,1418
2025-03-17 12:45:00,24948.71,24976.2,24946.45,24954.53,4944
2025-03-17 12:50:00,24954.53,24969.07,24878.38,24883.0,2752
2025-03-17 12:55:00,24883.0,24883.0,24850.67,24861.43,2036
2025-03-17 13:00:00,24861.43,24876.81,24861.08,24876.77,3006
2025-03-17 13:05:00,24876.77,24878.22,24847.34,24858.09,4896
2025-03-17 13:10:00,24858.09,24876.52,24803.4,24817.72,3911
2025-03-17 13:15:00,24817.72,24825.41,24801.53,24817.0,4514
2025-03-17 13:20:00,24817.0,24844.58,24802.6,24806.83,4374
2025-03-17 13:25:00,24806.83,24836.94,24795.15,24831.26,4718
2025-03-17 13:30:00,24831.26,24860.11,24814.22,24849.54,3995
2025-03-17 13:35:00,24849.54,24862.31,24828.93,24831.08,1406
2025-03-17 13:40:00,24831.08,24844.03,24787.92,24793.11,4987
2025-03-17 13:45:00,24793.11,24877.92,24786.1,24867.15,2342
2025-03-17 13:50:00,24867.15,24881.06,24848.41,24852.83,2714
2025-03-17 13:55:00,24852.83,24855.02,24833.37,24838.27,3513
2025-03-17 14:00:00,24838.27,24853.63,24805.42,24820.17,1851
2025-03-17 14:05:00,24820.17,24833.45,24815.47,24831.63,2767
2025-03-17 14:10:00,24831.63,24844.29,24812.63,24813.64,3462
2025-03-17 14:15:00,24813.64,24864.9,24803.9,24860.86,3359
2025-03-17 14:20:00,24860.86,24921.78,24842.73,24916.34,3896
2025-03-17 14:25:00,24916.34,24918.13,24882.51,24889.26,4473
2025-03-17 14:30:00,24889.26,24918.24,24866.73,24906.51,1089
2025-03-17 14:35:00,24906.51,24918.38,24879.3,24893.9,1011
2025-03-17 14:40:00,24893.9,24944.07,24892.5,24930.82,2623
2025-03-17 14:45:00,24930.82,24935.08,24900.62,24928.61,2385
2025-03-17 14:50:00,24928.61,24963.3,24915.5,24956.81,4857
2025-03-17 14:55:00,24956.81,24990.86,24955.51,24977.09,3213
2025-03-17 15:00:00,24977.09,24978.71,24926.09,24940.2,1489
2025-03-17 15:05:00,24940.2,24983.78,24928.56,24970.2,3366
2025-03-17 15:10:00,24970.2,24990.35,24961.81,24967.62,1584
2025-03-17 15:15:00,24967.62,24981.97,24915.72,24918.92,2105
2025-03-17 15:20:00,24918.92,24944.0,24913.64,24919.5,2440
2025-03-17 15:25:00,24919.5,24943.02,24904.98,24938.12,2201
2025-03-18 09:15:00,24996.75,25017.59,24987.7,25006.82,1424
2025-03-18 09:20:00,25006.82,25044.13,24995.84,25035.45,4024
2025-03-18 09:25:00,25035.45,25041.64,25000.3,25017.55,2762
2025-03-18 09:30:00,25017.55,25047.92,25010.19,25043.82,1968
2025-03-18 09:35:00,25043.82,25087.34,25032.16,25069.18,1300
2025-03-18 09:40:00,25069.18,25088.75,25021.96,25047.99,3150
2025-03-18 09:45:00,25047.99,25055.14,25033.78,25055.08,2501
2025-03-18 09:50:00,25055.08,25102.33,25033.98,25098.05,1450
2025-03-18 09:55:00,25098.05,25120.11,25049.08,25067.73,2836
2025-03-18 10:00:00,25067.73,25086.78,25048.27,25063.1,3059
2025-03-18 10:05:00,25063.1,25066.93,25040.34,25049.15,3824
2025-03-18 10:10:00,25049.15,25055.58,25022.29,25040.26,1396
2025-03-18 10:15:00,25040.26,25048.13,25014.58,25029.25,3108
2025-03-18 10:20:00,25029.25,25037.16,25027.05,25035.24,2550
2025-03-18 10:25:00,25035.24,25047.75,25026.26,25039.47,4278
2025-03-18 10:30:00,25039.47,25048.67,25035.93,25048.6,1622
2025-03-18 10:35:00,25048.6,25121.6,25036.25,25115.9,3772
2025-03-18 10:40:00,25115.9,25195.94,25115.47,25185.48,3650
2025-03-18 10:45:00,25185.48,25244.02,25177.07,25240.7,1557
2025-03-18 10:50:00,25240.7,25336.31,25237.84,25325.06,4246
2025-03-18 10:55:00,25325.06,25377.34,25323.6,25361.72,1839
2025-03-18 11:00:00,25361.72,25368.85,25316.85,25329.98,3930
2025-03-18 11:05:00,25329.98,25331.89,25308.73,25321.18,3726
2025-03-18 11:10:00,25321.18,25370.71,25317.34,25349.74,3529
2025-03-18 11:15:00,25349.74,25380.52,25349.44,25365.72,1453
2025-03-18 11:20:00,25365.72,25381.65,25321.03,25327.88,1619
2025-03-18 11:25:00,25327.88,25373.88,25311.85,25355.89,3410
2025-03-18 11:30:00,25355.89,25370.79,25330.13,25331.6,4569
2025-03-18 11:35:00,25331.6,25343.67,25328.69,25340.26,3612
2025-03-18 11:40:00,25340.26,25359.45,25333.67,25354.88,4755
2025-03-18 11:45:00,25354.88,25363.74,25321.74,25334.14,4473
2025-03-18 11:50:00,25334.14,25348.07,25294.49,25315.99,3847
2025-03-18 11:55:00,25315.99,25337.33,25297.93,25324.53,3168
2025-03-18 12:00:00,25324.53,25366.02,25305.82,25321.66,2275
2025-03-18 12:05:00,25321.66,25348.24,25271.06,25330.62,2379
2025-03-18 12:10:00,25330.62,25337.62,25288.97,25296.98,2921
2025-03-18 12:15:00,25296.98,25306.64,25293.53,25304.85,1145
2025-03-18 12:20:00,25304.85,25313.81,25270.02,25290.82,4600
2025-03-18 12:25:00,25290.82,25296.89,25284.96,25294.01,2240
2025-03-18 12:30:00,25294.01,25305.72,25279.44,25288.29,3093
2025-03-18 12:35:00,25288.29,25292.66,25282.49,25286.48,2777
2025-03-18 12:40:00,25286.48,25304.13,25286.23,25298.29,1605
2025-03-18 12:45:00,25298.29,25312.56,25277.22,25289.84,3876
2025-03-18 12:50:00,25289.84,25314.33,25275.17,25308.41,3082
2025-03-18 12:55:00,25308.41,25313.74,25290.17,25300.58,1970
2025-03-18 13:00:00,25300.58,25343.16,25291.79,25340.38,2742
2025-03-18 13:05:00,25340.38,25350.32,25311.41,25319.21,1749
2025-03-18 13:10:00,25319.21,25346.37,25300.58,25343.0,3768
2025-03-18 13:15:00,25343.0,25348.74,25290.91,25303.86,4495
2025-03-18 13:20:00,25303.86,25335.19,25293.28,25332.9,2952
2025-03-18 13:25:00,25332.9,25344.68,25289.16,25302.27,4093
2025-03-18 13:30:00,25302.27,25340.56,25299.99,25325.31,1008
2025-03-18 13:35:00,25325.31,25325.64,25303.86,25304.28,1181
2025-03-18 13:40:00,25304.28,25306.44,25195.67,25202.11,4138
2025-03-18 13:45:00,25202.11,25215.7,25172.99,25180.83,4493
2025-03-18 13:50:00,25180.83,25199.46,25138.75,25158.87,1270
2025-03-18 13:55:00,25158.87,25162.36,25150.29,25151.61,4049
2025-03-18 14:00:00,25151.61,25180.27,25138.54,25172.93,2268
2025-03-18 14:05:00,25172.93,25177.99,25095.41,25112.86,1936
2025-03-18 14:10:00,25112.86,25121.38,25088.09,25096.29,3545
2025-03-18 14:15:00,25096.29,25158.02,25091.76,25150.71,1280
2025-03-18 14:20:00,25150.71,25198.73,25141.75,25188.92,4791
2025-03-18 14:25:00,25188.92,25217.9,25175.64,25178.4,2714
2025-03-18 14:30:00,25178.4,25197.11,25141.94,25154.79,4059
2025-03-18 14:35:00,25154.79,25160.11,25148.61,25155.33,1922
2025-03-18 14:40:00,25155.33,25177.68,25110.68,25112.14,3792
2025-03-18 14:45:00,25112.14,25137.21,25081.18,25081.63,1029
2025-03-18 14:50:00,25081.63,25087.07,25049.25,25051.1,1728
2025-03-18 14:55:00,25051.1,25100.16,25044.44,25093.93,4786
2025-03-18 15:00:00,25093.93,25104.3,25063.68,25087.2,4087
2025-03-18 15:05:00,25087.2,25101.82,25077.93,25081.23,2192
2025-03-18 15:10:00,25081.23,25097.23,25061.64,25063.9,2577
2025-03-18 15:15:00,25063.9,25071.2,25049.0,25057.88,1133
2025-03-18 15:20:00,25057.88,25063.7,25047.3,25051.95,2081
2025-03-18 15:25:00,25051.95,25111.99,25033.5,25087.99,1312
2025-03-19 09:15:00,25077.02,25114.82,25070.95,25101.55,1951
2025-03-19 09:20:00,25101.55,25113.79,25100.04,25108.52,2997
2025-03-19 09:25:00,25108.52,25144.14,25103.83,25137.91,3102
2025-03-19 09:30:00,25137.91,25170.44,25117.26,25119.9,3189
2025-03-19 09:35:00,25119.9,25123.96,25072.02,25086.08,3885
2025-03-19 09:40:00,25086.08,25105.46,25075.0,25090.26,4883
2025-03-19 09:45:00,25090.26,25130.89,25078.62,25108.52,4666
2025-03-19 09:50:00,25108.52,25136.21,25099.58,25134.72,1623
2025-03-19 09:55:00,25134.72,25169.6,25125.74,25169.13,4483
2025-03-19 10:00:00,25169.13,25177.07,25155.44,25164.34,3564
2025-03-19 10:05:00,25164.34,25176.28,25134.2,25155.88,4083
2025-03-19 10:10:00,25155.88,25176.63,25109.45,25117.85,4440
2025-03-19 10:15:00,25117.85,25119.79,25086.01,25087.56,4847
2025-03-19 10:20:00,25087.56,25120.4,25061.18,25103.74,3825
2025-03-19 10:25:00,25103.74,25112.75,25049.59,25052.74,2585
2025-03-19 10:30:00,25052.74,25053.34,25020.15,25028.78,2481
2025-03-19 10:35:00,25028.78,25080.16,25020.88,25061.0,3106
2025-03-19 10:40:00,25061.0,25061.46,25047.98,25051.0,1580
2025-03-19 10:45:00,25051.0,25055.94,25008.06,25031.26,2902
2025-03-19 10:50:00,25031.26,25039.54,25001.8,25036.88,3349
2025-03-19 10:55:00,25036.88,25067.68,25034.96,25061.85,1589
2025-03-19 11:00:00,25061.85,25084.62,25049.73,25071.66,4937
2025-03-19 11:05:00,25071.66,25107.77,25050.88,25103.04,4851
2025-03-19 11:10:00,25103.04,25115.23,25087.55,25111.1,3975
2025-03-19 11:15:00,25111.1,25162.74,25096.71,25152.03,3320
2025-03-19 11:20:00,25152.03,25183.7,25129.45,25167.37,2342
2025-03-19 11:25:00,25167.37,25232.92,25165.46,25220.8,3744
2025-03-19 11:30:00,25220.8,25235.42,25168.86,25187.4,1973
2025-03-19 11:35:00,25187.4,25191.6,25162.88,25183.68,1256
2025-03-19 11:40:00,25183.68,25207.43,25170.29,25201.67,1966
2025-03-19 11:45:00,25201.67,25230.33,25192.95,25224.3,4742
2025-03-19 11:50:00,25224.3,25245.19,25194.51,25204.34,4597
2025-03-19 11:55:00,25204.34,25220.89,25173.45,25187.51,2404
2025-03-19 12:00:00,25187.51,25190.82,25169.97,25174.41,4571
2025-03-19 12:05:00,25174.41,25189.38,25150.9,25159.27,3195
2025-03-19 12:10:00,25159.27,25176.04,25133.29,25138.92,3209
2025-03-19 12:15:00,25138.92,25156.57,25126.63,25146.9,3511
2025-03-19 12:20:00,25146.9,25165.71,25105.86,25116.01,3279
2025-03-19 12:25:00,25116.01,25131.91,25067.32,25069.93,2835
2025-03-19 12:30:00,25069.93,25114.2,25061.32,25103.24,3156
2025-03-19 12:35:00,25103.24,25115.56,25090.86,25091.16,2093
2025-03-19 12:40:00,25091.16,25096.41,25024.69,25035.58,3157
2025-03-19 12:45:00,25035.58,25062.11,25020.05,25058.96,3781
2025-03-19 12:50:00,25058.96,25075.53,25040.22,25043.53,1980
2025-03-19 12:55:00,25043.53,25047.79,25035.87,25046.12,3534
2025-03-19 13:00:00,25046.12,25049.49,25027.65,25031.46,3820
2025-03-19 13:05:00,25031.46,25096.82,25030.34,25090.41,1353
2025-03-19 13:10:00,25090.41,25105.1,25085.25,25098.44,4979
2025-03-19 13:15:00,25098.44,25180.63,25091.29,25174.47,3477
2025-03-19 13:20:00,25174.47,25192.16,25158.99,25182.31,1508
2025-03-19 13:25:00,25182.31,25186.81,25132.05,25134.99,4416
2025-03-19 13:30:00,25134.99,25215.68,25108.79,25204.65,3099
2025-03-19 13:35:00,25204.65,25320.0,25200.52,25311.76,1994
2025-03-19 13:40:00,25311.76,25330.43,25302.2,25328.02,3441
2025-03-19 13:45:00,25328.02,25339.18,25314.56,25315.43,4518
2025-03-19 13:50:00,25315.43,25321.04,25302.39,25319.91,3904
2025-03-19 13:55:00,25319.91,25338.44,25310.53,25318.85,4033
2025-03-19 14:00:00,25318.85,25369.86,25311.3,25349.57,3240
2025-03-19 14:05:00,25349.57,25395.15,25340.73,25390.07,4195
2025-03-19 14:10:00,25390.07,25413.93,25373.72,25397.8,4848
2025-03-19 14:15:00,25397.8,25420.46,25384.67,25404.49,3917
2025-03-19 14:20:00,25404.49,25405.49,25366.3,25372.31,1859
2025-03-19 14:25:00,25372.31,25384.55,25351.74,25366.58,4711
2025-03-19 14:30:00,25366.58,25382.84,25357.66,25378.58,3782
2025-03-19 14:35:00,25378.58,25398.53,25372.85,25388.98,4202
2025-03-19 14:40:00,25388.98,25419.52,25375.49,25398.7,3397
2025-03-19 14:45:00,25398.7,25408.43,25359.37,25375.69,1232
2025-03-19 14:50:00,25375.69,25389.19,25325.0,25328.33,1959
2025-03-19 14:55:00,25328.33,25341.38,25291.97,25307.1,3012
2025-03-19 15:00:00,25307.1,25325.43,25274.58,25276.57,3757
2025-03-19 15:05:00,25276.57,25287.45,25270.85,25287.2,2885
2025-03-19 15:10:00,25287.2,25288.87,25274.98,25277.26,3183
2025-03-19 15:15:00,25277.26,25280.07,25235.73,25236.32,1449
2025-03-19 15:20:00,25236.32,25256.87,25216.53,25222.51,2878
2025-03-19 15:25:00,25222.51,25234.29,25217.71,25229.93,1493
2025-03-20 09:15:00,25146.08,25195.88,25139.73,25193.37,3935
2025-03-20 09:20:00,25193.37,25217.54,25187.47,25216.67,3617
2025-03-20 09:25:00,25216.67,25234.46,25212.8,25233.31,2653
2025-03-20 09:30:00,25233.31,25283.97,25231.21,25263.41,4698
2025-03-20 09:35:00,25263.41,25271.28,25235.51,25243.66,3797
2025-03-20 09:40:00,25243.66,25246.17,25225.46,25232.58,3079
2025-03-20 09:45:00,25232.58,25236.17,25216.31,25236.01,4253
2025-03-20 09:50:00,25236.01,25237.8,25205.06,25210.33,3297
2025-03-20 09:55:00,25210.33,25224.01,25191.12,25223.53,2400
2025-03-20 10:00:00,25223.53,25233.34,25174.92,25187.67,2594
2025-03-20 10:05:00,25187.67,25191.44,25178.21,25180.9,4503
2025-03-20 10:10:00,25180.9,25186.49,25172.67,25181.46,3347
2025-03-20 10:15:00,25181.46,25206.32,25181.01,25197.76,3665
2025-03-20 10:20:00,25197.76,25209.51,25151.18,25153.5,2406
2025-03-20 10:25:00,25153.5,25164.24,25147.47,25148.65,3076
2025-03-20 10:30:00,25148.65,25161.62,25136.06,25160.52,2969
2025-03-20 10:35:00,25160.52,25166.3,25149.77,25151.6,2995
2025-03-20 10:40:00,25151.6,25165.65,25139.57,25150.28,3664
2025-03-20 10:45:00,25150.28,25174.47,25126.09,25129.3,4894
2025-03-20 10:50:00,25129.3,25138.26,25059.24,25066.36,1580
2025-03-20 10:55:00,25066.36,25081.0,25057.09,25077.81,4218
2025-03-20 11:00:00,25077.81,25140.41,25067.46,25137.12,1064
2025-03-20 11:05:00,25137.12,25143.37,25092.7,25116.15,2743
2025-03-20 11:10:00,25116.15,25140.13,25108.78,25117.62,1074
2025-03-20 11:15:00,25117.62,25127.26,25080.05,25089.28,3487
2025-03-20 11:20:00,25089.28,25097.38,25036.58,25049.43,3450
2025-03-20 11:25:00,25049.43,25092.98,25032.01,25076.95,4849
2025-03-20 11:30:00,25076.95,25096.31,25073.13,25093.82,3800
2025-03-20 11:35:00,25093.82,25096.42,25048.95,25055.72,3107
2025-03-20 11:40:00,25055.72,25089.12,25034.31,25080.51,4628
2025-03-20 11:45:00,25080.51,25091.68,25076.83,25080.0,4071
2025-03-20 11:50:00,25080.0,25087.47,25014.64,25041.12,4835
2025-03-20 11:55:00,25041.12,25045.37,24957.97,24965.61,4746
2025-03-20 12:00:00,24965.61,24974.48,24965.15,24966.88,4037
2025-03-20 12:05:00,24966.88,24974.62,24947.48,24951.73,1969
2025-03-20 12:10:00,24951.73,24953.21,24939.01,24951.93,2979
2025-03-20 12:15:00,24951.93,24974.95,24939.67,24961.59,4850
2025-03-20 12:20:00,24961.59,24996.04,24958.94,24986.63,3150
2025-03-20 12:25:00,24986.63,25038.69,24975.64,25034.75,3419
2025-03-20 12:30:00,25034.75,25060.14,25032.19,25059.59,3344
2025-03-20 12:35:00,25059.59,25066.71,25027.85,25040.14,4686
2025-03-20 12:40:00,25040.14,25042.55,25024.24,25032.38,2087
2025-03-20 12:45:00,25032.38,25039.32,25031.44,25031.59,4452
2025-03-20 12:50:00,25031.59,25042.75,24976.23,24983.08,3097
2025-03-20 12:55:00,24983.08,25036.84,24950.97,25018.27,2758
2025-03-20 13:00:00,25018.27,25023.54,24987.01,24989.05,1245
2025-03-20 13:05:00,24989.05,25013.06,24989.0,25000.15,2157
2025-03-20 13:10:00,25000.15,25016.61,24970.99,25013.96,4612
2025-03-20 13:15:00,25013.96,25033.37,25008.49,25024.0,4201
2025-03-20 13:20:00,25024.0,25028.69,24972.98,24974.85,2668
2025-03-20 13:25:00,24974.85,25001.44,24972.64,24994.62,1878
2025-03-20 13:30:00,24994.62,24995.72,24973.48,24989.38,3069
2025-03-20 13:35:00,24989.38,25003.87,24971.14,24972.67,3694
2025-03-20 13:40:00,24972.67,24988.92,24948.72,24963.37,4348
2025-03-20 13:45:00,24963.37,24990.84,24960.13,24972.19,4319
2025-03-20 13:50:00,24972.19,25004.01,24966.94,24989.65,3135
2025-03-20 13:55:00,24989.65,25040.3,24984.69,25019.18,1739
2025-03-20 14:00:00,25019.18,25037.09,24967.55,24979.06,4977
2025-03-20 14:05:00,24979.06,24979.44,24964.32,24967.8,3412
2025-03-20 14:10:00,24967.8,24970.11,24947.55,24959.41,1007
2025-03-20 14:15:00,24959.41,24988.45,24949.1,24985.68,1992
2025-03-20 14:20:00,24985.68,25013.98,24977.15,25008.36,4857
2025-03-20 14:25:00,25008.36,25016.38,24972.31,24973.96,4401
2025-03-20 14:30:00,24973.96,25017.62,24971.34,24995.47,3678
2025-03-20 14:35:00,24995.47,25003.46,24902.38,24923.51,3075
2025-03-20 14:40:00,24923.51,24933.27,24894.4,24904.88,1884
2025-03-20 14:45:00,24904.88,24949.8,24903.35,24921.77,2106
2025-03-20 14:50:00,24921.77,24939.42,24846.71,24849.75,4407
2025-03-20 14:55:00,24849.75,24856.04,24823.95,24851.49,4965
2025-03-20 15:00:00,24851.49,24869.23,24825.37,24830.48,3675
2025-03-20 15:05:00,24830.48,24834.98,24799.08,24814.78,3849
2025-03-20 15:10:00,24814.78,24818.42,24795.15,24804.77,3749
2025-03-20 15:15:00,24804.77,24806.58,24787.61,24800.02,3729
2025-03-20 15:20:00,24800.02,24806.91,24753.03,24760.77,4400
2025-03-20 15:25:00,24760.77,24769.52,24739.93,24758.6,2897
2025-03-21 09:15:00,24722.4,24761.22,24719.58,24747.46,2062
2025-03-21 09:20:00,24747.46,24759.63,24727.62,24729.52,2880
2025-03-21 09:25:00,24729.52,24730.87,24628.07,24639.33,1643
2025-03-21 09:30:00,24639.33,24681.07,24637.29,24675.66,3562
2025-03-21 09:35:00,24675.66,24694.59,24669.35,24693.15,2451
2025-03-21 09:40:00,24693.15,24712.07,24664.02,24675.71,1638
2025-03-21 09:45:00,24675.71,24678.96,24658.77,24659.96,1952
2025-03-21 09:50:00,24659.96,24665.89,24629.26,24641.1,3597
2025-03-21 09:55:00,24641.1,24649.53,24615.92,24618.47,3117
2025-03-21 10:00:00,24618.47,24630.62,24613.53,24617.37,4179
2025-03-21 10:05:00,24617.37,24621.08,24605.69,24608.05,2245
2025-03-21 10:10:00,24608.05,24655.01,24590.05,24650.67,3674
2025-03-21 10:15:00,24650.67,24685.02,24641.48,24677.81,3558
2025-03-21 10:20:00,24677.81,24691.15,24657.38,24662.88,2280
2025-03-21 10:25:00,24662.88,24665.61,24627.35,24633.03,4308
2025-03-21 10:30:00,24633.03,24635.05,24621.47,24625.13,3164
2025-03-21 10:35:00,24625.13,24635.58,24618.46,24630.4,3019
2025-03-21 10:40:00,24630.4,24684.88,24630.22,24674.64,2344
2025-03-21 10:45:00,24674.64,24678.08,24668.58,24673.41,4796
2025-03-21 10:50:00,24673.41,24719.76,24662.44,24701.24,2819
2025-03-21 10:55:00,24701.24,24723.86,24694.06,24706.75,4993
2025-03-21 11:00:00,24706.75,24710.87,24683.71,24699.11,3472
2025-03-21 11:05:00,24699.11,24716.2,24688.74,24704.43,3813
2025-03-21 11:10:00,24704.43,24720.19,24648.49,24649.9,4457
2025-03-21 11:15:00,24649.9,24659.05,24623.51,24637.05,4579
2025-03-21 11:20:00,24637.05,24644.42,24636.29,24642.22,4214
2025-03-21 11:25:00,24642.22,24696.23,24630.77,24695.45,4686
2025-03-21 11:30:00,24695.45,24696.44,24679.46,24694.87,4176
2025-03-21 11:35:00,24694.87,24734.35,24685.76,24731.26,4241
2025-03-21 11:40:00,24731.26,24758.99,24726.71,24756.24,2752
2025-03-21 11:45:00,24756.24,24770.66,24736.2,24766.46,4271
2025-03-21 11:50:00,24766.46,24789.48,24757.62,24781.55,1736
2025-03-21 11:55:00,24781.55,24786.22,24749.03,24764.81,2361
2025-03-21 12:00:00,24764.81,24780.47,24746.24,24749.29,3946
2025-03-21 12:05:00,24749.29,24765.01,24731.61,24759.76,4899
2025-03-21 12:10:00,24759.76,24770.75,24750.31,24770.2,3890
2025-03-21 12:15:00,24770.2,24800.85,24766.61,24790.71,3109
2025-03-21 12:20:00,24790.71,24836.14,24785.28,24817.7,4284
2025-03-21 12:25:00,24817.7,24832.87,24781.34,24804.93,1078
2025-03-21 12:30:00,24804.93,24855.87,24801.48,24831.4,3382
2025-03-21 12:35:00,24831.4,24862.34,24791.71,24816.75,3044
2025-03-21 12:40:00,24816.75,24823.06,24784.52,24800.61,4186
2025-03-21 12:45:00,24800.61,24859.61,24793.21,24830.33,1468
2025-03-21 12:50:00,24830.33,24858.47,24826.92,24836.93,4730
2025-03-21 12:55:00,24836.93,24844.68,24812.2,24826.03,4234
2025-03-21 13:00:00,24826.03,24840.89,24815.73,24840.71,4589
2025-03-21 13:05:00,24840.71,24860.51,24803.77,24819.26,3311
2025-03-21 13:10:00,24819.26,24882.05,24812.18,24872.18,2725
2025-03-21 13:15:00,24872.18,24876.62,24824.82,24838.01,3635
2025-03-21 13:20:00,24838.01,24840.08,24801.78,24804.08,4807
2025-03-21 13:25:00,24804.08,24859.24,24781.11,24844.44,1848
2025-03-21 13:30:00,24844.44,24893.42,24824.87,24877.36,1289
2025-03-21 13:35:00,24877.36,24885.23,24870.32,24881.61,2929
2025-03-21 13:40:00,24881.61,24885.53,24824.5,24831.02,1948
2025-03-21 13:45:00,24831.02,24833.79,24800.92,24822.94,4299
2025-03-21 13:50:00,24822.94,24828.44,24780.51,24796.5,2435
2025-03-21 13:55:00,24796.5,24880.59,24786.08,24855.39,1107
2025-03-21 14:00:00,24855.39,24866.03,24808.93,24810.2,1849
2025-03-21 14:05:00,24810.2,24822.15,24765.7,24779.45,2815
2025-03-21 14:10:00,24779.45,24827.97,24779.15,24804.46,1079
2025-03-21 14:15:00,24804.46,24809.33,24768.5,24777.47,4573
2025-03-21 14:20:00,24777.47,24808.33,24750.28,24756.03,2783
2025-03-21 14:25:00,24756.03,24757.08,24717.99,24724.74,2483
2025-03-21 14:30:00,24724.74,24727.72,24687.58,24705.26,1474
2025-03-21 14:35:00,24705.26,24732.46,24690.19,24696.06,3733
2025-03-21 14:40:00,24696.06,24726.67,24688.29,24722.4,1242
2025-03-21 14:45:00,24722.4,24743.28,24711.6,24714.95,4739
2025-03-21 14:50:00,24714.95,24718.43,24695.82,24701.38,2836
2025-03-21 14:55:00,24701.38,24702.03,24663.77,24665.86,2564
2025-03-21 15:00:00,24665.86,24713.14,24665.41,24712.4,1895
2025-03-21 15:05:00,24712.4,24721.08,24699.15,24718.62,4210
2025-03-21 15:10:00,24718.62,24730.73,24644.29,24667.04,2398
2025-03-21 15:15:00,24667.04,24687.32,24645.96,24651.59,4604
2025-03-21 15:20:00,24651.59,24670.65,24647.22,24649.95,3556
2025-03-21 15:25:00,24649.95,24724.76,24647.44,24719.24,1032
2025-03-24 09:15:00,24569.15,24577.18,24553.21,24566.89,2440
2025-03-24 09:20:00,24566.89,24594.41,24563.59,24570.04,4570
2025-03-24 09:25:00,24570.04,24575.22,24558.46,24559.62,4400
2025-03-24 09:30:00,24559.62,24566.48,24492.35,24502.52,4196
2025-03-24 09:35:00,24502.52,24535.45,24485.43,24518.11,2891
2025-03-24 09:40:00,24518.11,24593.15,24510.87,24589.37,2694
2025-03-24 09:45:00,24589.37,24626.3,24573.66,24612.17,2564
2025-03-24 09:50:00,24612.17,24634.75,24608.01,24620.17,1721
2025-03-24 09:55:00,24620.17,24630.04,24595.55,24601.28,4276
2025-03-24 10:00:00,24601.28,24652.13,24599.05,24650.98,4636
2025-03-24 10:05:00,24650.98,24659.7,24637.09,24643.66,1060
2025-03-24 10:10:00,24643.66,24662.46,24607.39,24619.94,1448
2025-03-24 10:15:00,24619.94,24716.36,24612.02,24715.68,1485
2025-03-24 10:20:00,24715.68,24733.81,24667.13,24676.44,1005
2025-03-24 10:25:00,24676.44,24748.48,24649.46,24747.55,3148
2025-03-24 10:30:00,24747.55,24753.31,24694.77,24727.26,1965
2025-03-24 10:35:00,24727.26,24793.67,24708.88,24773.76,2616
2025-03-24 10:40:00,24773.76,24786.4,24759.28,24763.81,1312
2025-03-24 10:45:00,24763.81,24772.07,24742.47,24748.14,2037
2025-03-24 10:50:00,24748.14,24753.83,24740.73,24751.53,1606
2025-03-24 10:55:00,24751.53,24769.79,24731.79,24758.64,1615
2025-03-24 11:00:00,24758.64,24786.3,24746.88,24776.67,1574
2025-03-24 11:05:00,24776.67,24788.67,24756.3,24778.4,3104
2025-03-24 11:10:00,24778.4,24844.3,24748.03,24823.4,1735
2025-03-24 11:15:00,24823.4,24828.41,24817.21,24823.86,3206
2025-03-24 11:20:00,24823.86,24829.37,24774.34,24782.64,4904
2025-03-24 11:25:00,24782.64,24790.64,24764.12,24768.29,1910
2025-03-24 11:30:00,24768.29,24803.59,24744.08,24790.21,2878
2025-03-24 11:35:00,24790.21,24798.05,24757.98,24760.55,1171
2025-03-24 11:40:00,24760.55,24780.77,24693.59,24710.97,3414
2025-03-24 11:45:00,24710.97,24711.19,24706.05,24706.33,3617
2025-03-24 11:50:00,24706.33,24719.09,24657.42,24659.25,1401
2025-03-24 11:55:00,24659.25,24670.85,24634.72,24638.87,2570
2025-03-24 12:00:00,24638.87,24643.59,24619.47,24630.49,1027
2025-03-24 12:05:00,24630.49,24639.72,24593.49,24604.99,4720
2025-03-24 12:10:00,24604.99,24632.94,24602.42,24615.79,3319
2025-03-24 12:15:00,24615.79,24636.52,24591.34,24605.38,3654
2025-03-24 12:20:00,24605.38,24628.68,24595.58,24626.6,4672
2025-03-24 12:25:00,24626.6,24657.43,24621.42,24639.78,4883
2025-03-24 12:30:00,24639.78,24694.12,24618.01,24675.84,4091
2025-03-24 12:35:00,24675.84,24685.46,24607.5,24618.9,3837
2025-03-24 12:40:00,24618.9,24651.67,24593.89,24629.56,3830
2025-03-24 12:45:00,24629.56,24629.68,24600.33,24602.08,2771
2025-03-24 12:50:00,24602.08,24612.74,24520.06,24545.64,4897
2025-03-24 12:55:00,24545.64,24546.66,24528.65,24537.4,2182
2025-03-24 13:00:00,24537.4,24559.2,24528.85,24547.38,1748
2025-03-24 13:05:00,24547.38,24558.07,24537.73,24549.57,1207
2025-03-24 13:10:00,24549.57,24552.4,24535.46,24541.25,3919
2025-03-24 13:15:00,24541.25,24546.16,24488.21,24499.65,1987
2025-03-24 13:20:00,24499.65,24506.86,24437.84,24461.23,4192
2025-03-24 13:25:00,24461.23,24464.45,24395.7,24415.46,1234
2025-03-24 13:30:00,24415.46,24454.12,24411.27,24445.46,1829
2025-03-24 13:35:00,24445.46,24452.1,24375.01,24378.66,1113
2025-03-24 13:40:00,24378.66,24404.77,24366.06,24390.77,4581
2025-03-24 13:45:00,24390.77,24412.99,24366.2,24376.4,1763
2025-03-24 13:50:00,24376.4,24437.87,24359.65,24429.23,3116
2025-03-24 13:55:00,24429.23,24436.86,24389.02,24407.04,2411
2025-03-24 14:00:00,24407.04,24440.56,24382.96,24422.77,4231
2025-03-24 14:05:00,24422.77,24430.36,24404.62,24412.79,2473
2025-03-24 14:10:00,24412.79,24461.31,24407.8,24448.56,4534
2025-03-24 14:15:00,24448.56,24449.75,24399.71,24406.51,4513
2025-03-24 14:20:00,24406.51,24445.05,24405.15,24438.1,2178
2025-03-24 14:25:00,24438.1,24470.57,24437.88,24466.37,2466
2025-03-24 14:30:00,24466.37,24470.42,24464.04,24468.37,4120
2025-03-24 14:35:00,24468.37,24468.89,24435.32,24438.87,4506
2025-03-24 14:40:00,24438.87,24455.87,24430.81,24440.63,1462
2025-03-24 14:45:00,24440.63,24459.05,24398.46,24433.4,2204
2025-03-24 14:50:00,24433.4,24452.57,24417.39,24417.46,1792
2025-03-24 14:55:00,24417.46,24443.64,24411.26,24442.7,1797
2025-03-24 15:00:00,24442.7,24453.79,24415.86,24426.67,1780
2025-03-24 15:05:00,24426.67,24446.67,24393.92,24420.79,4617
2025-03-24 15:10:00,24420.79,24426.32,24369.46,24396.14,2074
2025-03-24 15:15:00,24396.14,24417.5,24349.43,24362.41,3753
2025-03-24 15:20:00,24362.41,24378.01,24352.92,24356.9,2668
2025-03-24 15:25:00,24356.9,24405.54,24354.79,24395.13,2407
2025-03-25 09:15:00,24452.9,24479.37,24446.72,24461.42,1340
2025-03-25 09:20:00,24461.42,24468.66,24431.41,24459.39,3943
2025-03-25 09:25:00,24459.39,24460.73,24407.2,24422.54,2856
2025-03-25 09:30:00,24422.54,24481.97,24420.13,24466.51,1553
2025-03-25 09:35:00,24466.51,24515.0,24462.57,24485.02,1404
2025-03-25 09:40:00,24485.02,24524.79,24483.19,24503.87,2749
2025-03-25 09:45:00,24503.87,24513.31,24503.16,24503.93,1070
2025-03-25 09:50:00,24503.93,24548.93,24501.09,24535.08,3726
2025-03-25 09:55:00,24535.08,24571.38,24519.83,24563.63,4631
2025-03-25 10:00:00,24563.63,24571.84,24527.25,24556.66,4436
2025-03-25 10:05:00,24556.66,24594.01,24538.39,24593.09,1891
2025-03-25 10:10:00,24593.09,24627.29,24586.83,24614.76,2509
2025-03-25 10:15:00,24614.76,24665.5,24585.73,24664.63,3239
2025-03-25 10:20:00,24664.63,24697.47,24654.58,24685.85,2671
2025-03-25 10:25:00,24685.85,24705.2,24684.54,24700.77,2083
2025-03-25 10:30:00,24700.77,24710.87,24698.56,24709.91,3099
2025-03-25 10:35:00,24709.91,24720.45,24696.71,24697.11,3470
2025-03-25 10:40:00,24697.11,24704.18,24684.96,24694.91,4761
2025-03-25 10:45:00,24694.91,24704.39,24686.85,24687.57,3096
2025-03-25 10:50:00,24687.57,24706.14,24668.19,24673.99,1960
2025-03-25 10:55:00,24673.99,24715.45,24672.9,24713.66,3515
2025-03-25 11:00:00,24713.66,24726.18,24697.29,24712.08,4676
2025-03-25 11:05:00,24712.08,24713.63,24668.46,24679.49,3886
2025-03-25 11:10:00,24679.49,24730.56,24662.46,24726.84,4334
2025-03-25 11:15:00,24726.84,24739.28,24725.49,24729.35,2934
2025-03-25 11:20:00,24729.35,24738.39,24672.71,24679.21,4509
2025-03-25 11:25:00,24679.21,24714.24,24674.47,24699.17,4558
2025-03-25 11:30:00,24699.17,24718.19,24675.63,24677.92,2771
2025-03-25 11:35:00,24677.92,24683.05,24642.23,24655.29,4303
2025-03-25 11:40:00,24655.29,24670.09,24643.44,24669.15,3455
2025-03-25 11:45:00,24669.15,24696.59,24637.41,24680.02,1905
2025-03-25 11:50:00,24680.02,24707.62,24672.13,24696.5,3985
2025-03-25 11:55:00,24696.5,24697.86,24654.69,24659.27,2691
2025-03-25 12:00:00,24659.27,24680.4,24658.49,24665.93,4601
2025-03-25 12:05:00,24665.93,24692.37,24621.05,24642.77,2770
2025-03-25 12:10:00,24642.77,24711.43,24638.47,24685.92,2363
2025-03-25 12:15:00,24685.92,24690.79,24684.34,24685.68,3618
2025-03-25 12:20:00,24685.68,24687.72,24659.89,24672.48,1025
2025-03-25 12:25:00,24672.48,24717.89,24668.54,24717.45,3353
2025-03-25 12:30:00,24717.45,24736.37,24666.15,24704.97,4141
2025-03-25 12:35:00,24704.97,24754.29,24688.04,24746.82,3431
2025-03-25 12:40:00,24746.82,24783.34,24742.2,24768.0,4669
2025-03-25 12:45:00,24768.0,24797.96,24767.14,24793.18,1339
2025-03-25 12:50:00,24793.18,24794.52,24751.01,24757.66,3296
2025-03-25 12:55:00,24757.66,24826.69,24750.19,24796.15,2141
2025-03-25 13:00:00,24796.15,24800.44,24740.67,24743.79,2893
2025-03-25 13:05:00,24743.79,24752.39,24717.13,24738.77,1096
2025-03-25 13:10:00,24738.77,24742.41,24727.18,24730.67,1930
2025-03-25 13:15:00,24730.67,24767.04,24726.6,24760.37,4559
2025-03-25 13:20:00,24760.37,24801.34,24751.52,24782.74,1754
2025-03-25 13:25:00,24782.74,24786.87,24764.17,24783.02,2912
2025-03-25 13:30:00,24783.02,24794.44,24764.09,24768.07,3966
2025-03-25 13:35:00,24768.07,24770.48,24688.36,24718.63,3930
2025-03-25 13:40:00,24718.63,24721.64,24709.69,24714.08,3005
2025-03-25 13:45:00,24714.08,24725.48,24709.61,24716.88,2155
2025-03-25 13:50:00,24716.88,24718.31,24699.23,24707.63,3880
2025-03-25 13:55:00,24707.63,24710.33,24691.1,24693.46,4952
2025-03-25 14:00:00,24693.46,24732.92,24693.18,24723.8,2044
2025-03-25 14:05:00,24723.8,24793.46,24705.04,24766.54,4465
2025-03-25 14:10:00,24766.54,24772.69,24749.78,24751.64,3778
2025-03-25 14:15:00,24751.64,24759.38,24724.63,24726.64,4387
2025-03-25 14:20:00,24726.64,24759.08,24725.15,24737.3,1917
2025-03-25 14:25:00,24737.3,24741.99,24722.63,24737.1,3142
2025-03-25 14:30:00,24737.1,24740.42,24715.43,24731.89,4006
2025-03-25 14:35:00,24731.89,24739.86,24639.47,24670.36,3779
2025-03-25 14:40:00,24670.36,24716.59,24655.05,24713.23,3741
2025-03-25 14:45:00,24713.23,24729.85,24669.6,24669.98,3244
2025-03-25 14:50:00,24669.98,24670.23,24631.84,24650.58,3884
2025-03-25 14:55:00,24650.58,24654.45,24636.62,24653.48,2691
2025-03-25 15:00:00,24653.48,24656.61,24637.77,24655.92,2063
2025-03-25 15:05:00,24655.92,24659.71,24638.38,24643.63,3739
2025-03-25 15:10:00,24643.63,24659.61,24605.97,24614.01,3626
2025-03-25 15:15:00,24614.01,24619.73,24584.56,24589.52,3023
2025-03-25 15:20:00,24589.52,24603.7,24578.85,24598.68,4911
2025-03-25 15:25:00,24598.68,24610.35,24588.12,24608.47,4608
2025-03-26 09:15:00,24566.44,24580.35,24561.76,24575.17,2972
2025-03-26 09:20:00,24575.17,24622.6,24568.11,24601.16,1470
2025-03-26 09:25:00,24601.16,24615.65,24571.24,24592.92,4852
2025-03-26 09:30:00,24592.92,24594.7,24551.58,24561.68,3960
2025-03-26 09:35:00,24561.68,24576.45,24537.02,24543.64,3609
2025-03-26 09:40:00,24543.64,24544.97,24491.82,24497.69,4533
2025-03-26 09:45:00,24497.69,24498.67,24426.78,24435.01,2859
2025-03-26 09:50:00,24435.01,24436.62,24394.94,24400.3,1665
2025-03-26 09:55:00,24400.3,24427.92,24384.3,24398.59,1930
2025-03-26 10:00:00,24398.59,24439.62,24365.5,24430.25,1405
2025-03-26 10:05:00,24430.25,24464.59,24422.77,24452.12,2225
2025-03-26 10:10:00,24452.12,24492.13,24449.77,24467.36,2533
2025-03-26 10:15:00,24467.36,24486.53,24421.14,24426.09,2986
2025-03-26 10:20:00,24426.09,24446.57,24387.76,24398.08,2331
2025-03-26 10:25:00,24398.08,24402.98,24349.11,24350.0,3307
2025-03-26 10:30:00,24350.0,24367.18,24335.36,24354.55,2600
2025-03-26 10:35:00,24354.55,24385.72,24332.81,24376.5,4902
2025-03-26 10:40:00,24376.5,24378.12,24360.59,24362.75,4809
2025-03-26 10:45:00,24362.75,24420.1,24338.51,24411.03,4581
2025-03-26 10:50:00,24411.03,24415.32,24386.39,24398.88,3310
2025-03-26 10:55:00,24398.88,24443.25,24398.81,24410.75,1786
2025-03-26 11:00:00,24410.75,24433.99,24410.14,24425.91,1989
2025-03-26 11:05:00,24425.91,24441.04,24357.71,24380.28,3240
2025-03-26 11:10:00,24380.28,24393.91,24363.53,24373.38,4421
2025-03-26 11:15:00,24373.38,24376.19,24357.89,24358.35,2164
2025-03-26 11:20:00,24358.35,24366.35,24313.48,24323.23,2352
2025-03-26 11:25:00,24323.23,24339.95,24318.11,24333.98,2197
2025-03-26 11:30:00,24333.98,24360.1,24326.75,24336.41,1897
2025-03-26 11:35:00,24336.41,24343.81,24310.85,24315.5,1623
2025-03-26 11:40:00,24315.5,24340.78,24313.99,24331.51,4785
2025-03-26 11:45:00,24331.51,24342.79,24292.35,24302.37,1819
2025-03-26 11:50:00,24302.37,24303.32,24260.46,24270.71,4272
2025-03-26 11:55:00,24270.71,24286.13,24225.28,24238.36,4536
2025-03-26 12:00:00,24238.36,24254.94,24229.1,24246.65,4223
2025-03-26 12:05:00,24246.65,24253.86,24221.77,24221.92,3506
2025-03-26 12:10:00,24221.92,24228.38,24153.69,24159.99,2823
2025-03-26 12:15:00,24159.99,24164.97,24159.96,24163.94,3732
2025-03-26 12:20:00,24163.94,24206.56,24154.43,24179.22,1839
2025-03-26 12:25:00,24179.22,24179.31,24158.06,24172.67,2319
2025-03-26 12:30:00,24172.67,24186.07,24122.37,24126.53,2635
2025-03-26 12:35:00,24126.53,24141.59,24099.04,24110.51,4781
2025-03-26 12:40:00,24110.51,24136.83,24103.16,24121.07,1878
2025-03-26 12:45:00,24121.07,24127.95,24119.22,24120.91,1084
2025-03-26 12:50:00,24120.91,24180.47,24110.95,24178.86,3959
2025-03-26 12:55:00,24178.86,24179.64,24151.19,24162.69,4044
2025-03-26 13:00:00,24162.69,24192.32,24141.93,24189.69,3478
2025-03-26 13:05:00,24189.69,24226.61,24181.36,24210.91,4501
2025-03-26 13:10:00,24210.91,24213.36,24142.5,24152.0,4230
2025-03-26 13:15:00,24152.0,24192.59,24133.75,24190.48,4842
2025-03-26 13:20:00,24190.48,24214.31,24164.4,24165.45,1764
2025-03-26 13:25:00,24165.45,24209.72,24157.35,24207.57,3722
2025-03-26 13:30:00,24207.57,24278.5,24206.94,24276.89,3092
2025-03-26 13:35:00,24276.89,24292.14,24270.75,24284.88,1757
2025-03-26 13:40:00,24284.88,24291.84,24261.82,24286.64,4727
2025-03-26 13:45:00,24286.64,24310.61,24259.01,24300.88,4002
2025-03-26 13:50:00,24300.88,24338.72,24280.25,24320.55,1650
2025-03-26 13:55:00,24320.55,24376.3,24317.12,24362.6,1051
2025-03-26 14:00:00,24362.6,24385.26,24353.69,24371.33,4886
2025-03-26 14:05:00,24371.33,24417.67,24351.11,24411.35,4307
2025-03-26 14:10:00,24411.35,24421.76,24355.5,24382.15,4368
2025-03-26 14:15:00,24382.15,24419.35,24378.19,24410.34,4213
2025-03-26 14:20:00,24410.34,24423.01,24376.77,24414.65,3454
2025-03-26 14:25:00,24414.65,24425.59,24398.35,24408.23,3110
2025-03-26 14:30:00,24408.23,24424.62,24399.08,24401.0,2946
2025-03-26 14:35:00,24401.0,24411.52,24393.23,24405.79,2132
2025-03-26 14:40:00,24405.79,24432.01,24402.01,24415.71,1143
2025-03-26 14:45:00,24415.71,24424.09,24385.79,24386.57,2927
2025-03-26 14:50:00,24386.57,24394.99,24355.09,24357.63,1633
2025-03-26 14:55:00,24357.63,24401.39,24346.33,24381.96,3714
2025-03-26 15:00:00,24381.96,24452.87,24372.47,24426.88,2330
2025-03-26 15:05:00,24426.88,24506.6,24414.5,24492.43,3847
2025-03-26 15:10:00,24492.43,24495.15,24476.4,24480.54,3938
2025-03-26 15:15:00,24480.54,24497.22,24465.54,24470.74,2402
2025-03-26 15:20:00,24470.74,24483.33,24454.36,24458.81,2748
2025-03-26 15:25:00,24458.81,24484.57,24452.32,24476.16,4048
2025-03-27 09:15:00,24448.79,24467.03,24442.01,24455.46,4734
2025-03-27 09:20:00,24455.46,24465.96,24435.65,24459.46,2985
2025-03-27 09:25:00,24459.46,24475.34,24415.87,24418.68,4280
2025-03-27 09:30:00,24418.68,24426.49,24404.68,24426.26,3987
2025-03-27 09:35:00,24426.26,24430.92,24386.44,24409.33,2656
2025-03-27 09:40:00,24409.33,24455.8,24404.89,24441.73,1036
2025-03-27 09:45:00,24441.73,24484.04,24426.59,24475.9,3159
2025-03-27 09:50:00,24475.9,24522.82,24469.29,24500.52,3386
2025-03-27 09:55:00,24500.52,24532.18,24496.61,24530.38,4600
2025-03-27 10:00:00,24530.38,24550.92,24461.46,24485.12,2130
2025-03-27 10:05:00,24485.12,24519.82,24479.99,24504.52,1036
2025-03-27 10:10:00,24504.52,24510.6,24491.3,24497.6,3696
2025-03-27 10:15:00,24497.6,24575.56,24485.37,24571.89,3490
2025-03-27 10:20:00,24571.89,24622.43,24571.64,24613.0,1894
2025-03-27 10:25:00,24613.0,24614.25,24540.6,24553.32,1270
2025-03-27 10:30:00,24553.32,24563.9,24552.92,24558.35,4575
2025-03-27 10:35:00,24558.35,24566.99,24550.73,24566.02,2068
2025-03-27 10:40:00,24566.02,24573.04,24519.81,24551.7,2489
2025-03-27 10:45:00,24551.7,24554.43,24498.68,24506.66,2258
2025-03-27 10:50:00,24506.66,24526.55,24492.95,24523.06,4705
2025-03-27 10:55:00,24523.06,24530.64,24515.19,24520.18,1890
2025-03-27 11:00:00,24520.18,24584.21,24516.92,24570.7,4023
2025-03-27 11:05:00,24570.7,24605.95,24563.17,24601.84,4181
2025-03-27 11:10:00,24601.84,24625.27,24534.81,24539.95,2016
2025-03-27 11:15:00,24539.95,24551.39,24531.57,24536.08,4536
2025-03-27 11:20:00,24536.08,24618.37,24523.01,24605.39,2195
2025-03-27 11:25:00,24605.39,24626.16,24555.5,24578.09,1901
2025-03-27 11:30:00,24578.09,24602.25,24570.71,24598.53,2507
2025-03-27 11:35:00,24598.53,24612.14,24566.47,24567.47,3042
2025-03-27 11:40:00,24567.47,24568.82,24539.39,24543.77,3387
2025-03-27 11:45:00,24543.77,24577.04,24537.8,24575.67,4784
2025-03-27 11:50:00,24575.67,24611.31,24570.49,24603.43,3279
2025-03-27 11:55:00,24603.43,24633.07,24601.21,24626.91,3879
2025-03-27 12:00:00,24626.91,24675.31,24613.63,24661.91,2766
2025-03-27 12:05:00,24661.91,24663.52,24632.8,24633.7,3049
2025-03-27 12:10:00,24633.7,24638.13,24621.08,24624.43,4703
2025-03-27 12:15:00,24624.43,24656.76,24622.18,24644.52,1969
2025-03-27 12:20:00,24644.52,24662.1,24615.7,24639.8,3928
2025-03-27 12:25:00,24639.8,24645.78,24590.72,24590.73,2767
2025-03-27 12:30:00,24590.73,24615.51,24590.12,24603.86,3024
2025-03-27 12:35:00,24603.86,24614.51,24580.65,24613.97,2961
2025-03-27 12:40:00,24613.97,24620.11,24603.48,24603.83,1026
2025-03-27 12:45:00,24603.83,24613.49,24560.04,24582.27,3431
2025-03-27 12:50:00,24582.27,24583.3,24568.13,24579.63,2798
2025-03-27 12:55:00,24579.63,24589.39,24567.51,24576.04,2154
2025-03-27 13:00:00,24576.04,24581.26,24560.18,24573.42,1945
2025-03-27 13:05:00,24573.42,24596.68,24564.86,24591.41,3150
2025-03-27 13:10:00,24591.41,24603.32,24578.54,24592.54,1689
2025-03-27 13:15:00,24592.54,24647.03,24585.42,24636.36,4316
2025-03-27 13:20:00,24636.36,24674.86,24607.2,24611.65,3890
2025-03-27 13:25:00,24611.65,24623.79,24597.37,24608.33,1131
2025-03-27 13:30:00,24608.33,24612.14,24572.68,24572.96,2996
2025-03-27 13:35:00,24572.96,24582.33,24566.62,24576.81,3857
2025-03-27 13:40:00,24576.81,24578.26,24565.32,24573.26,1821
2025-03-27 13:45:00,24573.26,24574.83,24519.58,24525.19,3427
2025-03-27 13:50:00,24525.19,24552.28,24495.68,24544.66,3932
2025-03-27 13:55:00,24544.66,24545.69,24485.99,24490.74,1024
2025-03-27 14:00:00,24490.74,24549.63,24487.1,24539.04,1744
2025-03-27 14:05:00,24539.04,24558.3,24504.85,24508.8,2831
2025-03-27 14:10:00,24508.8,24520.02,24485.21,24515.61,1196
2025-03-27 14:15:00,24515.61,24526.5,24467.12,24476.5,1670
2025-03-27 14:20:00,24476.5,24486.46,24439.83,24450.5,2059
2025-03-27 14:25:00,24450.5,24484.8,24449.01,24467.54,4443
2025-03-27 14:30:00,24467.54,24479.48,24460.36,24464.19,2203
2025-03-27 14:35:00,24464.19,24516.82,24457.57,24505.96,4286
2025-03-27 14:40:00,24505.96,24515.72,24426.44,24428.21,2026
2025-03-27 14:45:00,24428.21,24448.31,24393.44,24393.7,2393
2025-03-27 14:50:00,24393.7,24404.97,24370.93,24372.23,4062
2025-03-27 14:55:00,24372.23,24376.67,24345.1,24361.18,1773
2025-03-27 15:00:00,24361.18,24382.59,24337.07,24373.59,4087
2025-03-27 15:05:00,24373.59,24409.07,24371.45,24408.79,4573
2025-03-27 15:10:00,24408.79,24410.6,24378.37,24378.7,2642
2025-03-27 15:15:00,24378.7,24415.65,24367.69,24398.02,3576
2025-03-27 15:20:00,24398.02,24417.25,24393.84,24413.12,2570
2025-03-27 15:25:00,24413.12,24433.5,24398.5,24431.98,4708
2025-03-28 09:15:00,24294.23,24348.67,24277.06,24337.53,1156
2025-03-28 09:20:00,24337.53,24338.48,24323.97,24327.29,4080
2025-03-28 09:25:00,24327.29,24335.12,24277.47,24284.55,2859
2025-03-28 09:30:00,24284.55,24316.71,24282.17,24301.5,1227
2025-03-28 09:35:00,24301.5,24333.27,24295.71,24330.16,2715
2025-03-28 09:40:00,24330.16,24352.63,24301.35,24347.37,2544
2025-03-28 09:45:00,24347.37,24379.64,24346.76,24378.28,3517
2025-03-28 09:50:00,24378.28,24403.04,24371.94,24401.75,1281
2025-03-28 09:55:00,24401.75,24414.63,24372.65,24378.54,2426
2025-03-28 10:00:00,24378.54,24389.98,24367.91,24373.51,4778
2025-03-28 10:05:00,24373.51,24374.0,24325.75,24330.23,2388
2025-03-28 10:10:00,24330.23,24332.34,24298.41,24300.63,4815
2025-03-28 10:15:00,24300.63,24325.08,24299.4,24309.14,1313
2025-03-28 10:20:00,24309.14,24341.41,24306.59,24318.67,4584
2025-03-28 10:25:00,24318.67,24322.28,24299.46,24299.8,3043
2025-03-28 10:30:00,24299.8,24334.53,24288.52,24328.93,2651
2025-03-28 10:35:00,24328.93,24331.99,24255.03,24279.84,2148
2025-03-28 10:40:00,24279.84,24282.6,24236.95,24250.01,2225
2025-03-28 10:45:00,24250.01,24328.67,24247.63,24303.19,3838
2025-03-28 10:50:00,24303.19,24320.21,24263.36,24274.89,4369
2025-03-28 10:55:00,24274.89,24278.98,24249.66,24251.87,2449
2025-03-28 11:00:00,24251.87,24263.91,24247.07,24258.79,1917
2025-03-28 11:05:00,24258.79,24278.65,24191.13,24201.75,1497
2025-03-28 11:10:00,24201.75,24216.57,24200.73,24214.58,2481
2025-03-28 11:15:00,24214.58,24215.93,24199.28,24213.36,2840
2025-03-28 11:20:00,24213.36,24217.05,24206.22,24206.26,2518
2025-03-28 11:25:00,24206.26,24223.5,24202.61,24210.26,4930
2025-03-28 11:30:00,24210.26,24225.96,24163.68,24165.82,3460
2025-03-28 11:35:00,24165.82,24185.84,24156.05,24183.7,1407
2025-03-28 11:40:00,24183.7,24198.6,24155.2,24173.26,3034
2025-03-28 11:45:00,24173.26,24177.84,24112.45,24122.12,1884
2025-03-28 11:50:00,24122.12,24140.57,24092.42,24098.94,4609
2025-03-28 11:55:00,24098.94,24145.35,24081.56,24144.3,4657
2025-03-28 12:00:00,24144.3,24172.81,24143.73,24155.74,2970
2025-03-28 12:05:00,24155.74,24177.04,24127.18,24136.32,2715
2025-03-28 12:10:00,24136.32,24168.48,24128.38,24162.36,4571
2025-03-28 12:15:00,24162.36,24165.97,24161.91,24163.36,2274
2025-03-28 12:20:00,24163.36,24182.55,24127.46,24142.19,2733
2025-03-28 12:25:00,24142.19,24201.11,24138.16,24195.89,2562
2025-03-28 12:30:00,24195.89,24205.05,24181.84,24188.75,3437
2025-03-28 12:35:00,24188.75,24192.17,24131.35,24136.01,3246
2025-03-28 12:40:00,24136.01,24145.4,24111.48,24119.56,2721
2025-03-28 12:45:00,24119.56,24126.26,24103.53,24123.47,2689
2025-03-28 12:50:00,24123.47,24162.22,24106.15,24159.57,1797
2025-03-28 12:55:00,24159.57,24163.04,24126.26,24129.36,3599
2025-03-28 13:00:00,24129.36,24145.5,24080.4,24098.88,3639
2025-03-28 13:05:00,24098.88,24107.48,24086.57,24100.07,3179
2025-03-28 13:10:00,24100.07,24143.4,24095.08,24141.84,3854
2025-03-28 13:15:00,24141.84,24145.14,24120.45,24123.08,2804
2025-03-28 13:20:00,24123.08,24145.72,24104.3,24115.79,1334
2025-03-28 13:25:00,24115.79,24124.39,24092.11,24094.19,4073
2025-03-28 13:30:00,24094.19,24125.52,24083.74,24112.86,2834
2025-03-28 13:35:00,24112.86,24123.97,24057.64,24073.24,4065
2025-03-28 13:40:00,24073.24,24090.4,24068.31,24078.15,1569
2025-03-28 13:45:00,24078.15,24103.9,24064.18,24092.06,4923
2025-03-28 13:50:00,24092.06,24110.69,24067.53,24081.81,2884
2025-03-28 13:55:00,24081.81,24127.79,24074.01,24117.32,1998
2025-03-28 14:00:00,24117.32,24161.2,24104.32,24142.91,1447
2025-03-28 14:05:00,24142.91,24160.6,24140.23,24152.32,1531
2025-03-28 14:10:00,24152.32,24167.42,24142.71,24159.81,1325
2025-03-28 14:15:00,24159.81,24169.07,24143.58,24157.33,3951
2025-03-28 14:20:00,24157.33,24161.67,24118.18,24130.58,3693
2025-03-28 14:25:00,24130.58,24132.38,24096.89,24101.62,2790
2025-03-28 14:30:00,24101.62,24112.83,24084.35,24087.18,3382
2025-03-28 14:35:00,24087.18,24121.99,24065.47,24110.67,2347
2025-03-28 14:40:00,24110.67,24132.23,24109.09,24122.25,4825
2025-03-28 14:45:00,24122.25,24178.36,24117.4,24166.71,2145
2025-03-28 14:50:00,24166.71,24185.93,24164.47,24177.13,4433
2025-03-28 14:55:00,24177.13,24178.54,24134.2,24150.87,4440
2025-03-28 15:00:00,24150.87,24179.98,24087.09,24094.91,1186
2025-03-28 15:05:00,24094.91,24111.42,24083.99,24088.21,3904
2025-03-28 15:10:00,24088.21,24115.43,24080.97,24112.37,4724
2025-03-28 15:15:00,24112.37,24135.24,24096.36,24120.32,1690
2025-03-28 15:20:00,24120.32,24170.28,24114.5,24148.36,3444
2025-03-28 15:25:00,24148.36,24151.66,24121.71,24128.2,2817
2025-03-31 09:15:00,24029.88,24055.82,24016.88,24037.45,3227
2025-03-31 09:20:00,24037.45,24039.99,23991.47,23998.43,4727
2025-03-31 09:25:00,23998.43,24034.9,23982.88,24025.0,3311
2025-03-31 09:30:00,24025.0,24029.53,23986.67,24000.95,1565
2025-03-31 09:35:00,24000.95,24006.38,23998.74,24001.99,3752
2025-03-31 09:40:00,24001.99,24034.93,23995.26,24028.03,1037
2025-03-31 09:45:00,24028.03,24048.96,24021.58,24045.1,1493
2025-03-31 09:50:00,24045.1,24089.53,24032.83,24070.13,3010
2025-03-31 09:55:00,24070.13,24108.65,24067.96,24093.03,1751
2025-03-31 10:00:00,24093.03,24095.18,24066.76,24071.8,1995
2025-03-31 10:05:00,24071.8,24073.06,24070.82,24071.25,1979
2025-03-31 10:10:00,24071.25,24074.41,24036.41,24053.73,4160
2025-03-31 10:15:00,24053.73,24059.59,24020.52,24027.4,2340
2025-03-31 10:20:00,24027.4,24077.04,24014.66,24064.92,4915
2025-03-31 10:25:00,24064.92,24070.87,24000.65,24007.74,2281
2025-03-31 10:30:00,24007.74,24032.41,24006.9,24024.58,2952
2025-03-31 10:35:00,24024.58,24042.97,24013.39,24035.13,1806
2025-03-31 10:40:00,24035.13,24068.67,24033.43,24061.4,3568
2025-03-31 10:45:00,24061.4,24091.18,24050.91,24071.77,1050
2025-03-31 10:50:00,24071.77,24130.38,24066.2,24106.27,2021
2025-03-31 10:55:00,24106.27,24113.83,24071.85,24091.09,4870
2025-03-31 11:00:00,24091.09,24099.23,24028.37,24030.4,3434
2025-03-31 11:05:00,24030.4,24044.9,24019.08,24025.78,1890
2025-03-31 11:10:00,24025.78,24027.57,23984.11,23987.52,4934
2025-03-31 11:15:00,23987.52,24011.98,23963.76,23967.6,3356
2025-03-31 11:20:00,23967.6,23968.02,23962.44,23967.04,1245
2025-03-31 11:25:00,23967.04,24013.02,23952.66,24003.74,4384
2025-03-31 11:30:00,24003.74,24027.4,23999.64,24016.63,4036
2025-03-31 11:35:00,24016.63,24064.87,24002.54,24062.22,1236
2025-03-31 11:40:00,24062.22,24068.73,24052.25,24064.48,3063
2025-03-31 11:45:00,24064.48,24071.09,24010.36,24015.71,3685
2025-03-31 11:50:00,24015.71,24069.78,24008.96,24065.14,1362
2025-03-31 11:55:00,24065.14,24087.98,24059.44,24063.3,3979
2025-03-31 12:00:00,24063.3,24063.68,24034.42,24038.02,2475
2025-03-31 12:05:00,24038.02,24065.75,24013.26,24032.75,3911
2025-03-31 12:10:00,24032.75,24038.59,23995.59,24011.68,4808
2025-03-31 12:15:00,24011.68,24021.13,24006.2,24018.8,4105
2025-03-31 12:20:00,24018.8,24019.39,24010.66,24015.7,1765
2025-03-31 12:25:00,24015.7,24020.09,23969.85,23989.32,4718
2025-03-31 12:30:00,23989.32,24004.43,23967.84,23974.29,2395
2025-03-31 12:35:00,23974.29,23978.56,23951.64,23959.65,1200
2025-03-31 12:40:00,23959.65,23965.39,23941.92,23961.57,4944
2025-03-31 12:45:00,23961.57,23968.2,23956.17,23965.5,2243
2025-03-31 12:50:00,23965.5,23990.85,23957.78,23984.6,4766
2025-03-31 12:55:00,23984.6,23987.79,23913.66,23914.03,4774
2025-03-31 13:00:00,23914.03,23919.56,23890.05,23890.41,4133
2025-03-31 13:05:00,23890.41,23899.62,23872.71,23884.04,1223
2025-03-31 13:10:00,23884.04,23895.95,23862.86,23889.01,2352
2025-03-31 13:15:00,23889.01,23907.31,23879.97,23894.23,4900
2025-03-31 13:20:00,23894.23,23896.77,23838.97,23854.97,3638
2025-03-31 13:25:00,23854.97,23868.06,23808.83,23811.89,3340
2025-03-31 13:30:00,23811.89,23825.32,23798.13,23812.45,4854
2025-03-31 13:35:00,23812.45,23822.93,23766.86,23777.27,4842
2025-03-31 13:40:00,23777.27,23819.88,23774.12,23798.58,3830
2025-03-31 13:45:00,23798.58,23811.29,23779.93,23804.52,3089
2025-03-31 13:50:00,23804.52,23819.78,23765.94,23774.09,2750
2025-03-31 13:55:00,23774.09,23841.94,23757.2,23830.42,2975
2025-03-31 14:00:00,23830.42,23835.52,23801.16,23805.21,1510
2025-03-31 14:05:00,23805.21,23843.79,23790.07,23841.35,2672
2025-03-31 14:10:00,23841.35,23847.39,23819.52,23824.29,1708
2025-03-31 14:15:00,23824.29,23836.91,23766.74,23782.97,1793
2025-03-31 14:20:00,23782.97,23785.17,23769.83,23774.07,1194
2025-03-31 14:25:00,23774.07,23812.05,23761.13,23799.92,3069
2025-03-31 14:30:00,23799.92,23813.32,23771.72,23780.84,3445
2025-03-31 14:35:00,23780.84,23798.92,23733.57,23737.63,2714
2025-03-31 14:40:00,23737.63,23747.86,23736.2,23743.25,3751
2025-03-31 14:45:00,23743.25,23743.94,23729.85,23743.59,3558
2025-03-31 14:50:00,23743.59,23745.63,23718.39,23734.52,2529
2025-03-31 14:55:00,23734.52,23750.32,23713.79,23722.05,1922
2025-03-31 15:00:00,23722.05,23748.17,23713.98,23732.08,2378
2025-03-31 15:05:00,23732.08,23733.18,23686.84,23699.11,2316
2025-03-31 15:10:00,23699.11,23704.82,23666.01,23676.0,4413
2025-03-31 15:15:00,23676.0,23718.94,23675.84,23711.36,4869
2025-03-31 15:20:00,23711.36,23759.46,23701.39,23756.32,3378
2025-03-31 15:25:00,23756.32,23810.99,23737.22,23800.53,2977
2025-04-01 09:15:00,24019.5,24036.49,23996.67,24013.97,1530
2025-04-01 09:20:00,24013.97,24025.88,23988.63,23992.89,1226
2025-04-01 09:25:00,23992.89,24002.3,23992.53,24000.56,1617
2025-04-01 09:30:00,24000.56,24039.93,23998.82,24032.21,1894
2025-04-01 09:35:00,24032.21,24032.69,24003.32,24013.25,4030
2025-04-01 09:40:00,24013.25,24104.06,24010.21,24100.94,1303
2025-04-01 09:45:00,24100.94,24110.58,24088.59,24105.29,2367
2025-04-01 09:50:00,24105.29,24129.85,24062.07,24069.87,2706
2025-04-01 09:55:00,24069.87,24106.91,24057.52,24099.98,1369
2025-04-01 10:00:00,24099.98,24110.23,24071.5,24089.64,2106
2025-04-01 10:05:00,24089.64,24096.17,24067.91,24076.93,3349
2025-04-01 10:10:00,24076.93,24077.55,24050.55,24059.09,1413
2025-04-01 10:15:00,24059.09,24060.97,24010.55,24031.69,4453
2025-04-01 10:20:00,24031.69,24069.85,24020.6,24061.11,1777
2025-04-01 10:25:00,24061.11,24080.37,24055.25,24072.7,3843
2025-04-01 10:30:00,24072.7,24111.3,24064.15,24110.04,2538
2025-04-01 10:35:00,24110.04,24118.98,24092.48,24098.83,4726
2025-04-01 10:40:00,24098.83,24099.86,24043.27,24062.48,2803
2025-04-01 10:45:00,24062.48,24068.45,24055.56,24068.0,3891
2025-04-01 10:50:00,24068.0,24077.83,24026.02,24050.25,1205
2025-04-01 10:55:00,24050.25,24078.56,24047.87,24065.08,3717
2025-04-01 11:00:00,24065.08,24073.67,24032.21,24036.83,1974
2025-04-01 11:05:00,24036.83,24057.8,24030.08,24055.18,3778
2025-04-01 11:10:00,24055.18,24080.9,23972.63,23977.55,3625
2025-04-01 11:15:00,23977.55,23998.03,23972.12,23997.52,3731
2025-04-01 11:20:00,23997.52,24017.42,23992.06,24005.7,2710
2025-04-01 11:25:00,24005.7,24015.43,23995.18,23999.45,3680
2025-04-01 11:30:00,23999.45,24001.65,23971.65,23980.08,1838
2025-04-01 11:35:00,23980.08,23995.38,23931.08,23937.66,2604
2025-04-01 11:40:00,23937.66,23986.21,23912.79,23980.79,3699
2025-04-01 11:45:00,23980.79,24022.86,23967.01,24007.5,3201
2025-04-01 11:50:00,24007.5,24013.0,23984.79,23987.81,2407
2025-04-01 11:55:00,23987.81,24005.2,23974.32,24001.29,4446
2025-04-01 12:00:00,24001.29,24042.04,23985.2,24035.94,1598
2025-04-01 12:05:00,24035.94,24051.64,24020.3,24032.26,1833
2025-04-01 12:10:00,24032.26,24063.07,24029.72,24048.15,3908
2025-04-01 12:15:00,24048.15,24060.1,23993.75,23994.81,1940
2025-04-01 12:20:00,23994.81,24011.63,23960.79,23970.22,3599
2025-04-01 12:25:00,23970.22,24029.34,23968.87,24011.67,1180
2025-04-01 12:30:00,24011.67,24057.3,23991.85,24049.49,3053
2025-04-01 12:35:00,24049.49,24061.71,24040.2,24056.91,1078
2025-04-01 12:40:00,24056.91,24120.02,24050.26,24107.38,1558
2025-04-01 12:45:00,24107.38,24162.33,24104.16,24150.97,2194
2025-04-01 12:50:00,24150.97,24173.25,24130.57,24139.57,4256
2025-04-01 12:55:00,24139.57,24145.33,24137.2,24139.19,3396
2025-04-01 13:00:00,24139.19,24143.52,24110.28,24117.43,3626
2025-04-01 13:05:00,24117.43,24122.79,24105.74,24113.59,3880
2025-04-01 13:10:00,24113.59,24115.18,24067.49,24081.07,4959
2025-04-01 13:15:00,24081.07,24142.67,24074.73,24114.91,4322
2025-04-01 13:20:00,24114.91,24130.97,24109.0,24126.92,4250
2025-04-01 13:25:00,24126.92,24131.83,24084.53,24096.88,3922
2025-04-01 13:30:00,24096.88,24099.73,24054.9,24065.59,3349
2025-04-01 13:35:00,24065.59,24107.32,24051.95,24090.41,4978
2025-04-01 13:40:00,24090.41,24112.29,24070.57,24075.14,2484
2025-04-01 13:45:00,24075.14,24076.69,24063.09,24067.56,4569
2025-04-01 13:50:00,24067.56,24085.02,24028.31,24030.68,4806
2025-04-01 13:55:00,24030.68,24053.28,24025.68,24051.69,2671
2025-04-01 14:00:00,24051.69,24074.01,24027.93,24031.09,4387
2025-04-01 14:05:00,24031.09,24042.91,24026.87,24032.83,2816
2025-04-01 14:10:00,24032.83,24065.95,24017.28,24052.72,1118
2025-04-01 14:15:00,24052.72,24060.17,24031.89,24048.96,4671
2025-04-01 14:20:00,24048.96,24082.76,24045.61,24064.24,1513
2025-04-01 14:25:00,24064.24,24131.71,24051.24,24113.94,4465
2025-04-01 14:30:00,24113.94,24139.07,24111.55,24130.62,3447
2025-04-01 14:35:00,24130.62,24132.16,24060.76,24060.8,4745
2025-04-01 14:40:00,24060.8,24081.34,24051.89,24076.39,4037
2025-04-01 14:45:00,24076.39,24085.69,24052.4,24062.42,2306
2025-04-01 14:50:00,24062.42,24072.77,24042.31,24053.08,4745
2025-04-01 14:55:00,24053.08,24060.96,23987.8,24022.1,4132
2025-04-01 15:00:00,24022.1,24031.05,24006.94,24008.12,1354
2025-04-01 15:05:00,24008.12,24074.24,24007.85,24063.5,1519
2025-04-01 15:10:00,24063.5,24093.65,24061.64,24076.04,3392
2025-04-01 15:15:00,24076.04,24100.85,24059.41,24092.66,1182
2025-04-01 15:20:00,24092.66,24149.41,24083.73,24137.5,1775
2025-04-01 15:25:00,24137.5,24179.78,24127.54,24176.97,3179
2025-04-02 09:15:00,24272.63,24326.01,24271.47,24318.59,4127
2025-04-02 09:20:00,24318.59,24322.22,24301.88,24304.65,1092
2025-04-02 09:25:00,24304.65,24351.88,24302.7,24345.51,4347
2025-04-02 09:30:00,24345.51,24347.16,24233.75,24251.34,1024
2025-04-02 09:35:00,24251.34,24262.15,24228.23,24247.99,1664
2025-04-02 09:40:00,24247.99,24270.23,24245.23,24261.45,2317
2025-04-02 09:45:00,24261.45,24294.63,24251.47,24292.49,1949
2025-04-02 09:50:00,24292.49,24294.66,24284.89,24290.95,1102
2025-04-02 09:55:00,24290.95,24304.48,24285.78,24302.14,2923
2025-04-02 10:00:00,24302.14,24310.94,24275.22,24295.87,3617
2025-04-02 10:05:00,24295.87,24323.84,24289.4,24315.12,3844
2025-04-02 10:10:00,24315.12,24337.0,24311.67,24317.59,3535
2025-04-02 10:15:00,24317.59,24352.87,24308.44,24344.45,3162
2025-04-02 10:20:00,24344.45,24359.26,24343.43,24345.78,4149
2025-04-02 10:25:00,24345.78,24412.96,24338.34,24392.35,3888
2025-04-02 10:30:00,24392.35,24393.2,24346.66,24362.12,2564
2025-04-02 10:35:00,24362.12,24445.18,24356.52,24417.96,4494
2025-04-02 10:40:00,24417.96,24422.66,24365.79,24396.39,2050
2025-04-02 10:45:00,24396.39,24397.97,24341.37,24358.15,4578
2025-04-02 10:50:00,24358.15,24380.46,24357.82,24372.87,1945
2025-04-02 10:55:00,24372.87,24376.24,24340.89,24344.3,4446
2025-04-02 11:00:00,24344.3,24356.06,24335.64,24338.03,3110
2025-04-02 11:05:00,24338.03,24339.91,24294.24,24295.15,4441
2025-04-02 11:10:00,24295.15,24331.32,24289.45,24305.27,4480
2025-04-02 11:15:00,24305.27,24320.18,24276.47,24294.79,4626
2025-04-02 11:20:00,24294.79,24298.18,24283.33,24289.67,2324
2025-04-02 11:25:00,24289.67,24311.95,24264.66,24301.67,4400
2025-04-02 11:30:00,24301.67,24307.7,24286.62,24294.9,1662
2025-04-02 11:35:00,24294.9,24298.97,24267.22,24271.06,2452
2025-04-02 11:40:00,24271.06,24271.78,24180.36,24189.45,3337
2025-04-02 11:45:00,24189.45,24207.13,24156.08,24171.49,2500
2025-04-02 11:50:00,24171.49,24182.95,24122.28,24131.93,2575
2025-04-02 11:55:00,24131.93,24162.25,24122.09,24147.65,4274
2025-04-02 12:00:00,24147.65,24187.16,24147.19,24176.12,1017
2025-04-02 12:05:00,24176.12,24229.74,24166.42,24228.26,3941
2025-04-02 12:10:00,24228.26,24286.23,24214.54,24282.79,4964
2025-04-02 12:15:00,24282.79,24283.31,24243.06,24245.18,3121
2025-04-02 12:20:00,24245.18,24261.51,24234.79,24239.22,2988
2025-04-02 12:25:00,24239.22,24242.81,24214.46,24219.47,2549
2025-04-02 12:30:00,24219.47,24223.85,24164.47,24181.23,2627
2025-04-02 12:35:00,24181.23,24188.95,24128.98,24145.66,1000
2025-04-02 12:40:00,24145.66,24148.58,24092.35,24096.24,1165
2025-04-02 12:45:00,24096.24,24125.65,24086.42,24124.31,4143
2025-04-02 12:50:00,24124.31,24132.07,24074.96,24087.97,4353
2025-04-02 12:55:00,24087.97,24093.51,24060.38,24091.06,4258
2025-04-02 13:00:00,24091.06,24106.09,24080.92,24102.22,2555
2025-04-02 13:05:00,24102.22,24152.61,24102.12,24144.52,4654
2025-04-02 13:10:00,24144.52,24145.51,24093.95,24097.2,2564
2025-04-02 13:15:00,24097.2,24130.88,24085.57,24112.7,2693
2025-04-02 13:20:00,24112.7,24119.0,24071.46,24074.19,4273
2025-04-02 13:25:00,24074.19,24076.64,24052.94,24059.9,3085
2025-04-02 13:30:00,24059.9,24093.15,24028.54,24068.46,4325
2025-04-02 13:35:00,24068.46,24149.02,24060.3,24142.21,3030
2025-04-02 13:40:00,24142.21,24152.8,24140.56,24151.78,2406
2025-04-02 13:45:00,24151.78,24158.02,24149.84,24153.38,1361
2025-04-02 13:50:00,24153.38,24167.98,24127.84,24131.41,4418
2025-04-02 13:55:00,24131.41,24138.16,24108.81,24112.96,1360
2025-04-02 14:00:00,24112.96,24124.46,24107.02,24122.7,4412
2025-04-02 14:05:00,24122.7,24124.02,24086.73,24096.53,2751
2025-04-02 14:10:00,24096.53,24112.78,24094.65,24100.48,3740
2025-04-02 14:15:00,24100.48,24114.26,24084.99,24106.0,1825
2025-04-02 14:20:00,24106.0,24131.77,24084.68,24126.62,3158
2025-04-02 14:25:00,24126.62,24174.54,24102.82,24156.85,1733
2025-04-02 14:30:00,24156.85,24170.05,24150.28,24168.93,2741
2025-04-02 14:35:00,24168.93,24203.35,24164.61,24187.67,4827
2025-04-02 14:40:00,24187.67,24188.41,24155.77,24164.45,2098
2025-04-02 14:45:00,24164.45,24203.07,24148.23,24190.5,3083
2025-04-02 14:50:00,24190.5,24200.52,24178.7,24180.26,1123
2025-04-02 14:55:00,24180.26,24184.37,24164.59,24183.74,3970
2025-04-02 15:00:00,24183.74,24189.99,24148.31,24152.31,2890
2025-04-02 15:05:00,24152.31,24173.92,24144.47,24165.58,4663
2025-04-02 15:10:00,24165.58,24195.27,24154.72,24191.0,2304
2025-04-02 15:15:00,24191.0,24239.11,24179.97,24234.68,4392
2025-04-02 15:20:00,24234.68,24235.37,24204.12,24219.88,1966
2025-04-02 15:25:00,24219.88,24230.6,24213.32,24228.65,1101
2025-04-03 09:15:00,24266.93,24274.29,24237.6,24253.35,4381
2025-04-03 09:20:00,24253.35,24258.16,24242.8,24256.55,3421
2025-04-03 09:25:00,24256.55,24261.99,24224.83,24225.12,1986
2025-04-03 09:30:00,24225.12,24258.04,24211.25,24247.33,1124
2025-04-03 09:35:00,24247.33,24263.03,24214.79,24215.78,3836
2025-04-03 09:40:00,24215.78,24216.3,24209.6,24212.96,1543
2025-04-03 09:45:00,24212.96,24253.98,24210.66,24231.03,4783
2025-04-03 09:50:00,24231.03,24255.75,24198.08,24248.92,2539
2025-04-03 09:55:00,24248.92,24258.48,24247.01,24252.75,4806
2025-04-03 10:00:00,24252.75,24272.91,24245.2,24259.09,1072
2025-04-03 10:05:00,24259.09,24273.24,24240.37,24243.42,1213
2025-04-03 10:10:00,24243.42,24262.66,24242.76,24261.89,3587
2025-04-03 10:15:00,24261.89,24324.33,24245.54,24318.79,1776
2025-04-03 10:20:00,24318.79,24331.06,24314.06,24324.18,3409
2025-04-03 10:25:00,24324.18,24328.85,24305.7,24306.22,4023
2025-04-03 10:30:00,24306.22,24343.38,24295.76,24317.61,1947
2025-04-03 10:35:00,24317.61,24339.02,24303.98,24325.0,3630
2025-04-03 10:40:00,24325.0,24375.03,24320.72,24370.29,4301
2025-04-03 10:45:00,24370.29,24375.81,24333.69,24340.76,1879
2025-04-03 10:50:00,24340.76,24342.79,24322.24,24323.15,2821
2025-04-03 10:55:00,24323.15,24334.67,24303.34,24317.7,2463
2025-04-03 11:00:00,24317.7,24361.54,24304.92,24350.43,3229
2025-04-03 11:05:00,24350.43,24354.81,24322.11,24346.59,1461
2025-04-03 11:10:00,24346.59,24357.22,24289.77,24305.25,2322
2025-04-03 11:15:00,24305.25,24311.51,24276.71,24298.33,2155
2025-04-03 11:20:00,24298.33,24302.85,24259.93,24263.21,3231
2025-04-03 11:25:00,24263.21,24336.68,24246.31,24336.27,2416
2025-04-03 11:30:00,24336.27,24351.01,24325.77,24341.42,1996
2025-04-03 11:35:00,24341.42,24355.58,24339.26,24348.44,1678
2025-04-03 11:40:00,24348.44,24356.45,24245.77,24256.64,4046
2025-04-03 11:45:00,24256.64,24263.38,24236.54,24254.42,2932
2025-04-03 11:50:00,24254.42,24281.39,24233.93,24271.68,2637
2025-04-03 11:55:00,24271.68,24283.13,24236.56,24243.26,1734
2025-04-03 12:00:00,24243.26,24261.87,24238.12,24253.53,4793
2025-04-03 12:05:00,24253.53,24260.55,24228.01,24239.45,1554
2025-04-03 12:10:00,24239.45,24257.33,24227.95,24236.98,2354
2025-04-03 12:15:00,24236.98,24284.72,24236.72,24260.05,2593
2025-04-03 12:20:00,24260.05,24273.05,24244.94,24249.48,4905
2025-04-03 12:25:00,24249.48,24306.03,24242.09,24287.02,3779
2025-04-03 12:30:00,24287.02,24291.21,24233.22,24238.1,3462
2025-04-03 12:35:00,24238.1,24278.48,24219.14,24268.36,4357
2025-04-03 12:40:00,24268.36,24284.74,24245.87,24256.33,1753
2025-04-03 12:45:00,24256.33,24262.18,24243.95,24246.1,3984
2025-04-03 12:50:00,24246.1,24340.15,24235.68,24320.89,2027
2025-04-03 12:55:00,24320.89,24330.11,24286.72,24304.18,3122
2025-04-03 13:00:00,24304.18,24339.53,24287.99,24322.99,1809
2025-04-03 13:05:00,24322.99,24354.11,24319.2,24342.44,4972
2025-04-03 13:10:00,24342.44,24346.67,24310.8,24320.25,2493
2025-04-03 13:15:00,24320.25,24330.37,24301.48,24313.47,4900
2025-04-03 13:20:00,24313.47,24329.16,24269.11,24270.97,2862
2025-04-03 13:25:00,24270.97,24300.51,24267.92,24288.31,3419
2025-04-03 13:30:00,24288.31,24296.92,24260.4,24278.25,1934
2025-04-03 13:35:00,24278.25,24282.2,24235.85,24241.99,1444
2025-04-03 13:40:00,24241.99,24324.39,24240.15,24322.53,3093
2025-04-03 13:45:00,24322.53,24333.09,24291.84,24327.04,3222
2025-04-03 13:50:00,24327.04,24342.81,24284.53,24292.34,1076
2025-04-03 13:55:00,24292.34,24388.52,24286.55,24363.09,2871
2025-04-03 14:00:00,24363.09,24371.05,24300.71,24319.02,2710
2025-04-03 14:05:00,24319.02,24374.02,24313.34,24373.42,1109
2025-04-03 14:10:00,24373.42,24409.46,24371.44,24405.11,2052
2025-04-03 14:15:00,24405.11,24425.02,24380.81,24381.59,4099
2025-04-03 14:20:00,24381.59,24390.09,24344.0,24344.71,1211
2025-04-03 14:25:00,24344.71,24390.05,24337.92,24389.37,1735
2025-04-03 14:30:00,24389.37,24409.88,24384.94,24398.06,4029
2025-04-03 14:35:00,24398.06,24403.3,24320.01,24333.76,3546
2025-04-03 14:40:00,24333.76,24381.76,24318.57,24379.76,4137
2025-04-03 14:45:00,24379.76,24388.88,24370.81,24388.09,4021
2025-04-03 14:50:00,24388.09,24390.58,24359.17,24377.7,3847
2025-04-03 14:55:00,24377.7,24453.77,24352.67,24450.23,1597
2025-04-03 15:00:00,24450.23,24471.95,24438.67,24461.45,1933
2025-04-03 15:05:00,24461.45,24485.27,24401.74,24441.98,2434
2025-04-03 15:10:00,24441.98,24457.96,24439.14,24445.75,1770
2025-04-03 15:15:00,24445.75,24450.26,24379.64,24393.79,1179
2025-04-03 15:20:00,24393.79,24439.67,24387.85,24427.11,4501
2025-04-03 15:25:00,24427.11,24437.03,24387.98,24410.35,4002
2025-04-04 09:15:00,24476.25,24478.7,24429.91,24439.66,4024
2025-04-04 09:20:00,24439.66,24452.42,24437.85,24446.26,4372
2025-04-04 09:25:00,24446.26,24475.03,24431.08,24451.16,4382
2025-04-04 09:30:00,24451.16,24466.13,24439.71,24457.92,1801
2025-04-04 09:35:00,24457.92,24462.7,24451.45,24460.17,2416
2025-04-04 09:40:00,24460.17,24479.18,24427.57,24475.24,3919
2025-04-04 09:45:00,24475.24,24513.83,24462.72,24512.79,2990
2025-04-04 09:50:00,24512.79,24512.82,24457.69,24465.37,4699
2025-04-04 09:55:00,24465.37,24487.49,24462.39,24483.6,1740
2025-04-04 10:00:00,24483.6,24485.61,24464.71,24479.23,2932
2025-04-04 10:05:00,24479.23,24499.89,24424.79,24444.65,1381
2025-04-04 10:10:00,24444.65,24481.07,24437.28,24460.08,1697
2025-04-04 10:15:00,24460.08,24487.5,24453.35,24472.6,3420
2025-04-04 10:20:00,24472.6,24507.12,24469.42,24492.73,1267
2025-04-04 10:25:00,24492.73,24494.44,24477.46,24479.75,1113
2025-04-04 10:30:00,24479.75,24489.15,24461.42,24464.02,3359
2025-04-04 10:35:00,24464.02,24493.99,24435.43,24486.06,2158
2025-04-04 10:40:00,24486.06,24512.48,24479.97,24480.6,1425
2025-04-04 10:45:00,24480.6,24523.4,24474.5,24497.81,4115
2025-04-04 10:50:00,24497.81,24499.13,24454.51,24470.44,1839
2025-04-04 10:55:00,24470.44,24486.2,24451.08,24457.1,3736
2025-04-04 11:00:00,24457.1,24474.99,24420.5,24434.85,1593
2025-04-04 11:05:00,24434.85,24493.24,24434.79,24490.67,1648
2025-04-04 11:10:00,24490.67,24528.68,24477.24,24521.76,3598
2025-04-04 11:15:00,24521.76,24539.44,24489.15,24498.84,3269
2025-04-04 11:20:00,24498.84,24503.19,24486.13,24493.42,3963
2025-04-04 11:25:00,24493.42,24510.99,24491.84,24504.44,3061
2025-04-04 11:30:00,24504.44,24516.1,24481.33,24484.81,4739
2025-04-04 11:35:00,24484.81,24499.06,24457.79,24467.53,1063
2025-04-04 11:40:00,24467.53,24476.05,24434.75,24438.71,4152
2025-04-04 11:45:00,24438.71,24447.51,24388.69,24395.4,2052
2025-04-04 11:50:00,24395.4,24416.11,24391.96,24415.2,3327
2025-04-04 11:55:00,24415.2,24461.16,24397.82,24457.18,4841
2025-04-04 12:00:00,24457.18,24465.02,24446.87,24460.52,3678
2025-04-04 12:05:00,24460.52,24491.01,24446.03,24470.52,2755
2025-04-04 12:10:00,24470.52,24493.21,24429.83,24440.87,2089
2025-04-04 12:15:00,24440.87,24467.62,24440.16,24444.14,4898
2025-04-04 12:20:00,24444.14,24458.7,24422.98,24445.04,1064
2025-04-04 12:25:00,24445.04,24453.89,24395.65,24397.11,3586
2025-04-04 12:30:00,24397.11,24403.96,24373.79,24392.87,4192
2025-04-04 12:35:00,24392.87,24402.56,24335.1,24351.52,3079
2025-04-04 12:40:00,24351.52,24373.69,24345.14,24368.07,4511
2025-04-04 12:45:00,24368.07,24430.56,24365.2,24430.19,4013
2025-04-04 12:50:00,24430.19,24435.21,24390.62,24407.65,3232
2025-04-04 12:55:00,24407.65,24440.74,24395.11,24432.85,1793
2025-04-04 13:00:00,24432.85,24454.77,24383.45,24402.71,2481
2025-04-04 13:05:00,24402.71,24407.49,24376.56,24393.59,1982
2025-04-04 13:10:00,24393.59,24395.44,24339.41,24340.72,3800
2025-04-04 13:15:00,24340.72,24345.19,24322.96,24323.14,2531
2025-04-04 13:20:00,24323.14,24384.22,24311.63,24379.0,4916
2025-04-04 13:25:00,24379.0,24381.04,24292.07,24314.07,2954
2025-04-04 13:30:00,24314.07,24318.36,24309.26,24315.26,4510
2025-04-04 13:35:00,24315.26,24323.66,24305.44,24311.25,4324
2025-04-04 13:40:00,24311.25,24315.67,24282.73,24293.87,2075
2025-04-04 13:45:00,24293.87,24331.37,24269.99,24308.56,1626
2025-04-04 13:50:00,24308.56,24329.92,24291.38,24292.76,2270
2025-04-04 13:55:00,24292.76,24311.54,24272.92,24297.58,1649
2025-04-04 14:00:00,24297.58,24303.89,24233.82,24258.96,1637
2025-04-04 14:05:00,24258.96,24295.64,24255.21,24295.01,2084
2025-04-04 14:10:00,24295.01,24299.12,24260.99,24277.54,3755
2025-04-04 14:15:00,24277.54,24287.57,24270.76,24277.45,2757
2025-04-04 14:20:00,24277.45,24289.63,24253.24,24253.56,1541
2025-04-04 14:25:00,24253.56,24289.17,24242.26,24280.22,1777
2025-04-04 14:30:00,24280.22,24341.51,24277.8,24326.17,3986
2025-04-04 14:35:00,24326.17,24340.3,24319.14,24339.16,4225
2025-04-04 14:40:00,24339.16,24364.69,24327.32,24347.49,2098
2025-04-04 14:45:00,24347.49,24426.57,24345.64,24409.29,4487
2025-04-04 14:50:00,24409.29,24441.53,24407.27,24419.38,3398
2025-04-04 14:55:00,24419.38,24435.84,24400.71,24405.7,1409
2025-04-04 15:00:00,24405.7,24407.83,24316.07,24325.03,4248
2025-04-04 15:05:00,24325.03,24327.69,24302.33,24305.99,2810
2025-04-04 15:10:00,24305.99,24322.9,24277.62,24284.09,1231
2025-04-04 15:15:00,24284.09,24320.19,24246.14,24302.83,2189
2025-04-04 15:20:00,24302.83,24325.79,24279.14,24321.99,3140
2025-04-04 15:25:00,24321.99,24335.89,24312.44,24334.27,3327
2025-04-07 09:15:00,24269.65,24278.56,24253.23,24253.93,3868
2025-04-07 09:20:00,24253.93,24260.35,24211.72,24226.73,1969
2025-04-07 09:25:00,24226.73,24235.98,24218.3,24231.13,4084
2025-04-07 09:30:00,24231.13,24232.94,24222.59,24228.87,2067
2025-04-07 09:35:00,24228.87,24273.87,24228.32,24257.29,2321
2025-04-07 09:40:00,24257.29,24291.37,24256.32,24284.93,3629
2025-04-07 09:45:00,24284.93,24313.67,24242.41,24257.9,1010
2025-04-07 09:50:00,24257.9,24274.53,24254.47,24266.01,2757
2025-04-07 09:55:00,24266.01,24315.89,24241.23,24306.53,3611
2025-04-07 10:00:00,24306.53,24316.0,24303.14,24313.96,4669
2025-04-07 10:05:00,24313.96,24342.02,24308.29,24328.47,4529
2025-04-07 10:10:00,24328.47,24352.46,24296.87,24335.93,4071
2025-04-07 10:15:00,24335.93,24344.45,24325.81,24342.51,4703
2025-04-07 10:20:00,24342.51,24350.79,24284.38,24306.38,3825
2025-04-07 10:25:00,24306.38,24335.88,24297.58,24321.75,3098
2025-04-07 10:30:00,24321.75,24362.8,24311.14,24344.91,3537
2025-04-07 10:35:00,24344.91,24361.69,24330.99,24355.16,4772
2025-04-07 10:40:00,24355.16,24357.28,24347.92,24355.38,2690
2025-04-07 10:45:00,24355.38,24373.65,24302.86,24310.9,3367
2025-04-07 10:50:00,24310.9,24356.61,24310.5,24342.6,4779
2025-04-07 10:55:00,24342.6,24347.83,24291.7,24310.36,2812
2025-04-07 11:00:00,24310.36,24336.54,24294.39,24318.53,3638
2025-04-07 11:05:00,24318.53,24351.79,24315.49,24341.05,4942
2025-04-07 11:10:00,24341.05,24355.92,24335.0,24347.76,1404
2025-04-07 11:15:00,24347.76,24372.98,24328.92,24371.44,4055
2025-04-07 11:20:00,24371.44,24406.5,24358.67,24386.25,2425
2025-04-07 11:25:00,24386.25,24402.84,24370.72,24398.76,3854
2025-04-07 11:30:00,24398.76,24428.45,24392.86,24415.94,4858
2025-04-07 11:35:00,24415.94,24420.85,24356.01,24389.38,4530
2025-04-07 11:40:00,24389.38,24389.41,24371.74,24376.79,2985
2025-04-07 11:45:00,24376.79,24422.79,24375.15,24417.07,1474
2025-04-07 11:50:00,24417.07,24454.66,24409.89,24449.29,1959
2025-04-07 11:55:00,24449.29,24505.17,24434.71,24494.56,1541
2025-04-07 12:00:00,24494.56,24552.03,24481.62,24523.96,3018
2025-04-07 12:05:00,24523.96,24528.08,24498.28,24520.53,3623
2025-04-07 12:10:00,24520.53,24544.58,24513.36,24534.91,2914
2025-04-07 12:15:00,24534.91,24569.66,24521.34,24548.3,2722
2025-04-07 12:20:00,24548.3,24571.1,24503.35,24525.01,2724
2025-04-07 12:25:00,24525.01,24536.69,24512.47,24534.61,2139
2025-04-07 12:30:00,24534.61,24555.32,24526.3,24553.26,4922
2025-04-07 12:35:00,24553.26,24587.43,24540.24,24566.81,3697
2025-04-07 12:40:00,24566.81,24599.68,24562.07,24596.4,1130
2025-04-07 12:45:00,24596.4,24633.25,24584.94,24618.82,1871
2025-04-07 12:50:00,24618.82,24619.34,24604.64,24610.73,4640
2025-04-07 12:55:00,24610.73,24642.62,24605.95,24639.23,4673
2025-04-07 13:00:00,24639.23,24651.31,24589.49,24597.57,4334
2025-04-07 13:05:00,24597.57,24604.93,24568.48,24580.36,1338
2025-04-07 13:10:00,24580.36,24599.88,24541.64,24555.38,2119
2025-04-07 13:15:00,24555.38,24614.44,24537.29,24598.58,4207
2025-04-07 13:20:00,24598.58,24631.58,24582.57,24599.44,4814
2025-04-07 13:25:00,24599.44,24657.5,24596.11,24642.99,1352
2025-04-07 13:30:00,24642.99,24650.36,24596.63,24598.38,4985
2025-04-07 13:35:00,24598.38,24602.64,24555.29,24555.83,2431
2025-04-07 13:40:00,24555.83,24578.54,24535.35,24565.45,1231
2025-04-07 13:45:00,24565.45,24572.18,24558.99,24565.39,1326
2025-04-07 13:50:00,24565.39,24578.44,24485.03,24486.35,2710
2025-04-07 13:55:00,24486.35,24493.29,24471.34,24489.85,1596
2025-04-07 14:00:00,24489.85,24532.93,24486.39,24524.15,2994
2025-04-07 14:05:00,24524.15,24551.79,24480.32,24512.66,4514
2025-04-07 14:10:00,24512.66,24548.26,24508.19,24531.93,2255
2025-04-07 14:15:00,24531.93,24576.55,24517.02,24548.86,4744
2025-04-07 14:20:00,24548.86,24562.11,24534.39,24561.55,4628
2025-04-07 14:25:00,24561.55,24567.47,24544.53,24552.58,1020
2025-04-07 14:30:00,24552.58,24556.43,24495.3,24496.92,4694
2025-04-07 14:35:00,24496.92,24526.59,24486.97,24523.34,3704
2025-04-07 14:40:00,24523.34,24597.43,24491.11,24582.82,1933
2025-04-07 14:45:00,24582.82,24593.23,24533.79,24570.76,3515
2025-04-07 14:50:00,24570.76,24615.07,24566.81,24596.95,4817
2025-04-07 14:55:00,24596.95,24598.67,24565.51,24577.41,2362
2025-04-07 15:00:00,24577.41,24650.65,24567.01,24637.7,2241
2025-04-07 15:05:00,24637.7,24640.41,24603.39,24614.29,3979
2025-04-07 15:10:00,24614.29,24637.87,24599.41,24606.9,1314
2025-04-07 15:15:00,24606.9,24613.2,24570.23,24581.88,4595
2025-04-07 15:20:00,24581.88,24616.04,24555.21,24580.07,2030
2025-04-07 15:25:00,24580.07,24584.21,24561.58,24566.4,1020
2025-04-08 09:15:00,24551.34,24557.35,24528.11,24539.55,1192
2025-04-08 09:20:00,24539.55,24551.9,24482.15,24488.53,3680
2025-04-08 09:25:00,24488.53,24511.97,24442.11,24450.71,4252
2025-04-08 09:30:00,24450.71,24470.41,24410.93,24426.07,4643
2025-04-08 09:35:00,24426.07,24457.6,24411.83,24446.08,2873
2025-04-08 09:40:00,24446.08,24498.15,24437.99,24481.84,2791
2025-04-08 09:45:00,24481.84,24548.83,24473.75,24542.46,2363
2025-04-08 09:50:00,24542.46,24572.89,24537.26,24553.32,1201
2025-04-08 09:55:00,24553.32,24577.19,24548.06,24572.74,1086
2025-04-08 10:00:00,24572.74,24579.62,24563.4,24568.0,4527
2025-04-08 10:05:00,24568.0,24623.53,24567.85,24610.59,2468
2025-04-08 10:10:00,24610.59,24612.81,24550.93,24552.33,1813
2025-04-08 10:15:00,24552.33,24560.94,24538.67,24541.78,3232
2025-04-08 10:20:00,24541.78,24554.7,24513.57,24521.35,1458
2025-04-08 10:25:00,24521.35,24524.75,24518.25,24523.65,4682
2025-04-08 10:30:00,24523.65,24569.36,24505.49,24555.53,1880
2025-04-08 10:35:00,24555.53,24580.55,24513.74,24524.57,3799
2025-04-08 10:40:00,24524.57,24578.47,24516.6,24567.62,2536
2025-04-08 10:45:00,24567.62,24573.76,24533.07,24534.47,4179
2025-04-08 10:50:00,24534.47,24541.47,24455.41,24466.82,3299
2025-04-08 10:55:00,24466.82,24485.34,24450.57,24478.58,4922
2025-04-08 11:00:00,24478.58,24496.34,24460.51,24483.09,4029
2025-04-08 11:05:00,24483.09,24493.76,24460.33,24490.83,4642
2025-04-08 11:10:00,24490.83,24502.16,24480.36,24482.8,4901
2025-04-08 11:15:00,24482.8,24488.81,24478.05,24487.72,2431
2025-04-08 11:20:00,24487.72,24531.17,24478.36,24527.71,3587
2025-04-08 11:25:00,24527.71,24547.16,24451.27,24457.37,1922
2025-04-08 11:30:00,24457.37,24462.68,24440.65,24458.12,1128
2025-04-08 11:35:00,24458.12,24483.61,24455.01,24466.33,1339
2025-04-08 11:40:00,24466.33,24511.5,24462.31,24503.12,4731
2025-04-08 11:45:00,24503.12,24549.94,24480.27,24524.51,3515
2025-04-08 11:50:00,24524.51,24558.74,24512.66,24533.75,3124
2025-04-08 11:55:00,24533.75,24541.08,24514.33,24521.21,1782
2025-04-08 12:00:00,24521.21,24550.56,24519.76,24542.94,1759
2025-04-08 12:05:00,24542.94,24546.6,24529.27,24537.17,2121
2025-04-08 12:10:00,24537.17,24561.47,24491.15,24498.75,2431
2025-04-08 12:15:00,24498.75,24518.95,24490.3,24513.55,2676
2025-04-08 12:20:00,24513.55,24534.32,24509.5,24533.69,2471
2025-04-08 12:25:00,24533.69,24574.29,24511.69,24546.65,2888
2025-04-08 12:30:00,24546.65,24557.59,24493.9,24502.72,3896
2025-04-08 12:35:00,24502.72,24558.61,24480.73,24541.94,4119
2025-04-08 12:40:00,24541.94,24542.58,24506.89,24533.25,2662
2025-04-08 12:45:00,24533.25,24568.23,24527.94,24565.77,4131
2025-04-08 12:50:00,24565.77,24572.31,24540.43,24544.33,1242
2025-04-08 12:55:00,24544.33,24603.71,24537.22,24590.44,1389
2025-04-08 13:00:00,24590.44,24591.86,24527.38,24542.58,1210
2025-04-08 13:05:00,24542.58,24560.22,24542.54,24548.99,1254
2025-04-08 13:10:00,24548.99,24563.03,24517.76,24522.99,1010
2025-04-08 13:15:00,24522.99,24538.2,24442.49,24442.49,2246
2025-04-08 13:20:00,24442.49,24465.41,24391.51,24392.0,1400
2025-04-08 13:25:00,24392.0,24398.68,24341.3,24342.83,3073
2025-04-08 13:30:00,24342.83,24343.72,24284.81,24293.94,4171
2025-04-08 13:35:00,24293.94,24336.85,24285.54,24330.2,3487
2025-04-08 13:40:00,24330.2,24346.81,24312.64,24319.43,4163
2025-04-08 13:45:00,24319.43,24328.5,24236.39,24246.61,3799
2025-04-08 13:50:00,24246.61,24300.88,24236.3,24292.23,1720
2025-04-08 13:55:00,24292.23,24363.39,24276.98,24350.05,1574
2025-04-08 14:00:00,24350.05,24390.05,24337.82,24367.79,1786
2025-04-08 14:05:00,24367.79,24376.62,24329.42,24330.76,1220
2025-04-08 14:10:00,24330.76,24335.63,24312.12,24312.39,1907
2025-04-08 14:15:00,24312.39,24314.46,24274.37,24280.97,4670
2025-04-08 14:20:00,24280.97,24293.62,24262.34,24278.44,1715
2025-04-08 14:25:00,24278.44,24319.42,24275.21,24308.62,4644
2025-04-08 14:30:00,24308.62,24329.01,24248.93,24266.59,3307
2025-04-08 14:35:00,24266.59,24282.2,24245.48,24267.18,4637
2025-04-08 14:40:00,24267.18,24276.63,24253.79,24260.47,1819
2025-04-08 14:45:00,24260.47,24269.02,24260.25,24263.18,2219
2025-04-08 14:50:00,24263.18,24288.12,24253.42,24278.06,1380
2025-04-08 14:55:00,24278.06,24308.02,24271.51,24306.44,3859
2025-04-08 15:00:00,24306.44,24307.8,24274.94,24283.22,3971
2025-04-08 15:05:00,24283.22,24292.9,24224.56,24246.09,2167
2025-04-08 15:10:00,24246.09,24246.59,24230.03,24233.53,2450
2025-04-08 15:15:00,24233.53,24252.92,24214.22,24230.05,4467
2025-04-08 15:20:00,24230.05,24265.26,24225.77,24260.92,2263
2025-04-08 15:25:00,24260.92,24267.0,24249.38,24259.72,1575
2025-04-09 09:15:00,24332.33,24347.55,24324.23,24342.17,1049
2025-04-09 09:20:00,24342.17,24347.8,24273.6,24281.48,1577
2025-04-09 09:25:00,24281.48,24298.28,24273.88,24290.09,4093
2025-04-09 09:30:00,24290.09,24312.79,24228.38,24242.36,3203
2025-04-09 09:35:00,24242.36,24271.03,24236.46,24263.1,3436
2025-04-09 09:40:00,24263.1,24291.36,24246.03,24285.85,3411
2025-04-09 09:45:00,24285.85,24306.93,24285.51,24306.52,1860
2025-04-09 09:50:00,24306.52,24322.34,24259.83,24266.3,3597
2025-04-09 09:55:00,24266.3,24270.93,24257.42,24266.41,4848
2025-04-09 10:00:00,24266.41,24304.96,24216.8,24227.53,1772
2025-04-09 10:05:00,24227.53,24264.25,24217.19,24242.96,4901
2025-04-09 10:10:00,24242.96,24251.67,24213.36,24214.95,2064
2025-04-09 10:15:00,24214.95,24215.14,24176.02,24183.18,2459
2025-04-09 10:20:00,24183.18,24186.42,24121.31,24123.2,1893
2025-04-09 10:25:00,24123.2,24139.15,24122.27,24132.07,1178
2025-04-09 10:30:00,24132.07,24144.53,24091.02,24120.87,4799
2025-04-09 10:35:00,24120.87,24120.91,24107.83,24116.65,4312
2025-04-09 10:40:00,24116.65,24127.91,24058.27,24071.2,4502
2025-04-09 10:45:00,24071.2,24082.48,24006.78,24021.48,2873
2025-04-09 10:50:00,24021.48,24032.4,23946.17,23957.82,2380
2025-04-09 10:55:00,23957.82,23971.94,23865.58,23889.73,3641
2025-04-09 11:00:00,23889.73,23900.53,23867.73,23872.18,2357
2025-04-09 11:05:00,23872.18,23880.23,23855.85,23873.0,3544
2025-04-09 11:10:00,23873.0,23874.17,23868.09,23871.45,1355
2025-04-09 11:15:00,23871.45,23912.56,23864.01,23903.73,4670
2025-04-09 11:20:00,23903.73,23931.13,23876.79,23924.08,4368
2025-04-09 11:25:00,23924.08,23973.79,23912.43,23956.71,1441
2025-04-09 11:30:00,23956.71,23960.85,23927.64,23950.66,1165
2025-04-09 11:35:00,23950.66,24001.22,23948.89,24000.18,3126
2025-04-09 11:40:00,24000.18,24008.55,23957.56,23965.29,3996
2025-04-09 11:45:00,23965.29,24000.71,23964.09,23989.28,2758
2025-04-09 11:50:00,23989.28,23996.86,23938.4,23943.08,3386
2025-04-09 11:55:00,23943.08,23947.76,23898.86,23929.72,1580
2025-04-09 12:00:00,23929.72,23944.25,23909.72,23917.9,3456
2025-04-09 12:05:00,23917.9,23967.89,23900.15,23954.46,2820
2025-04-09 12:10:00,23954.46,23965.9,23916.68,23922.11,2229
2025-04-09 12:15:00,23922.11,23958.84,23922.1,23953.01,2846
2025-04-09 12:20:00,23953.01,23957.46,23920.05,23926.92,3771
2025-04-09 12:25:00,23926.92,23928.33,23913.1,23918.87,3674
2025-04-09 12:30:00,23918.87,23927.1,23915.58,23923.55,3765
2025-04-09 12:35:00,23923.55,23975.05,23918.11,23973.06,1981
2025-04-09 12:40:00,23973.06,23995.78,23958.12,23995.39,4308
2025-04-09 12:45:00,23995.39,24058.21,23987.54,24056.9,1210
2025-04-09 12:50:00,24056.9,24096.52,24046.4,24094.24,2101
2025-04-09 12:55:00,24094.24,24096.35,24068.13,24080.75,3532
2025-04-09 13:00:00,24080.75,24085.09,24055.91,24069.97,4424
2025-04-09 13:05:00,24069.97,24077.19,24063.13,24066.25,4623
2025-04-09 13:10:00,24066.25,24093.19,24047.88,24086.0,1591
2025-04-09 13:15:00,24086.0,24127.75,24074.63,24114.64,4432
2025-04-09 13:20:00,24114.64,24121.58,24070.19,24071.13,1163
2025-04-09 13:25:00,24071.13,24084.51,24060.72,24081.66,1606
2025-04-09 13:30:00,24081.66,24091.81,24038.71,24054.51,1876
2025-04-09 13:35:00,24054.51,24082.04,24050.07,24065.33,2355
2025-04-09 13:40:00,24065.33,24065.75,24052.62,24060.45,3180
2025-04-09 13:45:00,24060.45,24073.08,24033.51,24047.99,4548
2025-04-09 13:50:00,24047.99,24054.12,24022.47,24026.13,3170
2025-04-09 13:55:00,24026.13,24028.65,23963.0,23970.85,4325
2025-04-09 14:00:00,23970.85,24004.68,23964.51,23993.36,3380
2025-04-09 14:05:00,23993.36,24003.25,23944.14,23944.81,1471
2025-04-09 14:10:00,23944.81,23972.82,23942.27,23952.47,4455
2025-04-09 14:15:00,23952.47,23959.85,23943.13,23945.31,3295
2025-04-09 14:20:00,23945.31,23976.38,23940.14,23964.93,3240
2025-04-09 14:25:00,23964.93,23976.63,23935.05,23940.7,4636
2025-04-09 14:30:00,23940.7,23944.37,23925.9,23941.38,4789
2025-04-09 14:35:00,23941.38,23957.15,23869.96,23871.61,2446
2025-04-09 14:40:00,23871.61,23874.76,23853.8,23874.1,1137
2025-04-09 14:45:00,23874.1,23879.53,23846.24,23851.77,1936
2025-04-09 14:50:00,23851.77,23930.98,23850.44,23916.9,2310
2025-04-09 14:55:00,23916.9,23920.14,23875.58,23896.88,3624
2025-04-09 15:00:00,23896.88,23933.95,23882.65,23920.66,4167
2025-04-09 15:05:00,23920.66,23937.47,23918.46,23926.25,2681
2025-04-09 15:10:00,23926.25,23926.49,23916.98,23925.24,4041
2025-04-09 15:15:00,23925.24,23930.47,23867.92,23881.71,1594
2025-04-09 15:20:00,23881.71,23893.62,23834.83,23835.19,4229
2025-04-09 15:25:00,23835.19,23836.32,23810.47,23824.97,2967
2025-04-10 09:15:00,23735.23,23735.61,23716.8,23725.37,4556
2025-04-10 09:20:00,23725.37,23777.35,23720.21,23771.19,2014
2025-04-10 09:25:00,23771.19,23805.19,23768.53,23800.9,2276
2025-04-10 09:30:00,23800.9,23838.9,23784.32,23832.64,1271
2025-04-10 09:35:00,23832.64,23857.97,23828.87,23843.97,3564
2025-04-10 09:40:00,23843.97,23895.03,23828.11,23883.4,2914
2025-04-10 09:45:00,23883.4,23966.98,23866.74,23961.88,3333
2025-04-10 09:50:00,23961.88,23984.59,23958.55,23975.53,1581
2025-04-10 09:55:00,23975.53,24001.04,23962.84,23979.71,4378
2025-04-10 10:00:00,23979.71,24007.31,23895.29,23917.1,1182
2025-04-10 10:05:00,23917.1,23934.55,23913.17,23923.91,1327
2025-04-10 10:10:00,23923.91,23946.48,23875.23,23877.88,1340
2025-04-10 10:15:00,23877.88,23893.74,23861.7,23881.95,3660
2025-04-10 10:20:00,23881.95,23884.91,23853.58,23873.67,2228
2025-04-10 10:25:00,23873.67,23912.9,23864.19,23908.41,4045
2025-04-10 10:30:00,23908.41,23919.76,23893.1,23897.61,1438
2025-04-10 10:35:00,23897.61,23905.43,23830.4,23848.89,4405
2025-04-10 10:40:00,23848.89,23861.78,23847.47,23858.58,2989
2025-04-10 10:45:00,23858.58,23878.92,23847.43,23850.58,3270
2025-04-10 10:50:00,23850.58,23867.08,23828.18,23833.76,1557
2025-04-10 10:55:00,23833.76,23896.7,23831.11,23876.96,4412
2025-04-10 11:00:00,23876.96,23895.77,23872.55,23894.42,3425
2025-04-10 11:05:00,23894.42,23897.71,23886.43,23894.3,2940
2025-04-10 11:10:00,23894.3,23907.6,23850.64,23859.57,4010
2025-04-10 11:15:00,23859.57,23863.85,23824.04,23837.92,1703
2025-04-10 11:20:00,23837.92,23874.89,23833.28,23867.53,2634
2025-04-10 11:25:00,23867.53,23914.19,23850.13,23905.85,4516
2025-04-10 11:30:00,23905.85,23908.77,23888.44,23901.82,1439
2025-04-10 11:35:00,23901.82,23915.97,23877.72,23895.71,4884
2025-04-10 11:40:00,23895.71,23904.78,23877.43,23904.61,3152
2025-04-10 11:45:00,23904.61,23910.43,23900.27,23905.51,4166
2025-04-10 11:50:00,23905.51,23908.1,23873.82,23881.8,3853
2025-04-10 11:55:00,23881.8,23920.97,23865.3,23908.7,1372
2025-04-10 12:00:00,23908.7,23915.17,23905.39,23914.85,3355
2025-04-10 12:05:00,23914.85,23979.5,23912.82,23971.19,3212
2025-04-10 12:10:00,23971.19,23985.72,23943.03,23945.36,4946
2025-04-10 12:15:00,23945.36,23962.44,23864.71,23883.41,1729
2025-04-10 12:20:00,23883.41,23953.27,23879.13,23948.84,2573
2025-04-10 12:25:00,23948.84,23953.18,23910.64,23914.35,2234
2025-04-10 12:30:00,23914.35,23935.53,23871.16,23886.35,1475
2025-04-10 12:35:00,23886.35,23899.46,23861.94,23880.92,4639
2025-04-10 12:40:00,23880.92,23891.18,23875.57,23878.43,4958
2025-04-10 12:45:00,23878.43,23888.86,23856.33,23859.16,3713
2025-04-10 12:50:00,23859.16,23872.23,23832.79,23838.86,2950
2025-04-10 12:55:00,23838.86,23844.82,23817.8,23828.27,1860
2025-04-10 13:00:00,23828.27,23833.46,23792.09,23795.8,3361
2025-04-10 13:05:00,23795.8,23805.47,23774.46,23785.12,3829
2025-04-10 13:10:00,23785.12,23845.23,23758.75,23834.64,2616
2025-04-10 13:15:00,23834.64,23842.13,23800.78,23806.13,4678
2025-04-10 13:20:00,23806.13,23850.05,23803.21,23833.34,3864
2025-04-10 13:25:00,23833.34,23840.26,23806.19,23815.9,3825
2025-04-10 13:30:00,23815.9,23829.33,23787.92,23790.56,3141
2025-04-10 13:35:00,23790.56,23806.31,23772.88,23778.65,4490
2025-04-10 13:40:00,23778.65,23784.13,23714.81,23732.82,1915
2025-04-10 13:45:00,23732.82,23736.91,23688.66,23699.12,1593
2025-04-10 13:50:00,23699.12,23740.34,23690.15,23734.18,1618
2025-04-10 13:55:00,23734.18,23756.59,23720.56,23746.46,3565
2025-04-10 14:00:00,23746.46,23778.59,23744.7,23750.77,1031
2025-04-10 14:05:00,23750.77,23763.14,23742.49,23747.31,4121
2025-04-10 14:10:00,23747.31,23760.21,23723.76,23740.38,4542
2025-04-10 14:15:00,23740.38,23758.07,23729.69,23748.23,2372
2025-04-10 14:20:00,23748.23,23783.21,23747.71,23777.77,2805
2025-04-10 14:25:00,23777.77,23812.41,23770.48,23809.75,4498
2025-04-10 14:30:00,23809.75,23833.1,23718.33,23736.12,3477
2025-04-10 14:35:00,23736.12,23818.05,23732.0,23771.52,2010
2025-04-10 14:40:00,23771.52,23803.22,23740.82,23796.38,2361
2025-04-10 14:45:00,23796.38,23814.18,23779.77,23786.42,1351
2025-04-10 14:50:00,23786.42,23795.72,23706.66,23725.42,2804
2025-04-10 14:55:00,23725.42,23779.4,23716.25,23772.03,3161
2025-04-10 15:00:00,23772.03,23796.53,23757.81,23795.49,1662
2025-04-10 15:05:00,23795.49,23838.91,23789.84,23823.9,1154
2025-04-10 15:10:00,23823.9,23832.95,23822.89,23831.49,3238
2025-04-10 15:15:00,23831.49,23836.27,23791.69,23798.27,4539
2025-04-10 15:20:00,23798.27,23839.7,23781.84,23825.37,1815
2025-04-10 15:25:00,23825.37,23836.51,23792.95,23793.46,3973
2025-04-11 09:15:00,23886.46,23930.64,23863.66,23914.01,3507
2025-04-11 09:20:00,23914.01,23919.45,23896.66,23899.64,3824
2025-04-11 09:25:00,23899.64,23913.69,23849.38,23862.31,2185
2025-04-11 09:30:00,23862.31,23881.97,23853.87,23877.65,2457
2025-04-11 09:35:00,23877.65,23886.6,23869.1,23878.03,2853
2025-04-11 09:40:00,23878.03,23897.43,23873.47,23881.06,4618
2025-04-11 09:45:00,23881.06,23885.12,23857.78,23880.5,3764
2025-04-11 09:50:00,23880.5,23887.79,23872.64,23883.46,3375
2025-04-11 09:55:00,23883.46,23889.03,23850.45,23871.03,2502
2025-04-11 10:00:00,23871.03,23911.0,23864.06,23904.34,1958
2025-04-11 10:05:00,23904.34,23921.37,23872.86,23898.69,3253
2025-04-11 10:10:00,23898.69,23921.9,23884.02,23888.86,3558
2025-04-11 10:15:00,23888.86,23893.36,23870.86,23892.91,3422
2025-04-11 10:20:00,23892.91,23934.1,23888.58,23930.13,1557
2025-04-11 10:25:00,23930.13,23935.04,23906.62,23910.86,2067
2025-04-11 10:30:00,23910.86,23913.59,23873.21,23875.95,1470
2025-04-11 10:35:00,23875.95,23883.31,23838.16,23856.5,3668
2025-04-11 10:40:00,23856.5,23857.16,23793.68,23796.59,3326
2025-04-11 10:45:00,23796.59,23805.72,23780.78,23798.13,1342
2025-04-11 10:50:00,23798.13,23804.83,23784.9,23791.99,4021
2025-04-11 10:55:00,23791.99,23819.68,23783.66,23813.67,3435
2025-04-11 11:00:00,23813.67,23839.26,23804.51,23830.08,3748
2025-04-11 11:05:00,23830.08,23834.77,23828.18,23834.14,2812
2025-04-11 11:10:00,23834.14,23836.44,23826.59,23829.87,2197
2025-04-11 11:15:00,23829.87,23873.88,23821.32,23861.36,3453
2025-04-11 11:20:00,23861.36,23870.5,23766.5,23787.53,4306
2025-04-11 11:25:00,23787.53,23813.04,23745.29,23794.79,4431
2025-04-11 11:30:00,23794.79,23796.04,23765.59,23772.86,2123
2025-04-11 11:35:00,23772.86,23795.02,23765.76,23787.1,2956
2025-04-11 11:40:00,23787.1,23812.5,23775.69,23801.44,1990
2025-04-11 11:45:00,23801.44,23807.78,23779.39,23789.18,2406
2025-04-11 11:50:00,23789.18,23789.68,23726.56,23744.49,1306
2025-04-11 11:55:00,23744.49,23767.64,23742.81,23751.89,1232
2025-04-11 12:00:00,23751.89,23777.6,23712.21,23735.01,1613
2025-04-11 12:05:00,23735.01,23746.36,23704.87,23714.64,3146
2025-04-11 12:10:00,23714.64,23735.69,23707.35,23730.13,2560
2025-04-11 12:15:00,23730.13,23768.86,23729.88,23763.77,2047
2025-04-11 12:20:00,23763.77,23840.82,23761.45,23839.77,1143
2025-04-11 12:25:00,23839.77,23863.57,23800.06,23815.2,1510
2025-04-11 12:30:00,23815.2,23860.37,23788.85,23850.42,2768
2025-04-11 12:35:00,23850.42,23863.54,23767.49,23773.4,4217
2025-04-11 12:40:00,23773.4,23790.27,23758.78,23767.22,3368
2025-04-11 12:45:00,23767.22,23811.0,23760.33,23795.54,3974
2025-04-11 12:50:00,23795.54,23821.73,23752.61,23757.75,4038
2025-04-11 12:55:00,23757.75,23770.39,23715.05,23727.03,4636
2025-04-11 13:00:00,23727.03,23771.22,23724.77,23769.34,1591
2025-04-11 13:05:00,23769.34,23788.72,23749.44,23755.73,4795
2025-04-11 13:10:00,23755.73,23796.79,23752.1,23785.88,1756
2025-04-11 13:15:00,23785.88,23792.7,23754.22,23760.08,2472
2025-04-11 13:20:00,23760.08,23792.03,23755.82,23784.26,2064
2025-04-11 13:25:00,23784.26,23799.06,23773.56,23794.9,2556
2025-04-11 13:30:00,23794.9,23807.0,23757.24,23762.04,4236
2025-04-11 13:35:00,23762.04,23783.81,23749.4,23759.83,1859
2025-04-11 13:40:00,23759.83,23809.55,23746.7,23792.27,3456
2025-04-11 13:45:00,23792.27,23820.31,23786.93,23815.08,2980
2025-04-11 13:50:00,23815.08,23827.25,23806.46,23825.7,3778
2025-04-11 13:55:00,23825.7,23833.99,23768.85,23804.65,3980
2025-04-11 14:00:00,23804.65,23850.43,23792.94,23846.69,3548
2025-04-11 14:05:00,23846.69,23848.98,23838.74,23842.53,3718
2025-04-11 14:10:00,23842.53,23843.85,23833.82,23840.82,3427
2025-04-11 14:15:00,23840.82,23868.54,23838.85,23854.95,1224
2025-04-11 14:20:00,23854.95,23866.87,23839.66,23850.06,3843
2025-04-11 14:25:00,23850.06,23855.08,23836.01,23850.27,2058
2025-04-11 14:30:00,23850.27,23863.96,23848.09,23854.24,4745
2025-04-11 14:35:00,23854.24,23886.38,23853.15,23878.7,4794
2025-04-11 14:40:00,23878.7,23885.47,23857.28,23865.86,3361
2025-04-11 14:45:00,23865.86,23904.95,23865.83,23893.49,2539
2025-04-11 14:50:00,23893.49,23948.71,23883.81,23919.39,4775
2025-04-11 14:55:00,23919.39,23929.41,23885.08,23885.7,1438
2025-04-11 15:00:00,23885.7,23901.09,23884.97,23900.26,4577
2025-04-11 15:05:00,23900.26,23954.05,23898.05,23940.15,2422
2025-04-11 15:10:00,23940.15,23952.33,23897.75,23903.45,4152
2025-04-11 15:15:00,23903.45,23933.72,23894.0,23903.47,3194
2025-04-11 15:20:00,23903.47,23909.12,23872.28,23881.09,1667
2025-04-11 15:25:00,23881.09,23884.04,23834.19,23845.1,2715
2025-04-14 09:15:00,23955.74,23973.88,23955.65,23972.61,3452
2025-04-14 09:20:00,23972.61,24006.36,23955.23,24003.85,3961
2025-04-14 09:25:00,24003.85,24006.17,23975.77,23977.71,2177
2025-04-14 09:30:00,23977.71,24000.73,23973.78,23993.81,4520
2025-04-14 09:35:00,23993.81,23994.74,23964.51,23980.3,1579
2025-04-14 09:40:00,23980.3,23998.19,23930.22,23956.25,3772
2025-04-14 09:45:00,23956.25,23987.17,23951.7,23984.85,2711
2025-04-14 09:50:00,23984.85,23996.76,23965.44,23976.89,4240
2025-04-14 09:55:00,23976.89,24003.45,23975.43,23991.24,2127
2025-04-14 10:00:00,23991.24,24059.42,23987.36,24044.83,3364
2025-04-14 10:05:00,24044.83,24072.13,24029.91,24066.74,3734
2025-04-14 10:10:00,24066.74,24072.28,24052.2,24052.47,4736
2025-04-14 10:15:00,24052.47,24068.34,24020.44,24021.11,4852
2025-04-14 10:20:00,24021.11,24036.42,24008.32,24016.59,4096
2025-04-14 10:25:00,24016.59,24069.23,24004.2,24044.3,4842
2025-04-14 10:30:00,24044.3,24052.92,24025.78,24033.39,4493
2025-04-14 10:35:00,24033.39,24036.23,23978.21,23989.27,1503
2025-04-14 10:40:00,23989.27,24022.17,23985.35,24018.58,1526
2025-04-14 10:45:00,24018.58,24034.58,24017.22,24026.56,1210
2025-04-14 10:50:00,24026.56,24035.29,24010.81,24012.21,4080
2025-04-14 10:55:00,24012.21,24020.1,23989.15,23993.26,2157
2025-04-14 11:00:00,23993.26,24016.24,23976.78,23990.9,2080
2025-04-14 11:05:00,23990.9,24009.1,23934.04,23950.61,1455
2025-04-14 11:10:00,23950.61,23969.94,23943.08,23949.99,1188
2025-04-14 11:15:00,23949.99,23957.76,23949.04,23952.97,2979
2025-04-14 11:20:00,23952.97,23961.33,23880.91,23897.77,4344
2025-04-14 11:25:00,23897.77,23901.45,23889.95,23900.21,4678
2025-04-14 11:30:00,23900.21,23908.64,23877.91,23891.7,3587
2025-04-14 11:35:00,23891.7,23925.91,23891.53,23923.92,4426
2025-04-14 11:40:00,23923.92,23948.12,23917.58,23944.28,3949
2025-04-14 11:45:00,23944.28,23975.14,23932.81,23953.15,1424
2025-04-14 11:50:00,23953.15,24022.34,23952.96,23998.73,2551
2025-04-14 11:55:00,23998.73,23998.85,23980.52,23983.06,1676
2025-04-14 12:00:00,23983.06,23986.28,23911.86,23927.22,3287
2025-04-14 12:05:00,23927.22,23938.84,23886.11,23902.48,2368
2025-04-14 12:10:00,23902.48,23912.26,23901.47,23910.12,1248
2025-04-14 12:15:00,23910.12,23940.28,23896.43,23937.34,2430
2025-04-14 12:20:00,23937.34,23938.28,23916.64,23921.82,4463
2025-04-14 12:25:00,23921.82,23924.67,23878.66,23912.5,1718
2025-04-14 12:30:00,23912.5,23921.8,23889.96,23890.98,1034
2025-04-14 12:35:00,23890.98,23920.67,23822.62,23842.6,4424
2025-04-14 12:40:00,23842.6,23843.78,23816.93,23832.36,1777
2025-04-14 12:45:00,23832.36,23871.54,23823.67,23844.09,2228
2025-04-14 12:50:00,23844.09,23848.23,23834.12,23839.94,2950
2025-04-14 12:55:00,23839.94,23844.57,23798.39,23816.14,3453
2025-04-14 13:00:00,23816.14,23833.88,23803.48,23821.29,3188
2025-04-14 13:05:00,23821.29,23831.28,23818.36,23828.21,4003
2025-04-14 13:10:00,23828.21,23833.59,23790.09,23790.38,1362
2025-04-14 13:15:00,23790.38,23797.29,23774.72,23788.66,4789
2025-04-14 13:20:00,23788.66,23791.58,23757.61,23767.93,2806
2025-04-14 13:25:00,23767.93,23825.55,23758.69,23823.62,3510
2025-04-14 13:30:00,23823.62,23847.76,23816.18,23845.55,1747
2025-04-14 13:35:00,23845.55,23873.36,23815.14,23847.68,3700
2025-04-14 13:40:00,23847.68,23851.0,23826.78,23847.72,2025
2025-04-14 13:45:00,23847.72,23854.95,23831.58,23854.0,3751
2025-04-14 13:50:00,23854.0,23886.15,23834.6,23882.42,4919
2025-04-14 13:55:00,23882.42,23926.82,23878.16,23913.44,4481
2025-04-14 14:00:00,23913.44,23918.53,23910.99,23916.81,1215
2025-04-14 14:05:00,23916.81,23994.39,23908.97,23971.44,2457
2025-04-14 14:10:00,23971.44,23975.75,23953.03,23954.22,3609
2025-04-14 14:15:00,23954.22,23987.42,23941.02,23981.55,2244
2025-04-14 14:20:00,23981.55,23985.24,23948.65,23957.45,1132
2025-04-14 14:25:00,23957.45,23977.53,23954.37,23967.15,3429
2025-04-14 14:30:00,23967.15,23980.33,23948.22,23972.12,4861
2025-04-14 14:35:00,23972.12,23974.94,23968.12,23973.6,4039
2025-04-14 14:40:00,23973.6,23975.92,23937.29,23938.26,1938
2025-04-14 14:45:00,23938.26,23945.9,23934.73,23935.89,1839
2025-04-14 14:50:00,23935.89,23937.76,23935.78,23936.29,4952
2025-04-14 14:55:00,23936.29,23955.13,23932.19,23932.58,3318
2025-04-14 15:00:00,23932.58,23942.68,23931.44,23936.69,4337
2025-04-14 15:05:00,23936.69,23941.78,23932.26,23936.21,3717
2025-04-14 15:10:00,23936.21,23949.39,23922.35,23936.31,4633
2025-04-14 15:15:00,23936.31,23962.79,23924.68,23951.64,2390
2025-04-14 15:20:00,23951.64,23976.27,23947.83,23972.62,2622
2025-04-14 15:25:00,23972.62,23999.28,23972.08,23996.14,3345
2025-04-15 09:15:00,23920.37,23948.67,23915.63,23935.47,1232
2025-04-15 09:20:00,23935.47,23938.47,23909.25,23915.83,1178
2025-04-15 09:25:00,23915.83,23935.53,23906.34,23928.57,1628
2025-04-15 09:30:00,23928.57,23931.73,23910.03,23916.53,3577
2025-04-15 09:35:00,23916.53,23940.72,23865.95,23869.1,1415
2025-04-15 09:40:00,23869.1,23915.64,23868.69,23897.36,3022
2025-04-15 09:45:00,23897.36,23897.83,23839.51,23875.21,2344
2025-04-15 09:50:00,23875.21,23883.09,23822.84,23849.32,3838
2025-04-15 09:55:00,23849.32,23856.03,23828.67,23830.55,4752
2025-04-15 10:00:00,23830.55,23835.18,23783.85,23793.21,1037
2025-04-15 10:05:00,23793.21,23835.8,23786.95,23834.28,1511
2025-04-15 10:10:00,23834.28,23904.77,23833.69,23897.42,4185
2025-04-15 10:15:00,23897.42,23900.73,23892.38,23896.66,1369
2025-04-15 10:20:00,23896.66,23906.43,23896.06,23898.02,2730
2025-04-15 10:25:00,23898.02,23943.22,23886.97,23939.38,2745
2025-04-15 10:30:00,23939.38,23967.72,23925.91,23960.9,2992
2025-04-15 10:35:00,23960.9,23990.24,23945.15,23977.86,2844
2025-04-15 10:40:00,23977.86,23995.91,23946.92,23971.18,3300
2025-04-15 10:45:00,23971.18,23990.53,23928.09,23937.76,2970
2025-04-15 10:50:00,23937.76,23962.51,23923.12,23952.22,1311
2025-04-15 10:55:00,23952.22,23983.43,23949.76,23969.14,3974
2025-04-15 11:00:00,23969.14,23973.76,23952.52,23963.67,4038
2025-04-15 11:05:00,23963.67,23965.11,23932.65,23937.8,4285
2025-04-15 11:10:00,23937.8,23943.16,23880.65,23885.26,3914
2025-04-15 11:15:00,23885.26,23887.79,23856.7,23862.33,1324
2025-04-15 11:20:00,23862.33,23873.53,23833.32,23854.33,4305
2025-04-15 11:25:00,23854.33,23905.58,23837.1,23897.38,2748
2025-04-15 11:30:00,23897.38,23910.53,23880.22,23900.4,1864
2025-04-15 11:35:00,23900.4,23904.75,23864.63,23870.89,3769
2025-04-15 11:40:00,23870.89,23915.06,23854.25,23866.09,1192
2025-04-15 11:45:00,23866.09,23877.52,23852.47,23874.17,2988
2025-04-15 11:50:00,23874.17,23882.12,23839.09,23850.05,4837
2025-04-15 11:55:00,23850.05,23874.2,23841.92,23863.37,2032
2025-04-15 12:00:00,23863.37,23866.23,23834.19,23844.19,1337
2025-04-15 12:05:00,23844.19,23876.99,23818.12,23871.55,4122
2025-04-15 12:10:00,23871.55,23921.25,23845.6,23902.91,4465
2025-04-15 12:15:00,23902.91,23930.69,23896.35,23929.33,4806
2025-04-15 12:20:00,23929.33,23950.29,23923.02,23940.33,2840
2025-04-15 12:25:00,23940.33,23946.57,23918.41,23927.95,3126
2025-04-15 12:30:00,23927.95,23984.39,23927.48,23967.61,4332
2025-04-15 12:35:00,23967.61,24033.4,23945.55,24025.36,3904
2025-04-15 12:40:00,24025.36,24051.02,24001.18,24045.65,1316
2025-04-15 12:45:00,24045.65,24054.11,24034.47,24052.45,2117
2025-04-15 12:50:00,24052.45,24077.24,24005.38,24011.79,3862
2025-04-15 12:55:00,24011.79,24015.31,24002.42,24004.0,3515
2025-04-15 13:00:00,24004.0,24049.14,23999.46,24014.02,3923
2025-04-15 13:05:00,24014.02,24034.13,24000.17,24018.02,3515
2025-04-15 13:10:00,24018.02,24040.45,24010.03,24033.93,3561
2025-04-15 13:15:00,24033.93,24047.97,23993.9,24013.97,4821
2025-04-15 13:20:00,24013.97,24020.29,23971.16,23996.85,2604
2025-04-15 13:25:00,23996.85,24028.16,23985.26,24016.65,1374
2025-04-15 13:30:00,24016.65,24017.99,23938.3,23972.47,1619
2025-04-15 13:35:00,23972.47,23983.75,23933.24,23949.6,3996
2025-04-15 13:40:00,23949.6,23949.65,23935.34,23942.6,4328
2025-04-15 13:45:00,23942.6,23978.31,23931.84,23964.79,4768
2025-04-15 13:50:00,23964.79,23966.48,23927.03,23938.29,3791
2025-04-15 13:55:00,23938.29,23966.11,23936.4,23958.19,2834
2025-04-15 14:00:00,23958.19,23997.06,23943.37,23991.85,3953
2025-04-15 14:05:00,23991.85,24001.27,23954.99,23964.07,4688
2025-04-15 14:10:00,23964.07,23976.87,23920.26,23935.17,1263
2025-04-15 14:15:00,23935.17,23952.75,23892.85,23900.89,4742
2025-04-15 14:20:00,23900.89,23924.7,23886.61,23924.32,2808
2025-04-15 14:25:00,23924.32,23959.84,23922.22,23957.25,2423
2025-04-15 14:30:00,23957.25,23961.25,23904.81,23912.63,4894
2025-04-15 14:35:00,23912.63,23922.56,23903.54,23911.4,1492
2025-04-15 14:40:00,23911.4,23925.57,23908.1,23909.2,3285
2025-04-15 14:45:00,23909.2,23956.27,23904.57,23943.14,4211
2025-04-15 14:50:00,23943.14,23984.48,23936.63,23950.67,4876
2025-04-15 14:55:00,23950.67,23966.24,23943.07,23952.7,4746
2025-04-15 15:00:00,23952.7,23965.98,23927.55,23960.07,3132
2025-04-15 15:05:00,23960.07,24019.47,23953.49,24007.94,3285
2025-04-15 15:10:00,24007.94,24070.11,23992.09,24058.17,1920
2025-04-15 15:15:00,24058.17,24081.34,24043.9,24080.7,2682
2025-04-15 15:20:00,24080.7,24086.52,24060.51,24076.78,3169
2025-04-15 15:25:00,24076.78,24105.1,24074.48,24102.91,3244
2025-04-16 09:15:00,24089.35,24156.76,24088.09,24151.87,1867
2025-04-16 09:20:00,24151.87,24199.99,24144.89,24191.55,1413
2025-04-16 09:25:00,24191.55,24203.27,24162.02,24167.87,4768
2025-04-16 09:30:00,24167.87,24254.22,24166.58,24240.35,3986
2025-04-16 09:35:00,24240.35,24242.04,24232.3,24236.96,2644
2025-04-16 09:40:00,24236.96,24259.5,24184.0,24201.61,4975
2025-04-16 09:45:00,24201.61,24270.83,24185.36,24257.05,1289
2025-04-16 09:50:00,24257.05,24257.64,24212.0,24227.55,1679
2025-04-16 09:55:00,24227.55,24229.43,24218.39,24220.72,1042
2025-04-16 10:00:00,24220.72,24293.5,24196.99,24275.77,3551
2025-04-16 10:05:00,24275.77,24349.96,24267.07,24338.1,2551
2025-04-16 10:10:00,24338.1,24361.35,24320.23,24342.89,3586
2025-04-16 10:15:00,24342.89,24355.12,24324.37,24329.6,3988
2025-04-16 10:20:00,24329.6,24355.39,24301.03,24311.14,4774
2025-04-16 10:25:00,24311.14,24325.66,24302.65,24323.0,4601
2025-04-16 10:30:00,24323.0,24330.03,24307.07,24311.33,2529
2025-04-16 10:35:00,24311.33,24336.46,24309.83,24335.84,1766
2025-04-16 10:40:00,24335.84,24390.88,24320.46,24389.76,2484
2025-04-16 10:45:00,24389.76,24400.88,24378.71,24383.29,1843
2025-04-16 10:50:00,24383.29,24392.8,24373.8,24387.84,2321
2025-04-16 10:55:00,24387.84,24397.3,24321.9,24335.76,4087
2025-04-16 11:00:00,24335.76,24345.58,24283.59,24285.24,3745
2025-04-16 11:05:00,24285.24,24297.51,24258.85,24259.91,3968
2025-04-16 11:10:00,24259.91,24298.13,24257.81,24297.91,4622
2025-04-16 11:15:00,24297.91,24335.31,24283.52,24333.39,1937
2025-04-16 11:20:00,24333.39,24339.36,24309.12,24316.73,2786
2025-04-16 11:25:00,24316.73,24348.31,24315.68,24337.69,2583
2025-04-16 11:30:00,24337.69,24357.72,24264.85,24292.43,4585
2025-04-16 11:35:00,24292.43,24319.28,24273.98,24311.55,3083
2025-04-16 11:40:00,24311.55,24325.85,24284.46,24299.81,2714
2025-04-16 11:45:00,24299.81,24313.22,24287.05,24296.62,1485
2025-04-16 11:50:00,24296.62,24319.94,24271.35,24291.64,2433
2025-04-16 11:55:00,24291.64,24307.08,24273.52,24301.5,2726
2025-04-16 12:00:00,24301.5,24331.25,24294.46,24330.09,1358
2025-04-16 12:05:00,24330.09,24341.82,24317.47,24326.05,3029
2025-04-16 12:10:00,24326.05,24333.87,24286.2,24296.66,1160
2025-04-16 12:15:00,24296.66,24301.62,24243.88,24246.18,2294
2025-04-16 12:20:00,24246.18,24255.65,24241.2,24254.33,3878
2025-04-16 12:25:00,24254.33,24286.33,24252.44,24266.07,4479
2025-04-16 12:30:00,24266.07,24327.2,24264.98,24325.41,4722
2025-04-16 12:35:00,24325.41,24339.73,24321.31,24322.19,3129
2025-04-16 12:40:00,24322.19,24348.41,24311.97,24344.9,4228
2025-04-16 12:45:00,24344.9,24367.03,24314.81,24321.4,1564
2025-04-16 12:50:00,24321.4,24364.87,24298.22,24346.39,4302
2025-04-16 12:55:00,24346.39,24387.16,24330.6,24379.51,2982
2025-04-16 13:00:00,24379.51,24386.59,24357.58,24358.66,2603
2025-04-16 13:05:00,24358.66,24382.41,24347.66,24350.81,2664
2025-04-16 13:10:00,24350.81,24352.91,24295.52,24303.47,1530
2025-04-16 13:15:00,24303.47,24319.16,24253.53,24259.39,2747
2025-04-16 13:20:00,24259.39,24279.24,24231.94,24234.31,2110
2025-04-16 13:25:00,24234.31,24244.82,24224.28,24227.29,3967
2025-04-16 13:30:00,24227.29,24275.05,24223.18,24270.16,1872
2025-04-16 13:35:00,24270.16,24295.43,24262.4,24294.03,3276
2025-04-16 13:40:00,24294.03,24305.84,24241.53,24247.73,4704
2025-04-16 13:45:00,24247.73,24262.85,24225.39,24257.0,2649
2025-04-16 13:50:00,24257.0,24270.93,24254.3,24260.5,3089
2025-04-16 13:55:00,24260.5,24268.16,24211.43,24231.69,2335
2025-04-16 14:00:00,24231.69,24242.14,24209.97,24211.49,3862
2025-04-16 14:05:00,24211.49,24212.49,24152.28,24153.43,4174
2025-04-16 14:10:00,24153.43,24169.43,24049.34,24079.86,1476
2025-04-16 14:15:00,24079.86,24093.49,24061.98,24067.36,4207
2025-04-16 14:20:00,24067.36,24102.45,24061.53,24094.32,3098
2025-04-16 14:25:00,24094.32,24148.6,24080.73,24133.31,4366
2025-04-16 14:30:00,24133.31,24152.99,24110.93,24145.39,4896
2025-04-16 14:35:00,24145.39,24151.66,24105.97,24133.37,2800
2025-04-16 14:40:00,24133.37,24142.57,24109.84,24114.02,3944
2025-04-16 14:45:00,24114.02,24127.09,24103.9,24108.04,4158
2025-04-16 14:50:00,24108.04,24123.16,24101.52,24113.79,3189
2025-04-16 14:55:00,24113.79,24120.0,24107.44,24117.12,3122
2025-04-16 15:00:00,24117.12,24127.35,24090.78,24100.34,3673
2025-04-16 15:05:00,24100.34,24146.86,24081.52,24133.26,1472
2025-04-16 15:10:00,24133.26,24158.92,24116.03,24147.17,4934
2025-04-16 15:15:00,24147.17,24157.45,24095.91,24110.3,2466
2025-04-16 15:20:00,24110.3,24111.61,24095.63,24104.29,4116
2025-04-16 15:25:00,24104.29,24113.26,24054.11,24069.52,3570
2025-04-17 09:15:00,24094.45,24102.6,24079.57,24082.66,1589
2025-04-17 09:20:00,24082.66,24093.93,24057.83,24086.06,2795
2025-04-17 09:25:00,24086.06,24107.58,24076.14,24104.33,1405
2025-04-17 09:30:00,24104.33,24121.09,24074.12,24075.12,4790
2025-04-17 09:35:00,24075.12,24144.8,24073.39,24099.36,4433
2025-04-17 09:40:00,24099.36,24109.74,24080.01,24084.34,1050
2025-04-17 09:45:00,24084.34,24118.49,24082.86,24096.44,4131
2025-04-17 09:50:00,24096.44,24150.74,24084.11,24143.62,3039
2025-04-17 09:55:00,24143.62,24150.06,24128.69,24132.24,1740
2025-04-17 10:00:00,24132.24,24210.25,24128.26,24195.03,4543
2025-04-17 10:05:00,24195.03,24223.71,24182.97,24203.41,4104
2025-04-17 10:10:00,24203.41,24211.64,24149.05,24160.28,4749
2025-04-17 10:15:00,24160.28,24170.2,24132.31,24140.59,1425
2025-04-17 10:20:00,24140.59,24157.42,24127.42,24156.26,3698
2025-04-17 10:25:00,24156.26,24186.19,24153.24,24170.08,2624
2025-04-17 10:30:00,24170.08,24190.01,24167.95,24169.08,4297
2025-04-17 10:35:00,24169.08,24181.52,24147.74,24151.27,1750
2025-04-17 10:40:00,24151.27,24214.94,24128.43,24207.32,2924
2025-04-17 10:45:00,24207.32,24232.35,24190.81,24199.05,2932
2025-04-17 10:50:00,24199.05,24203.75,24107.88,24112.34,1431
2025-04-17 10:55:00,24112.34,24130.18,24105.52,24109.35,1707
2025-04-17 11:00:00,24109.35,24120.71,24081.63,24089.35,4490
2025-04-17 11:05:00,24089.35,24144.45,24087.42,24129.2,1134
2025-04-17 11:10:00,24129.2,24129.49,24079.18,24094.14,2703
2025-04-17 11:15:00,24094.14,24099.58,24074.45,24081.74,3789
2025-04-17 11:20:00,24081.74,24124.35,24079.12,24105.85,1100
2025-04-17 11:25:00,24105.85,24130.84,24027.1,24038.36,4478
2025-04-17 11:30:00,24038.36,24049.14,24037.79,24040.17,1742
2025-04-17 11:35:00,24040.17,24073.37,24022.83,24060.86,2706
2025-04-17 11:40:00,24060.86,24062.01,24008.56,24021.87,4238
2025-04-17 11:45:00,24021.87,24046.16,24007.24,24042.32,2912
2025-04-17 11:50:00,24042.32,24045.3,23999.79,24018.67,2245
2025-04-17 11:55:00,24018.67,24031.12,23961.56,23978.88,1303
2025-04-17 12:00:00,23978.88,23982.4,23899.67,23921.39,1955
2025-04-17 12:05:00,23921.39,23928.02,23885.35,23885.66,1723
2025-04-17 12:10:00,23885.66,23900.29,23884.76,23889.3,1057
2025-04-17 12:15:00,23889.3,23896.68,23844.95,23861.28,1277
2025-04-17 12:20:00,23861.28,23880.77,23843.95,23846.27,4025
2025-04-17 12:25:00,23846.27,23872.61,23832.41,23866.98,2667
2025-04-17 12:30:00,23866.98,23875.93,23854.59,23867.42,3282
2025-04-17 12:35:00,23867.42,23897.99,23852.47,23891.8,4449
2025-04-17 12:40:00,23891.8,23931.43,23891.25,23929.38,1828
2025-04-17 12:45:00,23929.38,23942.35,23910.46,23937.04,2004
2025-04-17 12:50:00,23937.04,23940.99,23921.13,23922.87,2714
2025-04-17 12:55:00,23922.87,23928.36,23864.33,23868.32,2774
2025-04-17 13:00:00,23868.32,23880.52,23834.35,23848.35,1691
2025-04-17 13:05:00,23848.35,23857.1,23830.12,23837.04,1194
2025-04-17 13:10:00,23837.04,23847.17,23831.0,23845.86,2911
2025-04-17 13:15:00,23845.86,23854.08,23803.26,23808.9,4732
2025-04-17 13:20:00,23808.9,23822.31,23808.89,23816.0,3042
2025-04-17 13:25:00,23816.0,23823.11,23795.86,23796.19,3769
2025-04-17 13:30:00,23796.19,23799.42,23780.6,23789.91,3820
2025-04-17 13:35:00,23789.91,23807.84,23773.96,23800.02,1663
2025-04-17 13:40:00,23800.02,23809.14,23773.52,23793.87,1511
2025-04-17 13:45:00,23793.87,23819.31,23790.53,23813.93,3608
2025-04-17 13:50:00,23813.93,23875.52,23808.0,23851.08,1858
2025-04-17 13:55:00,23851.08,23874.8,23840.19,23867.64,2705
2025-04-17 14:00:00,23867.64,23875.29,23866.47,23872.02,3294
2025-04-17 14:05:00,23872.02,23885.43,23863.38,23883.88,4627
2025-04-17 14:10:00,23883.88,23950.78,23877.1,23948.5,1251
2025-04-17 14:15:00,23948.5,23965.76,23911.54,23925.62,2312
2025-04-17 14:20:00,23925.62,23927.77,23903.04,23920.09,1743
2025-04-17 14:25:00,23920.09,23966.42,23907.04,23959.61,3564
2025-04-17 14:30:00,23959.61,23963.06,23941.73,23952.77,1249
2025-04-17 14:35:00,23952.77,23992.41,23942.42,23987.62,3707
2025-04-17 14:40:00,23987.62,24007.85,23957.31,23968.9,4271
2025-04-17 14:45:00,23968.9,24019.87,23951.92,24015.45,2901
2025-04-17 14:50:00,24015.45,24024.5,23984.36,24006.38,2155
2025-04-17 14:55:00,24006.38,24012.53,23979.34,24010.09,3018
2025-04-17 15:00:00,24010.09,24063.61,23996.05,24032.47,1555
2025-04-17 15:05:00,24032.47,24047.56,23995.67,24009.49,1591
2025-04-17 15:10:00,24009.49,24051.22,24001.93,24043.32,1932
2025-04-17 15:15:00,24043.32,24091.75,24037.41,24084.61,2215
2025-04-17 15:20:00,24084.61,24101.64,24080.32,24082.6,2020
2025-04-17 15:25:00,24082.6,24154.67,24063.41,24150.94,3764
2025-04-18 09:15:00,24258.33,24263.19,24239.4,24260.01,3626
2025-04-18 09:20:00,24260.01,24273.64,24219.65,24240.84,3920
2025-04-18 09:25:00,24240.84,24241.32,24223.04,24234.85,2446
2025-04-18 09:30:00,24234.85,24245.76,24168.7,24175.2,4680
2025-04-18 09:35:00,24175.2,24205.92,24157.91,24193.32,1496
2025-04-18 09:40:00,24193.32,24199.66,24163.79,24168.17,3672
2025-04-18 09:45:00,24168.17,24176.22,24157.02,24164.06,1577
2025-04-18 09:50:00,24164.06,24169.69,24155.84,24164.7,1951
2025-04-18 09:55:00,24164.7,24178.11,24151.22,24172.51,4515
2025-04-18 10:00:00,24172.51,24209.82,24151.66,24208.82,2159
2025-04-18 10:05:00,24208.82,24227.69,24203.63,24226.46,3506
2025-04-18 10:10:00,24226.46,24282.39,24217.02,24265.09,2540
2025-04-18 10:15:00,24265.09,24268.23,24210.18,24235.76,4060
2025-04-18 10:20:00,24235.76,24249.0,24201.54,24211.08,2222
2025-04-18 10:25:00,24211.08,24258.71,24200.98,24236.86,3073
2025-04-18 10:30:00,24236.86,24262.57,24234.67,24255.71,2296
2025-04-18 10:35:00,24255.71,24276.31,24235.28,24236.11,2459
2025-04-18 10:40:00,24236.11,24276.75,24220.61,24256.44,1279
2025-04-18 10:45:00,24256.44,24277.58,24252.67,24270.1,3280
2025-04-18 10:50:00,24270.1,24298.06,24267.03,24292.5,4156
2025-04-18 10:55:00,24292.5,24314.18,24289.76,24302.18,4030
2025-04-18 11:00:00,24302.18,24312.05,24274.5,24275.41,3035
2025-04-18 11:05:00,24275.41,24278.84,24205.13,24215.79,2270
2025-04-18 11:10:00,24215.79,24262.65,24210.26,24230.23,2112
2025-04-18 11:15:00,24230.23,24236.52,24216.31,24218.35,3321
2025-04-18 11:20:00,24218.35,24238.94,24211.92,24233.34,4729
2025-04-18 11:25:00,24233.34,24234.61,24171.72,24191.52,3435
2025-04-18 11:30:00,24191.52,24218.89,24177.4,24190.71,3972
2025-04-18 11:35:00,24190.71,24221.1,24188.63,24210.12,2297
2025-04-18 11:40:00,24210.12,24220.49,24192.54,24218.27,2034
2025-04-18 11:45:00,24218.27,24222.26,24212.99,24216.7,4918
2025-04-18 11:50:00,24216.7,24254.81,24204.86,24235.99,2110
2025-04-18 11:55:00,24235.99,24248.69,24205.38,24210.95,1027
2025-04-18 12:00:00,24210.95,24220.09,24197.72,24200.27,1253
2025-04-18 12:05:00,24200.27,24202.5,24181.11,24184.15,3196
2025-04-18 12:10:00,24184.15,24211.95,24179.05,24198.54,4679
2025-04-18 12:15:00,24198.54,24216.88,24189.98,24201.87,4537
2025-04-18 12:20:00,24201.87,24238.94,24191.44,24226.82,3983
2025-04-18 12:25:00,24226.82,24242.8,24202.09,24236.74,4448
2025-04-18 12:30:00,24236.74,24236.85,24218.06,24233.9,3564
2025-04-18 12:35:00,24233.9,24251.78,24231.61,24250.49,3598
2025-04-18 12:40:00,24250.49,24280.34,24242.03,24270.77,2400
2025-04-18 12:45:00,24270.77,24289.35,24249.61,24287.19,3725
2025-04-18 12:50:00,24287.19,24298.44,24270.78,24274.92,3360
2025-04-18 12:55:00,24274.92,24280.02,24228.24,24236.95,4540
2025-04-18 13:00:00,24236.95,24244.26,24171.56,24180.75,2771
2025-04-18 13:05:00,24180.75,24207.53,24174.0,24177.53,1608
2025-04-18 13:10:00,24177.53,24239.07,24151.71,24238.0,1416
2025-04-18 13:15:00,24238.0,24266.3,24231.74,24258.17,4354
2025-04-18 13:20:00,24258.17,24269.86,24257.97,24267.14,2433
2025-04-18 13:25:00,24267.14,24276.83,24260.73,24269.77,1795
2025-04-18 13:30:00,24269.77,24282.26,24262.46,24266.49,3611
2025-04-18 13:35:00,24266.49,24281.75,24240.89,24276.35,3400
2025-04-18 13:40:00,24276.35,24287.61,24259.12,24261.6,2509
2025-04-18 13:45:00,24261.6,24280.69,24246.32,24266.2,2331
2025-04-18 13:50:00,24266.2,24288.99,24252.09,24281.64,1204
2025-04-18 13:55:00,24281.64,24295.21,24243.99,24258.78,2837
2025-04-18 14:00:00,24258.78,24260.98,24201.43,24208.11,1937
2025-04-18 14:05:00,24208.11,24234.67,24204.84,24221.78,4752
2025-04-18 14:10:00,24221.78,24224.06,24219.71,24219.73,2667
2025-04-18 14:15:00,24219.73,24234.63,24218.31,24219.09,3462
2025-04-18 14:20:00,24219.09,24219.13,24167.96,24177.38,3867
2025-04-18 14:25:00,24177.38,24206.52,24162.57,24184.68,4090
2025-04-18 14:30:00,24184.68,24197.75,24182.04,24191.53,4027
2025-04-18 14:35:00,24191.53,24260.11,24179.2,24248.27,2022
2025-04-18 14:40:00,24248.27,24275.46,24246.06,24264.93,1243
2025-04-18 14:45:00,24264.93,24279.91,24185.8,24201.19,3235
2025-04-18 14:50:00,24201.19,24255.16,24195.49,24238.33,2663
2025-04-18 14:55:00,24238.33,24260.09,24223.14,24228.65,1150
2025-04-18 15:00:00,24228.65,24240.55,24196.17,24201.94,3486
2025-04-18 15:05:00,24201.94,24221.04,24125.56,24138.94,4287
2025-04-18 15:10:00,24138.94,24156.88,24087.33,24100.76,2535
2025-04-18 15:15:00,24100.76,24127.17,24097.07,24115.57,2970
2025-04-18 15:20:00,24115.57,24117.65,24056.45,24065.4,2152
2025-04-18 15:25:00,24065.4,24092.88,24052.96,24077.85,3208
2025-04-21 09:15:00,24135.33,24144.51,24094.48,24101.66,1429
2025-04-21 09:20:00,24101.66,24116.37,24087.29,24115.17,1904
2025-04-21 09:25:00,24115.17,24128.62,24103.95,24104.42,3889
2025-04-21 09:30:00,24104.42,24107.35,24085.97,24086.61,4479
2025-04-21 09:35:00,24086.61,24141.97,24084.01,24120.48,2799
2025-04-21 09:40:00,24120.48,24126.4,24110.62,24124.54,4690
2025-04-21 09:45:00,24124.54,24154.61,24121.28,24128.87,2879
2025-04-21 09:50:00,24128.87,24129.79,24095.19,24115.01,2411
2025-04-21 09:55:00,24115.01,24120.49,24109.42,24118.67,1366
2025-04-21 10:00:00,24118.67,24126.7,24097.77,24105.19,1752
2025-04-21 10:05:00,24105.19,24129.46,24091.85,24117.72,2642
2025-04-21 10:10:00,24117.72,24144.19,24069.73,24096.99,2910
2025-04-21 10:15:00,24096.99,24114.93,24088.86,24109.07,3793
2025-04-21 10:20:00,24109.07,24118.01,24087.5,24100.57,2054
2025-04-21 10:25:00,24100.57,24110.96,24060.66,24063.78,2050
2025-04-21 10:30:00,24063.78,24073.3,24057.57,24072.25,4927
2025-04-21 10:35:00,24072.25,24089.45,24019.71,24033.85,2625
2025-04-21 10:40:00,24033.85,24041.33,24010.52,24027.67,4705
2025-04-21 10:45:00,24027.67,24037.05,24016.68,24020.57,2489
2025-04-21 10:50:00,24020.57,24029.78,23993.54,23998.34,2752
2025-04-21 10:55:00,23998.34,24005.58,23934.65,23935.05,3457
2025-04-21 11:00:00,23935.05,23945.14,23892.67,23908.18,1011
2025-04-21 11:05:00,23908.18,23922.11,23889.88,23898.74,4358
2025-04-21 11:10:00,23898.74,23900.57,23865.23,23872.89,3582
2025-04-21 11:15:00,23872.89,23900.62,23867.09,23898.63,1185
2025-04-21 11:20:00,23898.63,23941.02,23872.07,23891.31,2899
2025-04-21 11:25:00,23891.31,23928.0,23885.76,23918.31,1129
2025-04-21 11:30:00,23918.31,23941.52,23849.3,23866.51,1023
2025-04-21 11:35:00,23866.51,23871.45,23833.6,23856.88,2788
2025-04-21 11:40:00,23856.88,23869.16,23836.34,23866.05,2902
2025-04-21 11:45:00,23866.05,23891.09,23865.31,23884.28,2870
2025-04-21 11:50:00,23884.28,23894.3,23850.4,23855.28,2307
2025-04-21 11:55:00,23855.28,23858.58,23799.88,23818.22,1233
2025-04-21 12:00:00,23818.22,23836.07,23810.62,23821.85,3575
2025-04-21 12:05:00,23821.85,23826.26,23796.46,23796.83,4591
2025-04-21 12:10:00,23796.83,23818.29,23794.5,23804.27,2036
2025-04-21 12:15:00,23804.27,23809.83,23779.57,23792.48,3313
2025-04-21 12:20:00,23792.48,23838.74,23782.0,23829.03,1195
2025-04-21 12:25:00,23829.03,23850.99,23763.26,23773.46,3788
2025-04-21 12:30:00,23773.46,23807.2,23749.56,23804.35,2140
2025-04-21 12:35:00,23804.35,23809.6,23785.75,23785.85,4389
2025-04-21 12:40:00,23785.85,23809.61,23774.66,23792.7,3268
2025-04-21 12:45:00,23792.7,23800.79,23761.02,23777.04,3953
2025-04-21 12:50:00,23777.04,23785.8,23715.16,23730.1,2062
2025-04-21 12:55:00,23730.1,23736.32,23719.12,23725.65,4272
2025-04-21 13:00:00,23725.65,23736.58,23718.89,23733.59,3534
2025-04-21 13:05:00,23733.59,23769.27,23720.5,23764.04,4250
2025-04-21 13:10:00,23764.04,23785.58,23750.94,23771.14,3377
2025-04-21 13:15:00,23771.14,23791.41,23763.0,23771.46,1617
2025-04-21 13:20:00,23771.46,23772.6,23735.62,23755.23,1782
2025-04-21 13:25:00,23755.23,23765.13,23743.29,23762.8,4960
2025-04-21 13:30:00,23762.8,23793.03,23762.24,23774.05,4302
2025-04-21 13:35:00,23774.05,23790.28,23759.9,23769.18,2490
2025-04-21 13:40:00,23769.18,23777.29,23749.32,23750.73,2194
2025-04-21 13:45:00,23750.73,23776.74,23742.82,23776.58,2692
2025-04-21 13:50:00,23776.58,23807.07,23759.23,23799.58,4324
2025-04-21 13:55:00,23799.58,23812.02,23768.41,23777.98,4843
2025-04-21 14:00:00,23777.98,23787.33,23748.35,23752.25,4186
2025-04-21 14:05:00,23752.25,23762.14,23752.01,23758.22,3774
2025-04-21 14:10:00,23758.22,23799.5,23737.07,23791.61,4870
2025-04-21 14:15:00,23791.61,23802.85,23756.97,23798.39,1216
2025-04-21 14:20:00,23798.39,23809.84,23783.23,23791.15,1204
2025-04-21 14:25:00,23791.15,23805.32,23778.7,23788.74,1384
2025-04-21 14:30:00,23788.74,23822.7,23765.8,23817.09,3393
2025-04-21 14:35:00,23817.09,23818.28,23782.18,23791.96,4665
2025-04-21 14:40:00,23791.96,23796.03,23742.43,23764.54,4272
2025-04-21 14:45:00,23764.54,23805.15,23763.76,23796.66,4615
2025-04-21 14:50:00,23796.66,23803.89,23790.61,23799.27,3021
2025-04-21 14:55:00,23799.27,23871.27,23780.09,23867.18,4170
2025-04-21 15:00:00,23867.18,23901.58,23861.15,23891.04,3653
2025-04-21 15:05:00,23891.04,23897.33,23870.77,23875.89,1927
2025-04-21 15:10:00,23875.89,23901.86,23860.74,23893.25,3441
2025-04-21 15:15:00,23893.25,23914.05,23877.65,23888.42,4036
2025-04-21 15:20:00,23888.42,23895.87,23878.34,23880.32,1110
2025-04-21 15:25:00,23880.32,23940.92,23878.19,23914.02,1757
2025-04-22 09:15:00,23995.13,24007.07,23989.01,23993.42,1454
2025-04-22 09:20:00,23993.42,24004.85,23988.07,23992.47,3829
2025-04-22 09:25:00,23992.47,24071.35,23988.57,24065.59,3128
2025-04-22 09:30:00,24065.59,24074.4,24044.52,24051.01,2204
2025-04-22 09:35:00,24051.01,24067.0,24049.41,24060.99,1157
2025-04-22 09:40:00,24060.99,24086.14,24041.44,24082.38,1020
2025-04-22 09:45:00,24082.38,24115.39,24070.04,24111.53,1243
2025-04-22 09:50:00,24111.53,24129.93,24106.97,24123.25,4428
2025-04-22 09:55:00,24123.25,24170.86,24118.29,24156.48,2310
2025-04-22 10:00:00,24156.48,24191.49,24153.66,24180.06,2939
2025-04-22 10:05:00,24180.06,24199.5,24151.23,24188.32,2541
2025-04-22 10:10:00,24188.32,24198.31,24188.1,24195.82,4618
2025-04-22 10:15:00,24195.82,24205.75,24181.38,24200.23,3533
2025-04-22 10:20:00,24200.23,24201.34,24183.6,24184.94,2639
2025-04-22 10:25:00,24184.94,24211.6,24184.14,24200.42,4715
2025-04-22 10:30:00,24200.42,24210.34,24189.78,24203.66,3264
2025-04-22 10:35:00,24203.66,24248.88,24201.61,24239.02,3878
2025-04-22 10:40:00,24239.02,24264.03,24231.54,24256.63,3681
2025-04-22 10:45:00,24256.63,24281.4,24241.07,24277.3,1400
2025-04-22 10:50:00,24277.3,24293.93,24231.7,24241.67,3349
2025-04-22 10:55:00,24241.67,24247.05,24235.98,24240.61,1717
2025-04-22 11:00:00,24240.61,24256.76,24190.66,24200.98,4650
2025-04-22 11:05:00,24200.98,24219.98,24175.15,24176.21,3345
2025-04-22 11:10:00,24176.21,24182.19,24150.89,24160.19,3519
2025-04-22 11:15:00,24160.19,24172.85,24131.38,24137.68,2786
2025-04-22 11:20:00,24137.68,24151.99,24096.04,24111.81,1464
2025-04-22 11:25:00,24111.81,24115.29,24084.07,24087.03,3833
2025-04-22 11:30:00,24087.03,24106.41,24084.24,24096.46,1471
2025-04-22 11:35:00,24096.46,24106.41,24066.14,24081.76,4414
2025-04-22 11:40:00,24081.76,24098.64,24054.44,24085.55,4940
2025-04-22 11:45:00,24085.55,24099.3,24022.11,24043.3,1118
2025-04-22 11:50:00,24043.3,24072.93,24034.3,24060.57,2738
2025-04-22 11:55:00,24060.57,24081.52,24043.9,24047.45,4298
2025-04-22 12:00:00,24047.45,24063.88,24037.3,24051.79,3530
2025-04-22 12:05:00,24051.79,24062.93,24049.51,24052.26,3731
2025-04-22 12:10:00,24052.26,24057.95,23995.48,24003.32,1386
2025-04-22 12:15:00,24003.32,24035.21,23990.32,24016.78,4511
2025-04-22 12:20:00,24016.78,24051.13,24006.29,24031.6,2538
2025-04-22 12:25:00,24031.6,24101.44,24014.19,24076.57,3639
2025-04-22 12:30:00,24076.57,24094.97,24043.83,24052.21,2582
2025-04-22 12:35:00,24052.21,24065.42,24017.0,24018.63,1575
2025-04-22 12:40:00,24018.63,24032.69,24007.17,24012.14,2805
2025-04-22 12:45:00,24012.14,24016.93,23993.95,23994.24,3364
2025-04-22 12:50:00,23994.24,23999.39,23990.17,23995.74,3145
2025-04-22 12:55:00,23995.74,24040.03,23980.69,24024.91,2822
2025-04-22 13:00:00,24024.91,24042.51,24011.19,24041.27,3471
2025-04-22 13:05:00,24041.27,24059.62,24039.61,24046.41,4317
2025-04-22 13:10:00,24046.41,24049.5,23984.99,23994.65,3095
2025-04-22 13:15:00,23994.65,24003.33,23986.21,23987.06,2624
2025-04-22 13:20:00,23987.06,24009.06,23964.91,23998.06,2073
2025-04-22 13:25:00,23998.06,24000.6,23957.87,23968.74,4596
2025-04-22 13:30:00,23968.74,24000.03,23954.19,23996.14,3789
2025-04-22 13:35:00,23996.14,24006.84,23950.63,23954.74,2340
2025-04-22 13:40:00,23954.74,23977.83,23942.32,23972.16,4292
2025-04-22 13:45:00,23972.16,24005.09,23971.11,23982.92,1415
2025-04-22 13:50:00,23982.92,23988.41,23938.77,23947.71,1289
2025-04-22 13:55:00,23947.71,23990.68,23944.32,23985.98,4387
2025-04-22 14:00:00,23985.98,23987.88,23950.95,23960.45,4880
2025-04-22 14:05:00,23960.45,23982.55,23949.15,23979.76,3766
2025-04-22 14:10:00,23979.76,24012.15,23959.14,23998.23,2415
2025-04-22 14:15:00,23998.23,24000.15,23935.56,23943.48,2393
2025-04-22 14:20:00,23943.48,23956.57,23919.33,23949.61,3350
2025-04-22 14:25:00,23949.61,23986.67,23946.43,23965.19,1123
2025-04-22 14:30:00,23965.19,23975.76,23949.62,23952.65,1170
2025-04-22 14:35:00,23952.65,23953.09,23925.64,23952.89,1319
2025-04-22 14:40:00,23952.89,23971.85,23946.95,23965.02,1996
2025-04-22 14:45:00,23965.02,23986.37,23962.87,23984.77,1407
2025-04-22 14:50:00,23984.77,23995.0,23972.91,23982.49,4852
2025-04-22 14:55:00,23982.49,24026.27,23964.72,24005.65,2885
2025-04-22 15:00:00,24005.65,24018.74,23965.28,23970.85,2050
2025-04-22 15:05:00,23970.85,23974.45,23946.22,23952.41,4269
2025-04-22 15:10:00,23952.41,23971.52,23940.94,23967.33,3105
2025-04-22 15:15:00,23967.33,24038.88,23953.77,24036.34,4614
2025-04-22 15:20:00,24036.34,24047.89,24028.54,24042.48,1351
2025-04-22 15:25:00,24042.48,24069.52,24026.96,24034.12,4366
2025-04-23 09:15:00,24110.89,24131.91,24108.54,24131.04,3410
2025-04-23 09:20:00,24131.04,24139.61,24099.84,24107.48,1956
2025-04-23 09:25:00,24107.48,24129.68,24092.85,24110.3,3648
2025-04-23 09:30:00,24110.3,24125.33,24073.8,24084.93,1950
2025-04-23 09:35:00,24084.93,24103.93,24073.63,24092.74,2642
2025-04-23 09:40:00,24092.74,24095.12,24064.49,24073.14,3113
2025-04-23 09:45:00,24073.14,24091.78,24068.76,24081.9,2230
2025-04-23 09:50:00,24081.9,24087.35,24062.65,24073.18,2149
2025-04-23 09:55:00,24073.18,24092.29,24066.79,24087.82,2298
2025-04-23 10:00:00,24087.82,24108.85,24057.63,24074.77,3389
2025-04-23 10:05:00,24074.77,24095.36,24042.82,24065.68,3227
2025-04-23 10:10:00,24065.68,24081.1,24044.27,24075.57,2870
2025-04-23 10:15:00,24075.57,24082.34,24048.71,24053.19,4362
2025-04-23 10:20:00,24053.19,24065.99,24049.66,24062.53,3581
2025-04-23 10:25:00,24062.53,24072.8,24026.9,24027.15,2037
2025-04-23 10:30:00,24027.15,24049.67,24021.17,24048.86,4847
2025-04-23 10:35:00,24048.86,24054.54,23993.26,23993.78,2056
2025-04-23 10:40:00,23993.78,24004.85,23989.37,24003.03,3204
2025-04-23 10:45:00,24003.03,24006.23,23941.87,23962.05,1391
2025-04-23 10:50:00,23962.05,23964.45,23906.9,23918.52,3706
2025-04-23 10:55:00,23918.52,23926.63,23849.25,23859.46,2333
2025-04-23 11:00:00,23859.46,23869.04,23841.06,23867.81,4944
2025-04-23 11:05:00,23867.81,23888.01,23861.96,23887.34,2127
2025-04-23 11:10:00,23887.34,23899.81,23857.78,23869.3,2259
2025-04-23 11:15:00,23869.3,23872.3,23853.22,23854.13,2392
2025-04-23 11:20:00,23854.13,23896.3,23851.77,23885.09,1384
2025-04-23 11:25:00,23885.09,23891.9,23854.38,23861.39,4757
2025-04-23 11:30:00,23861.39,23923.4,23853.16,23907.32,2309
2025-04-23 11:35:00,23907.32,23910.67,23874.79,23885.0,4755
2025-04-23 11:40:00,23885.0,23897.48,23871.13,23874.33,2323
2025-04-23 11:45:00,23874.33,23880.63,23837.08,23854.79,4128
2025-04-23 11:50:00,23854.79,23883.21,23793.05,23806.58,3402
2025-04-23 11:55:00,23806.58,23835.23,23763.0,23776.84,2246
2025-04-23 12:00:00,23776.84,23795.42,23743.67,23752.99,4386
2025-04-23 12:05:00,23752.99,23798.39,23752.49,23790.17,1333
2025-04-23 12:10:00,23790.17,23794.14,23751.43,23773.79,3975
2025-04-23 12:15:00,23773.79,23783.03,23764.14,23774.24,2523
2025-04-23 12:20:00,23774.24,23782.61,23747.11,23752.64,3089
2025-04-23 12:25:00,23752.64,23761.63,23743.15,23760.37,1683
2025-04-23 12:30:00,23760.37,23764.67,23698.87,23706.67,2411
2025-04-23 12:35:00,23706.67,23727.64,23667.03,23669.33,3869
2025-04-23 12:40:00,23669.33,23679.86,23656.32,23671.01,2632
2025-04-23 12:45:00,23671.01,23676.59,23654.17,23671.82,4981
2025-04-23 12:50:00,23671.82,23672.64,23650.0,23655.73,2867
2025-04-23 12:55:00,23655.73,23675.64,23602.43,23606.8,3537
2025-04-23 13:00:00,23606.8,23609.3,23578.55,23581.61,4881
2025-04-23 13:05:00,23581.61,23587.49,23569.59,23570.99,2254
2025-04-23 13:10:00,23570.99,23573.15,23551.6,23553.72,3100
2025-04-23 13:15:00,23553.72,23586.15,23543.2,23574.77,4666
2025-04-23 13:20:00,23574.77,23605.52,23571.99,23600.0,3006
2025-04-23 13:25:00,23600.0,23642.22,23597.0,23628.17,1490
2025-04-23 13:30:00,23628.17,23638.35,23566.69,23581.44,3497
2025-04-23 13:35:00,23581.44,23633.65,23580.43,23600.61,1698
2025-04-23 13:40:00,23600.61,23622.03,23585.5,23617.64,4436
2025-04-23 13:45:00,23617.64,23623.74,23580.92,23581.39,4256
2025-04-23 13:50:00,23581.39,23609.47,23565.59,23606.22,4204
2025-04-23 13:55:00,23606.22,23618.52,23593.88,23595.55,2320
2025-04-23 14:00:00,23595.55,23606.03,23542.8,23555.26,3614
2025-04-23 14:05:00,23555.26,23569.88,23543.72,23548.82,1213
2025-04-23 14:10:00,23548.82,23571.82,23534.96,23554.71,3058
2025-04-23 14:15:00,23554.71,23587.41,23547.76,23581.09,3135
2025-04-23 14:20:00,23581.09,23588.7,23514.3,23521.96,1451
2025-04-23 14:25:00,23521.96,23554.09,23512.2,23541.89,4312
2025-04-23 14:30:00,23541.89,23606.48,23527.36,23587.53,1552
2025-04-23 14:35:00,23587.53,23631.96,23580.56,23627.19,4646
2025-04-23 14:40:00,23627.19,23663.42,23623.18,23646.85,4897
2025-04-23 14:45:00,23646.85,23657.82,23605.19,23618.45,1200
2025-04-23 14:50:00,23618.45,23675.78,23617.73,23663.58,2934
2025-04-23 14:55:00,23663.58,23670.76,23614.04,23614.37,3662
2025-04-23 15:00:00,23614.37,23617.95,23588.66,23590.33,2189
2025-04-23 15:05:00,23590.33,23594.59,23571.97,23578.94,3040
2025-04-23 15:10:00,23578.94,23580.47,23537.01,23546.81,1978
2025-04-23 15:15:00,23546.81,23558.53,23516.32,23522.4,1071
2025-04-23 15:20:00,23522.4,23523.78,23508.5,23520.85,1377
2025-04-23 15:25:00,23520.85,23537.25,23471.0,23475.45,4030
2025-04-24 09:15:00,23564.51,23587.37,23557.47,23580.15,1635
2025-04-24 09:20:00,23580.15,23596.6,23567.45,23583.45,4671
2025-04-24 09:25:00,23583.45,23592.22,23554.34,23560.94,4653
2025-04-24 09:30:00,23560.94,23577.47,23556.79,23574.51,3485
2025-04-24 09:35:00,23574.51,23579.25,23549.26,23562.08,1139
2025-04-24 09:40:00,23562.08,23571.22,23524.57,23541.65,1024
2025-04-24 09:45:00,23541.65,23568.29,23538.63,23547.92,4536
2025-04-24 09:50:00,23547.92,23549.87,23517.41,23524.16,1706
2025-04-24 09:55:00,23524.16,23534.74,23467.12,23481.75,4184
2025-04-24 10:00:00,23481.75,23519.21,23471.15,23518.46,3229
2025-04-24 10:05:00,23518.46,23541.07,23513.65,23528.74,4714
2025-04-24 10:10:00,23528.74,23576.49,23503.46,23552.57,3166
2025-04-24 10:15:00,23552.57,23557.25,23511.09,23538.32,2046
2025-04-24 10:20:00,23538.32,23557.75,23536.77,23549.04,4060
2025-04-24 10:25:00,23549.04,23593.37,23541.76,23589.53,1463
2025-04-24 10:30:00,23589.53,23607.89,23584.99,23604.4,3057
2025-04-24 10:35:00,23604.4,23627.79,23576.01,23576.53,4640
2025-04-24 10:40:00,23576.53,23587.38,23559.01,23572.21,4283
2025-04-24 10:45:00,23572.21,23572.81,23547.75,23557.76,2161
2025-04-24 10:50:00,23557.76,23574.03,23540.58,23567.3,1319
2025-04-24 10:55:00,23567.3,23572.38,23543.26,23548.11,2059
2025-04-24 11:00:00,23548.11,23593.65,23541.64,23559.4,1008
2025-04-24 11:05:00,23559.4,23581.54,23558.88,23574.79,1296
2025-04-24 11:10:00,23574.79,23593.68,23560.06,23588.48,3302
2025-04-24 11:15:00,23588.48,23594.05,23536.8,23544.63,2764
2025-04-24 11:20:00,23544.63,23556.73,23511.98,23529.9,1611
2025-04-24 11:25:00,23529.9,23558.79,23480.77,23481.09,3330
2025-04-24 11:30:00,23481.09,23498.62,23478.2,23479.92,3916
2025-04-24 11:35:00,23479.92,23499.0,23475.69,23485.12,3525
2025-04-24 11:40:00,23485.12,23491.68,23439.77,23445.85,4072
2025-04-24 11:45:00,23445.85,23446.35,23399.63,23414.99,1633
2025-04-24 11:50:00,23414.99,23429.12,23404.17,23428.51,1551
2025-04-24 11:55:00,23428.51,23438.24,23411.3,23411.5,4266
2025-04-24 12:00:00,23411.5,23439.25,23404.26,23430.59,2659
2025-04-24 12:05:00,23430.59,23458.47,23409.31,23417.59,3421
2025-04-24 12:10:00,23417.59,23463.5,23416.09,23455.35,2085
2025-04-24 12:15:00,23455.35,23460.5,23442.4,23456.98,4355
2025-04-24 12:20:00,23456.98,23488.96,23446.34,23480.47,3308
2025-04-24 12:25:00,23480.47,23537.45,23476.58,23524.99,2259
2025-04-24 12:30:00,23524.99,23560.57,23523.21,23546.58,4210
2025-04-24 12:35:00,23546.58,23575.45,23543.9,23572.77,1095
2025-04-24 12:40:00,23572.77,23623.84,23567.98,23617.8,2895
2025-04-24 12:45:00,23617.8,23687.34,23615.35,23678.43,4776
2025-04-24 12:50:00,23678.43,23682.36,23659.79,23662.25,1961
2025-04-24 12:55:00,23662.25,23673.74,23656.45,23670.57,3437
2025-04-24 13:00:00,23670.57,23699.47,23665.84,23694.21,3188
2025-04-24 13:05:00,23694.21,23721.56,23689.57,23713.49,1109
2025-04-24 13:10:00,23713.49,23751.24,23711.59,23739.27,4089
2025-04-24 13:15:00,23739.27,23763.06,23722.7,23762.84,1499
2025-04-24 13:20:00,23762.84,23776.34,23730.24,23736.82,1473
2025-04-24 13:25:00,23736.82,23753.96,23722.74,23748.1,4236
2025-04-24 13:30:00,23748.1,23803.61,23747.46,23799.26,2935
2025-04-24 13:35:00,23799.26,23818.83,23719.56,23724.22,4978
2025-04-24 13:40:00,23724.22,23736.37,23706.05,23714.7,1630
2025-04-24 13:45:00,23714.7,23721.56,23713.91,23717.15,2163
2025-04-24 13:50:00,23717.15,23770.81,23701.31,23767.11,2176
2025-04-24 13:55:00,23767.11,23780.66,23754.23,23774.8,4927
2025-04-24 14:00:00,23774.8,23778.84,23752.17,23764.07,3207
2025-04-24 14:05:00,23764.07,23784.54,23761.58,23773.9,1018
2025-04-24 14:10:00,23773.9,23774.35,23759.76,23760.4,1382
2025-04-24 14:15:00,23760.4,23776.92,23743.85,23747.92,4168
2025-04-24 14:20:00,23747.92,23791.7,23747.7,23777.87,2767
2025-04-24 14:25:00,23777.87,23785.49,23768.65,23781.06,1976
2025-04-24 14:30:00,23781.06,23793.25,23766.0,23786.38,3187
2025-04-24 14:35:00,23786.38,23808.45,23729.92,23740.57,2741
2025-04-24 14:40:00,23740.57,23776.3,23730.02,23767.25,1202
2025-04-24 14:45:00,23767.25,23797.73,23765.68,23788.26,1811
2025-04-24 14:50:00,23788.26,23805.14,23754.28,23763.33,3320
2025-04-24 14:55:00,23763.33,23781.18,23745.08,23755.38,1647
2025-04-24 15:00:00,23755.38,23787.06,23754.29,23780.21,3698
2025-04-24 15:05:00,23780.21,23802.22,23776.45,23782.81,1461
2025-04-24 15:10:00,23782.81,23790.59,23718.05,23719.44,1659
2025-04-24 15:15:00,23719.44,23752.66,23697.97,23733.36,1209
2025-04-24 15:20:00,23733.36,23762.39,23727.14,23748.51,4365
2025-04-24 15:25:00,23748.51,23797.68,23744.01,23784.82,3313
2025-04-25 09:15:00,23757.76,23771.81,23672.8,23685.29,2620
2025-04-25 09:20:00,23685.29,23697.34,23671.5,23690.49,4625
2025-04-25 09:25:00,23690.49,23762.95,23685.24,23739.28,4559
2025-04-25 09:30:00,23739.28,23758.24,23696.65,23696.74,1304
2025-04-25 09:35:00,23696.74,23741.26,23695.32,23708.74,3305
2025-04-25 09:40:00,23708.74,23729.29,23704.17,23727.24,2092
2025-04-25 09:45:00,23727.24,23760.01,23723.32,23735.46,2221
2025-04-25 09:50:00,23735.46,23737.7,23718.32,23721.99,1179
2025-04-25 09:55:00,23721.99,23728.27,23716.09,23727.78,3259
2025-04-25 10:00:00,23727.78,23732.09,23687.73,23715.04,3171
2025-04-25 10:05:00,23715.04,23767.54,23702.87,23766.21,2711
2025-04-25 10:10:00,23766.21,23782.52,23739.71,23762.89,2342
2025-04-25 10:15:00,23762.89,23822.83,23760.38,23812.29,3308
2025-04-25 10:20:00,23812.29,23833.84,23798.31,23804.57,2790
2025-04-25 10:25:00,23804.57,23805.27,23760.69,23770.0,2829
2025-04-25 10:30:00,23770.0,23770.89,23748.4,23757.34,2864
2025-04-25 10:35:00,23757.34,23774.71,23750.17,23769.4,4077
2025-04-25 10:40:00,23769.4,23780.34,23744.52,23760.5,1802
2025-04-25 10:45:00,23760.5,23772.41,23758.82,23771.78,2534
2025-04-25 10:50:00,23771.78,23818.25,23757.5,23797.32,4468
2025-04-25 10:55:00,23797.32,23804.09,23744.46,23745.8,3802
2025-04-25 11:00:00,23745.8,23753.66,23712.81,23721.06,4009
2025-04-25 11:05:00,23721.06,23734.15,23662.76,23663.51,4518
2025-04-25 11:10:00,23663.51,23676.1,23653.84,23675.71,3880
2025-04-25 11:15:00,23675.71,23702.54,23614.12,23629.54,4476
2025-04-25 11:20:00,23629.54,23644.26,23606.63,23613.54,2520
2025-04-25 11:25:00,23613.54,23646.98,23611.58,23635.36,2393
2025-04-25 11:30:00,23635.36,23672.0,23635.13,23657.62,4201
2025-04-25 11:35:00,23657.62,23691.73,23650.53,23681.81,4255
2025-04-25 11:40:00,23681.81,23713.63,23661.59,23665.04,2017
2025-04-25 11:45:00,23665.04,23675.61,23628.67,23629.41,3551
2025-04-25 11:50:00,23629.41,23653.61,23610.3,23652.95,1078
2025-04-25 11:55:00,23652.95,23683.94,23647.6,23681.33,3886
2025-04-25 12:00:00,23681.33,23694.64,23635.53,23637.31,4009
2025-04-25 12:05:00,23637.31,23670.41,23633.65,23659.83,4034
2025-04-25 12:10:00,23659.83,23668.78,23655.37,23663.88,4755
2025-04-25 12:15:00,23663.88,23677.91,23642.76,23652.91,4291
2025-04-25 12:20:00,23652.91,23661.92,23638.45,23646.35,3485
2025-04-25 12:25:00,23646.35,23701.65,23641.78,23694.68,3488
2025-04-25 12:30:00,23694.68,23703.88,23690.9,23700.66,3880
2025-04-25 12:35:00,23700.66,23755.67,23688.71,23742.89,4628
2025-04-25 12:40:00,23742.89,23774.31,23739.04,23766.76,1572
2025-04-25 12:45:00,23766.76,23774.39,23763.96,23768.82,2394
2025-04-25 12:50:00,23768.82,23772.79,23702.42,23721.97,3961
2025-04-25 12:55:00,23721.97,23749.5,23699.2,23716.5,4865
2025-04-25 13:00:00,23716.5,23740.76,23701.1,23724.68,1314
2025-04-25 13:05:00,23724.68,23732.67,23705.93,23710.0,3849
2025-04-25 13:10:00,23710.0,23718.87,23690.43,23695.62,3995
2025-04-25 13:15:00,23695.62,23695.7,23672.83,23679.08,4904
2025-04-25 13:20:00,23679.08,23693.61,23649.63,23655.91,4192
2025-04-25 13:25:00,23655.91,23665.43,23654.5,23656.67,3794
2025-04-25 13:30:00,23656.67,23683.72,23652.36,23676.65,1071
2025-04-25 13:35:00,23676.65,23705.08,23670.98,23703.35,4505
2025-04-25 13:40:00,23703.35,23703.37,23645.89,23653.69,1208
2025-04-25 13:45:00,23653.69,23665.96,23636.53,23645.52,3058
2025-04-25 13:50:00,23645.52,23681.12,23627.62,23668.6,1272
2025-04-25 13:55:00,23668.6,23669.59,23624.83,23645.61,2286
2025-04-25 14:00:00,23645.61,23648.53,23607.91,23612.7,1998
2025-04-25 14:05:00,23612.7,23640.18,23596.14,23621.91,1673
2025-04-25 14:10:00,23621.91,23647.32,23618.78,23634.44,3607
2025-04-25 14:15:00,23634.44,23644.66,23609.98,23625.09,1283
2025-04-25 14:20:00,23625.09,23630.63,23587.79,23596.12,4584
2025-04-25 14:25:00,23596.12,23635.56,23588.51,23635.33,4649
2025-04-25 14:30:00,23635.33,23643.02,23617.71,23638.67,1263
2025-04-25 14:35:00,23638.67,23654.81,23627.86,23629.17,4628
2025-04-25 14:40:00,23629.17,23652.72,23624.02,23647.92,3533
2025-04-25 14:45:00,23647.92,23648.5,23610.71,23613.62,3036
2025-04-25 14:50:00,23613.62,23652.56,23611.76,23635.53,1221
2025-04-25 14:55:00,23635.53,23665.36,23596.16,23606.43,3341
2025-04-25 15:00:00,23606.43,23644.7,23586.77,23641.87,1364
2025-04-25 15:05:00,23641.87,23657.53,23599.75,23601.6,2973
2025-04-25 15:10:00,23601.6,23613.2,23576.66,23591.66,2014
2025-04-25 15:15:00,23591.66,23606.08,23577.84,23598.58,1426
2025-04-25 15:20:00,23598.58,23685.26,23591.03,23680.1,3835
2025-04-25 15:25:00,23680.1,23693.9,23668.75,23682.18,2172
2025-04-28 09:15:00,23665.78,23670.73,23645.26,23650.68,4606
2025-04-28 09:20:00,23650.68,23687.18,23646.86,23675.52,3199
2025-04-28 09:25:00,23675.52,23675.86,23614.45,23617.54,2604
2025-04-28 09:30:00,23617.54,23633.06,23562.97,23568.62,3257
2025-04-28 09:35:00,23568.62,23568.74,23473.26,23496.73,3991
2025-04-28 09:40:00,23496.73,23553.13,23479.75,23527.94,2837
2025-04-28 09:45:00,23527.94,23559.94,23482.28,23507.77,3166
2025-04-28 09:50:00,23507.77,23565.85,23493.35,23557.02,4187
2025-04-28 09:55:00,23557.02,23560.54,23546.84,23558.62,2975
2025-04-28 10:00:00,23558.62,23580.11,23511.95,23517.7,4770
2025-04-28 10:05:00,23517.7,23528.6,23503.2,23525.17,4277
2025-04-28 10:10:00,23525.17,23526.05,23439.06,23447.86,3827
2025-04-28 10:15:00,23447.86,23465.1,23444.63,23451.25,1168
2025-04-28 10:20:00,23451.25,23482.79,23450.85,23465.99,4829
2025-04-28 10:25:00,23465.99,23485.23,23465.53,23478.02,1124
2025-04-28 10:30:00,23478.02,23504.3,23439.96,23447.96,4079
2025-04-28 10:35:00,23447.96,23457.86,23423.02,23429.02,3641
2025-04-28 10:40:00,23429.02,23441.93,23407.24,23430.13,4306
2025-04-28 10:45:00,23430.13,23480.02,23417.38,23472.89,3754
2025-04-28 10:50:00,23472.89,23475.31,23461.92,23464.18,4315
2025-04-28 10:55:00,23464.18,23508.16,23441.3,23497.1,1326
2025-04-28 11:00:00,23497.1,23497.7,23444.81,23463.6,1828
2025-04-28 11:05:00,23463.6,23468.29,23461.09,23465.6,1178
2025-04-28 11:10:00,23465.6,23473.76,23416.82,23417.86,1797
2025-04-28 11:15:00,23417.86,23425.06,23383.61,23390.51,3599
2025-04-28 11:20:00,23390.51,23399.89,23366.93,23398.36,2565
2025-04-28 11:25:00,23398.36,23400.75,23380.69,23387.33,3626
2025-04-28 11:30:00,23387.33,23388.0,23384.31,23386.7,4309
2025-04-28 11:35:00,23386.7,23397.73,23332.45,23356.21,4968
2025-04-28 11:40:00,23356.21,23396.15,23339.51,23372.13,4785
2025-04-28 11:45:00,23372.13,23372.78,23300.6,23301.28,4649
2025-04-28 11:50:00,23301.28,23304.49,23285.44,23286.96,4783
2025-04-28 11:55:00,23286.96,23346.02,23284.79,23325.08,1549
2025-04-28 12:00:00,23325.08,23363.04,23321.85,23359.98,1781
2025-04-28 12:05:00,23359.98,23398.27,23354.15,23384.38,1939
2025-04-28 12:10:00,23384.38,23419.16,23368.04,23413.51,1757
2025-04-28 12:15:00,23413.51,23413.87,23383.09,23392.8,2391
2025-04-28 12:20:00,23392.8,23403.03,23343.02,23356.82,2478
2025-04-28 12:25:00,23356.82,23391.75,23346.68,23371.13,4860
2025-04-28 12:30:00,23371.13,23376.27,23325.2,23339.92,2609
2025-04-28 12:35:00,23339.92,23341.25,23279.32,23290.25,4663
2025-04-28 12:40:00,23290.25,23306.94,23264.17,23273.74,4999
2025-04-28 12:45:00,23273.74,23278.2,23270.97,23271.49,3645
2025-04-28 12:50:00,23271.49,23299.44,23270.71,23277.76,4603
2025-04-28 12:55:00,23277.76,23341.91,23268.92,23322.77,3838
2025-04-28 13:00:00,23322.77,23323.32,23297.17,23299.03,1069
2025-04-28 13:05:00,23299.03,23301.34,23264.18,23275.19,3677
2025-04-28 13:10:00,23275.19,23285.71,23180.82,23188.98,4345
2025-04-28 13:15:00,23188.98,23190.92,23181.73,23186.79,1346
2025-04-28 13:20:00,23186.79,23244.34,23185.03,23235.23,4279
2025-04-28 13:25:00,23235.23,23244.86,23182.89,23192.91,4339
2025-04-28 13:30:00,23192.91,23194.73,23142.48,23152.45,2513
2025-04-28 13:35:00,23152.45,23167.06,23108.99,23119.33,3511
2025-04-28 13:40:00,23119.33,23154.15,23112.4,23149.35,2472
2025-04-28 13:45:00,23149.35,23175.85,23144.66,23166.33,3410
2025-04-28 13:50:00,23166.33,23218.84,23160.08,23196.8,3226
2025-04-28 13:55:00,23196.8,23223.82,23193.08,23213.88,3980
2025-04-28 14:00:00,23213.88,23216.57,23157.5,23172.95,3624
2025-04-28 14:05:00,23172.95,23174.91,23123.75,23135.03,4303
2025-04-28 14:10:00,23135.03,23143.54,23134.72,23135.56,1881
2025-04-28 14:15:00,23135.56,23160.96,23125.04,23137.0,1466
2025-04-28 14:20:00,23137.0,23150.98,23130.75,23135.75,1891
2025-04-28 14:25:00,23135.75,23146.67,23128.24,23142.68,1125
2025-04-28 14:30:00,23142.68,23146.34,23122.53,23123.42,1481
2025-04-28 14:35:00,23123.42,23133.59,23123.13,23125.0,3494
2025-04-28 14:40:00,23125.0,23141.34,23076.33,23079.85,3013
2025-04-28 14:45:00,23079.85,23087.55,23079.07,23081.83,4878
2025-04-28 14:50:00,23081.83,23086.33,23036.68,23053.87,4192
2025-04-28 14:55:00,23053.87,23092.45,23044.67,23087.12,1086
2025-04-28 15:00:00,23087.12,23116.21,23085.83,23105.73,3188
2025-04-28 15:05:00,23105.73,23155.61,23090.25,23136.84,4892
2025-04-28 15:10:00,23136.84,23156.28,23129.33,23141.28,1390
2025-04-28 15:15:00,23141.28,23180.6,23130.81,23171.34,1991
2025-04-28 15:20:00,23171.34,23189.35,23166.91,23187.42,4181
2025-04-28 15:25:00,23187.42,23190.55,23164.11,23173.2,2072
2025-04-29 09:15:00,23319.51,23329.0,23284.49,23298.0,1281
2025-04-29 09:20:00,23298.0,23309.66,23292.86,23301.51,3396
2025-04-29 09:25:00,23301.51,23308.13,23295.6,23296.92,2500
2025-04-29 09:30:00,23296.92,23304.21,23227.4,23235.19,2711
2025-04-29 09:35:00,23235.19,23253.37,23225.1,23226.48,3629
2025-04-29 09:40:00,23226.48,23233.35,23189.67,23204.76,1982
2025-04-29 09:45:00,23204.76,23228.63,23197.19,23222.57,4181
2025-04-29 09:50:00,23222.57,23266.25,23213.91,23254.06,3694
2025-04-29 09:55:00,23254.06,23284.92,23242.38,23270.06,3926
2025-04-29 10:00:00,23270.06,23271.32,23214.07,23228.89,4287
2025-04-29 10:05:00,23228.89,23247.28,23188.59,23195.65,2327
2025-04-29 10:10:00,23195.65,23241.16,23183.84,23233.01,2721
2025-04-29 10:15:00,23233.01,23261.69,23226.32,23254.71,1248
2025-04-29 10:20:00,23254.71,23282.07,23251.62,23276.23,2275
2025-04-29 10:25:00,23276.23,23327.6,23274.4,23324.6,3626
2025-04-29 10:30:00,23324.6,23332.74,23324.38,23325.94,1007
2025-04-29 10:35:00,23325.94,23338.0,23290.01,23293.2,4412
2025-04-29 10:40:00,23293.2,23332.5,23285.86,23330.8,2735
2025-04-29 10:45:00,23330.8,23333.91,23313.94,23320.6,3360
2025-04-29 10:50:00,23320.6,23327.31,23285.99,23302.18,3157
2025-04-29 10:55:00,23302.18,23356.58,23285.25,23338.02,4016
2025-04-29 11:00:00,23338.02,23339.21,23315.87,23320.38,4131
2025-04-29 11:05:00,23320.38,23335.36,23285.15,23295.9,2191
2025-04-29 11:10:00,23295.9,23296.43,23283.43,23289.16,4594
2025-04-29 11:15:00,23289.16,23306.63,23278.4,23278.57,1985
2025-04-29 11:20:00,23278.57,23287.3,23246.32,23247.62,1791
2025-04-29 11:25:00,23247.62,23318.57,23243.2,23299.65,1195
2025-04-29 11:30:00,23299.65,23344.67,23289.45,23342.78,3940
2025-04-29 11:35:00,23342.78,23408.65,23335.96,23397.85,2542
2025-04-29 11:40:00,23397.85,23448.94,23393.9,23432.63,4693
2025-04-29 11:45:00,23432.63,23468.23,23417.54,23454.79,3407
2025-04-29 11:50:00,23454.79,23477.2,23453.2,23471.71,4059
2025-04-29 11:55:00,23471.71,23478.42,23471.03,23475.46,2826
2025-04-29 12:00:00,23475.46,23479.54,23466.21,23468.56,2652
2025-04-29 12:05:00,23468.56,23485.3,23443.58,23456.69,3884
2025-04-29 12:10:00,23456.69,23473.19,23455.72,23461.85,2676
2025-04-29 12:15:00,23461.85,23469.47,23419.55,23431.06,3953
2025-04-29 12:20:00,23431.06,23461.15,23426.98,23460.98,1797
2025-04-29 12:25:00,23460.98,23486.93,23446.39,23486.33,4056
2025-04-29 12:30:00,23486.33,23510.34,23472.46,23498.68,3217
2025-04-29 12:35:00,23498.68,23536.95,23488.28,23525.08,4466
2025-04-29 12:40:00,23525.08,23542.75,23502.89,23511.17,1152
2025-04-29 12:45:00,23511.17,23548.34,23500.49,23533.36,4295
2025-04-29 12:50:00,23533.36,23541.12,23532.51,23533.02,4659
2025-04-29 12:55:00,23533.02,23548.17,23513.22,23537.92,3031
2025-04-29 13:00:00,23537.92,23577.16,23523.08,23560.82,1706
2025-04-29 13:05:00,23560.82,23608.37,23539.67,23593.13,2057
2025-04-29 13:10:00,23593.13,23599.46,23567.17,23594.12,2727
2025-04-29 13:15:00,23594.12,23616.29,23569.39,23608.88,2813
2025-04-29 13:20:00,23608.88,23617.17,23567.33,23575.64,1139
2025-04-29 13:25:00,23575.64,23613.47,23575.54,23606.23,3271
2025-04-29 13:30:00,23606.23,23613.47,23562.82,23569.11,2743
2025-04-29 13:35:00,23569.11,23586.74,23569.07,23585.32,3869
2025-04-29 13:40:00,23585.32,23606.34,23576.46,23601.95,1683
2025-04-29 13:45:00,23601.95,23645.59,23582.46,23636.36,1816
2025-04-29 13:50:00,23636.36,23679.03,23632.48,23660.41,2678
2025-04-29 13:55:00,23660.41,23670.12,23651.17,23661.0,4443
2025-04-29 14:00:00,23661.0,23667.09,23650.42,23652.05,3850
2025-04-29 14:05:00,23652.05,23670.79,23610.95,23647.56,2602
2025-04-29 14:10:00,23647.56,23652.69,23647.42,23650.66,2119
2025-04-29 14:15:00,23650.66,23663.89,23603.16,23604.88,3930
2025-04-29 14:20:00,23604.88,23638.52,23572.46,23599.19,4514
2025-04-29 14:25:00,23599.19,23619.83,23595.03,23607.78,3725
2025-04-29 14:30:00,23607.78,23630.35,23595.46,23599.81,4795
2025-04-29 14:35:00,23599.81,23614.41,23584.28,23608.44,3413
2025-04-29 14:40:00,23608.44,23622.64,23601.48,23620.03,3369
2025-04-29 14:45:00,23620.03,23623.9,23566.32,23567.08,4008
2025-04-29 14:50:00,23567.08,23580.99,23547.83,23569.49,3669
2025-04-29 14:55:00,23569.49,23580.1,23539.57,23543.07,1973
2025-04-29 15:00:00,23543.07,23551.45,23535.18,23546.01,3841
2025-04-29 15:05:00,23546.01,23554.92,23508.86,23524.13,1729
2025-04-29 15:10:00,23524.13,23534.79,23508.38,23521.32,2887
2025-04-29 15:15:00,23521.32,23525.51,23503.8,23507.98,4808
2025-04-29 15:20:00,23507.98,23516.62,23485.17,23488.08,4061
2025-04-29 15:25:00,23488.08,23490.7,23433.36,23449.02,3577
2025-04-30 09:15:00,23363.37,23374.64,23340.08,23362.05,4909
2025-04-30 09:20:00,23362.05,23364.83,23353.65,23359.7,4421
2025-04-30 09:25:00,23359.7,23424.74,23337.16,23415.28,2351
2025-04-30 09:30:00,23415.28,23444.92,23409.92,23441.76,4635
2025-04-30 09:35:00,23441.76,23470.17,23435.76,23449.21,2763
2025-04-30 09:40:00,23449.21,23454.13,23429.58,23432.53,2197
2025-04-30 09:45:00,23432.53,23462.43,23431.17,23454.47,1584
2025-04-30 09:50:00,23454.47,23469.56,23444.16,23464.77,4732
2025-04-30 09:55:00,23464.77,23485.67,23453.4,23455.14,1918
2025-04-30 10:00:00,23455.14,23461.18,23432.65,23435.17,3389
2025-04-30 10:05:00,23435.17,23466.95,23423.91,23466.87,1746
2025-04-30 10:10:00,23466.87,23485.29,23462.35,23472.15,1102
2025-04-30 10:15:00,23472.15,23507.21,23430.92,23497.92,3622
2025-04-30 10:20:00,23497.92,23511.32,23455.91,23456.85,2867
2025-04-30 10:25:00,23456.85,23472.9,23454.97,23455.24,4310
2025-04-30 10:30:00,23455.24,23464.14,23434.98,23438.83,4498
2025-04-30 10:35:00,23438.83,23471.74,23434.25,23463.72,3580
2025-04-30 10:40:00,23463.72,23468.48,23444.64,23453.92,3017
2025-04-30 10:45:00,23453.92,23484.58,23452.34,23473.0,2843
2025-04-30 10:50:00,23473.0,23533.28,23471.84,23523.21,4258
2025-04-30 10:55:00,23523.21,23542.72,23497.37,23532.42,2825
2025-04-30 11:00:00,23532.42,23551.06,23519.91,23540.47,4485
2025-04-30 11:05:00,23540.47,23543.38,23502.48,23504.89,3139
2025-04-30 11:10:00,23504.89,23533.82,23485.12,23526.03,1598
2025-04-30 11:15:00,23526.03,23531.51,23519.94,23521.17,2456
2025-04-30 11:20:00,23521.17,23561.09,23515.72,23556.48,4621
2025-04-30 11:25:00,23556.48,23560.05,23516.48,23536.36,2196
2025-04-30 11:30:00,23536.36,23573.33,23519.84,23570.09,1822
2025-04-30 11:35:00,23570.09,23584.74,23568.94,23579.65,1074
2025-04-30 11:40:00,23579.65,23643.9,23568.5,23627.64,4713
2025-04-30 11:45:00,23627.64,23632.75,23624.97,23628.09,3613
2025-04-30 11:50:00,23628.09,23633.89,23616.41,23618.85,3150
2025-04-30 11:55:00,23618.85,23664.87,23617.85,23664.59,3057
2025-04-30 12:00:00,23664.59,23727.75,23655.61,23713.98,4755
2025-04-30 12:05:00,23713.98,23759.66,23706.66,23750.11,3661
2025-04-30 12:10:00,23750.11,23768.27,23746.11,23752.61,2622
2025-04-30 12:15:00,23752.61,23768.09,23752.09,23767.25,3677
2025-04-30 12:20:00,23767.25,23768.8,23750.56,23763.91,2131
2025-04-30 12:25:00,23763.91,23797.62,23744.96,23781.88,1174
2025-04-30 12:30:00,23781.88,23828.78,23777.44,23827.75,3311
2025-04-30 12:35:00,23827.75,23847.97,23820.34,23845.31,1167
2025-04-30 12:40:00,23845.31,23855.96,23819.26,23824.42,4382
2025-04-30 12:45:00,23824.42,23832.84,23771.48,23775.04,3567
2025-04-30 12:50:00,23775.04,23824.96,23765.21,23817.87,2282
2025-04-30 12:55:00,23817.87,23818.78,23782.02,23782.39,3194
2025-04-30 13:00:00,23782.39,23803.31,23778.22,23784.93,4088
2025-04-30 13:05:00,23784.93,23796.03,23779.96,23795.05,1167
2025-04-30 13:10:00,23795.05,23818.48,23779.71,23802.28,3123
2025-04-30 13:15:00,23802.28,23825.91,23792.67,23817.63,2440
2025-04-30 13:20:00,23817.63,23842.49,23803.66,23829.71,2028
2025-04-30 13:25:00,23829.71,23845.03,23805.39,23840.76,3336
2025-04-30 13:30:00,23840.76,23843.8,23806.82,23808.03,3821
2025-04-30 13:35:00,23808.03,23810.32,23752.14,23757.33,4921
2025-04-30 13:40:00,23757.33,23796.28,23742.73,23788.63,3592
2025-04-30 13:45:00,23788.63,23817.61,23752.02,23760.32,4044
2025-04-30 13:50:00,23760.32,23790.73,23741.92,23786.49,2182
2025-04-30 13:55:00,23786.49,23788.66,23764.33,23780.16,1941
2025-04-30 14:00:00,23780.16,23803.37,23761.88,23763.76,4132
2025-04-30 14:05:00,23763.76,23779.45,23700.48,23707.76,1550
2025-04-30 14:10:00,23707.76,23717.84,23691.87,23715.5,2550
2025-04-30 14:15:00,23715.5,23750.21,23714.22,23740.41,2367
2025-04-30 14:20:00,23740.41,23745.99,23730.19,23734.28,3471
2025-04-30 14:25:00,23734.28,23752.18,23733.49,23749.28,2949
2025-04-30 14:30:00,23749.28,23755.6,23742.1,23751.12,1417
2025-04-30 14:35:00,23751.12,23753.04,23736.54,23746.94,4232
2025-04-30 14:40:00,23746.94,23776.02,23726.54,23761.43,2011
2025-04-30 14:45:00,23761.43,23825.1,23759.97,23813.18,4736
2025-04-30 14:50:00,23813.18,23888.33,23790.54,23883.29,4943
2025-04-30 14:55:00,23883.29,23911.53,23871.26,23896.63,2360
2025-04-30 15:00:00,23896.63,23897.53,23868.25,23871.48,1147
2025-04-30 15:05:00,23871.48,23918.12,23860.6,23908.41,4059
2025-04-30 15:10:00,23908.41,23924.39,23891.81,23901.32,3853
2025-04-30 15:15:00,23901.32,23913.21,23872.62,23890.11,4539
2025-04-30 15:20:00,23890.11,23901.64,23802.11,23828.39,1783
2025-04-30 15:25:00,23828.39,23880.57,23817.6,23871.45,4473
2025-05-01 09:15:00,23860.01,23878.78,23845.31,23874.46,3219
2025-05-01 09:20:00,23874.46,23921.23,23853.07,23910.4,1006
2025-05-01 09:25:00,23910.4,23913.41,23909.04,23912.15,4924
2025-05-01 09:30:00,23912.15,23951.3,23911.77,23939.74,4210
2025-05-01 09:35:00,23939.74,23957.56,23930.66,23943.54,3582
2025-05-01 09:40:00,23943.54,23969.15,23922.92,23956.01,1416
2025-05-01 09:45:00,23956.01,23961.03,23947.17,23959.38,1841
2025-05-01 09:50:00,23959.38,23991.99,23942.45,23976.54,1366
2025-05-01 09:55:00,23976.54,23979.03,23962.33,23971.73,1119
2025-05-01 10:00:00,23971.73,24002.66,23967.6,23988.69,4422
2025-05-01 10:05:00,23988.69,24038.45,23976.41,24012.32,3804
2025-05-01 10:10:00,24012.32,24020.58,23988.77,24007.76,1646
2025-05-01 10:15:00,24007.76,24015.01,23973.51,23973.67,3769
2025-05-01 10:20:00,23973.67,23975.38,23950.02,23958.99,2217
2025-05-01 10:25:00,23958.99,23975.31,23898.1,23899.47,2364
2025-05-01 10:30:00,23899.47,23957.16,23886.01,23950.12,4679
2025-05-01 10:35:00,23950.12,23989.48,23948.42,23975.77,2270
2025-05-01 10:40:00,23975.77,24005.43,23964.73,24001.99,1623
2025-05-01 10:45:00,24001.99,24040.0,23996.21,24015.98,2088
2025-05-01 10:50:00,24015.98,24043.76,23996.55,24040.61,2319
2025-05-01 10:55:00,24040.61,24049.66,23993.14,23994.83,1902
2025-05-01 11:00:00,23994.83,24078.29,23993.72,24047.96,3368
2025-05-01 11:05:00,24047.96,24050.45,24023.13,24024.0,4083
2025-05-01 11:10:00,24024.0,24029.75,24007.34,24029.24,1130
2025-05-01 11:15:00,24029.24,24063.45,24019.03,24061.26,1426
2025-05-01 11:20:00,24061.26,24078.83,24009.87,24015.58,4451
2025-05-01 11:25:00,24015.58,24022.47,24011.43,24013.21,3505
2025-05-01 11:30:00,24013.21,24050.27,24010.52,24044.8,1188
2025-05-01 11:35:00,24044.8,24076.39,24039.17,24076.04,3409
2025-05-01 11:40:00,24076.04,24131.47,24061.95,24130.23,3241
2025-05-01 11:45:00,24130.23,24149.68,24114.25,24135.99,3433
2025-05-01 11:50:00,24135.99,24138.38,24098.26,24102.55,4829
2025-05-01 11:55:00,24102.55,24129.65,24090.27,24102.13,3838
2025-05-01 12:00:00,24102.13,24118.78,24096.72,24112.64,3963
2025-05-01 12:05:00,24112.64,24117.2,24082.43,24097.36,4607
2025-05-01 12:10:00,24097.36,24141.25,24092.76,24134.09,1654
2025-05-01 12:15:00,24134.09,24158.31,24113.6,24118.98,3204
2025-05-01 12:20:00,24118.98,24131.87,24108.13,24110.23,2236
2025-05-01 12:25:00,24110.23,24183.04,24098.08,24158.87,4373
2025-05-01 12:30:00,24158.87,24169.18,24153.7,24161.56,2604
2025-05-01 12:35:00,24161.56,24195.47,24143.01,24147.32,4677
2025-05-01 12:40:00,24147.32,24185.24,24143.6,24177.13,1080
2025-05-01 12:45:00,24177.13,24242.17,24147.04,24240.67,3245
2025-05-01 12:50:00,24240.67,24256.44,24238.9,24244.69,3675
2025-05-01 12:55:00,24244.69,24249.97,24208.29,24220.14,1167
2025-05-01 13:00:00,24220.14,24262.28,24216.4,24254.79,3738
2025-05-01 13:05:00,24254.79,24285.93,24253.1,24276.9,2704
2025-05-01 13:10:00,24276.9,24332.24,24275.02,24324.51,4815
2025-05-01 13:15:00,24324.51,24401.92,24324.07,24392.72,1280
2025-05-01 13:20:00,24392.72,24398.72,24374.82,24376.73,2698
2025-05-01 13:25:00,24376.73,24388.07,24375.79,24378.84,3131
2025-05-01 13:30:00,24378.84,24412.39,24353.68,24405.82,4257
2025-05-01 13:35:00,24405.82,24411.41,24381.82,24391.21,3885
2025-05-01 13:40:00,24391.21,24394.62,24357.0,24364.62,4744
2025-05-01 13:45:00,24364.62,24367.14,24351.86,24359.76,2641
2025-05-01 13:50:00,24359.76,24371.8,24342.46,24347.35,2564
2025-05-01 13:55:00,24347.35,24388.34,24340.1,24359.8,2687
2025-05-01 14:00:00,24359.8,24365.96,24281.98,24305.94,2942
2025-05-01 14:05:00,24305.94,24326.67,24289.63,24324.96,3879
2025-05-01 14:10:00,24324.96,24353.19,24319.3,24348.86,4316
2025-05-01 14:15:00,24348.86,24433.19,24334.28,24415.58,2508
2025-05-01 14:20:00,24415.58,24463.89,24406.91,24463.22,3397
2025-05-01 14:25:00,24463.22,24523.55,24461.22,24509.91,3210
2025-05-01 14:30:00,24509.91,24545.29,24499.35,24535.14,1618
2025-05-01 14:35:00,24535.14,24538.2,24525.07,24525.25,4480
2025-05-01 14:40:00,24525.25,24558.92,24500.99,24558.37,4076
2025-05-01 14:45:00,24558.37,24562.6,24533.15,24543.88,2884
2025-05-01 14:50:00,24543.88,24545.31,24537.88,24543.07,2895
2025-05-01 14:55:00,24543.07,24560.5,24536.08,24550.11,3862
2025-05-01 15:00:00,24550.11,24580.28,24548.16,24558.07,2600
2025-05-01 15:05:00,24558.07,24648.33,24554.85,24626.64,4985
2025-05-01 15:10:00,24626.64,24661.53,24619.21,24660.04,2573
2025-05-01 15:15:00,24660.04,24660.55,24658.18,24659.72,2873
2025-05-01 15:20:00,24659.72,24680.06,24647.25,24670.66,1850
2025-05-01 15:25:00,24670.66,24681.23,24658.71,24658.79,1155
2025-05-02 09:15:00,24413.23,24432.55,24393.53,24427.98,1121
2025-05-02 09:20:00,24427.98,24428.82,24416.95,24420.82,4262
2025-05-02 09:25:00,24420.82,24432.73,24327.95,24351.22,3011
2025-05-02 09:30:00,24351.22,24352.1,24333.9,24342.04,3334
2025-05-02 09:35:00,24342.04,24376.51,24329.18,24368.13,1311
2025-05-02 09:40:00,24368.13,24386.0,24356.12,24381.2,4984
2025-05-02 09:45:00,24381.2,24410.7,24266.45,24294.38,3576
2025-05-02 09:50:00,24294.38,24328.27,24286.73,24319.58,4413
2025-05-02 09:55:00,24319.58,24339.31,24304.53,24311.1,1985
2025-05-02 10:00:00,24311.1,24327.17,24280.21,24294.49,3587
2025-05-02 10:05:00,24294.49,24300.52,24208.23,24225.31,3976
2025-05-02 10:10:00,24225.31,24233.32,24214.6,24225.54,4458
2025-05-02 10:15:00,24225.54,24234.38,24193.32,24211.01,4172
2025-05-02 10:20:00,24211.01,24228.41,24180.08,24190.44,3861
2025-05-02 10:25:00,24190.44,24219.46,24177.13,24208.5,1789
2025-05-02 10:30:00,24208.5,24224.09,24205.21,24208.17,1607
2025-05-02 10:35:00,24208.17,24281.56,24198.04,24265.18,3531
2025-05-02 10:40:00,24265.18,24282.1,24220.32,24224.95,2208
2025-05-02 10:45:00,24224.95,24236.13,24218.36,24232.54,2451
2025-05-02 10:50:00,24232.54,24250.37,24215.97,24220.81,4582
2025-05-02 10:55:00,24220.81,24227.6,24201.07,24205.99,2227
2025-05-02 11:00:00,24205.99,24206.71,24172.48,24178.11,2938
2025-05-02 11:05:00,24178.11,24194.49,24173.04,24187.47,4765
2025-05-02 11:10:00,24187.47,24229.59,24181.6,24211.59,2541
2025-05-02 11:15:00,24211.59,24215.74,24200.17,24202.94,3194
2025-05-02 11:20:00,24202.94,24220.73,24180.52,24217.05,3037
2025-05-02 11:25:00,24217.05,24217.86,24193.38,24205.54,4508
2025-05-02 11:30:00,24205.54,24210.18,24163.82,24170.72,1516
2025-05-02 11:35:00,24170.72,24211.53,24159.69,24196.47,4145
2025-05-02 11:40:00,24196.47,24214.67,24147.45,24155.73,3596
2025-05-02 11:45:00,24155.73,24184.41,24147.96,24150.12,4126
2025-05-02 11:50:00,24150.12,24160.78,24145.88,24153.09,1523
2025-05-02 11:55:00,24153.09,24174.21,24147.2,24161.65,3993
2025-05-02 12:00:00,24161.65,24174.11,24134.06,24138.72,3127
2025-05-02 12:05:00,24138.72,24150.25,24114.35,24120.55,4060
2025-05-02 12:10:00,24120.55,24140.49,24088.98,24105.22,2287
2025-05-02 12:15:00,24105.22,24128.61,24099.83,24126.27,2182
2025-05-02 12:20:00,24126.27,24132.21,24114.08,24131.91,4339
2025-05-02 12:25:00,24131.91,24154.29,24126.4,24136.81,3517
2025-05-02 12:30:00,24136.81,24164.97,24120.09,24160.35,2651
2025-05-02 12:35:00,24160.35,24200.19,24150.19,24193.27,3216
2025-05-02 12:40:00,24193.27,24205.59,24155.15,24159.38,1984
2025-05-02 12:45:00,24159.38,24166.64,24111.02,24111.12,1817
2025-05-02 12:50:00,24111.12,24122.34,24091.72,24092.77,3084
2025-05-02 12:55:00,24092.77,24094.44,24081.67,24086.57,1732
2025-05-02 13:00:00,24086.57,24099.61,24066.79,24070.45,4821
2025-05-02 13:05:00,24070.45,24078.25,24020.02,24024.18,3413
2025-05-02 13:10:00,24024.18,24041.65,23999.05,24029.73,3988
2025-05-02 13:15:00,24029.73,24049.65,24029.65,24048.89,3706
2025-05-02 13:20:00,24048.89,24062.65,24039.84,24046.52,4285
2025-05-02 13:25:00,24046.52,24054.95,24009.15,24019.91,1141
2025-05-02 13:30:00,24019.91,24039.17,24015.49,24029.54,1813
2025-05-02 13:35:00,24029.54,24050.81,24026.96,24037.29,4475
2025-05-02 13:40:00,24037.29,24054.01,24036.87,24049.9,4988
2025-05-02 13:45:00,24049.9,24111.96,24048.12,24100.94,2312
2025-05-02 13:50:00,24100.94,24110.73,24072.06,24094.19,4808
2025-05-02 13:55:00,24094.19,24118.41,24074.77,24115.8,1482
2025-05-02 14:00:00,24115.8,24153.69,24104.98,24133.58,4290
2025-05-02 14:05:00,24133.58,24149.97,24128.14,24132.24,2781
2025-05-02 14:10:00,24132.24,24176.39,24132.01,24145.49,4972
2025-05-02 14:15:00,24145.49,24191.61,24140.45,24176.71,4615
2025-05-02 14:20:00,24176.71,24187.77,24127.35,24136.74,3581
2025-05-02 14:25:00,24136.74,24167.9,24126.71,24164.36,2414
2025-05-02 14:30:00,24164.36,24182.2,24159.1,24176.47,2566
2025-05-02 14:35:00,24176.47,24194.09,24148.32,24153.97,2491
2025-05-02 14:40:00,24153.97,24158.89,24149.74,24152.4,4562
2025-05-02 14:45:00,24152.4,24157.78,24138.08,24141.74,4541
2025-05-02 14:50:00,24141.74,24179.66,24138.72,24168.02,3826
2025-05-02 14:55:00,24168.02,24178.71,24140.31,24164.69,1467
2025-05-02 15:00:00,24164.69,24185.31,24156.36,24169.41,3708
2025-05-02 15:05:00,24169.41,24172.19,24117.77,24117.86,3937
2025-05-02 15:10:00,24117.86,24131.55,24091.73,24096.63,4632
2025-05-02 15:15:00,24096.63,24096.68,24041.05,24043.01,4105
2025-05-02 15:20:00,24043.01,24100.92,24036.81,24088.91,4083
2025-05-02 15:25:00,24088.91,24111.1,24065.33,24100.48,2821
2025-05-05 09:15:00,24034.3,24070.34,24023.14,24058.4,3952
2025-05-05 09:20:00,24058.4,24078.21,23992.41,24006.46,2956
2025-05-05 09:25:00,24006.46,24068.55,23994.07,24060.6,2680
2025-05-05 09:30:00,24060.6,24115.27,24054.23,24101.63,4037
2025-05-05 09:35:00,24101.63,24137.9,24092.57,24128.26,3059
2025-05-05 09:40:00,24128.26,24142.07,24049.1,24053.39,3249
2025-05-05 09:45:00,24053.39,24058.14,24013.43,24022.75,2011
2025-05-05 09:50:00,24022.75,24037.21,24019.22,24036.24,4017
2025-05-05 09:55:00,24036.24,24069.49,24032.22,24056.42,4457
2025-05-05 10:00:00,24056.42,24060.32,24029.83,24040.23,1589
2025-05-05 10:05:00,24040.23,24045.86,24019.55,24032.15,1569
2025-05-05 10:10:00,24032.15,24050.63,24011.79,24018.22,1330
2025-05-05 10:15:00,24018.22,24031.69,23969.28,23993.51,2097
2025-05-05 10:20:00,23993.51,24013.26,23990.92,24010.93,3690
2025-05-05 10:25:00,24010.93,24011.94,23986.72,23987.55,1076
2025-05-05 10:30:00,23987.55,24005.11,23982.05,23995.49,1748
2025-05-05 10:35:00,23995.49,24005.29,23937.22,23939.46,2157
2025-05-05 10:40:00,23939.46,23977.83,23931.59,23977.51,1732
2025-05-05 10:45:00,23977.51,24001.58,23971.1,23975.54,3717
2025-05-05 10:50:00,23975.54,23984.48,23918.07,23927.72,3722
2025-05-05 10:55:00,23927.72,23945.04,23918.81,23943.42,3648
2025-05-05 11:00:00,23943.42,23946.67,23935.54,23943.69,4632
2025-05-05 11:05:00,23943.69,23961.05,23907.74,23949.59,4390
2025-05-05 11:10:00,23949.59,23968.91,23942.71,23944.43,1509
2025-05-05 11:15:00,23944.43,23963.08,23942.95,23954.07,3705
2025-05-05 11:20:00,23954.07,23971.53,23915.28,23926.34,1050
2025-05-05 11:25:00,23926.34,23927.45,23890.23,23909.4,2212
2025-05-05 11:30:00,23909.4,23923.65,23901.78,23914.39,2727
2025-05-05 11:35:00,23914.39,23917.98,23855.56,23887.83,3698
2025-05-05 11:40:00,23887.83,23934.83,23885.85,23919.12,1464
2025-05-05 11:45:00,23919.12,23938.25,23913.69,23936.9,3560
2025-05-05 11:50:00,23936.9,23943.28,23902.12,23913.92,2081
2025-05-05 11:55:00,23913.92,23936.06,23908.45,23920.49,4951
2025-05-05 12:00:00,23920.49,23944.11,23878.51,23901.0,3933
2025-05-05 12:05:00,23901.0,23904.61,23844.15,23854.64,2425
2025-05-05 12:10:00,23854.64,23866.72,23832.71,23848.26,4159
2025-05-05 12:15:00,23848.26,23856.72,23820.73,23838.7,1683
2025-05-05 12:20:00,23838.7,23884.2,23828.07,23871.79,1055
2025-05-05 12:25:00,23871.79,23909.45,23850.84,23887.56,2700
2025-05-05 12:30:00,23887.56,23921.69,23878.04,23918.36,4329
2025-05-05 12:35:00,23918.36,23930.94,23916.94,23930.5,2435
2025-05-05 12:40:00,23930.5,23958.83,23922.08,23954.3,2756
2025-05-05 12:45:00,23954.3,23996.25,23948.78,23986.09,4435
2025-05-05 12:50:00,23986.09,23998.03,23971.98,23978.23,4168
2025-05-05 12:55:00,23978.23,23993.23,23970.43,23992.31,2478
2025-05-05 13:00:00,23992.31,24025.79,23991.75,24020.21,4168
2025-05-05 13:05:00,24020.21,24039.4,23989.94,23998.7,2372
2025-05-05 13:10:00,23998.7,24018.88,23996.39,24014.24,4835
2025-05-05 13:15:00,24014.24,24019.42,24001.24,24014.17,1687
2025-05-05 13:20:00,24014.17,24028.84,23972.4,23985.94,1988
2025-05-05 13:25:00,23985.94,23993.4,23968.31,23970.21,1828
2025-05-05 13:30:00,23970.21,23979.95,23945.36,23956.6,4144
2025-05-05 13:35:00,23956.6,23973.56,23941.72,23953.64,1227
2025-05-05 13:40:00,23953.64,23956.76,23913.79,23924.03,3474
2025-05-05 13:45:00,23924.03,23965.14,23922.71,23956.91,3355
2025-05-05 13:50:00,23956.91,23965.91,23944.82,23950.72,4031
2025-05-05 13:55:00,23950.72,23980.15,23937.09,23968.34,1273
2025-05-05 14:00:00,23968.34,24024.06,23967.11,24022.05,1530
2025-05-05 14:05:00,24022.05,24044.42,24016.51,24037.34,2299
2025-05-05 14:10:00,24037.34,24101.65,24027.24,24090.91,2694
2025-05-05 14:15:00,24090.91,24164.32,24069.11,24152.88,1428
2025-05-05 14:20:00,24152.88,24166.41,24113.36,24119.1,3486
2025-05-05 14:25:00,24119.1,24136.15,24061.3,24069.69,2819
2025-05-05 14:30:00,24069.69,24084.14,24022.66,24030.26,1886
2025-05-05 14:35:00,24030.26,24056.89,23987.87,24004.64,2311
2025-05-05 14:40:00,24004.64,24013.28,23924.39,23925.83,1704
2025-05-05 14:45:00,23925.83,23935.84,23883.15,23892.24,1389
2025-05-05 14:50:00,23892.24,23895.02,23874.87,23890.67,4987
2025-05-05 14:55:00,23890.67,23900.74,23877.77,23888.52,1916
2025-05-05 15:00:00,23888.52,23933.66,23881.01,23920.96,1248
2025-05-05 15:05:00,23920.96,23950.35,23910.81,23943.38,4463
2025-05-05 15:10:00,23943.38,23960.95,23940.82,23943.25,1609
2025-05-05 15:15:00,23943.25,23967.32,23939.78,23956.8,4489
2025-05-05 15:20:00,23956.8,23976.41,23935.13,23940.68,4663
2025-05-05 15:25:00,23940.68,23948.12,23935.14,23947.4,2546
2025-05-06 09:15:00,24105.08,24140.27,24049.39,24070.93,4457
2025-05-06 09:20:00,24070.93,24102.15,24070.89,24089.19,3982
2025-05-06 09:25:00,24089.19,24093.72,24003.37,24006.4,4978
2025-05-06 09:30:00,24006.4,24037.92,24005.21,24031.13,2137
2025-05-06 09:35:00,24031.13,24033.96,23980.3,24002.67,2280
2025-05-06 09:40:00,24002.67,24022.09,23998.46,24019.08,1543
2025-05-06 09:45:00,24019.08,24021.44,24012.66,24013.31,2287
2025-05-06 09:50:00,24013.31,24028.37,24004.97,24014.71,2164
2025-05-06 09:55:00,24014.71,24029.74,23969.95,23982.29,2362
2025-05-06 10:00:00,23982.29,24023.61,23966.4,24013.09,2022
2025-05-06 10:05:00,24013.09,24090.88,24002.67,24077.99,1234
2025-05-06 10:10:00,24077.99,24135.15,24076.2,24134.27,2565
2025-05-06 10:15:00,24134.27,24146.38,24111.62,24129.64,2441
2025-05-06 10:20:00,24129.64,24146.08,24103.82,24105.29,1877
2025-05-06 10:25:00,24105.29,24111.0,24069.31,24080.01,3567
2025-05-06 10:30:00,24080.01,24102.33,24055.33,24056.26,1881
2025-05-06 10:35:00,24056.26,24062.81,24040.07,24050.38,2106
2025-05-06 10:40:00,24050.38,24057.66,24013.09,24020.21,1792
2025-05-06 10:45:00,24020.21,24048.15,24011.68,24040.79,2186
2025-05-06 10:50:00,24040.79,24167.35,24033.74,24151.0,2990
2025-05-06 10:55:00,24151.0,24184.47,24146.89,24182.27,4477
2025-05-06 11:00:00,24182.27,24188.1,24153.35,24172.65,2147
2025-05-06 11:05:00,24172.65,24195.37,24164.44,24190.79,4787
2025-05-06 11:10:00,24190.79,24246.57,24189.24,24232.79,3477
2025-05-06 11:15:00,24232.79,24239.21,24200.71,24219.88,2419
2025-05-06 11:20:00,24219.88,24231.49,24206.9,24217.25,2814
2025-05-06 11:25:00,24217.25,24259.86,24213.01,24245.7,1767
2025-05-06 11:30:00,24245.7,24273.79,24242.84,24252.93,2084
2025-05-06 11:35:00,24252.93,24258.21,24231.14,24232.89,2496
2025-05-06 11:40:00,24232.89,24237.38,24209.75,24218.38,4636
2025-05-06 11:45:00,24218.38,24236.1,24206.1,24224.8,3520
2025-05-06 11:50:00,24224.8,24234.57,24219.93,24234.53,1967
2025-05-06 11:55:00,24234.53,24255.44,24230.83,24233.79,2634
2025-05-06 12:00:00,24233.79,24295.04,24231.9,24289.0,2324
2025-05-06 12:05:00,24289.0,24295.62,24264.02,24269.66,3026
2025-05-06 12:10:00,24269.66,24273.57,24243.12,24260.5,2594
2025-05-06 12:15:00,24260.5,24261.55,24229.34,24229.58,4367
2025-05-06 12:20:00,24229.58,24231.27,24207.99,24209.21,2296
2025-05-06 12:25:00,24209.21,24210.18,24189.47,24204.5,1168
2025-05-06 12:30:00,24204.5,24247.83,24197.79,24222.98,4501
2025-05-06 12:35:00,24222.98,24228.54,24175.32,24178.7,2434
2025-05-06 12:40:00,24178.7,24183.93,24148.99,24157.71,4542
2025-05-06 12:45:00,24157.71,24167.78,24140.14,24140.32,2740
2025-05-06 12:50:00,24140.32,24153.36,24136.91,24144.27,2118
2025-05-06 12:55:00,24144.27,24168.91,24136.88,24168.47,4666
2025-05-06 13:00:00,24168.47,24170.37,24131.7,24143.26,2251
2025-05-06 13:05:00,24143.26,24148.38,24122.58,24124.3,3836
2025-05-06 13:10:00,24124.3,24180.05,24121.19,24178.76,2688
2025-05-06 13:15:00,24178.76,24248.31,24172.86,24231.83,3002
2025-05-06 13:20:00,24231.83,24295.2,24221.96,24287.36,4542
2025-05-06 13:25:00,24287.36,24310.66,24257.46,24279.02,2368
2025-05-06 13:30:00,24279.02,24319.37,24269.68,24301.39,4207
2025-05-06 13:35:00,24301.39,24351.37,24295.84,24336.91,4056
2025-05-06 13:40:00,24336.91,24360.12,24326.08,24337.99,4240
2025-05-06 13:45:00,24337.99,24348.65,24276.82,24297.61,1395
2025-05-06 13:50:00,24297.61,24304.21,24271.58,24303.11,3727
2025-05-06 13:55:00,24303.11,24332.39,24262.12,24267.99,1719
2025-05-06 14:00:00,24267.99,24286.31,24240.15,24253.31,2283
2025-05-06 14:05:00,24253.31,24273.05,24237.16,24258.35,3771
2025-05-06 14:10:00,24258.35,24301.92,24243.45,24285.79,3850
2025-05-06 14:15:00,24285.79,24298.17,24243.75,24254.12,3204
2025-05-06 14:20:00,24254.12,24274.08,24243.95,24265.14,3229
2025-05-06 14:25:00,24265.14,24281.62,24246.1,24248.0,3504
2025-05-06 14:30:00,24248.0,24267.64,24235.74,24259.73,3775
2025-05-06 14:35:00,24259.73,24273.66,24236.58,24264.21,1549
2025-05-06 14:40:00,24264.21,24336.98,24261.78,24325.34,1569
2025-05-06 14:45:00,24325.34,24341.85,24315.27,24322.83,4201
2025-05-06 14:50:00,24322.83,24336.28,24306.94,24317.48,1894
2025-05-06 14:55:00,24317.48,24334.8,24313.35,24330.51,2253
2025-05-06 15:00:00,24330.51,24367.33,24325.34,24364.02,3343
2025-05-06 15:05:00,24364.02,24388.15,24346.97,24380.46,4494
2025-05-06 15:10:00,24380.46,24380.55,24345.56,24349.41,2955
2025-05-06 15:15:00,24349.41,24353.23,24317.2,24320.05,2570
2025-05-06 15:20:00,24320.05,24365.12,24319.39,24359.48,4409
2025-05-06 15:25:00,24359.48,24372.74,24323.8,24338.6,1992
2025-05-07 09:15:00,24362.87,24365.4,24311.88,24318.93,3487
2025-05-07 09:20:00,24318.93,24352.34,24303.09,24347.94,3997
2025-05-07 09:25:00,24347.94,24354.91,24331.12,24339.56,2542
2025-05-07 09:30:00,24339.56,24343.67,24317.05,24342.71,4462
2025-05-07 09:35:00,24342.71,24371.41,24339.32,24361.43,1570
2025-05-07 09:40:00,24361.43,24402.18,24350.41,24388.71,3798
2025-05-07 09:45:00,24388.71,24396.44,24340.27,24358.26,3279
2025-05-07 09:50:00,24358.26,24388.67,24351.94,24383.28,3747
2025-05-07 09:55:00,24383.28,24406.15,24372.43,24391.98,3793
2025-05-07 10:00:00,24391.98,24404.4,24378.71,24383.07,4443
2025-05-07 10:05:00,24383.07,24395.49,24364.81,24369.2,3538
2025-05-07 10:10:00,24369.2,24373.98,24354.3,24370.12,3924
2025-05-07 10:15:00,24370.12,24388.81,24356.53,24381.3,1654
2025-05-07 10:20:00,24381.3,24406.37,24375.37,24398.05,2899
2025-05-07 10:25:00,24398.05,24428.9,24392.39,24428.12,2780
2025-05-07 10:30:00,24428.12,24433.24,24412.05,24425.47,1971
2025-05-07 10:35:00,24425.47,24426.78,24398.69,24410.03,3179
2025-05-07 10:40:00,24410.03,24443.92,24405.07,24436.38,1353
2025-05-07 10:45:00,24436.38,24469.01,24417.74,24454.29,4704
2025-05-07 10:50:00,24454.29,24475.92,24448.38,24457.85,1569
2025-05-07 10:55:00,24457.85,24492.13,24452.14,24484.16,4261
2025-05-07 11:00:00,24484.16,24518.48,24484.08,24517.85,2373
2025-05-07 11:05:00,24517.85,24560.85,24512.28,24553.92,1954
2025-05-07 11:10:00,24553.92,24589.32,24544.64,24588.71,4214
2025-05-07 11:15:00,24588.71,24598.62,24567.23,24580.5,4022
2025-05-07 11:20:00,24580.5,24598.56,24579.52,24580.69,3717
2025-05-07 11:25:00,24580.69,24603.17,24542.45,24562.32,2271
2025-05-07 11:30:00,24562.32,24576.61,24541.22,24553.89,4347
2025-05-07 11:35:00,24553.89,24603.11,24541.49,24593.14,2458
2025-05-07 11:40:00,24593.14,24608.29,24566.35,24594.76,1675
2025-05-07 11:45:00,24594.76,24628.32,24588.87,24611.66,1041
2025-05-07 11:50:00,24611.66,24613.44,24565.26,24571.88,1238
2025-05-07 11:55:00,24571.88,24594.37,24558.97,24566.96,2034
2025-05-07 12:00:00,24566.96,24588.19,24547.2,24547.58,3908
2025-05-07 12:05:00,24547.58,24567.82,24536.13,24536.9,3105
2025-05-07 12:10:00,24536.9,24552.45,24498.66,24509.87,4390
2025-05-07 12:15:00,24509.87,24531.67,24430.2,24450.38,3554
2025-05-07 12:20:00,24450.38,24465.86,24433.92,24434.64,2115
2025-05-07 12:25:00,24434.64,24447.41,24432.0,24433.82,4995
2025-05-07 12:30:00,24433.82,24489.14,24431.43,24483.67,4874
2025-05-07 12:35:00,24483.67,24496.37,24465.15,24476.0,2797
2025-05-07 12:40:00,24476.0,24478.1,24452.26,24452.94,2220
2025-05-07 12:45:00,24452.94,24484.5,24436.14,24475.56,4683
2025-05-07 12:50:00,24475.56,24512.81,24467.43,24494.65,1780
2025-05-07 12:55:00,24494.65,24498.61,24452.75,24477.15,2296
2025-05-07 13:00:00,24477.15,24482.92,24455.15,24473.93,1505
2025-05-07 13:05:00,24473.93,24518.29,24471.94,24503.47,1404
2025-05-07 13:10:00,24503.47,24509.18,24479.21,24489.3,4776
2025-05-07 13:15:00,24489.3,24496.03,24482.12,24490.25,1411
2025-05-07 13:20:00,24490.25,24493.95,24469.82,24484.09,1824
2025-05-07 13:25:00,24484.09,24505.97,24421.88,24436.97,2228
2025-05-07 13:30:00,24436.97,24450.03,24432.26,24441.44,1376
2025-05-07 13:35:00,24441.44,24455.89,24438.59,24449.66,2185
2025-05-07 13:40:00,24449.66,24458.48,24415.04,24435.14,4697
2025-05-07 13:45:00,24435.14,24468.11,24424.91,24457.48,1056
2025-05-07 13:50:00,24457.48,24502.9,24451.36,24489.15,2235
2025-05-07 13:55:00,24489.15,24491.81,24467.01,24481.21,1677
2025-05-07 14:00:00,24481.21,24497.92,24470.84,24491.08,3303
2025-05-07 14:05:00,24491.08,24500.0,24478.7,24493.76,3388
2025-05-07 14:10:00,24493.76,24512.11,24491.88,24502.63,1520
2025-05-07 14:15:00,24502.63,24506.39,24469.93,24497.25,4426
2025-05-07 14:20:00,24497.25,24506.21,24473.09,24481.32,4126
2025-05-07 14:25:00,24481.32,24505.89,24475.54,24489.07,2480
2025-05-07 14:30:00,24489.07,24493.16,24474.07,24491.85,2739
2025-05-07 14:35:00,24491.85,24517.18,24476.31,24515.73,4736
2025-05-07 14:40:00,24515.73,24527.54,24487.67,24498.65,4658
2025-05-07 14:45:00,24498.65,24505.71,24491.17,24503.33,2158
2025-05-07 14:50:00,24503.33,24504.55,24474.49,24481.21,1684
2025-05-07 14:55:00,24481.21,24505.65,24418.34,24449.15,2379
2025-05-07 15:00:00,24449.15,24457.14,24407.58,24409.84,4840
2025-05-07 15:05:00,24409.84,24441.29,24400.2,24439.88,2383
2025-05-07 15:10:00,24439.88,24441.51,24389.86,24401.87,4615
2025-05-07 15:15:00,24401.87,24417.88,24382.23,24396.09,1595
2025-05-07 15:20:00,24396.09,24421.58,24380.14,24403.14,2379
2025-05-07 15:25:00,24403.14,24422.78,24388.23,24414.28,3879
2025-05-08 09:15:00,24358.32,24376.19,24355.36,24364.02,2516
2025-05-08 09:20:00,24364.02,24368.24,24332.61,24334.53,2178
2025-05-08 09:25:00,24334.53,24338.75,24296.73,24326.86,2124
2025-05-08 09:30:00,24326.86,24366.83,24324.32,24360.42,4167
2025-05-08 09:35:00,24360.42,24374.61,24348.61,24353.6,2374
2025-05-08 09:40:00,24353.6,24376.62,24337.77,24363.3,4163
2025-05-08 09:45:00,24363.3,24388.59,24357.38,24384.32,2895
2025-05-08 09:50:00,24384.32,24406.73,24365.88,24397.25,1299
2025-05-08 09:55:00,24397.25,24413.16,24394.11,24402.8,3348
2025-05-08 10:00:00,24402.8,24474.5,24374.71,24469.5,1018
2025-05-08 10:05:00,24469.5,24486.69,24421.87,24430.37,2514
2025-05-08 10:10:00,24430.37,24435.43,24413.4,24416.25,1349
2025-05-08 10:15:00,24416.25,24457.99,24407.21,24437.76,1151
2025-05-08 10:20:00,24437.76,24467.29,24430.96,24442.8,2411
2025-05-08 10:25:00,24442.8,24463.51,24419.81,24436.58,3693
2025-05-08 10:30:00,24436.58,24437.19,24394.14,24399.95,1425
2025-05-08 10:35:00,24399.95,24408.6,24398.62,24403.95,1304
2025-05-08 10:40:00,24403.95,24419.97,24372.9,24389.76,2655
2025-05-08 10:45:00,24389.76,24405.16,24369.19,24375.4,2799
2025-05-08 10:50:00,24375.4,24381.97,24334.39,24348.39,1500
2025-05-08 10:55:00,24348.39,24377.26,24347.09,24354.84,2575
2025-05-08 11:00:00,24354.84,24393.25,24333.66,24381.11,3777
2025-05-08 11:05:00,24381.11,24404.12,24375.09,24381.47,4643
2025-05-08 11:10:00,24381.47,24422.63,24370.18,24421.44,4036
2025-05-08 11:15:00,24421.44,24475.36,24416.8,24470.1,4004
2025-05-08 11:20:00,24470.1,24473.58,24467.14,24471.69,1151
2025-05-08 11:25:00,24471.69,24485.43,24462.59,24463.48,1069
2025-05-08 11:30:00,24463.48,24472.36,24383.96,24406.22,2128
2025-05-08 11:35:00,24406.22,24414.25,24349.52,24356.07,3965
2025-05-08 11:40:00,24356.07,24364.21,24329.03,24331.39,1210
2025-05-08 11:45:00,24331.39,24386.11,24313.17,24374.17,3854
2025-05-08 11:50:00,24374.17,24388.64,24373.03,24377.58,3732
2025-05-08 11:55:00,24377.58,24378.8,24335.68,24338.06,2816
2025-05-08 12:00:00,24338.06,24355.88,24337.57,24351.91,2372
2025-05-08 12:05:00,24351.91,24351.93,24288.53,24309.26,4222
2025-05-08 12:10:00,24309.26,24317.79,24260.96,24274.12,2199
2025-05-08 12:15:00,24274.12,24307.66,24260.78,24297.98,4811
2025-05-08 12:20:00,24297.98,24298.89,24292.06,24295.79,1308
2025-05-08 12:25:00,24295.79,24365.57,24293.88,24335.94,3074
2025-05-08 12:30:00,24335.94,24363.35,24333.21,24360.32,4328
2025-05-08 12:35:00,24360.32,24366.33,24343.51,24343.66,4866
2025-05-08 12:40:00,24343.66,24370.99,24332.05,24334.38,3257
2025-05-08 12:45:00,24334.38,24351.3,24311.91,24341.69,3500
2025-05-08 12:50:00,24341.69,24362.08,24314.38,24321.84,3688
2025-05-08 12:55:00,24321.84,24329.38,24301.81,24316.58,1619
2025-05-08 13:00:00,24316.58,24338.56,24289.63,24290.63,2053
2025-05-08 13:05:00,24290.63,24343.92,24273.85,24311.48,4571
2025-05-08 13:10:00,24311.48,24314.86,24301.95,24309.03,4827
2025-05-08 13:15:00,24309.03,24320.65,24275.25,24286.9,2658
2025-05-08 13:20:00,24286.9,24295.97,24277.25,24287.48,1271
2025-05-08 13:25:00,24287.48,24306.6,24281.68,24301.91,2099
2025-05-08 13:30:00,24301.91,24309.11,24279.3,24280.36,4905
2025-05-08 13:35:00,24280.36,24353.83,24272.29,24352.37,4823
2025-05-08 13:40:00,24352.37,24374.73,24336.02,24349.32,4542
2025-05-08 13:45:00,24349.32,24361.27,24334.22,24337.55,4219
2025-05-08 13:50:00,24337.55,24353.96,24324.03,24353.55,2567
2025-05-08 13:55:00,24353.55,24385.74,24345.03,24382.33,2064
2025-05-08 14:00:00,24382.33,24384.67,24369.5,24372.0,1135
2025-05-08 14:05:00,24372.0,24459.58,24363.07,24456.42,2573
2025-05-08 14:10:00,24456.42,24459.94,24428.43,24442.06,3763
2025-05-08 14:15:00,24442.06,24526.98,24439.18,24493.99,1977
2025-05-08 14:20:00,24493.99,24585.34,24493.64,24581.51,4047
2025-05-08 14:25:00,24581.51,24636.2,24568.46,24614.35,2816
2025-05-08 14:30:00,24614.35,24632.39,24613.56,24619.69,4732
2025-05-08 14:35:00,24619.69,24656.22,24613.93,24639.74,4594
2025-05-08 14:40:00,24639.74,24660.14,24635.33,24656.87,3093
2025-05-08 14:45:00,24656.87,24705.62,24648.12,24696.96,1397
2025-05-08 14:50:00,24696.96,24699.73,24683.5,24687.07,4878
2025-05-08 14:55:00,24687.07,24714.31,24675.86,24696.64,2904
2025-05-08 15:00:00,24696.64,24722.31,24690.67,24721.8,2001
2025-05-08 15:05:00,24721.8,24753.38,24720.1,24733.83,1036
2025-05-08 15:10:00,24733.83,24735.86,24704.1,24712.29,3681
2025-05-08 15:15:00,24712.29,24734.41,24711.12,24729.3,2930
2025-05-08 15:20:00,24729.3,24730.07,24706.62,24708.88,4436
2025-05-08 15:25:00,24708.88,24743.75,24695.31,24733.06,4340
2025-05-09 09:15:00,24758.55,24768.11,24752.22,24767.47,3127
2025-05-09 09:20:00,24767.47,24801.19,24764.14,24792.25,3791
2025-05-09 09:25:00,24792.25,24817.73,24787.84,24811.93,4541
2025-05-09 09:30:00,24811.93,24860.4,24807.1,24856.44,4913
2025-05-09 09:35:00,24856.44,24904.01,24853.34,24896.33,1897
2025-05-09 09:40:00,24896.33,24904.32,24858.17,24860.45,2961
2025-05-09 09:45:00,24860.45,24862.22,24841.79,24843.82,4894
2025-05-09 09:50:00,24843.82,24859.14,24839.27,24857.33,2034
2025-05-09 09:55:00,24857.33,24884.28,24805.78,24835.24,4226
2025-05-09 10:00:00,24835.24,24862.9,24823.48,24841.06,4781
2025-05-09 10:05:00,24841.06,24844.21,24775.84,24791.01,3333
2025-05-09 10:10:00,24791.01,24801.82,24743.27,24745.82,1633
2025-05-09 10:15:00,24745.82,24770.17,24734.18,24755.5,4346
2025-05-09 10:20:00,24755.5,24780.58,24732.06,24778.04,3716
2025-05-09 10:25:00,24778.04,24778.75,24747.06,24764.28,2524
2025-05-09 10:30:00,24764.28,24768.08,24722.53,24729.86,2030
2025-05-09 10:35:00,24729.86,24733.32,24714.56,24717.58,2263
2025-05-09 10:40:00,24717.58,24731.37,24702.51,24716.77,1548
2025-05-09 10:45:00,24716.77,24718.31,24626.91,24635.54,4970
2025-05-09 10:50:00,24635.54,24648.41,24624.26,24633.5,4555
2025-05-09 10:55:00,24633.5,24656.8,24621.66,24636.21,3279
2025-05-09 11:00:00,24636.21,24640.37,24601.1,24618.8,2163
2025-05-09 11:05:00,24618.8,24631.03,24617.97,24625.63,4227
2025-05-09 11:10:00,24625.63,24647.19,24622.59,24642.57,3828
2025-05-09 11:15:00,24642.57,24654.26,24548.77,24563.86,1022
2025-05-09 11:20:00,24563.86,24581.97,24561.95,24578.39,1837
2025-05-09 11:25:00,24578.39,24634.45,24572.37,24629.55,1886
2025-05-09 11:30:00,24629.55,24651.49,24616.67,24641.14,2996
2025-05-09 11:35:00,24641.14,24667.31,24623.6,24665.56,2869
2025-05-09 11:40:00,24665.56,24685.22,24620.43,24638.34,2829
2025-05-09 11:45:00,24638.34,24643.94,24627.63,24629.05,1111
2025-05-09 11:50:00,24629.05,24697.37,24619.77,24690.79,3429
2025-05-09 11:55:00,24690.79,24737.23,24679.54,24725.58,4985
2025-05-09 12:00:00,24725.58,24733.1,24708.03,24729.13,4400
2025-05-09 12:05:00,24729.13,24774.28,24716.57,24768.72,3049
2025-05-09 12:10:00,24768.72,24783.67,24706.81,24713.97,2277
2025-05-09 12:15:00,24713.97,24766.47,24697.69,24755.39,4735
2025-05-09 12:20:00,24755.39,24784.47,24741.95,24782.1,2768
2025-05-09 12:25:00,24782.1,24814.73,24779.08,24800.87,4047
2025-05-09 12:30:00,24800.87,24813.35,24754.05,24758.63,1826
2025-05-09 12:35:00,24758.63,24769.1,24754.52,24768.78,1426
2025-05-09 12:40:00,24768.78,24779.46,24711.66,24727.27,3668
2025-05-09 12:45:00,24727.27,24787.78,24722.45,24776.52,3338
2025-05-09 12:50:00,24776.52,24788.67,24770.72,24774.98,1756
2025-05-09 12:55:00,24774.98,24813.77,24753.45,24811.53,2776
2025-05-09 13:00:00,24811.53,24836.58,24787.47,24829.14,3636
2025-05-09 13:05:00,24829.14,24847.83,24808.94,24845.38,1645
2025-05-09 13:10:00,24845.38,24850.71,24795.29,24804.95,1583
2025-05-09 13:15:00,24804.95,24823.26,24792.34,24804.52,2613
2025-05-09 13:20:00,24804.52,24828.04,24789.55,24818.85,4863
2025-05-09 13:25:00,24818.85,24863.05,24817.8,24849.75,2227
2025-05-09 13:30:00,24849.75,24881.53,24840.27,24870.09,1547
2025-05-09 13:35:00,24870.09,24886.86,24857.78,24884.75,2804
2025-05-09 13:40:00,24884.75,24914.44,24878.04,24889.1,2369
2025-05-09 13:45:00,24889.1,24906.79,24879.5,24901.89,1632
2025-05-09 13:50:00,24901.89,24902.52,24890.66,24895.83,2988
2025-05-09 13:55:00,24895.83,24904.86,24888.1,24892.29,4076
2025-05-09 14:00:00,24892.29,24895.61,24881.66,24886.56,4562
2025-05-09 14:05:00,24886.56,24900.04,24858.22,24880.95,4577
2025-05-09 14:10:00,24880.95,24884.79,24842.51,24862.85,1876
2025-05-09 14:15:00,24862.85,24877.3,24831.34,24838.11,1776
2025-05-09 14:20:00,24838.11,24840.84,24788.64,24805.93,1134
2025-05-09 14:25:00,24805.93,24824.13,24768.99,24778.79,2286
2025-05-09 14:30:00,24778.79,24800.34,24766.54,24794.35,4751
2025-05-09 14:35:00,24794.35,24801.35,24782.25,24799.41,2914
2025-05-09 14:40:00,24799.41,24810.96,24778.17,24795.08,1184
2025-05-09 14:45:00,24795.08,24832.41,24787.33,24812.24,1793
2025-05-09 14:50:00,24812.24,24814.85,24804.74,24807.74,4418
2025-05-09 14:55:00,24807.74,24839.57,24799.54,24832.68,3775
2025-05-09 15:00:00,24832.68,24869.31,24821.51,24860.64,1081
2025-05-09 15:05:00,24860.64,24876.73,24825.77,24829.67,2863
2025-05-09 15:10:00,24829.67,24848.91,24813.2,24814.7,2525
2025-05-09 15:15:00,24814.7,24825.21,24777.41,24818.61,1981
2025-05-09 15:20:00,24818.61,24823.71,24801.98,24807.82,3716
2025-05-09 15:25:00,24807.82,24822.38,24765.13,24765.27,4242
2025-05-12 09:15:00,24739.32,24748.69,24722.42,24741.42,1487
2025-05-12 09:20:00,24741.42,24778.05,24733.76,24772.45,4627
2025-05-12 09:25:00,24772.45,24777.14,24755.7,24776.27,2412
2025-05-12 09:30:00,24776.27,24828.35,24759.83,24817.56,4654
2025-05-12 09:35:00,24817.56,24818.82,24800.83,24802.39,2660
2025-05-12 09:40:00,24802.39,24807.01,24782.21,24803.5,1302
2025-05-12 09:45:00,24803.5,24826.7,24784.63,24786.49,4947
2025-05-12 09:50:00,24786.49,24852.42,24770.62,24840.22,1123
2025-05-12 09:55:00,24840.22,24841.52,24823.68,24839.52,4747
2025-05-12 10:00:00,24839.52,24865.31,24835.34,24861.29,2244
2025-05-12 10:05:00,24861.29,24914.59,24849.06,24903.64,3694
2025-05-12 10:10:00,24903.64,24908.69,24875.95,24879.3,1408
2025-05-12 10:15:00,24879.3,24898.38,24874.74,24881.51,3898
2025-05-12 10:20:00,24881.51,24942.91,24868.31,24941.11,1880
2025-05-12 10:25:00,24941.11,24958.34,24922.39,24930.5,2849
2025-05-12 10:30:00,24930.5,24977.23,24917.91,24955.46,2999
2025-05-12 10:35:00,24955.46,24977.35,24943.93,24958.45,1829
2025-05-12 10:40:00,24958.45,24961.61,24907.02,24927.23,2229
2025-05-12 10:45:00,24927.23,24979.81,24907.57,24966.22,2601
2025-05-12 10:50:00,24966.22,24969.61,24927.28,24946.13,3368
2025-05-12 10:55:00,24946.13,24951.08,24931.82,24946.37,1063
2025-05-12 11:00:00,24946.37,25024.63,24943.04,25000.59,4225
2025-05-12 11:05:00,25000.59,25027.55,24998.48,25018.9,4987
2025-05-12 11:10:00,25018.9,25034.52,25015.43,25030.21,4030
2025-05-12 11:15:00,25030.21,25044.23,24953.43,24957.54,2547
2025-05-12 11:20:00,24957.54,24972.39,24930.34,24934.9,1308
2025-05-12 11:25:00,24934.9,24974.74,24933.67,24964.34,4310
2025-05-12 11:30:00,24964.34,24967.4,24912.41,24918.79,4646
2025-05-12 11:35:00,24918.79,24920.13,24879.89,24900.98,1506
2025-05-12 11:40:00,24900.98,24905.4,24878.21,24884.32,1776
2025-05-12 11:45:00,24884.32,24924.85,24881.74,24908.41,3548
2025-05-12 11:50:00,24908.41,24917.05,24878.02,24898.07,4094
2025-05-12 11:55:00,24898.07,24952.46,24883.69,24945.36,4852
2025-05-12 12:00:00,24945.36,24951.54,24929.49,24945.42,2620
2025-05-12 12:05:00,24945.42,24959.71,24944.94,24953.98,1261
2025-05-12 12:10:00,24953.98,24984.89,24899.32,24901.94,2941
2025-05-12 12:15:00,24901.94,24906.74,24880.54,24886.73,4444
2025-05-12 12:20:00,24886.73,24920.49,24880.9,24897.78,1203
2025-05-12 12:25:00,24897.78,24905.21,24885.94,24887.72,4854
2025-05-12 12:30:00,24887.72,24897.39,24875.83,24887.19,4748
2025-05-12 12:35:00,24887.19,24907.88,24872.35,24883.08,4594
2025-05-12 12:40:00,24883.08,24886.43,24870.35,24879.01,2776
2025-05-12 12:45:00,24879.01,24929.35,24872.57,24913.4,2421
2025-05-12 12:50:00,24913.4,24954.82,24905.21,24953.62,2586
2025-05-12 12:55:00,24953.62,24975.82,24950.01,24962.82,1020
2025-05-12 13:00:00,24962.82,24997.69,24958.07,24977.27,1378
2025-05-12 13:05:00,24977.27,24986.35,24957.63,24964.9,2439
2025-05-12 13:10:00,24964.9,24990.86,24936.47,24948.86,2585
2025-05-12 13:15:00,24948.86,24971.14,24947.62,24963.6,4472
2025-05-12 13:20:00,24963.6,24984.82,24907.33,24912.31,3059
2025-05-12 13:25:00,24912.31,24914.7,24879.15,24889.16,1188
2025-05-12 13:30:00,24889.16,24897.56,24856.46,24866.82,2244
2025-05-12 13:35:00,24866.82,24877.66,24846.85,24872.63,1747
2025-05-12 13:40:00,24872.63,24900.95,24864.1,24896.59,3042
2025-05-12 13:45:00,24896.59,24962.99,24886.79,24951.06,3998
2025-05-12 13:50:00,24951.06,24979.03,24928.74,24970.51,3823
2025-05-12 13:55:00,24970.51,24984.51,24939.39,24947.46,1965
2025-05-12 14:00:00,24947.46,24962.47,24932.06,24957.66,4510
2025-05-12 14:05:00,24957.66,25003.43,24938.92,24997.74,4718
2025-05-12 14:10:00,24997.74,25004.68,24980.18,24993.66,4839
2025-05-12 14:15:00,24993.66,25021.87,24974.96,25003.63,1268
2025-05-12 14:20:00,25003.63,25007.02,24952.55,24954.64,2865
2025-05-12 14:25:00,24954.64,24973.79,24949.62,24959.8,2688
2025-05-12 14:30:00,24959.8,24972.62,24952.77,24955.36,1551
2025-05-12 14:35:00,24955.36,24987.77,24940.83,24981.22,1787
2025-05-12 14:40:00,24981.22,25000.8,24968.69,24981.36,2574
2025-05-12 14:45:00,24981.36,24989.71,24947.5,24968.11,2977
2025-05-12 14:50:00,24968.11,24984.66,24949.41,24964.89,2166
2025-05-12 14:55:00,24964.89,24974.83,24944.17,24962.87,4857
2025-05-12 15:00:00,24962.87,25004.12,24962.49,24984.5,4089
2025-05-12 15:05:00,24984.5,25008.08,24982.71,25004.26,1447
2025-05-12 15:10:00,25004.26,25014.44,24996.6,25002.32,2208
2025-05-12 15:15:00,25002.32,25028.86,24989.38,25014.92,1179
2025-05-12 15:20:00,25014.92,25018.52,24969.12,24996.05,2610
2025-05-12 15:25:00,24996.05,25005.6,24934.93,24950.48,4632
2025-05-13 09:15:00,24980.52,24988.92,24926.47,24936.91,4477
2025-05-13 09:20:00,24936.91,24942.19,24885.5,24886.7,4140
2025-05-13 09:25:00,24886.7,24899.4,24869.58,24872.1,3360
2025-05-13 09:30:00,24872.1,24919.19,24870.9,24910.95,4214
2025-05-13 09:35:00,24910.95,24968.58,24906.51,24961.77,1023
2025-05-13 09:40:00,24961.77,24996.1,24944.23,24947.38,1156
2025-05-13 09:45:00,24947.38,24952.43,24921.81,24930.45,2222
2025-05-13 09:50:00,24930.45,24932.59,24904.9,24908.29,1194
2025-05-13 09:55:00,24908.29,24927.4,24902.54,24917.97,4240
2025-05-13 10:00:00,24917.97,24932.07,24896.09,24928.07,1687
2025-05-13 10:05:00,24928.07,24940.7,24919.24,24936.57,2993
2025-05-13 10:10:00,24936.57,24954.88,24927.77,24954.56,1464
2025-05-13 10:15:00,24954.56,24964.96,24934.28,24941.66,3673
2025-05-13 10:20:00,24941.66,24953.61,24865.85,24874.2,3852
2025-05-13 10:25:00,24874.2,24885.74,24849.06,24852.17,1520
2025-05-13 10:30:00,24852.17,24872.79,24839.81,24849.86,4359
2025-05-13 10:35:00,24849.86,24920.68,24834.06,24916.72,2144
2025-05-13 10:40:00,24916.72,24961.73,24906.11,24956.07,3133
2025-05-13 10:45:00,24956.07,24980.36,24945.67,24967.52,4841
2025-05-13 10:50:00,24967.52,25005.73,24967.41,25003.72,2243
2025-05-13 10:55:00,25003.72,25046.12,24996.42,25013.42,1658
2025-05-13 11:00:00,25013.42,25018.2,24991.32,24993.15,2150
2025-05-13 11:05:00,24993.15,25038.9,24972.7,25018.33,2930
2025-05-13 11:10:00,25018.33,25030.88,24971.69,24993.33,3316
2025-05-13 11:15:00,24993.33,24994.26,24963.54,24972.48,1974
2025-05-13 11:20:00,24972.48,24988.85,24970.22,24981.17,4046
2025-05-13 11:25:00,24981.17,24998.11,24977.45,24985.96,1654
2025-05-13 11:30:00,24985.96,25006.23,24981.64,25002.59,4033
2025-05-13 11:35:00,25002.59,25046.18,24976.64,25042.96,4604
2025-05-13 11:40:00,25042.96,25074.91,25036.79,25064.72,3994
2025-05-13 11:45:00,25064.72,25136.32,25060.52,25123.44,4706
2025-05-13 11:50:00,25123.44,25152.34,25121.34,25146.75,3956
2025-05-13 11:55:00,25146.75,25201.83,25133.12,25180.89,1752
2025-05-13 12:00:00,25180.89,25203.29,25160.12,25166.63,1376
2025-05-13 12:05:00,25166.63,25253.14,25147.93,25226.45,2855
2025-05-13 12:10:00,25226.45,25243.29,25216.42,25234.4,2393
2025-05-13 12:15:00,25234.4,25234.95,25203.11,25224.55,2927
2025-05-13 12:20:00,25224.55,25237.63,25186.49,25196.83,4269
2025-05-13 12:25:00,25196.83,25250.93,25195.52,25250.12,3803
2025-05-13 12:30:00,25250.12,25266.76,25238.96,25247.93,3210
2025-05-13 12:35:00,25247.93,25261.85,25244.5,25259.49,1434
2025-05-13 12:40:00,25259.49,25284.85,25256.61,25268.84,4703
2025-05-13 12:45:00,25268.84,25281.28,25215.11,25222.63,4870
2025-05-13 12:50:00,25222.63,25253.75,25218.47,25238.97,4590
2025-05-13 12:55:00,25238.97,25251.26,25232.28,25238.99,1155
2025-05-13 13:00:00,25238.99,25310.37,25235.25,25286.95,3664
2025-05-13 13:05:00,25286.95,25310.04,25280.96,25300.68,1460
2025-05-13 13:10:00,25300.68,25306.75,25254.68,25271.19,4801
2025-05-13 13:15:00,25271.19,25276.5,25213.53,25221.18,1581
2025-05-13 13:20:00,25221.18,25242.42,25194.07,25204.84,4380
2025-05-13 13:25:00,25204.84,25229.36,25193.61,25207.64,4156
2025-05-13 13:30:00,25207.64,25232.56,25204.72,25228.21,4085
2025-05-13 13:35:00,25228.21,25248.9,25175.39,25208.05,1697
2025-05-13 13:40:00,25208.05,25238.54,25196.78,25235.13,2346
2025-05-13 13:45:00,25235.13,25246.12,25224.49,25230.03,4598
2025-05-13 13:50:00,25230.03,25235.51,25182.48,25206.43,1573
2025-05-13 13:55:00,25206.43,25268.07,25197.85,25254.24,2680
2025-05-13 14:00:00,25254.24,25296.16,25250.34,25286.56,3645
2025-05-13 14:05:00,25286.56,25355.29,25283.38,25341.55,1684
2025-05-13 14:10:00,25341.55,25360.45,25330.56,25356.4,4273
2025-05-13 14:15:00,25356.4,25360.43,25343.12,25348.09,1659
2025-05-13 14:20:00,25348.09,25402.24,25346.0,25385.26,3916
2025-05-13 14:25:00,25385.26,25454.55,25377.22,25449.27,1809
2025-05-13 14:30:00,25449.27,25498.62,25444.94,25480.99,4421
2025-05-13 14:35:00,25480.99,25503.25,25474.23,25481.55,3198
2025-05-13 14:40:00,25481.55,25483.4,25452.84,25458.24,1972
2025-05-13 14:45:00,25458.24,25492.52,25377.68,25395.7,4687
2025-05-13 14:50:00,25395.7,25404.51,25391.64,25400.29,2109
2025-05-13 14:55:00,25400.29,25410.48,25330.21,25343.78,3446
2025-05-13 15:00:00,25343.78,25350.49,25338.28,25339.74,3266
2025-05-13 15:05:00,25339.74,25341.16,25321.42,25330.53,4918
2025-05-13 15:10:00,25330.53,25335.49,25306.93,25332.11,1827
2025-05-13 15:15:00,25332.11,25378.48,25324.65,25357.95,4256
2025-05-13 15:20:00,25357.95,25390.33,25357.38,25375.0,1364
2025-05-13 15:25:00,25375.0,25381.72,25333.41,25365.17,2676
2025-05-14 09:15:00,25309.49,25354.24,25298.71,25348.84,2199
2025-05-14 09:20:00,25348.84,25372.21,25330.72,25362.73,1317
2025-05-14 09:25:00,25362.73,25397.23,25346.79,25390.81,1067
2025-05-14 09:30:00,25390.81,25402.08,25352.0,25357.11,3298
2025-05-14 09:35:00,25357.11,25377.91,25355.02,25372.43,2609
2025-05-14 09:40:00,25372.43,25391.69,25363.81,25371.82,2482
2025-05-14 09:45:00,25371.82,25379.81,25349.76,25350.63,1922
2025-05-14 09:50:00,25350.63,25382.45,25349.9,25375.96,2419
2025-05-14 09:55:00,25375.96,25385.98,25318.32,25325.81,2012
2025-05-14 10:00:00,25325.81,25393.32,25310.2,25392.68,2232
2025-05-14 10:05:00,25392.68,25452.96,25387.54,25444.0,1831
2025-05-14 10:10:00,25444.0,25469.05,25423.69,25463.99,4166
2025-05-14 10:15:00,25463.99,25485.05,25462.38,25471.99,1286
2025-05-14 10:20:00,25471.99,25500.44,25460.8,25493.87,2960
2025-05-14 10:25:00,25493.87,25531.55,25490.91,25530.32,1589
2025-05-14 10:30:00,25530.32,25559.61,25523.35,25551.86,4948
2025-05-14 10:35:00,25551.86,25562.7,25521.42,25528.3,2930
2025-05-14 10:40:00,25528.3,25599.49,25517.93,25597.23,4354
2025-05-14 10:45:00,25597.23,25604.59,25572.81,25579.51,4540
2025-05-14 10:50:00,25579.51,25598.74,25532.36,25534.79,1800
2025-05-14 10:55:00,25534.79,25541.65,25510.87,25532.38,4650
2025-05-14 11:00:00,25532.38,25576.92,25527.37,25568.74,4194
2025-05-14 11:05:00,25568.74,25588.2,25549.32,25563.91,4663
2025-05-14 11:10:00,25563.91,25566.66,25522.05,25533.46,3008
2025-05-14 11:15:00,25533.46,25586.15,25521.75,25564.28,1043
2025-05-14 11:20:00,25564.28,25580.51,25536.4,25549.35,2077
2025-05-14 11:25:00,25549.35,25562.79,25516.93,25517.25,2420
2025-05-14 11:30:00,25517.25,25520.85,25496.54,25508.48,2032
2025-05-14 11:35:00,25508.48,25513.61,25449.29,25471.62,1821
2025-05-14 11:40:00,25471.62,25478.64,25429.29,25431.95,2824
2025-05-14 11:45:00,25431.95,25451.24,25381.3,25397.35,3911
2025-05-14 11:50:00,25397.35,25422.17,25375.86,25404.6,1218
2025-05-14 11:55:00,25404.6,25412.81,25367.33,25400.76,1074
2025-05-14 12:00:00,25400.76,25434.57,25378.91,25424.37,1311
2025-05-14 12:05:00,25424.37,25425.31,25381.6,25390.08,4499
2025-05-14 12:10:00,25390.08,25398.48,25325.78,25363.26,1732
2025-05-14 12:15:00,25363.26,25377.04,25341.77,25345.44,1266
2025-05-14 12:20:00,25345.44,25420.85,25335.96,25398.91,2026
2025-05-14 12:25:00,25398.91,25412.66,25358.38,25359.97,3212
2025-05-14 12:30:00,25359.97,25364.29,25311.48,25320.52,2737
2025-05-14 12:35:00,25320.52,25320.99,25302.39,25304.18,2480
2025-05-14 12:40:00,25304.18,25305.96,25291.39,25294.16,1981
2025-05-14 12:45:00,25294.16,25313.05,25234.22,25252.18,3010
2025-05-14 12:50:00,25252.18,25274.62,25215.48,25229.07,4187
2025-05-14 12:55:00,25229.07,25245.8,25192.36,25211.54,3645
2025-05-14 13:00:00,25211.54,25257.52,25195.76,25245.81,1815
2025-05-14 13:05:00,25245.81,25247.79,25198.57,25211.18,4921
2025-05-14 13:10:00,25211.18,25216.71,25193.84,25202.3,2073
2025-05-14 13:15:00,25202.3,25206.71,25169.59,25195.59,1959
2025-05-14 13:20:00,25195.59,25248.68,25191.26,25230.24,1562
2025-05-14 13:25:00,25230.24,25277.43,25221.2,25273.82,4571
2025-05-14 13:30:00,25273.82,25282.78,25248.41,25250.74,1830
2025-05-14 13:35:00,25250.74,25256.09,25162.32,25164.95,2395
2025-05-14 13:40:00,25164.95,25193.66,25159.29,25182.95,2612
2025-05-14 13:45:00,25182.95,25236.23,25165.55,25234.46,3196
2025-05-14 13:50:00,25234.46,25246.96,25183.01,25194.5,1839
2025-05-14 13:55:00,25194.5,25249.09,25190.46,25246.89,4968
2025-05-14 14:00:00,25246.89,25323.59,25232.5,25323.09,1182
2025-05-14 14:05:00,25323.09,25343.98,25315.58,25343.41,3970
2025-05-14 14:10:00,25343.41,25400.27,25325.73,25388.45,4126
2025-05-14 14:15:00,25388.45,25404.69,25360.32,25362.56,4930
2025-05-14 14:20:00,25362.56,25375.02,25356.05,25357.77,1383
2025-05-14 14:25:00,25357.77,25369.89,25327.86,25339.25,2409
2025-05-14 14:30:00,25339.25,25348.36,25308.17,25312.89,3546
2025-05-14 14:35:00,25312.89,25344.87,25293.72,25341.88,3008
2025-05-14 14:40:00,25341.88,25353.99,25332.24,25335.23,1564
2025-05-14 14:45:00,25335.23,25347.99,25321.78,25329.54,1309
2025-05-14 14:50:00,25329.54,25331.5,25327.06,25330.12,1024
2025-05-14 14:55:00,25330.12,25355.42,25323.9,25334.08,1655
2025-05-14 15:00:00,25334.08,25337.67,25282.5,25296.87,2058
2025-05-14 15:05:00,25296.87,25331.73,25282.04,25324.85,1140
2025-05-14 15:10:00,25324.85,25336.14,25310.33,25310.98,3907
2025-05-14 15:15:00,25310.98,25314.92,25267.41,25270.11,4892
2025-05-14 15:20:00,25270.11,25271.57,25244.66,25250.27,1164
2025-05-14 15:25:00,25250.27,25273.88,25217.3,25237.97,1574
2025-05-15 09:15:00,25135.02,25171.76,25123.94,25147.47,1515
2025-05-15 09:20:00,25147.47,25153.79,25116.93,25127.0,2529
2025-05-15 09:25:00,25127.0,25128.76,25100.63,25106.15,2855
2025-05-15 09:30:00,25106.15,25137.38,25102.58,25124.54,3365
2025-05-15 09:35:00,25124.54,25136.71,25093.13,25094.65,2032
2025-05-15 09:40:00,25094.65,25113.85,25076.06,25077.91,1868
2025-05-15 09:45:00,25077.91,25079.56,25026.81,25042.87,4726
2025-05-15 09:50:00,25042.87,25045.3,25041.26,25044.33,1630
2025-05-15 09:55:00,25044.33,25059.36,25017.31,25039.21,3901
2025-05-15 10:00:00,25039.21,25073.3,25024.6,25056.81,1351
2025-05-15 10:05:00,25056.81,25099.02,25051.55,25092.93,2553
2025-05-15 10:10:00,25092.93,25107.83,25055.41,25070.91,1821
2025-05-15 10:15:00,25070.91,25123.34,25055.9,25114.47,4255
2025-05-15 10:20:00,25114.47,25148.51,25066.16,25068.42,3264
2025-05-15 10:25:00,25068.42,25070.73,25028.21,25034.51,1522
2025-05-15 10:30:00,25034.51,25050.29,25027.97,25032.05,3211
2025-05-15 10:35:00,25032.05,25054.22,25029.67,25047.89,1272
2025-05-15 10:40:00,25047.89,25089.91,25040.86,25086.75,2603
2025-05-15 10:45:00,25086.75,25095.03,25063.86,25071.6,2724
2025-05-15 10:50:00,25071.6,25083.52,24998.89,25015.82,1724
2025-05-15 10:55:00,25015.82,25056.4,25012.46,25044.27,2213
2025-05-15 11:00:00,25044.27,25048.63,25020.7,25047.61,2843
2025-05-15 11:05:00,25047.61,25077.72,25043.18,25069.41,4788
2025-05-15 11:10:00,25069.41,25084.05,25029.06,25040.19,4615
2025-05-15 11:15:00,25040.19,25043.12,25000.39,25008.5,4864
2025-05-15 11:20:00,25008.5,25014.84,24986.7,24995.3,3824
2025-05-15 11:25:00,24995.3,25035.3,24984.8,25032.78,2687
2025-05-15 11:30:00,25032.78,25064.25,25021.65,25061.18,3845
2025-05-15 11:35:00,25061.18,25073.59,25025.44,25030.45,2425
2025-05-15 11:40:00,25030.45,25054.87,25015.74,25050.29,1603
2025-05-15 11:45:00,25050.29,25066.94,25018.74,25021.55,2874
2025-05-15 11:50:00,25021.55,25040.73,24961.18,24966.56,2937
2025-05-15 11:55:00,24966.56,24989.07,24957.91,24988.9,3849
2025-05-15 12:00:00,24988.9,25022.68,24958.19,24962.59,4503
2025-05-15 12:05:00,24962.59,24996.47,24942.85,24987.8,2594
2025-05-15 12:10:00,24987.8,24998.04,24980.88,24989.5,1520
2025-05-15 12:15:00,24989.5,25038.04,24982.64,25036.04,4012
2025-05-15 12:20:00,25036.04,25059.97,25027.98,25058.9,1217
2025-05-15 12:25:00,25058.9,25070.0,25044.18,25066.83,3834
2025-05-15 12:30:00,25066.83,25069.17,25047.33,25051.34,2924
2025-05-15 12:35:00,25051.34,25063.14,25036.76,25054.99,1224
2025-05-15 12:40:00,25054.99,25082.08,24995.65,25020.15,3410
2025-05-15 12:45:00,25020.15,25022.48,24997.19,24997.99,3497
2025-05-15 12:50:00,24997.99,25001.12,24977.76,24988.23,1411
2025-05-15 12:55:00,24988.23,25007.98,24973.34,24973.46,1178
2025-05-15 13:00:00,24973.46,24983.19,24968.46,24978.6,3625
2025-05-15 13:05:00,24978.6,24980.14,24934.84,24942.95,3204
2025-05-15 13:10:00,24942.95,24953.89,24922.77,24944.05,2460
2025-05-15 13:15:00,24944.05,24956.73,24940.04,24946.46,4412
2025-05-15 13:20:00,24946.46,24988.68,24934.97,24985.03,4890
2025-05-15 13:25:00,24985.03,24998.81,24958.96,24972.24,1881
2025-05-15 13:30:00,24972.24,25005.32,24955.38,25002.02,1699
2025-05-15 13:35:00,25002.02,25008.69,24971.21,24975.22,1234
2025-05-15 13:40:00,24975.22,24995.3,24920.36,24929.16,3098
2025-05-15 13:45:00,24929.16,24938.7,24863.63,24871.71,3626
2025-05-15 13:50:00,24871.71,24874.06,24843.84,24860.81,3403
2025-05-15 13:55:00,24860.81,24884.02,24857.74,24876.8,3175
2025-05-15 14:00:00,24876.8,24878.79,24856.47,24858.2,1585
2025-05-15 14:05:00,24858.2,24903.87,24849.02,24888.87,4967
2025-05-15 14:10:00,24888.87,24937.67,24868.99,24928.94,1377
2025-05-15 14:15:00,24928.94,24950.87,24925.0,24936.27,3488
2025-05-15 14:20:00,24936.27,24940.52,24920.95,24922.61,3547
2025-05-15 14:25:00,24922.61,24938.99,24904.96,24921.94,1647
2025-05-15 14:30:00,24921.94,24952.53,24913.54,24942.92,4716
2025-05-15 14:35:00,24942.92,24967.15,24926.61,24961.82,2950
2025-05-15 14:40:00,24961.82,25004.08,24956.64,24990.01,4097
2025-05-15 14:45:00,24990.01,25002.04,24941.43,24945.34,3997
2025-05-15 14:50:00,24945.34,24965.25,24932.9,24950.99,1623
2025-05-15 14:55:00,24950.99,24958.14,24941.51,24944.85,2879
2025-05-15 15:00:00,24944.85,24993.34,24941.56,24981.27,2227
2025-05-15 15:05:00,24981.27,24988.62,24976.43,24984.6,1446
2025-05-15 15:10:00,24984.6,25056.29,24969.37,25028.79,4421
2025-05-15 15:15:00,25028.79,25081.93,25015.45,25065.73,1846
2025-05-15 15:20:00,25065.73,25068.69,25022.78,25028.93,4186
2025-05-15 15:25:00,25028.93,25081.88,25008.25,25064.97,3316
2025-05-16 09:15:00,25148.35,25159.46,25132.9,25143.22,2350
2025-05-16 09:20:00,25143.22,25153.21,25136.14,25147.26,1161
2025-05-16 09:25:00,25147.26,25214.59,25118.47,25199.79,1913
2025-05-16 09:30:00,25199.79,25206.92,25186.56,25194.12,3108
2025-05-16 09:35:00,25194.12,25198.53,25169.6,25170.69,1508
2025-05-16 09:40:00,25170.69,25178.34,25122.44,25131.9,4859
2025-05-16 09:45:00,25131.9,25136.84,25097.12,25098.68,1489
2025-05-16 09:50:00,25098.68,25108.14,25073.0,25077.56,3248
2025-05-16 09:55:00,25077.56,25095.23,25041.15,25054.52,3819
2025-05-16 10:00:00,25054.52,25055.85,25025.92,25043.53,3586
2025-05-16 10:05:00,25043.53,25044.59,25038.97,25042.76,3545
2025-05-16 10:10:00,25042.76,25051.67,25009.29,25031.77,4171
2025-05-16 10:15:00,25031.77,25045.69,25019.6,25022.73,4818
2025-05-16 10:20:00,25022.73,25034.91,24976.96,24995.13,2972
2025-05-16 10:25:00,24995.13,25057.67,24987.94,25057.24,1495
2025-05-16 10:30:00,25057.24,25077.01,25050.39,25070.44,1574
2025-05-16 10:35:00,25070.44,25079.31,25033.79,25049.83,4730
2025-05-16 10:40:00,25049.83,25102.47,25043.6,25101.19,4580
2025-05-16 10:45:00,25101.19,25161.59,25089.37,25147.84,2344
2025-05-16 10:50:00,25147.84,25151.91,25114.14,25136.12,3372
2025-05-16 10:55:00,25136.12,25177.31,25133.92,25161.22,4334
2025-05-16 11:00:00,25161.22,25191.44,25160.05,25169.03,2543
2025-05-16 11:05:00,25169.03,25178.19,25160.05,25170.36,4270
2025-05-16 11:10:00,25170.36,25180.62,25166.19,25179.32,4664
2025-05-16 11:15:00,25179.32,25210.65,25166.22,25205.25,4261
2025-05-16 11:20:00,25205.25,25213.84,25147.65,25162.29,3354
2025-05-16 11:25:00,25162.29,25163.25,25095.23,25132.06,3209
2025-05-16 11:30:00,25132.06,25136.21,25084.54,25103.67,1183
2025-05-16 11:35:00,25103.67,25137.19,25100.76,25126.66,2324
2025-05-16 11:40:00,25126.66,25132.77,25062.1,25072.92,1413
2025-05-16 11:45:00,25072.92,25080.61,25027.33,25044.77,2419
2025-05-16 11:50:00,25044.77,25045.98,25028.79,25040.2,2107
2025-05-16 11:55:00,25040.2,25057.87,24977.88,24991.52,2665
2025-05-16 12:00:00,24991.52,25003.31,24953.43,24962.68,3063
2025-05-16 12:05:00,24962.68,24976.84,24904.2,24922.55,1208
2025-05-16 12:10:00,24922.55,24924.06,24906.49,24916.89,2046
2025-05-16 12:15:00,24916.89,24924.44,24876.82,24883.49,2791
2025-05-16 12:20:00,24883.49,24890.57,24870.49,24871.96,1279
2025-05-16 12:25:00,24871.96,24903.05,24859.22,24896.1,3107
2025-05-16 12:30:00,24896.1,24900.64,24871.51,24887.41,3518
2025-05-16 12:35:00,24887.41,24891.83,24849.64,24850.55,3016
2025-05-16 12:40:00,24850.55,24865.84,24841.26,24858.43,4844
2025-05-16 12:45:00,24858.43,24862.64,24836.38,24840.42,3624
2025-05-16 12:50:00,24840.42,24850.42,24820.6,24821.97,1513
2025-05-16 12:55:00,24821.97,24831.54,24815.65,24816.28,1640
2025-05-16 13:00:00,24816.28,24834.23,24774.78,24780.11,4161
2025-05-16 13:05:00,24780.11,24824.22,24777.06,24818.56,3084
2025-05-16 13:10:00,24818.56,24833.23,24794.98,24808.13,3516
2025-05-16 13:15:00,24808.13,24817.27,24795.72,24812.26,2405
2025-05-16 13:20:00,24812.26,24819.21,24784.02,24797.43,3195
2025-05-16 13:25:00,24797.43,24852.39,24783.73,24846.87,1572
2025-05-16 13:30:00,24846.87,24863.41,24834.82,24835.9,3338
2025-05-16 13:35:00,24835.9,24929.56,24834.96,24925.51,2710
2025-05-16 13:40:00,24925.51,24944.57,24914.38,24925.01,2036
2025-05-16 13:45:00,24925.01,24948.11,24921.08,24923.17,1222
2025-05-16 13:50:00,24923.17,24952.26,24856.1,24877.35,3571
2025-05-16 13:55:00,24877.35,24881.01,24828.78,24841.4,2738
2025-05-16 14:00:00,24841.4,24865.32,24835.35,24856.61,3724
2025-05-16 14:05:00,24856.61,24858.22,24829.67,24832.82,4620
2025-05-16 14:10:00,24832.82,24853.11,24820.62,24852.11,1439
2025-05-16 14:15:00,24852.11,24878.69,24847.04,24855.38,1017
2025-05-16 14:20:00,24855.38,24875.63,24854.27,24854.73,2495
2025-05-16 14:25:00,24854.73,24885.04,24836.57,24872.14,4644
2025-05-16 14:30:00,24872.14,24899.52,24834.05,24840.99,2500
2025-05-16 14:35:00,24840.99,24841.4,24834.27,24841.07,4417
2025-05-16 14:40:00,24841.07,24853.77,24831.56,24836.77,2476
2025-05-16 14:45:00,24836.77,24903.97,24828.48,24888.06,2127
2025-05-16 14:50:00,24888.06,24888.44,24863.84,24866.73,4782
2025-05-16 14:55:00,24866.73,24872.76,24845.68,24868.64,2441
2025-05-16 15:00:00,24868.64,24880.8,24837.83,24842.33,2661
2025-05-16 15:05:00,24842.33,24853.2,24837.57,24839.31,3573
2025-05-16 15:10:00,24839.31,24860.76,24816.38,24842.06,3988
2025-05-16 15:15:00,24842.06,24901.83,24826.31,24891.7,3888
2025-05-16 15:20:00,24891.7,24933.93,24885.44,24932.86,1205
2025-05-16 15:25:00,24932.86,24974.11,24928.43,24973.4,2999
2025-05-19 09:15:00,24910.97,24919.9,24885.92,24886.46,2218
2025-05-19 09:20:00,24886.46,24927.42,24865.74,24912.36,1361
2025-05-19 09:25:00,24912.36,24925.77,24906.82,24914.12,3855
2025-05-19 09:30:00,24914.12,24974.02,24897.95,24967.21,4819
2025-05-19 09:35:00,24967.21,25024.15,24958.22,25014.49,3017
2025-05-19 09:40:00,25014.49,25022.24,24968.34,24981.2,1569
2025-05-19 09:45:00,24981.2,25015.45,24964.48,25000.64,2685
2025-05-19 09:50:00,25000.64,25044.97,24982.77,25037.92,2478
2025-05-19 09:55:00,25037.92,25050.7,25023.85,25043.6,4740
2025-05-19 10:00:00,25043.6,25052.15,24996.57,25010.59,4570
2025-05-19 10:05:00,25010.59,25040.86,24984.62,25030.22,3860
2025-05-19 10:10:00,25030.22,25035.69,25008.46,25008.52,1103
2025-05-19 10:15:00,25008.52,25014.4,24988.7,24989.91,4881
2025-05-19 10:20:00,24989.91,25005.2,24953.22,24955.97,2572
2025-05-19 10:25:00,24955.97,24956.62,24933.17,24948.4,3089
2025-05-19 10:30:00,24948.4,24959.44,24926.58,24958.06,3403
2025-05-19 10:35:00,24958.06,24963.48,24942.53,24959.33,2644
2025-05-19 10:40:00,24959.33,24975.11,24932.15,24957.46,4958
2025-05-19 10:45:00,24957.46,24971.26,24923.86,24936.05,3101
2025-05-19 10:50:00,24936.05,24942.63,24889.72,24915.46,3638
2025-05-19 10:55:00,24915.46,24933.2,24900.87,24925.15,4890
2025-05-19 11:00:00,24925.15,24930.38,24906.21,24920.48,1149
2025-05-19 11:05:00,24920.48,24960.24,24917.05,24951.75,2517
2025-05-19 11:10:00,24951.75,24987.13,24940.65,24969.93,4499
2025-05-19 11:15:00,24969.93,24971.14,24915.48,24941.48,3023
2025-05-19 11:20:00,24941.48,24972.62,24938.63,24972.07,3698
2025-05-19 11:25:00,24972.07,24976.2,24969.5,24976.13,2960
2025-05-19 11:30:00,24976.13,24976.17,24905.49,24916.03,1372
2025-05-19 11:35:00,24916.03,24923.62,24912.31,24915.49,3432
2025-05-19 11:40:00,24915.49,24930.14,24901.63,24924.22,1758
2025-05-19 11:45:00,24924.22,24939.01,24863.32,24867.51,1494
2025-05-19 11:50:00,24867.51,24912.43,24856.8,24897.89,4734
2025-05-19 11:55:00,24897.89,24926.28,24881.24,24912.95,4011
2025-05-19 12:00:00,24912.95,24918.02,24866.74,24881.4,3769
2025-05-19 12:05:00,24881.4,24897.56,24877.46,24882.44,2155
2025-05-19 12:10:00,24882.44,24918.63,24861.59,24890.47,2725
2025-05-19 12:15:00,24890.47,24906.86,24794.89,24800.31,2792
2025-05-19 12:20:00,24800.31,24817.68,24796.16,24804.07,2698
2025-05-19 12:25:00,24804.07,24810.54,24780.25,24806.44,4154
2025-05-19 12:30:00,24806.44,24815.25,24767.58,24780.48,2730
2025-05-19 12:35:00,24780.48,24793.89,24739.08,24742.24,1448
2025-05-19 12:40:00,24742.24,24754.45,24714.68,24726.67,4459
2025-05-19 12:45:00,24726.67,24741.49,24705.04,24710.27,4620
2025-05-19 12:50:00,24710.27,24710.92,24664.65,24671.04,2721
2025-05-19 12:55:00,24671.04,24680.59,24624.95,24633.13,2558
2025-05-19 13:00:00,24633.13,24674.88,24622.67,24661.21,3568
2025-05-19 13:05:00,24661.21,24695.73,24643.61,24684.96,1706
2025-05-19 13:10:00,24684.96,24694.99,24651.07,24655.69,2696
2025-05-19 13:15:00,24655.69,24656.6,24574.3,24580.62,2943
2025-05-19 13:20:00,24580.62,24592.88,24570.92,24588.13,4370
2025-05-19 13:25:00,24588.13,24645.83,24580.57,24643.63,2707
2025-05-19 13:30:00,24643.63,24701.3,24635.58,24694.58,2838
2025-05-19 13:35:00,24694.58,24742.29,24688.29,24737.02,3721
2025-05-19 13:40:00,24737.02,24794.7,24735.66,24788.07,2122
2025-05-19 13:45:00,24788.07,24797.89,24762.44,24767.49,1057
2025-05-19 13:50:00,24767.49,24774.14,24749.49,24753.75,3929
2025-05-19 13:55:00,24753.75,24754.92,24733.22,24745.21,4722
2025-05-19 14:00:00,24745.21,24756.22,24725.22,24727.66,3484
2025-05-19 14:05:00,24727.66,24764.46,24707.91,24757.02,3013
2025-05-19 14:10:00,24757.02,24757.67,24711.53,24725.7,4003
2025-05-19 14:15:00,24725.7,24745.58,24725.31,24738.34,2097
2025-05-19 14:20:00,24738.34,24741.13,24725.45,24737.68,2680
2025-05-19 14:25:00,24737.68,24769.95,24737.47,24762.4,4516
2025-05-19 14:30:00,24762.4,24788.17,24746.67,24754.67,4558
2025-05-19 14:35:00,24754.67,24780.82,24718.53,24722.0,3587
2025-05-19 14:40:00,24722.0,24737.47,24709.5,24722.44,1604
2025-05-19 14:45:00,24722.44,24727.97,24690.4,24692.95,1873
2025-05-19 14:50:00,24692.95,24706.06,24650.07,24655.18,2457
2025-05-19 14:55:00,24655.18,24661.7,24644.82,24655.53,4802
2025-05-19 15:00:00,24655.53,24684.89,24641.38,24671.48,4524
2025-05-19 15:05:00,24671.48,24675.83,24662.09,24662.83,3255
2025-05-19 15:10:00,24662.83,24686.38,24619.87,24630.1,1552
2025-05-19 15:15:00,24630.1,24632.35,24578.79,24592.89,2344
2025-05-19 15:20:00,24592.89,24603.65,24580.27,24595.94,2700
2025-05-19 15:25:00,24595.94,24598.7,24594.16,24594.68,2701
2025-05-20 09:15:00,24590.91,24602.65,24585.25,24589.76,2225
2025-05-20 09:20:00,24589.76,24608.51,24573.78,24599.04,3219
2025-05-20 09:25:00,24599.04,24611.71,24572.91,24607.43,4375
2025-05-20 09:30:00,24607.43,24625.3,24590.81,24592.21,2039
2025-05-20 09:35:00,24592.21,24622.13,24587.74,24616.33,3604
2025-05-20 09:40:00,24616.33,24639.24,24610.34,24623.67,2557
2025-05-20 09:45:00,24623.67,24666.37,24619.16,24652.01,2756
2025-05-20 09:50:00,24652.01,24654.28,24636.38,24642.23,2120
2025-05-20 09:55:00,24642.23,24648.65,24612.83,24637.5,2481
2025-05-20 10:00:00,24637.5,24646.83,24595.67,24622.51,2571
2025-05-20 10:05:00,24622.51,24643.64,24621.58,24637.85,4310
2025-05-20 10:10:00,24637.85,24643.78,24594.65,24594.98,3489
2025-05-20 10:15:00,24594.98,24605.28,24558.11,24571.56,3286
2025-05-20 10:20:00,24571.56,24594.03,24567.44,24583.29,3855
2025-05-20 10:25:00,24583.29,24593.8,24556.01,24569.88,1416
2025-05-20 10:30:00,24569.88,24600.01,24543.88,24549.67,1493
2025-05-20 10:35:00,24549.67,24554.51,24537.82,24545.56,1323
2025-05-20 10:40:00,24545.56,24552.01,24479.23,24495.67,1367
2025-05-20 10:45:00,24495.67,24509.92,24481.52,24497.35,1794
2025-05-20 10:50:00,24497.35,24510.48,24462.22,24469.81,2556
2025-05-20 10:55:00,24469.81,24484.2,24430.9,24433.09,1466
2025-05-20 11:00:00,24433.09,24495.13,24409.39,24494.79,2268
2025-05-20 11:05:00,24494.79,24504.69,24488.21,24498.44,2448
2025-05-20 11:10:00,24498.44,24530.7,24489.44,24511.22,1519
2025-05-20 11:15:00,24511.22,24574.66,24503.0,24560.45,1095
2025-05-20 11:20:00,24560.45,24573.27,24542.12,24554.68,2068
2025-05-20 11:25:00,24554.68,24567.93,24497.2,24504.94,3980
2025-05-20 11:30:00,24504.94,24522.79,24474.84,24476.49,3716
2025-05-20 11:35:00,24476.49,24478.99,24460.6,24477.75,1292
2025-05-20 11:40:00,24477.75,24489.89,24471.67,24472.79,2845
2025-05-20 11:45:00,24472.79,24526.1,24467.54,24509.63,4923
2025-05-20 11:50:00,24509.63,24569.4,24500.98,24543.4,3565
2025-05-20 11:55:00,24543.4,24547.8,24527.01,24537.14,4004
2025-05-20 12:00:00,24537.14,24586.78,24524.29,24578.34,2679
2025-05-20 12:05:00,24578.34,24632.23,24568.15,24625.5,1587
2025-05-20 12:10:00,24625.5,24649.28,24616.05,24638.13,3459
2025-05-20 12:15:00,24638.13,24647.38,24628.08,24636.11,3530
2025-05-20 12:20:00,24636.11,24649.8,24620.16,24632.9,2316
2025-05-20 12:25:00,24632.9,24660.5,24630.22,24652.54,2670
2025-05-20 12:30:00,24652.54,24709.72,24649.36,24689.94,2262
2025-05-20 12:35:00,24689.94,24730.21,24678.41,24721.38,4161
2025-05-20 12:40:00,24721.38,24735.88,24721.25,24727.44,2176
2025-05-20 12:45:00,24727.44,24731.16,24725.02,24726.62,3176
2025-05-20 12:50:00,24726.62,24756.31,24711.64,24744.19,3093
2025-05-20 12:55:00,24744.19,24748.27,24736.34,24736.41,3164
2025-05-20 13:00:00,24736.41,24769.2,24735.24,24756.23,2442
2025-05-20 13:05:00,24756.23,24775.85,24742.34,24750.98,3381
2025-05-20 13:10:00,24750.98,24757.41,24687.31,24688.42,4460
2025-05-20 13:15:00,24688.42,24705.95,24682.16,24704.01,1505
2025-05-20 13:20:00,24704.01,24727.49,24696.58,24710.46,2733
2025-05-20 13:25:00,24710.46,24744.01,24690.97,24734.42,4062
2025-05-20 13:30:00,24734.42,24742.85,24731.64,24739.05,3409
2025-05-20 13:35:00,24739.05,24772.14,24737.65,24766.79,1153
2025-05-20 13:40:00,24766.79,24802.75,24750.07,24789.78,2486
2025-05-20 13:45:00,24789.78,24794.59,24767.24,24767.48,4383
2025-05-20 13:50:00,24767.48,24795.38,24754.63,24791.64,2944
2025-05-20 13:55:00,24791.64,24824.96,24773.41,24818.69,4207
2025-05-20 14:00:00,24818.69,24839.5,24808.2,24812.23,3637
2025-05-20 14:05:00,24812.23,24844.76,24809.18,24829.39,3523
2025-05-20 14:10:00,24829.39,24836.28,24818.19,24819.25,4563
2025-05-20 14:15:00,24819.25,24835.03,24811.48,24824.24,4438
2025-05-20 14:20:00,24824.24,24825.99,24772.49,24795.08,1301
2025-05-20 14:25:00,24795.08,24842.63,24794.86,24833.88,3281
2025-05-20 14:30:00,24833.88,24844.64,24801.63,24817.95,4580
2025-05-20 14:35:00,24817.95,24830.12,24802.49,24804.54,1951
2025-05-20 14:40:00,24804.54,24830.03,24783.28,24790.32,3025
2025-05-20 14:45:00,24790.32,24802.83,24767.17,24769.9,1474
2025-05-20 14:50:00,24769.9,24771.81,24741.52,24747.86,2245
2025-05-20 14:55:00,24747.86,24767.94,24744.18,24761.96,4012
2025-05-20 15:00:00,24761.96,24763.64,24719.74,24722.17,3256
2025-05-20 15:05:00,24722.17,24737.27,24711.71,24729.76,2480
2025-05-20 15:10:00,24729.76,24755.32,24720.77,24745.74,3164
2025-05-20 15:15:00,24745.74,24766.18,24704.35,24726.81,3032
2025-05-20 15:20:00,24726.81,24741.38,24678.66,24689.85,3905
2025-05-20 15:25:00,24689.85,24726.94,24670.8,24711.19,2995
2025-05-21 09:15:00,24693.03,24709.01,24688.56,24708.44,1671
2025-05-21 09:20:00,24708.44,24709.86,24674.06,24677.2,4580
2025-05-21 09:25:00,24677.2,24681.38,24647.68,24657.05,2505
2025-05-21 09:30:00,24657.05,24682.54,24649.53,24674.83,3989
2025-05-21 09:35:00,24674.83,24705.92,24664.3,24701.71,1627
2025-05-21 09:40:00,24701.71,24705.4,24686.0,24700.1,1006
2025-05-21 09:45:00,24700.1,24731.94,24692.22,24709.9,3904
2025-05-21 09:50:00,24709.9,24713.46,24691.23,24694.4,3440
2025-05-21 09:55:00,24694.4,24696.53,24613.14,24634.13,3263
2025-05-21 10:00:00,24634.13,24673.38,24624.89,24663.84,1423
2025-05-21 10:05:00,24663.84,24744.07,24660.38,24724.38,2840
2025-05-21 10:10:00,24724.38,24737.43,24709.32,24710.56,3589
2025-05-21 10:15:00,24710.56,24722.51,24637.56,24639.91,1034
2025-05-21 10:20:00,24639.91,24644.91,24623.08,24633.7,2323
2025-05-21 10:25:00,24633.7,24637.43,24591.64,24606.89,1409
2025-05-21 10:30:00,24606.89,24657.24,24599.0,24645.39,3875
2025-05-21 10:35:00,24645.39,24652.45,24641.32,24642.68,1835
2025-05-21 10:40:00,24642.68,24660.75,24608.76,24610.7,2125
2025-05-21 10:45:00,24610.7,24611.61,24544.32,24555.98,1775
2025-05-21 10:50:00,24555.98,24570.46,24507.52,24521.11,1270
2025-05-21 10:55:00,24521.11,24553.77,24506.65,24549.84,1117
2025-05-21 11:00:00,24549.84,24554.8,24537.85,24541.45,4204
2025-05-21 11:05:00,24541.45,24553.38,24517.78,24529.18,4371
2025-05-21 11:10:00,24529.18,24557.45,24528.41,24556.26,3841
2025-05-21 11:15:00,24556.26,24590.79,24542.7,24586.31,4245
2025-05-21 11:20:00,24586.31,24600.54,24519.44,24553.65,3957
2025-05-21 11:25:00,24553.65,24557.55,24525.21,24543.79,3380
2025-05-21 11:30:00,24543.79,24544.57,24497.4,24504.66,1548
2025-05-21 11:35:00,24504.66,24515.23,24476.16,24500.23,4501
2025-05-21 11:40:00,24500.23,24555.73,24487.66,24545.38,4721
2025-05-21 11:45:00,24545.38,24582.76,24516.78,24576.63,4463
2025-05-21 11:50:00,24576.63,24585.19,24571.03,24584.21,3153
2025-05-21 11:55:00,24584.21,24594.36,24566.45,24575.46,1203
2025-05-21 12:00:00,24575.46,24636.06,24560.58,24620.51,2192
2025-05-21 12:05:00,24620.51,24634.44,24607.27,24632.82,2356
2025-05-21 12:10:00,24632.82,24662.42,24620.12,24640.14,3742
2025-05-21 12:15:00,24640.14,24640.16,24578.14,24580.06,4820
2025-05-21 12:20:00,24580.06,24589.67,24531.41,24540.97,3242
2025-05-21 12:25:00,24540.97,24595.46,24530.51,24587.79,2327
2025-05-21 12:30:00,24587.79,24597.97,24579.28,24589.1,1695
2025-05-21 12:35:00,24589.1,24619.49,24584.22,24602.34,4199
2025-05-21 12:40:00,24602.34,24620.84,24587.7,24615.63,1267
2025-05-21 12:45:00,24615.63,24653.18,24598.35,24634.5,4965
2025-05-21 12:50:00,24634.5,24639.68,24606.7,24619.4,1113
2025-05-21 12:55:00,24619.4,24640.87,24605.97,24628.04,3236
2025-05-21 13:00:00,24628.04,24659.21,24625.76,24629.76,3749
2025-05-21 13:05:00,24629.76,24640.15,24619.62,24638.47,3922
2025-05-21 13:10:00,24638.47,24649.15,24627.6,24635.42,4835
2025-05-21 13:15:00,24635.42,24666.47,24622.08,24658.69,1233
2025-05-21 13:20:00,24658.69,24702.36,24642.43,24700.03,2657
2025-05-21 13:25:00,24700.03,24705.86,24684.6,24688.21,1117
2025-05-21 13:30:00,24688.21,24692.03,24654.66,24656.62,3609
2025-05-21 13:35:00,24656.62,24717.47,24653.18,24712.74,1397
2025-05-21 13:40:00,24712.74,24724.85,24703.62,24711.63,2820
2025-05-21 13:45:00,24711.63,24766.77,24706.42,24754.82,2951
2025-05-21 13:50:00,24754.82,24824.59,24744.97,24817.58,2012
2025-05-21 13:55:00,24817.58,24864.36,24799.29,24842.71,4940
2025-05-21 14:00:00,24842.71,24842.89,24822.52,24836.92,2365
2025-05-21 14:05:00,24836.92,24882.3,24831.37,24870.6,1020
2025-05-21 14:10:00,24870.6,24885.45,24825.88,24833.27,1177
2025-05-21 14:15:00,24833.27,24848.33,24795.6,24802.8,3644
2025-05-21 14:20:00,24802.8,24841.01,24782.66,24835.08,3379
2025-05-21 14:25:00,24835.08,24835.64,24823.37,24823.92,4371
2025-05-21 14:30:00,24823.92,24838.79,24801.71,24804.91,1195
2025-05-21 14:35:00,24804.91,24807.21,24755.34,24783.42,4555
2025-05-21 14:40:00,24783.42,24798.92,24765.86,24770.05,1735
2025-05-21 14:45:00,24770.05,24805.67,24764.24,24769.51,4264
2025-05-21 14:50:00,24769.51,24784.6,24731.66,24742.12,4844
2025-05-21 14:55:00,24742.12,24790.65,24727.93,24770.28,4180
2025-05-21 15:00:00,24770.28,24774.28,24690.61,24703.68,1630
2025-05-21 15:05:00,24703.68,24715.68,24682.07,24689.59,1387
2025-05-21 15:10:00,24689.59,24693.77,24665.07,24680.87,1149
2025-05-21 15:15:00,24680.87,24685.6,24629.96,24646.97,1129
2025-05-21 15:20:00,24646.97,24659.83,24638.27,24648.03,3941
2025-05-21 15:25:00,24648.03,24663.56,24603.35,24627.0,4126
2025-05-22 09:15:00,24565.24,24605.11,24563.49,24592.57,4022
2025-05-22 09:20:00,24592.57,24602.05,24590.07,24600.8,2869
2025-05-22 09:25:00,24600.8,24645.9,24587.57,24644.23,2060
2025-05-22 09:30:00,24644.23,24672.19,24596.81,24606.01,4498
2025-05-22 09:35:00,24606.01,24611.99,24591.24,24609.78,1669
2025-05-22 09:40:00,24609.78,24626.56,24588.27,24625.6,3886
2025-05-22 09:45:00,24625.6,24633.12,24590.95,24592.35,4278
2025-05-22 09:50:00,24592.35,24593.38,24547.14,24562.82,2548
2025-05-22 09:55:00,24562.82,24577.02,24525.89,24532.05,4910
2025-05-22 10:00:00,24532.05,24538.79,24509.48,24520.61,2508
2025-05-22 10:05:00,24520.61,24540.46,24486.78,24493.27,1512
2025-05-22 10:10:00,24493.27,24524.57,24480.27,24511.12,2150
2025-05-22 10:15:00,24511.12,24529.52,24494.97,24497.75,1241
2025-05-22 10:20:00,24497.75,24531.08,24481.45,24514.88,2806
2025-05-22 10:25:00,24514.88,24515.86,24486.19,24510.08,2676
2025-05-22 10:30:00,24510.08,24541.8,24497.47,24526.34,4778
2025-05-22 10:35:00,24526.34,24573.33,24518.52,24564.84,1507
2025-05-22 10:40:00,24564.84,24572.71,24553.18,24569.56,4443
2025-05-22 10:45:00,24569.56,24610.86,24568.75,24608.89,4346
2025-05-22 10:50:00,24608.89,24678.59,24598.98,24667.84,3345
2025-05-22 10:55:00,24667.84,24706.65,24659.75,24695.06,2790
2025-05-22 11:00:00,24695.06,24735.09,24691.2,24711.98,4615
2025-05-22 11:05:00,24711.98,24726.13,24674.32,24689.33,2522
2025-05-22 11:10:00,24689.33,24725.03,24669.95,24715.65,1492
2025-05-22 11:15:00,24715.65,24755.38,24706.68,24749.24,4207
2025-05-22 11:20:00,24749.24,24809.0,24746.11,24793.49,1213
2025-05-22 11:25:00,24793.49,24852.12,24777.13,24835.66,1861
2025-05-22 11:30:00,24835.66,24845.73,24818.55,24822.96,2940
2025-05-22 11:35:00,24822.96,24826.78,24800.26,24803.66,2353
2025-05-22 11:40:00,24803.66,24830.43,24761.36,24784.12,4779
2025-05-22 11:45:00,24784.12,24858.77,24776.94,24830.17,4625
2025-05-22 11:50:00,24830.17,24875.15,24820.76,24840.06,1295
2025-05-22 11:55:00,24840.06,24852.62,24816.18,24816.62,4060
2025-05-22 12:00:00,24816.62,24824.32,24795.78,24800.06,1915
2025-05-22 12:05:00,24800.06,24812.35,24783.35,24787.54,2301
2025-05-22 12:10:00,24787.54,24836.6,24779.26,24822.44,4010
2025-05-22 12:15:00,24822.44,24823.56,24758.46,24779.13,4788
2025-05-22 12:20:00,24779.13,24779.39,24721.71,24744.27,4252
2025-05-22 12:25:00,24744.27,24763.62,24741.99,24757.21,2154
2025-05-22 12:30:00,24757.21,24758.77,24734.29,24735.41,4793
2025-05-22 12:35:00,24735.41,24738.21,24734.13,24735.5,4153
2025-05-22 12:40:00,24735.5,24790.43,24721.77,24788.44,4268
2025-05-22 12:45:00,24788.44,24813.75,24781.82,24807.11,1394
2025-05-22 12:50:00,24807.11,24809.74,24769.17,24785.45,4846
2025-05-22 12:55:00,24785.45,24827.96,24777.32,24818.68,4320
2025-05-22 13:00:00,24818.68,24824.08,24792.97,24804.23,4806
2025-05-22 13:05:00,24804.23,24820.74,24801.96,24814.67,3003
2025-05-22 13:10:00,24814.67,24825.65,24723.88,24734.18,2647
2025-05-22 13:15:00,24734.18,24744.65,24703.45,24707.95,2593
2025-05-22 13:20:00,24707.95,24713.76,24706.47,24708.65,4909
2025-05-22 13:25:00,24708.65,24743.67,24699.72,24725.16,3717
2025-05-22 13:30:00,24725.16,24770.88,24717.35,24756.25,2766
2025-05-22 13:35:00,24756.25,24787.45,24745.27,24777.46,4112
2025-05-22 13:40:00,24777.46,24780.79,24744.92,24759.23,3202
2025-05-22 13:45:00,24759.23,24764.29,24735.18,24742.45,4619
2025-05-22 13:50:00,24742.45,24752.45,24645.83,24661.78,4190
2025-05-22 13:55:00,24661.78,24680.0,24627.24,24636.62,1743
2025-05-22 14:00:00,24636.62,24642.17,24560.5,24574.01,1956
2025-05-22 14:05:00,24574.01,24576.61,24465.95,24476.85,1057
2025-05-22 14:10:00,24476.85,24522.75,24475.26,24519.1,1549
2025-05-22 14:15:00,24519.1,24577.71,24509.51,24550.25,2518
2025-05-22 14:20:00,24550.25,24552.31,24538.7,24540.19,1112
2025-05-22 14:25:00,24540.19,24548.6,24525.95,24543.67,3837
2025-05-22 14:30:00,24543.67,24568.52,24527.57,24551.64,2271
2025-05-22 14:35:00,24551.64,24557.55,24547.96,24549.73,3309
2025-05-22 14:40:00,24549.73,24568.07,24539.19,24566.96,3124
2025-05-22 14:45:00,24566.96,24590.37,24559.36,24586.21,1597
2025-05-22 14:50:00,24586.21,24599.81,24560.58,24589.64,4999
2025-05-22 14:55:00,24589.64,24591.9,24576.59,24582.03,3245
2025-05-22 15:00:00,24582.03,24587.3,24550.84,24551.88,1619
2025-05-22 15:05:00,24551.88,24551.91,24530.67,24538.38,3880
2025-05-22 15:10:00,24538.38,24562.05,24511.24,24561.91,1600
2025-05-22 15:15:00,24561.91,24577.48,24555.75,24568.42,3133
2025-05-22 15:20:00,24568.42,24578.71,24538.34,24542.82,1021
2025-05-22 15:25:00,24542.82,24548.9,24516.55,24527.3,1932
2025-05-23 09:15:00,24441.65,24460.81,24393.96,24403.81,4622
2025-05-23 09:20:00,24403.81,24423.64,24368.51,24389.93,1739
2025-05-23 09:25:00,24389.93,24421.81,24388.67,24406.51,1544
2025-05-23 09:30:00,24406.51,24417.02,24395.34,24403.78,1946
2025-05-23 09:35:00,24403.78,24423.98,24380.46,24381.22,2762
2025-05-23 09:40:00,24381.22,24405.48,24290.01,24317.6,3530
2025-05-23 09:45:00,24317.6,24334.05,24297.88,24328.92,4001
2025-05-23 09:50:00,24328.92,24332.46,24296.28,24304.9,2631
2025-05-23 09:55:00,24304.9,24320.99,24304.84,24314.75,4548
2025-05-23 10:00:00,24314.75,24336.79,24313.33,24334.84,3436
2025-05-23 10:05:00,24334.84,24378.82,24331.19,24367.1,4433
2025-05-23 10:10:00,24367.1,24420.47,24345.28,24418.12,2671
2025-05-23 10:15:00,24418.12,24421.88,24382.68,24406.19,4889
2025-05-23 10:20:00,24406.19,24468.28,24400.41,24462.98,2373
2025-05-23 10:25:00,24462.98,24479.19,24414.3,24434.74,2184
2025-05-23 10:30:00,24434.74,24437.01,24378.09,24386.03,3373
2025-05-23 10:35:00,24386.03,24408.61,24359.0,24360.93,1321
2025-05-23 10:40:00,24360.93,24369.55,24326.5,24329.41,1480
2025-05-23 10:45:00,24329.41,24353.11,24300.38,24303.88,1752
2025-05-23 10:50:00,24303.88,24321.27,24294.1,24320.42,3358
2025-05-23 10:55:00,24320.42,24336.69,24283.97,24292.13,4174
2025-05-23 11:00:00,24292.13,24340.91,24283.73,24337.7,2876
2025-05-23 11:05:00,24337.7,24368.13,24319.94,24353.17,3862
2025-05-23 11:10:00,24353.17,24363.37,24328.92,24329.36,3322
2025-05-23 11:15:00,24329.36,24376.17,24328.81,24370.25,2281
2025-05-23 11:20:00,24370.25,24377.56,24363.86,24374.39,2954
2025-05-23 11:25:00,24374.39,24404.66,24348.63,24357.86,3781
2025-05-23 11:30:00,24357.86,24360.16,24318.65,24345.73,2481
2025-05-23 11:35:00,24345.73,24353.47,24258.78,24276.74,2223
2025-05-23 11:40:00,24276.74,24281.37,24234.69,24258.09,1822
2025-05-23 11:45:00,24258.09,24265.04,24246.02,24253.79,2278
2025-05-23 11:50:00,24253.79,24303.91,24233.19,24299.13,1442
2025-05-23 11:55:00,24299.13,24313.87,24298.93,24310.4,2702
2025-05-23 12:00:00,24310.4,24331.31,24280.4,24283.48,2281
2025-05-23 12:05:00,24283.48,24285.36,24249.24,24254.59,1841
2025-05-23 12:10:00,24254.59,24275.89,24249.28,24273.82,2864
2025-05-23 12:15:00,24273.82,24289.89,24231.24,24235.63,1690
2025-05-23 12:20:00,24235.63,24239.15,24173.86,24194.36,2707
2025-05-23 12:25:00,24194.36,24197.17,24125.01,24132.42,3303
2025-05-23 12:30:00,24132.42,24132.96,24080.49,24082.58,3279
2025-05-23 12:35:00,24082.58,24087.93,24054.26,24072.02,3167
2025-05-23 12:40:00,24072.02,24089.92,24028.96,24044.47,3731
2025-05-23 12:45:00,24044.47,24060.29,24017.2,24021.26,1420
2025-05-23 12:50:00,24021.26,24022.01,23996.48,24013.67,1498
2025-05-23 12:55:00,24013.67,24040.57,23998.92,24020.92,1746
2025-05-23 13:00:00,24020.92,24023.24,23996.16,24016.24,1536
2025-05-23 13:05:00,24016.24,24062.76,24008.88,24059.42,3352
2025-05-23 13:10:00,24059.42,24135.2,24047.68,24125.27,4796
2025-05-23 13:15:00,24125.27,24171.22,24106.21,24159.44,3400
2025-05-23 13:20:00,24159.44,24191.65,24152.06,24185.25,4572
2025-05-23 13:25:00,24185.25,24190.44,24167.15,24173.33,2909
2025-05-23 13:30:00,24173.33,24184.18,24145.7,24169.85,3253
2025-05-23 13:35:00,24169.85,24189.75,24162.97,24188.09,1955
2025-05-23 13:40:00,24188.09,24207.73,24186.61,24194.93,2365
2025-05-23 13:45:00,24194.93,24201.09,24186.96,24192.5,2322
2025-05-23 13:50:00,24192.5,24197.96,24185.36,24193.7,3147
2025-05-23 13:55:00,24193.7,24195.95,24181.46,24183.5,3798
2025-05-23 14:00:00,24183.5,24185.77,24128.09,24139.27,1912
2025-05-23 14:05:00,24139.27,24151.17,24091.38,24111.3,4908
2025-05-23 14:10:00,24111.3,24120.53,24080.86,24100.23,1600
2025-05-23 14:15:00,24100.23,24101.0,24086.34,24099.07,3845
2025-05-23 14:20:00,24099.07,24107.4,24078.71,24082.7,4878
2025-05-23 14:25:00,24082.7,24099.51,24052.17,24062.51,4728
2025-05-23 14:30:00,24062.51,24068.13,24032.3,24039.9,1823
2025-05-23 14:35:00,24039.9,24056.68,24002.97,24013.8,3420
2025-05-23 14:40:00,24013.8,24018.68,24001.79,24018.53,3578
2025-05-23 14:45:00,24018.53,24019.88,23974.71,24018.51,1219
2025-05-23 14:50:00,24018.51,24066.12,23995.61,24065.88,4538
2025-05-23 14:55:00,24065.88,24084.86,24055.48,24077.23,3527
2025-05-23 15:00:00,24077.23,24077.8,24047.39,24065.22,2392
2025-05-23 15:05:00,24065.22,24102.72,24046.91,24094.8,2328
2025-05-23 15:10:00,24094.8,24097.32,24072.64,24073.06,2755
2025-05-23 15:15:00,24073.06,24103.07,24011.09,24016.49,4873
2025-05-23 15:20:00,24016.49,24020.23,24009.53,24017.87,1253
2025-05-23 15:25:00,24017.87,24021.01,23977.55,23986.16,1482
2025-05-26 09:15:00,24051.43,24051.66,24041.67,24048.71,4374
2025-05-26 09:20:00,24048.71,24091.5,24047.5,24086.05,1577
2025-05-26 09:25:00,24086.05,24099.22,24055.08,24056.36,2306
2025-05-26 09:30:00,24056.36,24085.33,24045.6,24081.4,4768
2025-05-26 09:35:00,24081.4,24087.29,24051.5,24056.17,3804
2025-05-26 09:40:00,24056.17,24063.62,24029.61,24048.76,1673
2025-05-26 09:45:00,24048.76,24054.32,24014.11,24053.06,2609
2025-05-26 09:50:00,24053.06,24096.34,24043.75,24067.79,4119
2025-05-26 09:55:00,24067.79,24069.85,24005.54,24016.95,3217
2025-05-26 10:00:00,24016.95,24052.58,24010.53,24038.93,4404
2025-05-26 10:05:00,24038.93,24054.36,24008.21,24022.19,1384
2025-05-26 10:10:00,24022.19,24036.79,24007.91,24010.96,3541
2025-05-26 10:15:00,24010.96,24019.02,23991.46,24006.09,3221
2025-05-26 10:20:00,24006.09,24019.34,23960.17,23971.93,1362
2025-05-26 10:25:00,23971.93,23982.88,23950.24,23951.42,3845
2025-05-26 10:30:00,23951.42,23951.61,23896.64,23929.7,4259
2025-05-26 10:35:00,23929.7,23948.91,23925.73,23940.8,2895
2025-05-26 10:40:00,23940.8,23960.71,23901.66,23912.61,1881
2025-05-26 10:45:00,23912.61,23934.9,23873.58,23894.94,2935
2025-05-26 10:50:00,23894.94,23904.29,23874.37,23901.28,1313
2025-05-26 10:55:00,23901.28,23944.3,23900.17,23936.67,4251
2025-05-26 11:00:00,23936.67,23971.01,23924.19,23950.35,1142
2025-05-26 11:05:00,23950.35,23963.46,23930.97,23945.93,1616
2025-05-26 11:10:00,23945.93,23971.39,23928.0,23932.9,4308
2025-05-26 11:15:00,23932.9,23962.68,23906.71,23954.88,2095
2025-05-26 11:20:00,23954.88,23964.34,23934.66,23946.96,1829
2025-05-26 11:25:00,23946.96,23970.05,23925.04,23954.15,3892
2025-05-26 11:30:00,23954.15,23961.69,23918.3,23925.13,4864
2025-05-26 11:35:00,23925.13,23925.77,23893.89,23905.03,3755
2025-05-26 11:40:00,23905.03,23909.05,23902.91,23908.41,4384
2025-05-26 11:45:00,23908.41,23934.31,23907.35,23928.28,4963
2025-05-26 11:50:00,23928.28,23938.27,23903.09,23920.71,4710
2025-05-26 11:55:00,23920.71,23939.62,23865.25,23880.33,4210
2025-05-26 12:00:00,23880.33,23891.83,23860.97,23871.6,1264
2025-05-26 12:05:00,23871.6,23876.62,23855.97,23858.92,2230
2025-05-26 12:10:00,23858.92,23870.59,23808.85,23812.13,3852
2025-05-26 12:15:00,23812.13,23862.01,23805.02,23847.49,4182
2025-05-26 12:20:00,23847.49,23864.1,23798.86,23816.19,3507
2025-05-26 12:25:00,23816.19,23835.11,23801.01,23833.64,1566
2025-05-26 12:30:00,23833.64,23840.29,23829.68,23837.75,2950
2025-05-26 12:35:00,23837.75,23845.9,23790.85,23820.37,4684
2025-05-26 12:40:00,23820.37,23841.57,23810.15,23833.16,4511
2025-05-26 12:45:00,23833.16,23884.08,23814.66,23877.08,1548
2025-05-26 12:50:00,23877.08,23885.38,23846.74,23854.7,4789
2025-05-26 12:55:00,23854.7,23857.44,23835.27,23838.03,3867
2025-05-26 13:00:00,23838.03,23843.69,23831.43,23837.73,1260
2025-05-26 13:05:00,23837.73,23844.04,23812.49,23823.88,3712
2025-05-26 13:10:00,23823.88,23826.21,23796.69,23801.86,1331
2025-05-26 13:15:00,23801.86,23805.73,23793.02,23804.53,4059
2025-05-26 13:20:00,23804.53,23845.43,23793.1,23829.93,2222
2025-05-26 13:25:00,23829.93,23834.29,23815.97,23821.41,4828
2025-05-26 13:30:00,23821.41,23827.62,23801.01,23810.47,2739
2025-05-26 13:35:00,23810.47,23852.43,23803.04,23841.85,3169
2025-05-26 13:40:00,23841.85,23882.89,23834.3,23865.47,3926
2025-05-26 13:45:00,23865.47,23872.35,23861.97,23871.96,2736
2025-05-26 13:50:00,23871.96,23873.73,23840.0,23857.81,1221
2025-05-26 13:55:00,23857.81,23858.01,23796.67,23801.31,4998
2025-05-26 14:00:00,23801.31,23823.17,23790.05,23814.37,1566
2025-05-26 14:05:00,23814.37,23843.59,23807.75,23835.05,2668
2025-05-26 14:10:00,23835.05,23840.48,23822.78,23826.02,2857
2025-05-26 14:15:00,23826.02,23878.02,23815.3,23873.65,3392
2025-05-26 14:20:00,23873.65,23875.3,23864.41,23864.61,4383
2025-05-26 14:25:00,23864.61,23884.76,23846.49,23857.78,4391
2025-05-26 14:30:00,23857.78,23883.9,23856.14,23865.53,4897
2025-05-26 14:35:00,23865.53,23873.34,23861.85,23869.89,3134
2025-05-26 14:40:00,23869.89,23887.45,23869.02,23878.49,1027
2025-05-26 14:45:00,23878.49,23906.32,23863.45,23905.84,2303
2025-05-26 14:50:00,23905.84,23925.88,23894.2,23917.96,4746
2025-05-26 14:55:00,23917.96,23938.68,23916.18,23937.51,4527
2025-05-26 15:00:00,23937.51,23955.9,23916.82,23949.73,2490
2025-05-26 15:05:00,23949.73,23959.03,23910.24,23910.81,1612
2025-05-26 15:10:00,23910.81,23917.74,23876.78,23879.01,3065
2025-05-26 15:15:00,23879.01,23897.8,23878.38,23894.34,2693
2025-05-26 15:20:00,23894.34,23913.69,23883.37,23911.78,3112
2025-05-26 15:25:00,23911.78,23947.67,23909.62,23913.17,4103
2025-05-27 09:15:00,23960.93,23970.92,23926.99,23936.31,3475
2025-05-27 09:20:00,23936.31,23936.45,23899.5,23913.12,3114
2025-05-27 09:25:00,23913.12,23983.65,23908.47,23979.3,2463
2025-05-27 09:30:00,23979.3,24005.54,23973.74,23985.27,3901
2025-05-27 09:35:00,23985.27,24030.78,23980.31,24007.78,4946
2025-05-27 09:40:00,24007.78,24060.8,24003.96,24045.05,3601
2025-05-27 09:45:00,24045.05,24066.4,24034.32,24035.18,1152
2025-05-27 09:50:00,24035.18,24050.97,23972.95,23992.68,3324
2025-05-27 09:55:00,23992.68,24016.84,23960.78,23970.18,2040
2025-05-27 10:00:00,23970.18,23978.94,23945.11,23957.76,3990
2025-05-27 10:05:00,23957.76,23998.94,23954.66,23996.28,4504
2025-05-27 10:10:00,23996.28,24001.52,23966.24,23974.86,3669
2025-05-27 10:15:00,23974.86,23980.76,23949.65,23954.62,1703
2025-05-27 10:20:00,23954.62,23992.05,23920.75,23991.12,1305
2025-05-27 10:25:00,23991.12,24010.92,23959.78,23969.43,3793
2025-05-27 10:30:00,23969.43,24013.48,23966.03,24001.15,3493
2025-05-27 10:35:00,24001.15,24013.8,23998.6,23998.64,4894
2025-05-27 10:40:00,23998.64,24004.55,23930.79,23951.34,1583
2025-05-27 10:45:00,23951.34,23955.71,23915.37,23920.54,1472
2025-05-27 10:50:00,23920.54,23927.75,23896.48,23913.72,2980
2025-05-27 10:55:00,23913.72,23919.93,23880.03,23893.02,1599
2025-05-27 11:00:00,23893.02,23899.3,23839.95,23842.34,1259
2025-05-27 11:05:00,23842.34,23912.45,23840.5,23899.35,4881
2025-05-27 11:10:00,23899.35,23901.26,23884.98,23888.96,3067
2025-05-27 11:15:00,23888.96,23898.06,23840.17,23848.0,1669
2025-05-27 11:20:00,23848.0,23863.36,23847.92,23862.75,1696
2025-05-27 11:25:00,23862.75,23877.25,23860.87,23871.88,3523
2025-05-27 11:30:00,23871.88,23900.66,23863.31,23891.35,1632
2025-05-27 11:35:00,23891.35,23898.14,23866.34,23879.03,3807
2025-05-27 11:40:00,23879.03,23912.21,23866.88,23906.2,3389
2025-05-27 11:45:00,23906.2,23919.47,23839.73,23852.11,3990
2025-05-27 11:50:00,23852.11,23889.75,23840.53,23884.43,2507
2025-05-27 11:55:00,23884.43,23886.31,23820.33,23834.2,1365
2025-05-27 12:00:00,23834.2,23835.15,23803.87,23813.1,4990
2025-05-27 12:05:00,23813.1,23832.97,23797.53,23831.97,4597
2025-05-27 12:10:00,23831.97,23848.74,23819.26,23832.8,3184
2025-05-27 12:15:00,23832.8,23832.82,23792.01,23796.02,1107
2025-05-27 12:20:00,23796.02,23824.88,23793.0,23799.83,2304
2025-05-27 12:25:00,23799.83,23810.01,23772.05,23795.23,1912
2025-05-27 12:30:00,23795.23,23868.08,23790.05,23854.81,3756
2025-05-27 12:35:00,23854.81,23892.67,23854.6,23880.25,2944
2025-05-27 12:40:00,23880.25,23883.97,23823.77,23854.88,1436
2025-05-27 12:45:00,23854.88,23865.41,23803.56,23821.73,1703
2025-05-27 12:50:00,23821.73,23823.42,23766.97,23783.98,1559
2025-05-27 12:55:00,23783.98,23788.07,23749.19,23756.15,3368
2025-05-27 13:00:00,23756.15,23776.89,23752.14,23755.06,1113
2025-05-27 13:05:00,23755.06,23766.74,23736.7,23763.47,1356
2025-05-27 13:10:00,23763.47,23796.9,23759.39,23792.22,1487
2025-05-27 13:15:00,23792.22,23797.52,23781.37,23782.72,2758
2025-05-27 13:20:00,23782.72,23814.56,23769.41,23812.16,1034
2025-05-27 13:25:00,23812.16,23853.52,23792.37,23849.6,2831
2025-05-27 13:30:00,23849.6,23860.22,23811.16,23821.91,2371
2025-05-27 13:35:00,23821.91,23834.26,23809.53,23823.58,1792
2025-05-27 13:40:00,23823.58,23842.43,23816.13,23820.31,4399
2025-05-27 13:45:00,23820.31,23870.66,23802.76,23844.16,1805
2025-05-27 13:50:00,23844.16,23857.22,23824.48,23856.81,2360
2025-05-27 13:55:00,23856.81,23858.21,23846.84,23851.8,4923
2025-05-27 14:00:00,23851.8,23855.27,23828.79,23832.44,3826
2025-05-27 14:05:00,23832.44,23852.88,23811.06,23831.77,2459
2025-05-27 14:10:00,23831.77,23836.8,23829.19,23832.4,2511
2025-05-27 14:15:00,23832.4,23850.09,23780.48,23788.75,1098
2025-05-27 14:20:00,23788.75,23790.3,23753.19,23768.66,2048
2025-05-27 14:25:00,23768.66,23805.28,23766.78,23804.54,2468
2025-05-27 14:30:00,23804.54,23829.6,23767.85,23778.68,1294
2025-05-27 14:35:00,23778.68,23780.26,23712.67,23718.45,2830
2025-05-27 14:40:00,23718.45,23726.59,23715.05,23716.54,4318
2025-05-27 14:45:00,23716.54,23751.4,23708.23,23740.23,3418
2025-05-27 14:50:00,23740.23,23758.48,23733.15,23755.77,3866
2025-05-27 14:55:00,23755.77,23768.94,23701.81,23708.89,1188
2025-05-27 15:00:00,23708.89,23749.99,23703.52,23725.04,3030
2025-05-27 15:05:00,23725.04,23727.17,23684.53,23685.81,2616
2025-05-27 15:10:00,23685.81,23686.42,23677.38,23681.3,4338
2025-05-27 15:15:00,23681.3,23699.04,23667.91,23690.46,3075
2025-05-27 15:20:00,23690.46,23693.73,23653.49,23670.49,4076
2025-05-27 15:25:00,23670.49,23689.42,23596.45,23615.29,2589
2025-05-28 09:15:00,23521.54,23541.56,23514.35,23518.95,4643
2025-05-28 09:20:00,23518.95,23533.18,23515.52,23531.26,3543
2025-05-28 09:25:00,23531.26,23555.69,23486.03,23507.55,1309
2025-05-28 09:30:00,23507.55,23549.18,23506.55,23536.63,2464
2025-05-28 09:35:00,23536.63,23572.9,23530.03,23563.0,3915
2025-05-28 09:40:00,23563.0,23570.45,23559.54,23561.91,1440
2025-05-28 09:45:00,23561.91,23581.64,23560.66,23577.52,3784
2025-05-28 09:50:00,23577.52,23579.76,23563.18,23574.7,3618
2025-05-28 09:55:00,23574.7,23635.45,23566.3,23623.4,3986
2025-05-28 10:00:00,23623.4,23673.61,23614.7,23665.09,1259
2025-05-28 10:05:00,23665.09,23694.71,23654.62,23687.15,4636
2025-05-28 10:10:00,23687.15,23707.23,23672.0,23676.84,1831
2025-05-28 10:15:00,23676.84,23708.14,23662.14,23688.93,2119
2025-05-28 10:20:00,23688.93,23693.23,23683.14,23690.38,4872
2025-05-28 10:25:00,23690.38,23694.5,23654.65,23677.49,2138
2025-05-28 10:30:00,23677.49,23677.72,23660.73,23674.29,1759
2025-05-28 10:35:00,23674.29,23735.17,23666.06,23704.47,4542
2025-05-28 10:40:00,23704.47,23728.45,23671.28,23675.35,3081
2025-05-28 10:45:00,23675.35,23720.86,23663.4,23705.15,2857
2025-05-28 10:50:00,23705.15,23724.81,23700.48,23713.04,4687
2025-05-28 10:55:00,23713.04,23730.66,23704.05,23715.73,1559
2025-05-28 11:00:00,23715.73,23731.18,23698.56,23726.83,4558
2025-05-28 11:05:00,23726.83,23739.42,23628.86,23648.68,4162
2025-05-28 11:10:00,23648.68,23672.8,23585.73,23599.26,2321
2025-05-28 11:15:00,23599.26,23632.33,23593.53,23608.75,2134
2025-05-28 11:20:00,23608.75,23620.47,23558.92,23576.74,4590
2025-05-28 11:25:00,23576.74,23591.66,23527.45,23530.15,3954
2025-05-28 11:30:00,23530.15,23537.54,23524.15,23537.47,3714
2025-05-28 11:35:00,23537.47,23578.26,23530.89,23576.46,4247
2025-05-28 11:40:00,23576.46,23625.79,23566.63,23614.11,4118
2025-05-28 11:45:00,23614.11,23623.23,23584.97,23588.93,1754
2025-05-28 11:50:00,23588.93,23598.23,23574.06,23595.04,2974
2025-05-28 11:55:00,23595.04,23655.84,23584.49,23640.83,1150
2025-05-28 12:00:00,23640.83,23695.82,23637.21,23673.5,1120
2025-05-28 12:05:00,23673.5,23688.71,23651.4,23678.56,3842
2025-05-28 12:10:00,23678.56,23696.84,23632.41,23647.9,3291
2025-05-28 12:15:00,23647.9,23708.39,23630.21,23694.98,2045
2025-05-28 12:20:00,23694.98,23728.98,23683.08,23719.57,2516
2025-05-28 12:25:00,23719.57,23774.26,23716.07,23770.32,3964
2025-05-28 12:30:00,23770.32,23800.58,23762.49,23797.82,4667
2025-05-28 12:35:00,23797.82,23802.38,23719.41,23737.11,1629
2025-05-28 12:40:00,23737.11,23745.18,23680.4,23707.37,3014
2025-05-28 12:45:00,23707.37,23750.28,23698.47,23730.72,3577
2025-05-28 12:50:00,23730.72,23792.37,23724.77,23791.59,3118
2025-05-28 12:55:00,23791.59,23800.78,23781.78,23783.46,4792
2025-05-28 13:00:00,23783.46,23786.71,23744.8,23751.8,1885
2025-05-28 13:05:00,23751.8,23772.46,23741.92,23758.87,1430
2025-05-28 13:10:00,23758.87,23794.5,23742.21,23776.57,4177
2025-05-28 13:15:00,23776.57,23787.45,23767.31,23773.51,1549
2025-05-28 13:20:00,23773.51,23805.53,23769.34,23796.24,4207
2025-05-28 13:25:00,23796.24,23843.01,23781.32,23836.72,1961
2025-05-28 13:30:00,23836.72,23840.27,23805.11,23821.3,1212
2025-05-28 13:35:00,23821.3,23826.94,23820.94,23823.56,2321
2025-05-28 13:40:00,23823.56,23831.81,23808.85,23818.17,3512
2025-05-28 13:45:00,23818.17,23824.28,23801.21,23808.69,3118
2025-05-28 13:50:00,23808.69,23851.16,23807.87,23823.09,4785
2025-05-28 13:55:00,23823.09,23882.07,23802.93,23867.7,1300
2025-05-28 14:00:00,23867.7,23881.53,23788.07,23800.92,1617
2025-05-28 14:05:00,23800.92,23819.8,23794.86,23804.62,1501
2025-05-28 14:10:00,23804.62,23813.69,23783.46,23793.8,4226
2025-05-28 14:15:00,23793.8,23813.97,23726.45,23741.39,1432
2025-05-28 14:20:00,23741.39,23758.41,23700.82,23710.2,2330
2025-05-28 14:25:00,23710.2,23724.46,23656.28,23663.78,2489
2025-05-28 14:30:00,23663.78,23668.92,23658.96,23668.34,2356
2025-05-28 14:35:00,23668.34,23686.61,23635.26,23683.36,4395
2025-05-28 14:40:00,23683.36,23700.97,23673.85,23692.22,1780
2025-05-28 14:45:00,23692.22,23709.53,23687.84,23703.09,1968
2025-05-28 14:50:00,23703.09,23711.19,23687.15,23689.62,1045
2025-05-28 14:55:00,23689.62,23707.39,23673.31,23696.25,1419
2025-05-28 15:00:00,23696.25,23709.47,23657.7,23673.88,4825
2025-05-28 15:05:00,23673.88,23707.26,23651.93,23698.21,4795
2025-05-28 15:10:00,23698.21,23711.53,23652.21,23652.63,3306
2025-05-28 15:15:00,23652.63,23661.38,23622.66,23623.91,1823
2025-05-28 15:20:00,23623.91,23626.23,23606.42,23611.76,3365
2025-05-28 15:25:00,23611.76,23629.94,23583.58,23597.24,2331
2025-05-29 09:15:00,23596.69,23609.11,23586.81,23605.56,4461
2025-05-29 09:20:00,23605.56,23627.36,23586.02,23619.93,2825
2025-05-29 09:25:00,23619.93,23643.12,23614.05,23634.03,4537
2025-05-29 09:30:00,23634.03,23635.07,23597.31,23607.16,4935
2025-05-29 09:35:00,23607.16,23616.26,23537.9,23556.89,3080
2025-05-29 09:40:00,23556.89,23566.3,23556.18,23563.3,1346
2025-05-29 09:45:00,23563.3,23569.66,23508.71,23517.2,4254
2025-05-29 09:50:00,23517.2,23520.03,23488.7,23497.82,4343
2025-05-29 09:55:00,23497.82,23503.32,23482.38,23500.63,2171
2025-05-29 10:00:00,23500.63,23518.74,23479.67,23488.3,3858
2025-05-29 10:05:00,23488.3,23511.22,23467.16,23499.53,2560
2025-05-29 10:10:00,23499.53,23505.14,23459.04,23468.87,1787
2025-05-29 10:15:00,23468.87,23476.85,23467.9,23476.35,2183
2025-05-29 10:20:00,23476.35,23497.71,23414.65,23421.58,1642
2025-05-29 10:25:00,23421.58,23432.11,23389.08,23400.52,3995
2025-05-29 10:30:00,23400.52,23403.81,23358.75,23369.2,3838
2025-05-29 10:35:00,23369.2,23391.18,23354.5,23360.83,1710
2025-05-29 10:40:00,23360.83,23420.93,23352.17,23411.34,3782
2025-05-29 10:45:00,23411.34,23447.94,23394.75,23429.82,4773
2025-05-29 10:50:00,23429.82,23468.27,23416.72,23465.28,1713
2025-05-29 10:55:00,23465.28,23484.59,23459.03,23477.49,2451
2025-05-29 11:00:00,23477.49,23484.1,23470.95,23481.5,4235
2025-05-29 11:05:00,23481.5,23517.48,23476.68,23501.21,1343
2025-05-29 11:10:00,23501.21,23506.22,23477.49,23496.89,3974
2025-05-29 11:15:00,23496.89,23498.4,23406.72,23429.32,4333
2025-05-29 11:20:00,23429.32,23429.58,23416.15,23416.55,4147
2025-05-29 11:25:00,23416.55,23417.63,23376.48,23383.37,1787
2025-05-29 11:30:00,23383.37,23404.8,23363.37,23392.99,1555
2025-05-29 11:35:00,23392.99,23414.18,23338.33,23357.03,3582
2025-05-29 11:40:00,23357.03,23360.67,23270.65,23299.21,3548
2025-05-29 11:45:00,23299.21,23312.62,23290.67,23308.44,2442
2025-05-29 11:50:00,23308.44,23379.23,23298.48,23377.67,1103
2025-05-29 11:55:00,23377.67,23382.79,23340.79,23355.51,1601
2025-05-29 12:00:00,23355.51,23366.81,23333.89,23336.49,1637
2025-05-29 12:05:00,23336.49,23351.59,23328.56,23344.41,1420
2025-05-29 12:10:00,23344.41,23408.28,23343.12,23400.18,2052
2025-05-29 12:15:00,23400.18,23415.37,23394.29,23400.81,1641
2025-05-29 12:20:00,23400.81,23405.21,23383.79,23391.6,2988
2025-05-29 12:25:00,23391.6,23404.93,23379.55,23395.34,2223
2025-05-29 12:30:00,23395.34,23430.85,23390.29,23401.17,1166
2025-05-29 12:35:00,23401.17,23461.39,23388.8,23448.68,3195
2025-05-29 12:40:00,23448.68,23476.98,23442.9,23459.34,3404
2025-05-29 12:45:00,23459.34,23472.32,23448.86,23469.65,3636
2025-05-29 12:50:00,23469.65,23478.8,23425.85,23433.82,3426
2025-05-29 12:55:00,23433.82,23443.61,23429.22,23442.92,4627
2025-05-29 13:00:00,23442.92,23501.03,23441.24,23500.89,4434
2025-05-29 13:05:00,23500.89,23597.63,23473.11,23596.68,4957
2025-05-29 13:10:00,23596.68,23611.23,23560.02,23567.0,1282
2025-05-29 13:15:00,23567.0,23601.25,23559.94,23599.6,2698
2025-05-29 13:20:00,23599.6,23606.47,23599.44,23606.38,1671
2025-05-29 13:25:00,23606.38,23629.55,23604.59,23616.76,3584
2025-05-29 13:30:00,23616.76,23618.76,23605.58,23608.19,2212
2025-05-29 13:35:00,23608.19,23635.93,23606.81,23628.14,1829
2025-05-29 13:40:00,23628.14,23637.11,23590.38,23594.31,3994
2025-05-29 13:45:00,23594.31,23597.12,23537.79,23545.1,4196
2025-05-29 13:50:00,23545.1,23561.05,23450.38,23468.55,4424
2025-05-29 13:55:00,23468.55,23482.78,23443.62,23480.99,3270
2025-05-29 14:00:00,23480.99,23494.94,23456.28,23459.98,2015
2025-05-29 14:05:00,23459.98,23463.77,23447.44,23448.14,4180
2025-05-29 14:10:00,23448.14,23456.59,23439.95,23445.25,2440
2025-05-29 14:15:00,23445.25,23480.95,23441.66,23467.35,3762
2025-05-29 14:20:00,23467.35,23488.65,23457.72,23471.71,4768
2025-05-29 14:25:00,23471.71,23474.95,23451.65,23464.19,2752
2025-05-29 14:30:00,23464.19,23465.58,23455.96,23456.9,3783
2025-05-29 14:35:00,23456.9,23467.0,23429.2,23446.84,2638
2025-05-29 14:40:00,23446.84,23491.23,23444.14,23484.09,1837
2025-05-29 14:45:00,23484.09,23513.21,23476.12,23486.89,2911
2025-05-29 14:50:00,23486.89,23524.93,23476.5,23524.49,2705
2025-05-29 14:55:00,23524.49,23524.52,23461.43,23483.24,2954
2025-05-29 15:00:00,23483.24,23536.8,23465.72,23523.95,3537
2025-05-29 15:05:00,23523.95,23539.38,23508.64,23534.91,3225
2025-05-29 15:10:00,23534.91,23540.42,23514.73,23515.93,3015
2025-05-29 15:15:00,23515.93,23517.31,23496.03,23503.73,2778
2025-05-29 15:20:00,23503.73,23520.4,23450.79,23456.09,4138
2025-05-29 15:25:00,23456.09,23470.35,23453.42,23464.76,1261
2025-05-30 09:15:00,23532.95,23540.0,23514.96,23521.1,2836
2025-05-30 09:20:00,23521.1,23572.81,23518.88,23552.92,1160
2025-05-30 09:25:00,23552.92,23571.01,23552.34,23569.46,4512
2025-05-30 09:30:00,23569.46,23594.5,23565.39,23594.16,1970
2025-05-30 09:35:00,23594.16,23605.43,23579.76,23593.78,4430
2025-05-30 09:40:00,23593.78,23660.97,23592.5,23653.43,1714
2025-05-30 09:45:00,23653.43,23688.77,23651.26,23679.03,2893
2025-05-30 09:50:00,23679.03,23680.32,23627.53,23640.43,3728
2025-05-30 09:55:00,23640.43,23687.54,23634.38,23675.47,4898
2025-05-30 10:00:00,23675.47,23686.87,23657.02,23682.65,3248
2025-05-30 10:05:00,23682.65,23710.03,23675.7,23703.6,1796
2025-05-30 10:10:00,23703.6,23715.94,23696.76,23704.81,3929
2025-05-30 10:15:00,23704.81,23723.47,23666.1,23671.51,4375
2025-05-30 10:20:00,23671.51,23696.97,23638.75,23656.42,1332
2025-05-30 10:25:00,23656.42,23682.06,23653.08,23663.01,3779
2025-05-30 10:30:00,23663.01,23695.05,23641.16,23682.18,4373
2025-05-30 10:35:00,23682.18,23715.1,23668.8,23684.15,4526
2025-05-30 10:40:00,23684.15,23692.45,23644.07,23650.46,1674
2025-05-30 10:45:00,23650.46,23654.95,23610.82,23622.13,1964
2025-05-30 10:50:00,23622.13,23624.65,23574.02,23589.62,4178
2025-05-30 10:55:00,23589.62,23633.05,23564.63,23619.59,4301
2025-05-30 11:00:00,23619.59,23629.93,23591.27,23606.42,4598
2025-05-30 11:05:00,23606.42,23628.31,23589.15,23627.43,2732
2025-05-30 11:10:00,23627.43,23701.77,23610.08,23683.0,2317
2025-05-30 11:15:00,23683.0,23685.68,23646.31,23655.42,2833
2025-05-30 11:20:00,23655.42,23675.0,23641.74,23669.98,2862
2025-05-30 11:25:00,23669.98,23708.71,23666.37,23702.59,2421
2025-05-30 11:30:00,23702.59,23753.42,23701.57,23744.54,4478
2025-05-30 11:35:00,23744.54,23787.67,23737.83,23770.38,1066
2025-05-30 11:40:00,23770.38,23779.62,23768.65,23778.07,1803
2025-05-30 11:45:00,23778.07,23789.44,23772.44,23786.61,2065
2025-05-30 11:50:00,23786.61,23795.42,23767.58,23787.98,2486
2025-05-30 11:55:00,23787.98,23796.59,23787.98,23790.55,1775
2025-05-30 12:00:00,23790.55,23823.3,23786.14,23810.43,3191
2025-05-30 12:05:00,23810.43,23821.3,23774.04,23777.94,2441
2025-05-30 12:10:00,23777.94,23782.08,23773.3,23776.75,2343
2025-05-30 12:15:00,23776.75,23823.63,23762.32,23818.01,3628
2025-05-30 12:20:00,23818.01,23826.88,23771.02,23781.95,2175
2025-05-30 12:25:00,23781.95,23789.3,23780.52,23787.54,4428
2025-05-30 12:30:00,23787.54,23805.79,23732.88,23735.05,4647
2025-05-30 12:35:00,23735.05,23760.16,23675.08,23682.95,1921
2025-05-30 12:40:00,23682.95,23685.3,23665.47,23681.47,1631
2025-05-30 12:45:00,23681.47,23702.63,23677.6,23700.76,1218
2025-05-30 12:50:00,23700.76,23713.7,23687.33,23697.3,4312
2025-05-30 12:55:00,23697.3,23742.03,23696.64,23741.8,2617
2025-05-30 13:00:00,23741.8,23751.52,23676.18,23679.96,1937
2025-05-30 13:05:00,23679.96,23695.54,23673.38,23692.45,2275
2025-05-30 13:10:00,23692.45,23705.7,23673.62,23680.98,4205
2025-05-30 13:15:00,23680.98,23705.47,23680.38,23691.18,1450
2025-05-30 13:20:00,23691.18,23722.11,23675.06,23721.97,4998
2025-05-30 13:25:00,23721.97,23727.59,23663.97,23675.72,2109
2025-05-30 13:30:00,23675.72,23690.94,23647.74,23662.94,2867
2025-05-30 13:35:00,23662.94,23677.57,23658.94,23671.66,2257
2025-05-30 13:40:00,23671.66,23683.97,23666.32,23683.53,1998
2025-05-30 13:45:00,23683.53,23692.14,23634.69,23649.99,4216
2025-05-30 13:50:00,23649.99,23701.65,23649.89,23698.11,3964
2025-05-30 13:55:00,23698.11,23700.87,23654.21,23685.35,3169
2025-05-30 14:00:00,23685.35,23689.5,23628.01,23647.24,2694
2025-05-30 14:05:00,23647.24,23662.11,23646.91,23647.63,3749
2025-05-30 14:10:00,23647.63,23657.51,23564.98,23573.05,2752
2025-05-30 14:15:00,23573.05,23580.65,23520.13,23537.59,1033
2025-05-30 14:20:00,23537.59,23540.29,23525.48,23528.7,4987
2025-05-30 14:25:00,23528.7,23532.52,23518.76,23529.74,2985
2025-05-30 14:30:00,23529.74,23554.53,23501.81,23539.37,3768
2025-05-30 14:35:00,23539.37,23569.31,23533.3,23556.34,4287
2025-05-30 14:40:00,23556.34,23567.39,23541.77,23548.48,4284
2025-05-30 14:45:00,23548.48,23585.35,23544.79,23585.0,1861
2025-05-30 14:50:00,23585.0,23605.85,23569.76,23599.64,1790
2025-05-30 14:55:00,23599.64,23604.65,23572.06,23587.88,1589
2025-05-30 15:00:00,23587.88,23598.77,23562.51,23576.56,3567
2025-05-30 15:05:00,23576.56,23584.27,23553.3,23566.46,4597
2025-05-30 15:10:00,23566.46,23587.47,23563.82,23587.47,3620
2025-05-30 15:15:00,23587.47,23605.54,23581.77,23601.72,1251
2025-05-30 15:20:00,23601.72,23604.91,23582.82,23593.73,3655
2025-05-30 15:25:00,23593.73,23635.34,23583.21,23634.76,2280
2025-06-02 09:15:00,23613.01,23629.18,23562.94,23571.51,2275
2025-06-02 09:20:00,23571.51,23580.91,23553.85,23565.16,2131
2025-06-02 09:25:00,23565.16,23588.26,23564.25,23578.95,3429
2025-06-02 09:30:00,23578.95,23596.32,23541.29,23550.63,1678
2025-06-02 09:35:00,23550.63,23589.6,23525.15,23584.35,4687
2025-06-02 09:40:00,23584.35,23596.81,23580.81,23588.88,4173
2025-06-02 09:45:00,23588.88,23664.13,23570.89,23646.6,4733
2025-06-02 09:50:00,23646.6,23657.32,23608.13,23616.16,1006
2025-06-02 09:55:00,23616.16,23629.49,23532.97,23555.09,2372
2025-06-02 10:00:00,23555.09,23561.81,23535.65,23542.17,4906
2025-06-02 10:05:00,23542.17,23550.01,23501.39,23513.84,1795
2025-06-02 10:10:00,23513.84,23521.87,23499.93,23507.17,3575
2025-06-02 10:15:00,23507.17,23525.26,23474.89,23487.2,2165
2025-06-02 10:20:00,23487.2,23517.59,23480.27,23498.43,2831
2025-06-02 10:25:00,23498.43,23526.43,23492.32,23496.59,3770
2025-06-02 10:30:00,23496.59,23528.39,23489.15,23526.87,1302
2025-06-02 10:35:00,23526.87,23537.84,23449.89,23455.77,3559
2025-06-02 10:40:00,23455.77,23462.52,23441.74,23459.25,4048
2025-06-02 10:45:00,23459.25,23484.37,23450.32,23458.67,1180
2025-06-02 10:50:00,23458.67,23512.35,23452.45,23511.82,4156
2025-06-02 10:55:00,23511.82,23527.49,23488.9,23507.03,3871
2025-06-02 11:00:00,23507.03,23527.01,23460.06,23479.09,4799
2025-06-02 11:05:00,23479.09,23487.31,23435.85,23451.2,2738
2025-06-02 11:10:00,23451.2,23453.41,23397.15,23409.69,2335
2025-06-02 11:15:00,23409.69,23417.52,23381.22,23390.28,1033
2025-06-02 11:20:00,23390.28,23420.98,23388.06,23419.66,4868
2025-06-02 11:25:00,23419.66,23432.72,23399.84,23402.98,4763
2025-06-02 11:30:00,23402.98,23422.95,23386.97,23421.19,1479
2025-06-02 11:35:00,23421.19,23462.8,23414.31,23451.54,1977
2025-06-02 11:40:00,23451.54,23485.28,23433.34,23481.53,2009
2025-06-02 11:45:00,23481.53,23549.71,23480.07,23528.23,4358
2025-06-02 11:50:00,23528.23,23528.56,23497.38,23498.04,4955
2025-06-02 11:55:00,23498.04,23502.52,23464.04,23471.99,1722
2025-06-02 12:00:00,23471.99,23474.73,23447.26,23452.31,1858
2025-06-02 12:05:00,23452.31,23463.77,23442.9,23445.66,2604
2025-06-02 12:10:00,23445.66,23464.26,23417.23,23425.82,3932
2025-06-02 12:15:00,23425.82,23439.79,23391.44,23401.41,2840
2025-06-02 12:20:00,23401.41,23456.58,23388.7,23447.2,1276
2025-06-02 12:25:00,23447.2,23471.16,23432.85,23445.6,4111
2025-06-02 12:30:00,23445.6,23460.98,23421.86,23439.72,2093
2025-06-02 12:35:00,23439.72,23440.11,23400.44,23405.77,4053
2025-06-02 12:40:00,23405.77,23429.65,23398.61,23420.08,2003
2025-06-02 12:45:00,23420.08,23460.97,23416.76,23455.37,4519
2025-06-02 12:50:00,23455.37,23460.01,23419.35,23449.5,2465
2025-06-02 12:55:00,23449.5,23465.44,23429.43,23464.98,2188
2025-06-02 13:00:00,23464.98,23467.81,23459.58,23464.91,3598
2025-06-02 13:05:00,23464.91,23479.47,23427.92,23448.67,2313
2025-06-02 13:10:00,23448.67,23494.04,23431.04,23488.9,3379
2025-06-02 13:15:00,23488.9,23500.19,23466.66,23493.42,2787
2025-06-02 13:20:00,23493.42,23532.27,23481.99,23520.88,2243
2025-06-02 13:25:00,23520.88,23547.88,23499.45,23536.86,1870
2025-06-02 13:30:00,23536.86,23537.77,23517.32,23528.12,2260
2025-06-02 13:35:00,23528.12,23530.14,23508.12,23517.24,1652
2025-06-02 13:40:00,23517.24,23535.38,23467.73,23470.25,4196
2025-06-02 13:45:00,23470.25,23499.99,23465.94,23497.11,1119
2025-06-02 13:50:00,23497.11,23501.65,23493.53,23494.06,3179
2025-06-02 13:55:00,23494.06,23502.53,23470.31,23482.84,3742
2025-06-02 14:00:00,23482.84,23540.58,23474.55,23524.0,4961
2025-06-02 14:05:00,23524.0,23546.63,23506.69,23514.45,3388
2025-06-02 14:10:00,23514.45,23516.64,23485.95,23492.97,2594
2025-06-02 14:15:00,23492.97,23537.49,23471.49,23519.32,4921
2025-06-02 14:20:00,23519.32,23554.7,23506.27,23550.74,4344
2025-06-02 14:25:00,23550.74,23565.63,23543.75,23559.42,1027
2025-06-02 14:30:00,23559.42,23564.04,23543.04,23551.53,1621
2025-06-02 14:35:00,23551.53,23552.88,23485.18,23493.97,3809
2025-06-02 14:40:00,23493.97,23498.76,23463.11,23472.93,3640
2025-06-02 14:45:00,23472.93,23496.36,23464.02,23489.73,2589
2025-06-02 14:50:00,23489.73,23504.48,23470.52,23493.53,2324
2025-06-02 14:55:00,23493.53,23521.29,23480.79,23510.76,2440
2025-06-02 15:00:00,23510.76,23521.98,23507.18,23520.5,3286
2025-06-02 15:05:00,23520.5,23524.3,23500.32,23505.74,4521
2025-06-02 15:10:00,23505.74,23520.07,23453.26,23463.33,3169
2025-06-02 15:15:00,23463.33,23511.9,23457.98,23496.31,4095
2025-06-02 15:20:00,23496.31,23502.38,23495.55,23501.6,3012
2025-06-02 15:25:00,23501.6,23514.57,23491.51,23510.41,2457
2025-06-03 09:15:00,23591.95,23612.54,23529.11,23536.16,3728
2025-06-03 09:20:00,23536.16,23549.93,23518.6,23519.89,2378
2025-06-03 09:25:00,23519.89,23588.02,23516.41,23573.24,2762
2025-06-03 09:30:00,23573.24,23579.49,23571.04,23574.4,1859
2025-06-03 09:35:00,23574.4,23589.19,23566.75,23574.68,4680
2025-06-03 09:40:00,23574.68,23594.62,23560.36,23589.51,1749
2025-06-03 09:45:00,23589.51,23599.12,23560.3,23572.59,2376
2025-06-03 09:50:00,23572.59,23584.57,23552.78,23553.49,1086
2025-06-03 09:55:00,23553.49,23554.46,23467.67,23494.69,4110
2025-06-03 10:00:00,23494.69,23535.44,23448.14,23466.32,3000
2025-06-03 10:05:00,23466.32,23472.91,23449.75,23462.67,3662
2025-06-03 10:10:00,23462.67,23509.1,23462.61,23499.53,4393
2025-06-03 10:15:00,23499.53,23516.5,23419.38,23460.19,2342
2025-06-03 10:20:00,23460.19,23466.25,23394.43,23420.17,2852
2025-06-03 10:25:00,23420.17,23458.16,23412.14,23453.12,4080
2025-06-03 10:30:00,23453.12,23497.7,23440.06,23484.91,3255
2025-06-03 10:35:00,23484.91,23490.56,23442.35,23460.3,4992
2025-06-03 10:40:00,23460.3,23484.59,23452.22,23473.65,3141
2025-06-03 10:45:00,23473.65,23475.07,23463.97,23468.53,1353
2025-06-03 10:50:00,23468.53,23478.75,23405.87,23412.47,2876
2025-06-03 10:55:00,23412.47,23425.21,23383.27,23408.31,3687
2025-06-03 11:00:00,23408.31,23423.56,23406.12,23406.29,3579
2025-06-03 11:05:00,23406.29,23422.15,23401.11,23401.86,3728
2025-06-03 11:10:00,23401.86,23430.32,23396.37,23428.23,4683
2025-06-03 11:15:00,23428.23,23444.0,23413.63,23439.85,4274
2025-06-03 11:20:00,23439.85,23507.15,23430.64,23481.94,3688
2025-06-03 11:25:00,23481.94,23483.39,23461.67,23471.51,3005
2025-06-03 11:30:00,23471.51,23497.55,23458.61,23486.02,2920
2025-06-03 11:35:00,23486.02,23506.74,23466.24,23474.93,3267
2025-06-03 11:40:00,23474.93,23485.93,23448.19,23450.09,4067
2025-06-03 11:45:00,23450.09,23451.41,23438.49,23444.89,1478
2025-06-03 11:50:00,23444.89,23455.88,23429.1,23434.23,1852
2025-06-03 11:55:00,23434.23,23435.49,23409.53,23432.94,4634
2025-06-03 12:00:00,23432.94,23489.08,23415.66,23463.52,3891
2025-06-03 12:05:00,23463.52,23518.87,23459.78,23509.96,1794
2025-06-03 12:10:00,23509.96,23510.52,23459.11,23475.59,4842
2025-06-03 12:15:00,23475.59,23529.23,23469.12,23515.46,1946
2025-06-03 12:20:00,23515.46,23531.1,23489.51,23511.92,4907
2025-06-03 12:25:00,23511.92,23528.48,23503.01,23520.22,1642
2025-06-03 12:30:00,23520.22,23553.89,23512.79,23527.41,4715
2025-06-03 12:35:00,23527.41,23556.42,23517.11,23548.01,1794
2025-06-03 12:40:00,23548.01,23551.57,23510.67,23543.74,4765
2025-06-03 12:45:00,23543.74,23550.57,23535.96,23545.7,1954
2025-06-03 12:50:00,23545.7,23557.83,23525.74,23528.33,4796
2025-06-03 12:55:00,23528.33,23558.48,23522.24,23546.97,2867
2025-06-03 13:00:00,23546.97,23586.95,23541.94,23584.53,2872
2025-06-03 13:05:00,23584.53,23587.07,23547.57,23566.96,1651
2025-06-03 13:10:00,23566.96,23567.82,23544.87,23553.8,1954
2025-06-03 13:15:00,23553.8,23555.12,23499.46,23509.98,1631
2025-06-03 13:20:00,23509.98,23520.07,23499.47,23503.62,4922
2025-06-03 13:25:00,23503.62,23511.83,23462.56,23471.86,3534
2025-06-03 13:30:00,23471.86,23529.93,23465.04,23517.24,3632
2025-06-03 13:35:00,23517.24,23536.14,23496.47,23505.0,4500
2025-06-03 13:40:00,23505.0,23514.3,23463.49,23482.2,2065
2025-06-03 13:45:00,23482.2,23496.17,23440.72,23446.77,1824
2025-06-03 13:50:00,23446.77,23454.17,23398.97,23406.05,1922
2025-06-03 13:55:00,23406.05,23426.46,23373.45,23393.36,4174
2025-06-03 14:00:00,23393.36,23402.25,23364.21,23369.87,3533
2025-06-03 14:05:00,23369.87,23405.28,23361.75,23397.49,4899
2025-06-03 14:10:00,23397.49,23432.32,23386.49,23415.4,4763
2025-06-03 14:15:00,23415.4,23419.39,23406.99,23409.8,1600
2025-06-03 14:20:00,23409.8,23471.18,23405.52,23452.57,4762
2025-06-03 14:25:00,23452.57,23470.76,23444.25,23468.89,2366
2025-06-03 14:30:00,23468.89,23477.86,23443.23,23452.05,3714
2025-06-03 14:35:00,23452.05,23466.69,23451.34,23460.51,2466
2025-06-03 14:40:00,23460.51,23464.51,23371.0,23389.98,3737
2025-06-03 14:45:00,23389.98,23396.62,23358.57,23364.35,3861
2025-06-03 14:50:00,23364.35,23372.55,23347.09,23364.47,4479
2025-06-03 14:55:00,23364.47,23398.33,23340.58,23395.35,4979
2025-06-03 15:00:00,23395.35,23410.76,23314.4,23321.92,4087
2025-06-03 15:05:00,23321.92,23353.87,23314.7,23319.2,1042
2025-06-03 15:10:00,23319.2,23327.55,23311.87,23314.68,3587
2025-06-03 15:15:00,23314.68,23336.85,23256.93,23258.66,3975
2025-06-03 15:20:00,23258.66,23281.93,23254.52,23275.85,1166
2025-06-03 15:25:00,23275.85,23276.42,23254.02,23267.26,2049
2025-06-04 09:15:00,23325.06,23347.92,23286.88,23301.54,3797
2025-06-04 09:20:00,23301.54,23303.91,23295.05,23295.49,2499
2025-06-04 09:25:00,23295.49,23324.77,23280.01,23306.02,2171
2025-06-04 09:30:00,23306.02,23366.23,23298.87,23340.19,4778
2025-06-04 09:35:00,23340.19,23356.82,23321.42,23344.5,3256
2025-06-04 09:40:00,23344.5,23346.27,23304.44,23309.23,2273
2025-06-04 09:45:00,23309.23,23323.4,23282.86,23284.07,2808
2025-06-04 09:50:00,23284.07,23298.33,23239.97,23245.67,3461
2025-06-04 09:55:00,23245.67,23253.16,23220.93,23225.58,2903
2025-06-04 10:00:00,23225.58,23258.7,23213.48,23243.75,2683
2025-06-04 10:05:00,23243.75,23273.06,23218.57,23266.12,2662
2025-06-04 10:10:00,23266.12,23281.67,23244.87,23246.2,4880
2025-06-04 10:15:00,23246.2,23256.07,23195.72,23212.55,1992
2025-06-04 10:20:00,23212.55,23235.62,23193.36,23229.52,2378
2025-06-04 10:25:00,23229.52,23273.43,23229.3,23243.86,2231
2025-06-04 10:30:00,23243.86,23279.25,23233.34,23260.46,3869
2025-06-04 10:35:00,23260.46,23264.11,23231.03,23237.51,4857
2025-06-04 10:40:00,23237.51,23266.84,23214.97,23262.89,4757
2025-06-04 10:45:00,23262.89,23303.71,23257.94,23303.4,3641
2025-06-04 10:50:00,23303.4,23332.43,23293.09,23320.85,2398
2025-06-04 10:55:00,23320.85,23321.52,23300.87,23304.19,1688
2025-06-04 11:00:00,23304.19,23361.23,23299.81,23355.37,3362
2025-06-04 11:05:00,23355.37,23436.79,23350.74,23421.17,2328
2025-06-04 11:10:00,23421.17,23452.73,23417.31,23425.43,2649
2025-06-04 11:15:00,23425.43,23430.2,23377.76,23380.1,4609
2025-06-04 11:20:00,23380.1,23434.39,23364.07,23406.5,1493
2025-06-04 11:25:00,23406.5,23412.03,23346.57,23348.74,4571
2025-06-04 11:30:00,23348.74,23370.31,23329.78,23360.73,2169
2025-06-04 11:35:00,23360.73,23394.01,23356.95,23382.47,2518
2025-06-04 11:40:00,23382.47,23412.05,23360.85,23379.59,2389
2025-06-04 11:45:00,23379.59,23384.65,23323.73,23328.68,4858
2025-06-04 11:50:00,23328.68,23364.44,23318.84,23347.69,3417
2025-06-04 11:55:00,23347.69,23403.53,23326.04,23396.32,4394
2025-06-04 12:00:00,23396.32,23405.36,23353.46,23354.83,1803
2025-06-04 12:05:00,23354.83,23378.91,23347.63,23363.35,1140
2025-06-04 12:10:00,23363.35,23383.05,23351.44,23357.41,3495
2025-06-04 12:15:00,23357.41,23401.69,23337.97,23401.51,3362
2025-06-04 12:20:00,23401.51,23412.26,23385.43,23393.51,1233
2025-06-04 12:25:00,23393.51,23400.27,23392.14,23396.57,4926
2025-06-04 12:30:00,23396.57,23420.41,23377.0,23389.87,1817
2025-06-04 12:35:00,23389.87,23402.13,23380.32,23396.21,4141
2025-06-04 12:40:00,23396.21,23457.43,23384.2,23444.3,2309
2025-06-04 12:45:00,23444.3,23471.0,23439.8,23455.72,4493
2025-06-04 12:50:00,23455.72,23467.69,23403.13,23420.0,1971
2025-06-04 12:55:00,23420.0,23432.73,23418.14,23423.9,4265
2025-06-04 13:00:00,23423.9,23441.11,23403.3,23415.7,1866
2025-06-04 13:05:00,23415.7,23438.48,23413.11,23431.88,2311
2025-06-04 13:10:00,23431.88,23474.56,23423.98,23470.08,2056
2025-06-04 13:15:00,23470.08,23509.49,23463.87,23495.02,4232
2025-06-04 13:20:00,23495.02,23511.27,23480.94,23510.1,1654
2025-06-04 13:25:00,23510.1,23523.4,23481.23,23502.27,2498
2025-06-04 13:30:00,23502.27,23562.53,23476.46,23546.39,1544
2025-06-04 13:35:00,23546.39,23559.39,23508.18,23534.95,4304
2025-06-04 13:40:00,23534.95,23543.93,23509.85,23519.17,2369
2025-06-04 13:45:00,23519.17,23521.76,23442.59,23458.34,1678
2025-06-04 13:50:00,23458.34,23466.28,23435.62,23438.02,3437
2025-06-04 13:55:00,23438.02,23455.66,23426.42,23451.78,3817
2025-06-04 14:00:00,23451.78,23467.09,23412.62,23465.16,1671
2025-06-04 14:05:00,23465.16,23480.85,23440.83,23444.08,2393
2025-06-04 14:10:00,23444.08,23470.14,23430.25,23433.16,1570
2025-06-04 14:15:00,23433.16,23455.9,23426.68,23438.77,2540
2025-06-04 14:20:00,23438.77,23439.16,23409.64,23416.15,2511
2025-06-04 14:25:00,23416.15,23448.61,23415.38,23443.13,1963
2025-06-04 14:30:00,23443.13,23463.62,23433.21,23458.94,2535
2025-06-04 14:35:00,23458.94,23469.23,23437.18,23459.09,2173
2025-06-04 14:40:00,23459.09,23460.15,23451.39,23458.19,3728
2025-06-04 14:45:00,23458.19,23493.46,23451.92,23485.58,1157
2025-06-04 14:50:00,23485.58,23493.54,23460.14,23482.4,3187
2025-06-04 14:55:00,23482.4,23499.59,23468.4,23498.88,2306
2025-06-04 15:00:00,23498.88,23527.05,23488.41,23514.82,4388
2025-06-04 15:05:00,23514.82,23540.77,23506.1,23528.52,1815
2025-06-04 15:10:00,23528.52,23540.86,23515.79,23517.16,3885
2025-06-04 15:15:00,23517.16,23533.36,23472.09,23477.74,2348
2025-06-04 15:20:00,23477.74,23487.33,23452.35,23459.8,1841
2025-06-04 15:25:00,23459.8,23490.8,23456.75,23470.73,1171
2025-06-05 09:15:00,23265.37,23275.21,23256.34,23267.53,3903
2025-06-05 09:20:00,23267.53,23269.29,23231.9,23242.28,1299
2025-06-05 09:25:00,23242.28,23250.6,23240.12,23241.92,4376
2025-06-05 09:30:00,23241.92,23250.56,23234.28,23249.73,1487
2025-06-05 09:35:00,23249.73,23252.1,23216.88,23219.08,2310
2025-06-05 09:40:00,23219.08,23243.44,23213.03,23232.62,3899
2025-06-05 09:45:00,23232.62,23289.56,23230.36,23279.57,3818
2025-06-05 09:50:00,23279.57,23303.79,23274.68,23285.27,1409
2025-06-05 09:55:00,23285.27,23306.97,23283.05,23303.82,2173
2025-06-05 10:00:00,23303.82,23317.29,23301.96,23302.81,2200
2025-06-05 10:05:00,23302.81,23324.34,23299.23,23312.77,3179
2025-06-05 10:10:00,23312.77,23353.5,23306.35,23344.48,3055
2025-06-05 10:15:00,23344.48,23355.75,23291.74,23309.54,3108
2025-06-05 10:20:00,23309.54,23351.54,23301.15,23347.3,2156
2025-06-05 10:25:00,23347.3,23348.13,23276.4,23309.41,3555
2025-06-05 10:30:00,23309.41,23310.52,23285.65,23301.32,2641
2025-06-05 10:35:00,23301.32,23317.48,23298.26,23315.32,1472
2025-06-05 10:40:00,23315.32,23324.77,23301.01,23305.74,2634
2025-06-05 10:45:00,23305.74,23315.55,23228.68,23235.48,4047
2025-06-05 10:50:00,23235.48,23244.62,23230.32,23240.87,2036
2025-06-05 10:55:00,23240.87,23267.89,23236.73,23264.6,3435
2025-06-05 11:00:00,23264.6,23268.46,23233.47,23242.54,1133
2025-06-05 11:05:00,23242.54,23244.44,23218.09,23221.99,2899
2025-06-05 11:10:00,23221.99,23250.98,23167.33,23189.31,3387
2025-06-05 11:15:00,23189.31,23194.55,23133.95,23152.38,4309
2025-06-05 11:20:00,23152.38,23173.09,23146.44,23156.05,4618
2025-06-05 11:25:00,23156.05,23168.91,23133.02,23133.88,2053
2025-06-05 11:30:00,23133.88,23166.35,23132.37,23152.31,3227
2025-06-05 11:35:00,23152.31,23227.34,23131.04,23216.33,1848
2025-06-05 11:40:00,23216.33,23220.28,23203.73,23208.38,4812
2025-06-05 11:45:00,23208.38,23236.32,23193.03,23233.17,3979
2025-06-05 11:50:00,23233.17,23249.07,23224.31,23242.18,1450
2025-06-05 11:55:00,23242.18,23304.25,23225.29,23298.56,1138
2025-06-05 12:00:00,23298.56,23341.28,23275.24,23337.78,4852
2025-06-05 12:05:00,23337.78,23375.76,23334.26,23372.16,3467
2025-06-05 12:10:00,23372.16,23375.65,23344.76,23370.57,4922
2025-06-05 12:15:00,23370.57,23380.47,23348.35,23377.16,2441
2025-06-05 12:20:00,23377.16,23380.35,23366.64,23369.77,4762
2025-06-05 12:25:00,23369.77,23399.16,23363.81,23396.83,1263
2025-06-05 12:30:00,23396.83,23408.59,23393.61,23405.78,4109
2025-06-05 12:35:00,23405.78,23418.11,23387.09,23391.07,3306
2025-06-05 12:40:00,23391.07,23399.29,23324.51,23328.58,4187
2025-06-05 12:45:00,23328.58,23383.08,23318.61,23369.79,2648
2025-06-05 12:50:00,23369.79,23415.09,23359.6,23408.48,2936
2025-06-05 12:55:00,23408.48,23418.24,23368.73,23373.35,3315
2025-06-05 13:00:00,23373.35,23413.54,23371.02,23408.71,2080
2025-06-05 13:05:00,23408.71,23428.09,23362.47,23378.88,2160
2025-06-05 13:10:00,23378.88,23418.13,23365.56,23391.23,2599
2025-06-05 13:15:00,23391.23,23399.31,23372.62,23378.67,4857
2025-06-05 13:20:00,23378.67,23404.34,23323.9,23327.51,3492
2025-06-05 13:25:00,23327.51,23338.21,23222.35,23235.6,3630
2025-06-05 13:30:00,23235.6,23237.19,23206.42,23208.42,2809
2025-06-05 13:35:00,23208.42,23212.27,23201.69,23206.39,4850
2025-06-05 13:40:00,23206.39,23207.12,23192.41,23198.59,1297
2025-06-05 13:45:00,23198.59,23205.08,23176.01,23188.67,3744
2025-06-05 13:50:00,23188.67,23246.01,23182.18,23240.22,3705
2025-06-05 13:55:00,23240.22,23243.27,23216.25,23228.86,2319
2025-06-05 14:00:00,23228.86,23252.28,23215.4,23250.15,3639
2025-06-05 14:05:00,23250.15,23273.16,23237.85,23262.11,3878
2025-06-05 14:10:00,23262.11,23280.99,23222.24,23228.82,3803
2025-06-05 14:15:00,23228.82,23233.65,23215.64,23233.25,3645
2025-06-05 14:20:00,23233.25,23235.6,23214.13,23215.51,1579
2025-06-05 14:25:00,23215.51,23218.98,23152.78,23167.39,3761
2025-06-05 14:30:00,23167.39,23174.74,23158.55,23161.8,4896
2025-06-05 14:35:00,23161.8,23213.03,23161.54,23198.64,3618
2025-06-05 14:40:00,23198.64,23239.69,23172.53,23236.5,1149
2025-06-05 14:45:00,23236.5,23251.67,23225.39,23246.42,2794
2025-06-05 14:50:00,23246.42,23300.94,23224.24,23283.53,1208
2025-06-05 14:55:00,23283.53,23297.6,23279.48,23297.45,2127
2025-06-05 15:00:00,23297.45,23332.16,23281.6,23327.13,3410
2025-06-05 15:05:00,23327.13,23342.44,23326.17,23338.56,3456
2025-06-05 15:10:00,23338.56,23367.95,23319.14,23321.31,2680
2025-06-05 15:15:00,23321.31,23372.36,23301.28,23371.93,1988
2025-06-05 15:20:00,23371.93,23376.62,23322.64,23328.33,1567
2025-06-05 15:25:00,23328.33,23335.34,23295.6,23300.46,2219
2025-06-06 09:15:00,23265.96,23292.18,23261.35,23289.64,2320
2025-06-06 09:20:00,23289.64,23291.86,23256.69,23261.88,1963
2025-06-06 09:25:00,23261.88,23302.95,23259.78,23275.33,4514
2025-06-06 09:30:00,23275.33,23275.6,23264.88,23271.45,2294
2025-06-06 09:35:00,23271.45,23292.37,23232.59,23241.35,4441
2025-06-06 09:40:00,23241.35,23258.3,23219.57,23242.66,2794
2025-06-06 09:45:00,23242.66,23259.98,23229.75,23253.56,3751
2025-06-06 09:50:00,23253.56,23263.96,23193.26,23213.43,3179
2025-06-06 09:55:00,23213.43,23251.28,23210.94,23232.29,3091
2025-06-06 10:00:00,23232.29,23233.24,23216.4,23229.08,2699
2025-06-06 10:05:00,23229.08,23236.25,23226.32,23232.57,4856
2025-06-06 10:10:00,23232.57,23245.5,23226.78,23236.11,4201
2025-06-06 10:15:00,23236.11,23311.3,23229.52,23301.72,2192
2025-06-06 10:20:00,23301.72,23333.98,23264.67,23275.45,3244
2025-06-06 10:25:00,23275.45,23286.14,23262.97,23280.91,1905
2025-06-06 10:30:00,23280.91,23293.73,23269.4,23269.65,1666
2025-06-06 10:35:00,23269.65,23278.51,23234.09,23251.43,1032
2025-06-06 10:40:00,23251.43,23309.06,23244.88,23288.3,2474
2025-06-06 10:45:00,23288.3,23313.01,23270.15,23299.68,2943
2025-06-06 10:50:00,23299.68,23311.3,23297.87,23310.87,4832
2025-06-06 10:55:00,23310.87,23331.76,23308.66,23328.31,2579
2025-06-06 11:00:00,23328.31,23339.33,23325.49,23330.51,4129
2025-06-06 11:05:00,23330.51,23335.28,23300.74,23311.98,4834
2025-06-06 11:10:00,23311.98,23329.9,23257.61,23282.27,1077
2025-06-06 11:15:00,23282.27,23289.43,23254.28,23258.77,4322
2025-06-06 11:20:00,23258.77,23327.93,23247.5,23319.07,2000
2025-06-06 11:25:00,23319.07,23339.95,23310.04,23339.68,1644
2025-06-06 11:30:00,23339.68,23355.77,23319.97,23351.94,3706
2025-06-06 11:35:00,23351.94,23374.49,23343.99,23345.78,1798
2025-06-06 11:40:00,23345.78,23360.66,23339.52,23351.9,1335
2025-06-06 11:45:00,23351.9,23383.49,23346.9,23373.51,1542
2025-06-06 11:50:00,23373.51,23409.32,23369.56,23403.08,2876
2025-06-06 11:55:00,23403.08,23403.54,23359.76,23360.64,1296
2025-06-06 12:00:00,23360.64,23366.82,23333.57,23344.78,4536
2025-06-06 12:05:00,23344.78,23352.63,23313.04,23315.98,4809
2025-06-06 12:10:00,23315.98,23384.26,23308.6,23382.82,4757
2025-06-06 12:15:00,23382.82,23412.21,23370.98,23411.16,3198
2025-06-06 12:20:00,23411.16,23457.49,23410.09,23449.22,3858
2025-06-06 12:25:00,23449.22,23466.94,23445.35,23458.51,4884
2025-06-06 12:30:00,23458.51,23459.23,23434.89,23442.22,1282
2025-06-06 12:35:00,23442.22,23474.12,23433.24,23434.14,1387
2025-06-06 12:40:00,23434.14,23475.68,23433.34,23462.24,3235
2025-06-06 12:45:00,23462.24,23467.81,23433.0,23445.8,1393
2025-06-06 12:50:00,23445.8,23474.05,23444.74,23457.97,3717
2025-06-06 12:55:00,23457.97,23475.9,23447.16,23470.74,1140
2025-06-06 13:00:00,23470.74,23474.43,23430.9,23439.18,4371
2025-06-06 13:05:00,23439.18,23446.4,23380.87,23382.95,1646
2025-06-06 13:10:00,23382.95,23430.26,23364.92,23418.23,2464
2025-06-06 13:15:00,23418.23,23418.9,23405.97,23409.87,1550
2025-06-06 13:20:00,23409.87,23455.17,23405.13,23440.3,4782
2025-06-06 13:25:00,23440.3,23489.53,23430.53,23480.68,3836
2025-06-06 13:30:00,23480.68,23482.15,23452.59,23463.58,4958
2025-06-06 13:35:00,23463.58,23477.52,23411.8,23423.79,2984
2025-06-06 13:40:00,23423.79,23425.39,23409.5,23413.97,3601
2025-06-06 13:45:00,23413.97,23443.49,23401.72,23423.03,1808
2025-06-06 13:50:00,23423.03,23424.06,23389.61,23394.16,2341
2025-06-06 13:55:00,23394.16,23417.89,23389.98,23414.79,1633
2025-06-06 14:00:00,23414.79,23428.85,23373.03,23390.04,4654
2025-06-06 14:05:00,23390.04,23390.81,23354.2,23359.92,1849
2025-06-06 14:10:00,23359.92,23375.12,23336.67,23374.66,4875
2025-06-06 14:15:00,23374.66,23422.24,23346.25,23419.71,3274
2025-06-06 14:20:00,23419.71,23434.44,23410.78,23427.0,2430
2025-06-06 14:25:00,23427.0,23434.28,23416.51,23428.55,1159
2025-06-06 14:30:00,23428.55,23478.67,23425.49,23465.33,4067
2025-06-06 14:35:00,23465.33,23467.19,23415.78,23423.06,1237
2025-06-06 14:40:00,23423.06,23428.61,23375.17,23394.93,1150
2025-06-06 14:45:00,23394.93,23409.54,23391.63,23405.05,4973
2025-06-06 14:50:00,23405.05,23405.17,23366.21,23371.23,2056
2025-06-06 14:55:00,23371.23,23386.59,23333.41,23346.21,4964
2025-06-06 15:00:00,23346.21,23349.64,23343.32,23348.26,3594
2025-06-06 15:05:00,23348.26,23357.89,23327.71,23357.56,3974
2025-06-06 15:10:00,23357.56,23382.3,23347.55,23372.01,2088
2025-06-06 15:15:00,23372.01,23381.35,23350.73,23362.59,3383
2025-06-06 15:20:00,23362.59,23363.99,23348.84,23351.96,2435
2025-06-06 15:25:00,23351.96,23358.29,23316.26,23321.36,4052
2025-06-09 09:15:00,23389.69,23424.99,23385.62,23413.84,2403
2025-06-09 09:20:00,23413.84,23438.38,23406.6,23420.94,3821
2025-06-09 09:25:00,23420.94,23432.62,23405.21,23422.93,3073
2025-06-09 09:30:00,23422.93,23423.6,23378.79,23381.59,4804
2025-06-09 09:35:00,23381.59,23445.02,23375.18,23444.89,1791
2025-06-09 09:40:00,23444.89,23482.65,23429.63,23463.11,2838
2025-06-09 09:45:00,23463.11,23466.05,23450.71,23465.89,4126
2025-06-09 09:50:00,23465.89,23465.91,23393.17,23402.27,3270
2025-06-09 09:55:00,23402.27,23414.2,23396.14,23408.72,2281
2025-06-09 10:00:00,23408.72,23425.06,23388.47,23423.59,4582
2025-06-09 10:05:00,23423.59,23433.52,23406.98,23418.42,2074
2025-06-09 10:10:00,23418.42,23452.59,23410.61,23446.86,3100
2025-06-09 10:15:00,23446.86,23458.95,23424.51,23444.72,1035
2025-06-09 10:20:00,23444.72,23468.5,23438.67,23461.69,2016
2025-06-09 10:25:00,23461.69,23466.05,23441.83,23464.98,3856
2025-06-09 10:30:00,23464.98,23477.36,23452.0,23453.18,4669
2025-06-09 10:35:00,23453.18,23463.21,23427.42,23444.37,1924
2025-06-09 10:40:00,23444.37,23483.2,23443.46,23459.95,3653
2025-06-09 10:45:00,23459.95,23497.65,23454.91,23491.75,3743
2025-06-09 10:50:00,23491.75,23527.7,23479.84,23517.37,3040
2025-06-09 10:55:00,23517.37,23528.05,23511.84,23523.36,3027
2025-06-09 11:00:00,23523.36,23556.44,23513.67,23553.94,1126
2025-06-09 11:05:00,23553.94,23557.45,23526.68,23554.41,3368
2025-06-09 11:10:00,23554.41,23597.34,23526.42,23592.7,2593
2025-06-09 11:15:00,23592.7,23595.07,23567.08,23581.66,1903
2025-06-09 11:20:00,23581.66,23594.61,23570.24,23591.52,2356
2025-06-09 11:25:00,23591.52,23602.44,23570.2,23581.51,4325
2025-06-09 11:30:00,23581.51,23594.47,23574.54,23585.79,3193
2025-06-09 11:35:00,23585.79,23619.53,23564.24,23612.98,1123
2025-06-09 11:40:00,23612.98,23657.52,23604.22,23641.76,3528
2025-06-09 11:45:00,23641.76,23676.74,23636.33,23655.74,2386
2025-06-09 11:50:00,23655.74,23677.26,23649.99,23667.49,4918
2025-06-09 11:55:00,23667.49,23672.87,23640.87,23649.84,2384
2025-06-09 12:00:00,23649.84,23707.24,23634.86,23699.21,2182
2025-06-09 12:05:00,23699.21,23710.85,23679.58,23692.78,1637
2025-06-09 12:10:00,23692.78,23715.21,23663.53,23681.25,3514
2025-06-09 12:15:00,23681.25,23683.83,23659.2,23666.89,2803
2025-06-09 12:20:00,23666.89,23676.38,23645.58,23661.37,4967
2025-06-09 12:25:00,23661.37,23704.23,23644.59,23690.72,2652
2025-06-09 12:30:00,23690.72,23721.45,23684.56,23709.03,3530
2025-06-09 12:35:00,23709.03,23713.65,23678.16,23689.0,2582
2025-06-09 12:40:00,23689.0,23716.4,23679.5,23712.2,3139
2025-06-09 12:45:00,23712.2,23727.57,23691.87,23700.86,1968
2025-06-09 12:50:00,23700.86,23721.29,23655.17,23666.5,4067
2025-06-09 12:55:00,23666.5,23681.92,23647.61,23660.41,2316
2025-06-09 13:00:00,23660.41,23663.94,23636.19,23642.73,3236
2025-06-09 13:05:00,23642.73,23666.31,23637.06,23651.06,3223
2025-06-09 13:10:00,23651.06,23652.88,23636.69,23637.99,1880
2025-06-09 13:15:00,23637.99,23670.37,23617.53,23656.63,1824
2025-06-09 13:20:00,23656.63,23685.88,23609.69,23617.37,1920
2025-06-09 13:25:00,23617.37,23629.27,23547.32,23549.82,1858
2025-06-09 13:30:00,23549.82,23557.77,23533.06,23544.83,4155
2025-06-09 13:35:00,23544.83,23552.62,23521.0,23522.34,2527
2025-06-09 13:40:00,23522.34,23562.57,23518.32,23547.37,2895
2025-06-09 13:45:00,23547.37,23568.82,23540.51,23554.67,2181
2025-06-09 13:50:00,23554.67,23562.36,23509.66,23524.06,3718
2025-06-09 13:55:00,23524.06,23577.63,23523.45,23576.83,4303
2025-06-09 14:00:00,23576.83,23601.41,23564.07,23589.95,1667
2025-06-09 14:05:00,23589.95,23607.82,23587.41,23596.08,1495
2025-06-09 14:10:00,23596.08,23611.18,23518.87,23539.3,3425
2025-06-09 14:15:00,23539.3,23604.87,23523.75,23581.99,3273
2025-06-09 14:20:00,23581.99,23608.03,23565.61,23586.59,1421
2025-06-09 14:25:00,23586.59,23593.18,23582.85,23592.29,3931
2025-06-09 14:30:00,23592.29,23599.58,23577.83,23586.69,4226
2025-06-09 14:35:00,23586.69,23587.31,23574.29,23585.7,1768
2025-06-09 14:40:00,23585.7,23591.51,23563.19,23564.16,1434
2025-06-09 14:45:00,23564.16,23595.95,23560.59,23587.11,3640
2025-06-09 14:50:00,23587.11,23592.1,23553.46,23561.49,4202
2025-06-09 14:55:00,23561.49,23574.28,23544.54,23563.29,3032
2025-06-09 15:00:00,23563.29,23646.47,23553.34,23641.43,2403
2025-06-09 15:05:00,23641.43,23646.43,23623.62,23641.91,2860
2025-06-09 15:10:00,23641.91,23677.85,23622.83,23662.96,2566
2025-06-09 15:15:00,23662.96,23728.73,23660.46,23702.81,4021
2025-06-09 15:20:00,23702.81,23733.95,23692.31,23717.18,1540
2025-06-09 15:25:00,23717.18,23740.41,23707.16,23731.0,2643
2025-06-10 09:15:00,23733.9,23753.88,23732.39,23752.79,4739
2025-06-10 09:20:00,23752.79,23754.24,23744.64,23749.52,1145
2025-06-10 09:25:00,23749.52,23786.34,23652.6,23669.99,2053
2025-06-10 09:30:00,23669.99,23698.85,23662.22,23686.19,3408
2025-06-10 09:35:00,23686.19,23691.17,23602.45,23624.77,1585
2025-06-10 09:40:00,23624.77,23655.9,23608.51,23645.11,4589
2025-06-10 09:45:00,23645.11,23673.21,23640.44,23667.74,4078
2025-06-10 09:50:00,23667.74,23689.77,23658.49,23677.58,3998
2025-06-10 09:55:00,23677.58,23683.38,23634.34,23637.8,3669
2025-06-10 10:00:00,23637.8,23666.82,23627.9,23661.31,1388
2025-06-10 10:05:00,23661.31,23682.27,23659.72,23669.33,1038
2025-06-10 10:10:00,23669.33,23675.34,23593.14,23593.73,3218
2025-06-10 10:15:00,23593.73,23608.91,23589.65,23589.73,2732
2025-06-10 10:20:00,23589.73,23595.85,23547.3,23563.22,2357
2025-06-10 10:25:00,23563.22,23571.21,23548.0,23553.36,2744
2025-06-10 10:30:00,23553.36,23586.76,23536.69,23578.76,4792
2025-06-10 10:35:00,23578.76,23585.31,23520.81,23539.52,4597
2025-06-10 10:40:00,23539.52,23586.16,23537.24,23568.76,1401
2025-06-10 10:45:00,23568.76,23570.82,23550.64,23564.18,3518
2025-06-10 10:50:00,23564.18,23574.21,23553.02,23565.78,4541
2025-06-10 10:55:00,23565.78,23586.46,23562.83,23571.13,2756
2025-06-10 11:00:00,23571.13,23572.97,23540.89,23544.15,1921
2025-06-10 11:05:00,23544.15,23575.01,23534.23,23557.42,4382
2025-06-10 11:10:00,23557.42,23561.23,23534.2,23544.03,2418
2025-06-10 11:15:00,23544.03,23582.6,23455.69,23467.49,4789
2025-06-10 11:20:00,23467.49,23477.29,23445.85,23449.32,4566
2025-06-10 11:25:00,23449.32,23477.97,23438.78,23448.78,2971
2025-06-10 11:30:00,23448.78,23486.21,23432.72,23460.5,3596
2025-06-10 11:35:00,23460.5,23493.38,23459.95,23480.32,1130
2025-06-10 11:40:00,23480.32,23517.25,23476.17,23505.49,4501
2025-06-10 11:45:00,23505.49,23528.17,23494.28,23518.45,1739
2025-06-10 11:50:00,23518.45,23519.76,23501.06,23519.45,4636
2025-06-10 11:55:00,23519.45,23537.84,23447.22,23456.93,3985
2025-06-10 12:00:00,23456.93,23491.07,23450.66,23473.29,4350
2025-06-10 12:05:00,23473.29,23477.11,23450.76,23460.07,4175
2025-06-10 12:10:00,23460.07,23465.66,23412.09,23438.59,4714
2025-06-10 12:15:00,23438.59,23447.7,23428.26,23442.37,2915
2025-06-10 12:20:00,23442.37,23456.04,23397.51,23403.05,1948
2025-06-10 12:25:00,23403.05,23406.1,23350.16,23352.51,2922
2025-06-10 12:30:00,23352.51,23366.82,23275.32,23288.11,1909
2025-06-10 12:35:00,23288.11,23290.35,23201.29,23209.06,2666
2025-06-10 12:40:00,23209.06,23224.57,23150.42,23175.93,3911
2025-06-10 12:45:00,23175.93,23207.71,23158.91,23187.97,1597
2025-06-10 12:50:00,23187.97,23244.68,23185.99,23237.92,2590
2025-06-10 12:55:00,23237.92,23238.92,23220.76,23230.62,4442
2025-06-10 13:00:00,23230.62,23231.51,23214.52,23215.47,2199
2025-06-10 13:05:00,23215.47,23247.76,23213.86,23238.92,2879
2025-06-10 13:10:00,23238.92,23239.02,23213.34,23214.53,1564
2025-06-10 13:15:00,23214.53,23233.65,23191.79,23225.52,3928
2025-06-10 13:20:00,23225.52,23244.4,23205.01,23233.26,1228
2025-06-10 13:25:00,23233.26,23242.7,23169.52,23171.22,1497
2025-06-10 13:30:00,23171.22,23172.05,23162.45,23166.18,3933
2025-06-10 13:35:00,23166.18,23170.95,23133.0,23137.09,4547
2025-06-10 13:40:00,23137.09,23148.83,23123.39,23141.64,2030
2025-06-10 13:45:00,23141.64,23191.74,23132.01,23184.17,4384
2025-06-10 13:50:00,23184.17,23226.93,23180.29,23212.47,3098
2025-06-10 13:55:00,23212.47,23257.03,23206.35,23244.19,1739
2025-06-10 14:00:00,23244.19,23259.32,23233.0,23254.01,3625
2025-06-10 14:05:00,23254.01,23265.97,23246.82,23263.16,1874
2025-06-10 14:10:00,23263.16,23293.9,23255.63,23285.7,1477
2025-06-10 14:15:00,23285.7,23301.67,23227.5,23239.36,4489
2025-06-10 14:20:00,23239.36,23318.67,23236.66,23315.22,1443
2025-06-10 14:25:00,23315.22,23337.14,23249.24,23250.38,2860
2025-06-10 14:30:00,23250.38,23269.81,23245.7,23268.4,2797
2025-06-10 14:35:00,23268.4,23288.5,23240.41,23252.09,4310
2025-06-10 14:40:00,23252.09,23283.18,23247.11,23274.72,2414
2025-06-10 14:45:00,23274.72,23322.14,23255.82,23296.54,2240
2025-06-10 14:50:00,23296.54,23309.38,23292.92,23307.0,4418
2025-06-10 14:55:00,23307.0,23310.91,23291.03,23293.73,3595
2025-06-10 15:00:00,23293.73,23308.02,23268.29,23275.82,4097
2025-06-10 15:05:00,23275.82,23281.04,23257.32,23265.02,1624
2025-06-10 15:10:00,23265.02,23269.74,23235.48,23240.67,4739
2025-06-10 15:15:00,23240.67,23265.5,23236.94,23244.34,2634
2025-06-10 15:20:00,23244.34,23244.34,23229.9,23242.91,1901
2025-06-10 15:25:00,23242.91,23249.85,23222.54,23245.5,4053
2025-06-11 09:15:00,23218.61,23222.6,23188.09,23209.26,2630
2025-06-11 09:20:00,23209.26,23220.22,23126.12,23161.21,2617
2025-06-11 09:25:00,23161.21,23177.61,23125.3,23142.54,2142
2025-06-11 09:30:00,23142.54,23147.51,23111.49,23121.36,3992
2025-06-11 09:35:00,23121.36,23150.4,23108.79,23138.95,2561
2025-06-11 09:40:00,23138.95,23141.57,23054.0,23089.21,4517
2025-06-11 09:45:00,23089.21,23100.99,23085.94,23099.38,3464
2025-06-11 09:50:00,23099.38,23114.35,23060.15,23063.85,1729
2025-06-11 09:55:00,23063.85,23082.25,23042.82,23078.95,4097
2025-06-11 10:00:00,23078.95,23090.79,23041.51,23043.92,1668
2025-06-11 10:05:00,23043.92,23051.6,23041.31,23041.32,1868
2025-06-11 10:10:00,23041.32,23081.93,23035.87,23063.08,1664
2025-06-11 10:15:00,23063.08,23087.8,23050.16,23087.68,4050
2025-06-11 10:20:00,23087.68,23100.84,23082.47,23100.25,4963
2025-06-11 10:25:00,23100.25,23121.71,23089.53,23118.65,3338
2025-06-11 10:30:00,23118.65,23153.39,23113.45,23140.51,3651
2025-06-11 10:35:00,23140.51,23153.83,23138.54,23153.67,3760
2025-06-11 10:40:00,23153.67,23175.93,23128.16,23152.49,1619
2025-06-11 10:45:00,23152.49,23174.96,23142.55,23157.46,4988
2025-06-11 10:50:00,23157.46,23163.2,23133.81,23141.52,2292
2025-06-11 10:55:00,23141.52,23175.44,23138.74,23174.95,1692
2025-06-11 11:00:00,23174.95,23193.18,23131.62,23141.84,1294
2025-06-11 11:05:00,23141.84,23176.22,23122.05,23173.89,4300
2025-06-11 11:10:00,23173.89,23208.24,23165.3,23199.31,2162
2025-06-11 11:15:00,23199.31,23203.19,23173.32,23198.37,1368
2025-06-11 11:20:00,23198.37,23215.65,23181.36,23185.44,2359
2025-06-11 11:25:00,23185.44,23241.17,23172.36,23238.85,1655
2025-06-11 11:30:00,23238.85,23244.75,23181.2,23197.87,2792
2025-06-11 11:35:00,23197.87,23236.42,23191.69,23214.43,2392
2025-06-11 11:40:00,23214.43,23217.14,23170.07,23198.96,4234
2025-06-11 11:45:00,23198.96,23209.65,23182.5,23183.44,1048
2025-06-11 11:50:00,23183.44,23193.14,23103.3,23131.65,4098
2025-06-11 11:55:00,23131.65,23135.48,23075.78,23086.12,1751
2025-06-11 12:00:00,23086.12,23088.96,23058.06,23067.91,3026
2025-06-11 12:05:00,23067.91,23111.42,23053.78,23103.18,2708
2025-06-11 12:10:00,23103.18,23116.64,23084.74,23094.9,4592
2025-06-11 12:15:00,23094.9,23146.69,23091.62,23120.38,3624
2025-06-11 12:20:00,23120.38,23204.7,23114.6,23196.3,3756
2025-06-11 12:25:00,23196.3,23207.84,23177.04,23206.12,4613
2025-06-11 12:30:00,23206.12,23222.24,23198.91,23220.53,2219
2025-06-11 12:35:00,23220.53,23230.77,23212.36,23230.41,1390
2025-06-11 12:40:00,23230.41,23299.17,23213.07,23280.49,1228
2025-06-11 12:45:00,23280.49,23293.61,23274.02,23281.16,4891
2025-06-11 12:50:00,23281.16,23297.97,23274.15,23287.6,1081
2025-06-11 12:55:00,23287.6,23289.69,23253.97,23259.24,3105
2025-06-11 13:00:00,23259.24,23265.03,23239.34,23244.21,4977
2025-06-11 13:05:00,23244.21,23248.7,23225.97,23235.13,4028
2025-06-11 13:10:00,23235.13,23241.96,23206.6,23209.43,2075
2025-06-11 13:15:00,23209.43,23230.74,23206.33,23211.58,2895
2025-06-11 13:20:00,23211.58,23217.21,23198.18,23200.52,4827
2025-06-11 13:25:00,23200.52,23238.63,23196.87,23220.45,1925
2025-06-11 13:30:00,23220.45,23243.07,23212.95,23236.88,4982
2025-06-11 13:35:00,23236.88,23252.73,23193.41,23200.29,1728
2025-06-11 13:40:00,23200.29,23227.82,23166.58,23176.95,1698
2025-06-11 13:45:00,23176.95,23180.2,23156.46,23166.88,2642
2025-06-11 13:50:00,23166.88,23178.04,23157.83,23159.38,4296
2025-06-11 13:55:00,23159.38,23161.32,23129.11,23138.38,2094
2025-06-11 14:00:00,23138.38,23149.31,23127.41,23129.32,4379
2025-06-11 14:05:00,23129.32,23144.32,23119.86,23137.96,4868
2025-06-11 14:10:00,23137.96,23151.09,23089.43,23094.75,2360
2025-06-11 14:15:00,23094.75,23115.78,23090.91,23110.99,1527
2025-06-11 14:20:00,23110.99,23112.0,23043.27,23052.4,2839
2025-06-11 14:25:00,23052.4,23066.41,23043.0,23054.93,2443
2025-06-11 14:30:00,23054.93,23075.74,23048.53,23068.22,3714
2025-06-11 14:35:00,23068.22,23128.58,23066.88,23124.01,2300
2025-06-11 14:40:00,23124.01,23135.2,23110.51,23111.26,1974
2025-06-11 14:45:00,23111.26,23131.85,23099.89,23105.17,2498
2025-06-11 14:50:00,23105.17,23107.44,23101.64,23104.67,4596
2025-06-11 14:55:00,23104.67,23179.04,23094.36,23161.36,1124
2025-06-11 15:00:00,23161.36,23179.79,23157.96,23177.4,4129
2025-06-11 15:05:00,23177.4,23192.29,23160.14,23177.65,2657
2025-06-11 15:10:00,23177.65,23211.98,23174.54,23188.62,3865
2025-06-11 15:15:00,23188.62,23238.7,23177.28,23225.5,2037
2025-06-11 15:20:00,23225.5,23230.97,23176.08,23181.6,3053
2025-06-11 15:25:00,23181.6,23238.66,23173.47,23224.03,2732
2025-06-12 09:15:00,23254.1,23260.3,23220.09,23231.4,2769
2025-06-12 09:20:00,23231.4,23272.86,23230.12,23269.89,2305
2025-06-12 09:25:00,23269.89,23320.25,23264.41,23315.33,4367
2025-06-12 09:30:00,23315.33,23359.77,23312.81,23333.93,2160
2025-06-12 09:35:00,23333.93,23343.93,23313.14,23342.57,1585
2025-06-12 09:40:00,23342.57,23345.69,23315.71,23328.27,1528
2025-06-12 09:45:00,23328.27,23339.6,23283.42,23290.13,4823
2025-06-12 09:50:00,23290.13,23292.13,23276.31,23276.8,2936
2025-06-12 09:55:00,23276.8,23295.33,23271.12,23295.16,1618
2025-06-12 10:00:00,23295.16,23345.63,23276.14,23330.39,2038
2025-06-12 10:05:00,23330.39,23338.45,23325.62,23332.78,3472
2025-06-12 10:10:00,23332.78,23333.01,23290.38,23294.17,4566
2025-06-12 10:15:00,23294.17,23295.97,23287.43,23288.48,3370
2025-06-12 10:20:00,23288.48,23304.77,23264.58,23269.62,4030
2025-06-12 10:25:00,23269.62,23282.34,23242.79,23245.54,2886
2025-06-12 10:30:00,23245.54,23261.1,23223.24,23239.11,3582
2025-06-12 10:35:00,23239.11,23247.13,23221.39,23223.76,4537
2025-06-12 10:40:00,23223.76,23295.79,23196.66,23286.24,4173
2025-06-12 10:45:00,23286.24,23308.26,23285.01,23297.07,4479
2025-06-12 10:50:00,23297.07,23305.26,23262.92,23279.18,1507
2025-06-12 10:55:00,23279.18,23318.13,23245.33,23261.54,1199
2025-06-12 11:00:00,23261.54,23305.82,23255.31,23301.95,3300
2025-06-12 11:05:00,23301.95,23323.83,23299.58,23323.14,4803
2025-06-12 11:10:00,23323.14,23337.85,23314.61,23322.99,3043
2025-06-12 11:15:00,23322.99,23339.45,23256.38,23273.65,4324
2025-06-12 11:20:00,23273.65,23329.32,23257.69,23311.25,3241
2025-06-12 11:25:00,23311.25,23320.11,23261.79,23272.35,2252
2025-06-12 11:30:00,23272.35,23293.18,23267.85,23278.56,1359
2025-06-12 11:35:00,23278.56,23324.68,23266.42,23303.46,4903
2025-06-12 11:40:00,23303.46,23324.27,23274.61,23306.47,1546
2025-06-12 11:45:00,23306.47,23322.61,23286.67,23314.94,4382
2025-06-12 11:50:00,23314.94,23328.69,23300.31,23306.14,4939
2025-06-12 11:55:00,23306.14,23315.25,23303.53,23307.61,3458
2025-06-12 12:00:00,23307.61,23347.9,23303.13,23333.92,3322
2025-06-12 12:05:00,23333.92,23359.58,23333.65,23356.43,3788
2025-06-12 12:10:00,23356.43,23362.15,23316.95,23326.98,2335
2025-06-12 12:15:00,23326.98,23330.55,23293.32,23303.78,2262
2025-06-12 12:20:00,23303.78,23347.28,23298.64,23336.06,3959
2025-06-12 12:25:00,23336.06,23386.79,23330.94,23375.74,2737
2025-06-12 12:30:00,23375.74,23385.52,23360.26,23384.82,4385
2025-06-12 12:35:00,23384.82,23398.73,23381.22,23384.63,2791
2025-06-12 12:40:00,23384.63,23421.15,23379.13,23408.86,2477
2025-06-12 12:45:00,23408.86,23413.74,23374.61,23379.37,2968
2025-06-12 12:50:00,23379.37,23395.25,23368.68,23390.56,4629
2025-06-12 12:55:00,23390.56,23426.82,23366.44,23371.34,4590
2025-06-12 13:00:00,23371.34,23394.82,23356.3,23377.89,2889
2025-06-12 13:05:00,23377.89,23412.84,23362.47,23406.85,1816
2025-06-12 13:10:00,23406.85,23424.1,23398.9,23415.65,2798
2025-06-12 13:15:00,23415.65,23453.68,23411.61,23441.27,4111
2025-06-12 13:20:00,23441.27,23449.14,23408.9,23427.7,1071
2025-06-12 13:25:00,23427.7,23431.48,23399.16,23403.48,4275
2025-06-12 13:30:00,23403.48,23417.09,23385.82,23413.62,1274
2025-06-12 13:35:00,23413.62,23421.93,23326.85,23339.05,4352
2025-06-12 13:40:00,23339.05,23361.94,23323.82,23331.35,3779
2025-06-12 13:45:00,23331.35,23347.37,23325.17,23329.66,2329
2025-06-12 13:50:00,23329.66,23368.91,23324.43,23361.66,4037
2025-06-12 13:55:00,23361.66,23373.21,23333.46,23368.26,4913
2025-06-12 14:00:00,23368.26,23377.94,23335.92,23349.12,3365
2025-06-12 14:05:00,23349.12,23364.06,23346.63,23358.22,2518
2025-06-12 14:10:00,23358.22,23376.56,23353.02,23360.11,1474
2025-06-12 14:15:00,23360.11,23368.09,23333.68,23344.06,4609
2025-06-12 14:20:00,23344.06,23355.28,23290.85,23318.88,2374
2025-06-12 14:25:00,23318.88,23377.75,23311.23,23349.31,4428
2025-06-12 14:30:00,23349.31,23425.06,23331.61,23413.92,3181
2025-06-12 14:35:00,23413.92,23422.12,23384.72,23397.57,4760
2025-06-12 14:40:00,23397.57,23400.77,23387.51,23399.25,3238
2025-06-12 14:45:00,23399.25,23430.49,23396.59,23420.11,1510
2025-06-12 14:50:00,23420.11,23487.39,23401.3,23469.69,3888
2025-06-12 14:55:00,23469.69,23473.63,23463.35,23463.91,4153
2025-06-12 15:00:00,23463.91,23514.45,23460.23,23507.35,3746
2025-06-12 15:05:00,23507.35,23527.94,23502.35,23518.31,4604
2025-06-12 15:10:00,23518.31,23526.8,23492.42,23501.01,4905
2025-06-12 15:15:00,23501.01,23526.6,23495.68,23522.82,3383
2025-06-12 15:20:00,23522.82,23529.63,23472.14,23492.71,3537
2025-06-12 15:25:00,23492.71,23513.87,23486.35,23499.51,4539
2025-06-13 09:15:00,23416.47,23421.02,23412.0,23415.76,3479
2025-06-13 09:20:00,23415.76,23423.95,23377.75,23377.92,4307
2025-06-13 09:25:00,23377.92,23442.48,23372.76,23431.0,2249
2025-06-13 09:30:00,23431.0,23511.95,23426.28,23501.08,4069
2025-06-13 09:35:00,23501.08,23507.01,23488.62,23491.96,3979
2025-06-13 09:40:00,23491.96,23497.94,23475.74,23491.46,3638
2025-06-13 09:45:00,23491.46,23493.81,23482.76,23484.67,1418
2025-06-13 09:50:00,23484.67,23505.21,23439.92,23449.13,2123
2025-06-13 09:55:00,23449.13,23451.89,23396.24,23398.94,3648
2025-06-13 10:00:00,23398.94,23413.05,23383.83,23391.01,2916
2025-06-13 10:05:00,23391.01,23443.41,23380.87,23442.58,2340
2025-06-13 10:10:00,23442.58,23467.44,23428.33,23465.98,4882
2025-06-13 10:15:00,23465.98,23562.57,23438.31,23529.1,1988
2025-06-13 10:20:00,23529.1,23570.79,23518.87,23560.24,2588
2025-06-13 10:25:00,23560.24,23562.81,23538.61,23549.49,1950
2025-06-13 10:30:00,23549.49,23576.83,23536.51,23572.87,1364
2025-06-13 10:35:00,23572.87,23620.62,23571.79,23618.64,1922
2025-06-13 10:40:00,23618.64,23632.74,23616.61,23619.69,1261
2025-06-13 10:45:00,23619.69,23656.08,23614.1,23647.47,2674
2025-06-13 10:50:00,23647.47,23657.33,23626.64,23637.69,1915
2025-06-13 10:55:00,23637.69,23660.59,23604.03,23624.78,3142
2025-06-13 11:00:00,23624.78,23633.32,23583.98,23587.37,4411
2025-06-13 11:05:00,23587.37,23605.38,23549.8,23552.17,3989
2025-06-13 11:10:00,23552.17,23582.01,23539.03,23577.1,2205
2025-06-13 11:15:00,23577.1,23632.15,23575.74,23617.66,1507
2025-06-13 11:20:00,23617.66,23621.88,23579.09,23587.43,2622
2025-06-13 11:25:00,23587.43,23591.55,23586.24,23589.84,4273
2025-06-13 11:30:00,23589.84,23592.61,23560.15,23572.69,1841
2025-06-13 11:35:00,23572.69,23574.57,23557.43,23561.92,4553
2025-06-13 11:40:00,23561.92,23599.96,23535.84,23595.71,4923
2025-06-13 11:45:00,23595.71,23632.37,23595.27,23620.4,3499
2025-06-13 11:50:00,23620.4,23627.99,23615.4,23624.86,2013
2025-06-13 11:55:00,23624.86,23635.74,23606.99,23613.32,1198
2025-06-13 12:00:00,23613.32,23614.4,23599.86,23604.03,2473
2025-06-13 12:05:00,23604.03,23651.57,23590.08,23643.26,4299
2025-06-13 12:10:00,23643.26,23662.8,23604.0,23611.04,3548
2025-06-13 12:15:00,23611.04,23644.23,23601.55,23629.52,3066
2025-06-13 12:20:00,23629.52,23648.63,23620.85,23641.08,3457
2025-06-13 12:25:00,23641.08,23648.97,23612.01,23615.62,1818
2025-06-13 12:30:00,23615.62,23632.4,23588.4,23602.01,2726
2025-06-13 12:35:00,23602.01,23608.87,23568.15,23573.57,1199
2025-06-13 12:40:00,23573.57,23577.1,23566.66,23577.07,4619
2025-06-13 12:45:00,23577.07,23586.16,23559.83,23571.15,3761
2025-06-13 12:50:00,23571.15,23581.33,23544.26,23545.0,1240
2025-06-13 12:55:00,23545.0,23584.77,23541.75,23568.19,3565
2025-06-13 13:00:00,23568.19,23585.02,23525.44,23537.3,3240
2025-06-13 13:05:00,23537.3,23544.9,23511.13,23515.25,3741
2025-06-13 13:10:00,23515.25,23534.46,23503.88,23530.73,2897
2025-06-13 13:15:00,23530.73,23568.71,23520.04,23564.72,3397
2025-06-13 13:20:00,23564.72,23595.19,23563.64,23587.12,1130
2025-06-13 13:25:00,23587.12,23604.65,23585.71,23598.21,4631
2025-06-13 13:30:00,23598.21,23623.89,23595.63,23622.22,3675
2025-06-13 13:35:00,23622.22,23622.68,23613.46,23614.53,3003
2025-06-13 13:40:00,23614.53,23620.51,23573.41,23577.75,4723
2025-06-13 13:45:00,23577.75,23579.02,23548.45,23563.06,3903
2025-06-13 13:50:00,23563.06,23613.52,23550.24,23603.51,2396
2025-06-13 13:55:00,23603.51,23614.76,23594.68,23600.77,3002
2025-06-13 14:00:00,23600.77,23618.91,23584.58,23616.8,4031
2025-06-13 14:05:00,23616.8,23624.5,23613.22,23620.82,1377
2025-06-13 14:10:00,23620.82,23627.32,23564.0,23569.13,4360
2025-06-13 14:15:00,23569.13,23577.34,23522.43,23530.33,3049
2025-06-13 14:20:00,23530.33,23542.48,23513.82,23518.84,2197
2025-06-13 14:25:00,23518.84,23527.92,23480.21,23485.77,4094
2025-06-13 14:30:00,23485.77,23494.24,23469.91,23481.12,3400
2025-06-13 14:35:00,23481.12,23481.43,23430.37,23446.32,2251
2025-06-13 14:40:00,23446.32,23463.44,23408.58,23417.37,2403
2025-06-13 14:45:00,23417.37,23436.17,23411.58,23415.11,3607
2025-06-13 14:50:00,23415.11,23418.42,23377.59,23410.74,3230
2025-06-13 14:55:00,23410.74,23411.67,23389.15,23390.02,2516
2025-06-13 15:00:00,23390.02,23419.14,23376.56,23417.48,3100
2025-06-13 15:05:00,23417.48,23463.99,23398.12,23462.05,2646
2025-06-13 15:10:00,23462.05,23468.58,23443.93,23448.39,2149
2025-06-13 15:15:00,23448.39,23499.2,23434.66,23498.02,2708
2025-06-13 15:20:00,23498.02,23522.75,23494.06,23511.73,4534
2025-06-13 15:25:00,23511.73,23538.72,23508.38,23535.45,4868
2025-06-16 09:15:00,23442.92,23448.33,23434.11,23442.21,2413
2025-06-16 09:20:00,23442.21,23462.76,23421.81,23439.91,3574
2025-06-16 09:25:00,23439.91,23461.91,23438.14,23459.92,3001
2025-06-16 09:30:00,23459.92,23508.51,23459.51,23485.38,1648
2025-06-16 09:35:00,23485.38,23485.82,23457.19,23459.26,2193
2025-06-16 09:40:00,23459.26,23480.17,23446.0,23469.97,3724
2025-06-16 09:45:00,23469.97,23478.57,23446.21,23467.1,4331
2025-06-16 09:50:00,23467.1,23498.24,23454.35,23483.73,3732
2025-06-16 09:55:00,23483.73,23545.74,23470.62,23525.66,2534
2025-06-16 10:00:00,23525.66,23527.98,23515.39,23525.49,4360
2025-06-16 10:05:00,23525.49,23533.41,23481.91,23503.85,4488
2025-06-16 10:10:00,23503.85,23505.57,23496.27,23500.25,2198
2025-06-16 10:15:00,23500.25,23515.21,23491.65,23512.11,1457
2025-06-16 10:20:00,23512.11,23519.5,23488.51,23501.07,3623
2025-06-16 10:25:00,23501.07,23520.31,23459.36,23459.9,1456
2025-06-16 10:30:00,23459.9,23501.0,23456.64,23496.21,1315
2025-06-16 10:35:00,23496.21,23500.27,23480.86,23487.93,3498
2025-06-16 10:40:00,23487.93,23510.03,23464.13,23476.92,2901
2025-06-16 10:45:00,23476.92,23532.19,23471.85,23527.91,4933
2025-06-16 10:50:00,23527.91,23532.53,23516.63,23528.36,2136
2025-06-16 10:55:00,23528.36,23532.01,23518.18,23531.18,4733
2025-06-16 11:00:00,23531.18,23536.74,23504.79,23504.91,4476
2025-06-16 11:05:00,23504.91,23526.51,23497.45,23507.9,3931
2025-06-16 11:10:00,23507.9,23521.95,23496.22,23517.88,1248
2025-06-16 11:15:00,23517.88,23543.14,23505.04,23514.39,4496
2025-06-16 11:20:00,23514.39,23533.85,23451.04,23452.03,2105
2025-06-16 11:25:00,23452.03,23479.06,23423.69,23433.73,2412
2025-06-16 11:30:00,23433.73,23456.68,23432.99,23453.64,1788
2025-06-16 11:35:00,23453.64,23459.65,23434.38,23438.58,4083
2025-06-16 11:40:00,23438.58,23455.6,23428.01,23440.16,1606
2025-06-16 11:45:00,23440.16,23460.71,23429.84,23444.98,4993
2025-06-16 11:50:00,23444.98,23449.04,23416.31,23426.83,3283
2025-06-16 11:55:00,23426.83,23433.33,23414.73,23429.73,3339
2025-06-16 12:00:00,23429.73,23445.89,23411.45,23413.37,2445
2025-06-16 12:05:00,23413.37,23414.58,23367.88,23371.77,1655
2025-06-16 12:10:00,23371.77,23391.91,23365.59,23377.02,1145
2025-06-16 12:15:00,23377.02,23425.26,23364.38,23422.88,1337
2025-06-16 12:20:00,23422.88,23441.03,23362.35,23366.94,1272
2025-06-16 12:25:00,23366.94,23379.26,23355.11,23358.11,1065
2025-06-16 12:30:00,23358.11,23385.95,23354.29,23374.4,4683
2025-06-16 12:35:00,23374.4,23385.07,23367.1,23368.63,3908
2025-06-16 12:40:00,23368.63,23396.75,23366.77,23392.32,3635
2025-06-16 12:45:00,23392.32,23396.36,23366.99,23370.29,4078
2025-06-16 12:50:00,23370.29,23386.01,23360.07,23383.89,2279
2025-06-16 12:55:00,23383.89,23395.25,23379.54,23389.87,4483
2025-06-16 13:00:00,23389.87,23456.68,23381.08,23439.91,2856
2025-06-16 13:05:00,23439.91,23449.29,23403.57,23406.68,1720
2025-06-16 13:10:00,23406.68,23409.74,23378.84,23389.88,3721
2025-06-16 13:15:00,23389.88,23403.88,23379.83,23402.97,3843
2025-06-16 13:20:00,23402.97,23405.59,23350.87,23362.08,1594
2025-06-16 13:25:00,23362.08,23380.08,23327.46,23330.08,1836
2025-06-16 13:30:00,23330.08,23400.07,23328.84,23378.03,4785
2025-06-16 13:35:00,23378.03,23383.4,23367.49,23370.84,1227
2025-06-16 13:40:00,23370.84,23376.55,23341.13,23341.13,3576
2025-06-16 13:45:00,23341.13,23360.15,23334.7,23355.05,4467
2025-06-16 13:50:00,23355.05,23365.62,23342.98,23353.37,3559
2025-06-16 13:55:00,23353.37,23375.02,23348.37,23364.89,2194
2025-06-16 14:00:00,23364.89,23373.91,23344.54,23365.77,3162
2025-06-16 14:05:00,23365.77,23379.64,23341.58,23349.2,2625
2025-06-16 14:10:00,23349.2,23384.08,23345.84,23371.69,4904
2025-06-16 14:15:00,23371.69,23394.41,23335.47,23347.15,4543
2025-06-16 14:20:00,23347.15,23372.9,23339.33,23370.53,1202
2025-06-16 14:25:00,23370.53,23372.75,23306.94,23336.5,1277
2025-06-16 14:30:00,23336.5,23347.59,23320.82,23338.24,1197
2025-06-16 14:35:00,23338.24,23339.17,23334.75,23335.53,1893
2025-06-16 14:40:00,23335.53,23387.18,23330.56,23354.76,2594
2025-06-16 14:45:00,23354.76,23377.37,23343.04,23367.75,4360
2025-06-16 14:50:00,23367.75,23394.31,23359.19,23375.31,4910
2025-06-16 14:55:00,23375.31,23418.12,23369.32,23417.51,4492
2025-06-16 15:00:00,23417.51,23442.31,23411.63,23432.55,4984
2025-06-16 15:05:00,23432.55,23439.74,23427.15,23429.08,4106
2025-06-16 15:10:00,23429.08,23451.77,23414.05,23439.25,3287
2025-06-16 15:15:00,23439.25,23441.99,23427.9,23430.58,1696
2025-06-16 15:20:00,23430.58,23474.51,23423.43,23469.68,4542
2025-06-16 15:25:00,23469.68,23479.82,23455.36,23455.92,3975
2025-06-17 09:15:00,23500.53,23508.36,23479.82,23480.79,2378
2025-06-17 09:20:00,23480.79,23501.61,23454.52,23486.99,2830
2025-06-17 09:25:00,23486.99,23494.03,23474.91,23477.99,1465
2025-06-17 09:30:00,23477.99,23478.54,23425.09,23439.26,1912
2025-06-17 09:35:00,23439.26,23453.67,23431.05,23442.67,1259
2025-06-17 09:40:00,23442.67,23491.81,23419.8,23483.42,3455
2025-06-17 09:45:00,23483.42,23488.86,23480.94,23486.67,3642
2025-06-17 09:50:00,23486.67,23537.03,23482.11,23526.56,2695
2025-06-17 09:55:00,23526.56,23569.18,23521.35,23554.0,1584
2025-06-17 10:00:00,23554.0,23570.84,23547.4,23562.56,3152
2025-06-17 10:05:00,23562.56,23579.38,23559.32,23569.99,1862
2025-06-17 10:10:00,23569.99,23630.54,23569.41,23618.53,3135
2025-06-17 10:15:00,23618.53,23642.05,23613.82,23623.06,3417
2025-06-17 10:20:00,23623.06,23631.29,23533.99,23539.8,2575
2025-06-17 10:25:00,23539.8,23546.94,23518.02,23538.64,3749
2025-06-17 10:30:00,23538.64,23543.25,23499.67,23510.79,3026
2025-06-17 10:35:00,23510.79,23513.38,23447.28,23447.55,3883
2025-06-17 10:40:00,23447.55,23464.08,23414.83,23453.77,1467
2025-06-17 10:45:00,23453.77,23468.89,23447.73,23459.46,2005
2025-06-17 10:50:00,23459.46,23466.98,23439.39,23459.37,3367
2025-06-17 10:55:00,23459.37,23481.38,23419.48,23431.87,4514
2025-06-17 11:00:00,23431.87,23439.57,23421.64,23439.17,3384
2025-06-17 11:05:00,23439.17,23471.48,23431.19,23448.48,1930
2025-06-17 11:10:00,23448.48,23456.05,23445.14,23447.53,3068
2025-06-17 11:15:00,23447.53,23469.38,23435.4,23458.77,3231
2025-06-17 11:20:00,23458.77,23459.53,23433.06,23438.86,3632
2025-06-17 11:25:00,23438.86,23458.84,23433.93,23449.47,1029
2025-06-17 11:30:00,23449.47,23495.43,23428.31,23493.58,4350
2025-06-17 11:35:00,23493.58,23538.3,23490.27,23507.16,3482
2025-06-17 11:40:00,23507.16,23513.26,23500.65,23507.47,3101
2025-06-17 11:45:00,23507.47,23560.02,23495.39,23550.12,2800
2025-06-17 11:50:00,23550.12,23577.76,23536.16,23537.85,3961
2025-06-17 11:55:00,23537.85,23538.32,23515.92,23529.79,2613
2025-06-17 12:00:00,23529.79,23532.83,23510.57,23521.1,1176
2025-06-17 12:05:00,23521.1,23525.28,23509.52,23511.45,2010
2025-06-17 12:10:00,23511.45,23525.49,23465.4,23475.21,3296
2025-06-17 12:15:00,23475.21,23483.94,23461.58,23475.96,2923
2025-06-17 12:20:00,23475.96,23486.31,23475.28,23478.0,1022
2025-06-17 12:25:00,23478.0,23524.96,23472.81,23502.0,4630
2025-06-17 12:30:00,23502.0,23527.94,23490.07,23512.81,4120
2025-06-17 12:35:00,23512.81,23585.07,23503.15,23580.43,4366
2025-06-17 12:40:00,23580.43,23586.06,23575.9,23578.13,4333
2025-06-17 12:45:00,23578.13,23582.53,23541.27,23550.57,2224
2025-06-17 12:50:00,23550.57,23637.27,23549.75,23603.73,3209
2025-06-17 12:55:00,23603.73,23626.42,23587.67,23622.94,2636
2025-06-17 13:00:00,23622.94,23648.18,23619.62,23637.02,2564
2025-06-17 13:05:00,23637.02,23645.21,23571.59,23591.3,1114
2025-06-17 13:10:00,23591.3,23601.93,23573.46,23574.28,1240
2025-06-17 13:15:00,23574.28,23576.4,23555.69,23558.3,3631
2025-06-17 13:20:00,23558.3,23569.71,23551.92,23562.22,4706
2025-06-17 13:25:00,23562.22,23570.71,23557.71,23562.76,2154
2025-06-17 13:30:00,23562.76,23590.05,23561.92,23582.87,3148
2025-06-17 13:35:00,23582.87,23597.88,23572.67,23597.1,3820
2025-06-17 13:40:00,23597.1,23612.47,23596.16,23610.92,2776
2025-06-17 13:45:00,23610.92,23643.61,23607.34,23623.18,3131
2025-06-17 13:50:00,23623.18,23628.61,23588.93,23601.65,2876
2025-06-17 13:55:00,23601.65,23608.93,23556.79,23563.42,2063
2025-06-17 14:00:00,23563.42,23582.42,23559.67,23577.31,3423
2025-06-17 14:05:00,23577.31,23581.44,23558.77,23562.22,2242
2025-06-17 14:10:00,23562.22,23580.5,23509.42,23517.93,3607
2025-06-17 14:15:00,23517.93,23557.19,23506.49,23548.85,2895
2025-06-17 14:20:00,23548.85,23602.84,23531.14,23601.45,3495
2025-06-17 14:25:00,23601.45,23613.1,23566.68,23570.16,2553
2025-06-17 14:30:00,23570.16,23624.97,23562.07,23607.54,2629
2025-06-17 14:35:00,23607.54,23632.52,23551.6,23556.35,1913
2025-06-17 14:40:00,23556.35,23596.72,23552.21,23593.67,1186
2025-06-17 14:45:00,23593.67,23605.47,23587.0,23589.69,3796
2025-06-17 14:50:00,23589.69,23605.54,23588.26,23593.98,1031
2025-06-17 14:55:00,23593.98,23665.3,23592.77,23633.07,3202
2025-06-17 15:00:00,23633.07,23678.89,23632.11,23664.99,2608
2025-06-17 15:05:00,23664.99,23689.65,23658.36,23673.01,4266
2025-06-17 15:10:00,23673.01,23713.33,23660.17,23708.44,3877
2025-06-17 15:15:00,23708.44,23731.08,23679.58,23693.45,3883
2025-06-17 15:20:00,23693.45,23710.99,23683.51,23702.9,3999
2025-06-17 15:25:00,23702.9,23720.79,23691.46,23708.75,2481
