date,expiry,contract,entry_time,prev_close,entry,stoploss,exit_time,exit,reason,points,gross_pnl,net_pnl
2025-08-07,2025-08-07,NIFTY 26000 CE,14:17,0.05,0.15,0.05,14:18,0.1,EMA10,-0.05,-3.75,-63.75
2025-08-07,2025-08-07,NIFTY 27000 CE,14:21,0.05,0.1,0.05,14:22,0.05,STOPLOSS,-0.05,-3.75,-63.75
2025-08-07,2025-08-07,NIFTY 26850 CE,14:24,0.05,0.1,0.05,14:25,0.05,STOPLOSS,-0.05,-3.75,-63.75
2025-08-07,2025-08-07,NIFTY 27150 CE,14:26,0.05,0.1,0.05,14:27,0.1,EMA10,0.0,0.0,-60.0
2025-08-07,2025-08-07,NIFTY 26500 CE,14:28,0.05,0.1,0.05,14:29,0.05,STOPLOSS,-0.05,-3.75,-63.75
2025-08-07,2025-08-07,NIFTY 27150 CE,14:30,0.05,0.1,0.05,14:37,0.05,STOPLOSS,-0.05,-3.75,-63.75
2025-08-07,2025-08-07,NIFTY 25300 CE,14:38,0.05,0.1,0.05,14:39,0.05,STOPLOSS,-0.05,-3.75,-63.75
2025-08-07,2025-08-07,NIFTY 23250 PE,14:40,0.05,0.1,0.05,14:41,0.05,STOPLOSS,-0.05,-3.75,-63.75
2025-08-07,2025-08-07,NIFTY 23100 PE,14:42,0.05,0.1,0.05,14:44,0.05,STOPLOSS,-0.05,-3.75,-63.75
2025-08-07,2025-08-07,NIFTY 25700 CE,14:45,0.05,0.1,0.05,14:46,0.05,STOPLOSS,-0.05,-3.75,-63.75
2025-08-07,2025-08-07,NIFTY 23300 PE,14:47,0.05,0.1,0.05,14:48,0.05,STOPLOSS,-0.05,-3.75,-63.75
2025-08-07,2025-08-07,NIFTY 26200 CE,14:49,0.05,0.1,0.05,14:52,0.05,STOPLOSS,-0.05,-3.75,-63.75
2025-08-07,2025-08-07,NIFTY 25200 CE,14:53,0.05,0.1,0.05,14:54,0.05,STOPLOSS,-0.05,-3.75,-63.75
2025-08-07,2025-08-07,NIFTY 25650 CE,14:55,0.05,0.1,0.05,14:56,0.05,STOPLOSS,-0.05,-3.75,-63.75
2025-08-07,2025-08-07,NIFTY 25650 CE,14:57,0.05,0.1,0.05,14:58,0.05,STOPLOSS,-0.05,-3.75,-63.75
2025-08-07,2025-08-07,NIFTY 26100 CE,14:59,0.05,0.1,0.05,15:07,0.05,STOPLOSS,-0.05,-3.75,-63.75
2025-08-07,2025-08-07,NIFTY 25300 CE,15:08,0.05,0.1,0.05,15:09,0.05,STOPLOSS,-0.05,-3.75,-63.75
2025-08-07,2025-08-07,NIFTY 23450 PE,15:10,0.05,0.1,0.05,15:11,0.05,STOPLOSS,-0.05,-3.75,-63.75
2025-08-07,2025-08-07,NIFTY 25050 CE,15:12,0.05,0.1,0.05,15:13,0.1,EMA10,0.0,0.0,-60.0
2025-08-07,2025-08-07,NIFTY 23250 PE,15:14,0.05,0.1,0.05,15:15,0.05,STOPLOSS,-0.05,-3.75,-63.75
2025-08-14,2025-08-14,NIFTY 27000 CE,13:50,0.05,0.1,0.05,13:51,0.1,EMA10,0.0,0.0,-60.0
2025-08-14,2025-08-14,NIFTY 27050 CE,13:53,0.05,0.1,0.05,13:54,0.1,EMA10,0.0,0.0,-60.0
2025-08-14,2025-08-14,NIFTY 27000 CE,13:55,0.05,0.1,0.05,13:56,0.05,STOPLOSS,-0.05,-3.75,-63.75
2025-08-14,2025-08-14,NIFTY 27100 CE,13:57,0.05,0.1,0.05,13:58,0.05,STOPLOSS,-0.05,-3.75,-63.75
2025-08-14,2025-08-14,NIFTY 26500 CE,14:00,0.05,0.1,0.05,14:06,0.1,EMA10,0.0,0.0,-60.0
2025-08-14,2025-08-14,NIFTY 27050 CE,14:08,0.05,0.1,0.05,14:09,0.05,STOPLOSS,-0.05,-3.75,-63.75
2025-08-14,2025-08-14,NIFTY 27050 CE,14:10,0.05,0.1,0.05,14:11,0.05,STOPLOSS,-0.05,-3.75,-63.75
2025-08-14,2025-08-14,NIFTY 27100 CE,14:12,0.05,0.1,0.05,14:19,0.05,STOPLOSS,-0.05,-3.75,-63.75
2025-08-14,2025-08-14,NIFTY 26100 CE,14:20,0.05,0.1,0.05,14:21,0.05,STOPLOSS,-0.05,-3.75,-63.75
2025-08-14,2025-08-14,NIFTY 27100 CE,14:22,0.05,0.1,0.05,14:23,0.05,STOPLOSS,-0.05,-3.75,-63.75
2025-08-14,2025-08-14,NIFTY 26200 CE,14:24,0.05,0.1,0.05,14:25,0.05,STOPLOSS,-0.05,-3.75,-63.75
2025-08-14,2025-08-14,NIFTY 26250 CE,14:26,0.05,0.1,0.05,14:30,0.1,EMA10,0.0,0.0,-60.0
2025-08-14,2025-08-14,NIFTY 26050 CE,14:31,0.05,0.1,0.05,14:36,0.05,STOPLOSS,-0.05,-3.75,-63.75
2025-08-14,2025-08-14,NIFTY 27100 CE,14:37,0.05,0.1,0.05,14:38,0.05,STOPLOSS,-0.05,-3.75,-63.75
2025-08-14,2025-08-14,NIFTY 22850 PE,14:39,0.05,0.1,0.05,14:40,0.05,STOPLOSS,-0.05,-3.75,-63.75
2025-08-14,2025-08-14,NIFTY 27100 CE,14:41,0.05,0.1,0.05,14:42,0.05,STOPLOSS,-0.05,-3.75,-63.75
2025-08-14,2025-08-14,NIFTY 25800 CE,14:43,0.05,0.1,0.05,14:45,0.05,STOPLOSS,-0.05,-3.75,-63.75
2025-08-14,2025-08-14,NIFTY 22850 PE,14:46,0.05,0.1,0.05,14:48,0.05,STOPLOSS,-0.05,-3.75,-63.75
2025-08-14,2025-08-14,NIFTY 26000 CE,14:50,0.05,0.1,0.05,14:51,0.05,STOPLOSS,-0.05,-3.75,-63.75
2025-08-14,2025-08-14,NIFTY 26750 CE,14:52,0.05,0.1,0.05,14:59,0.05,STOPLOSS,-0.05,-3.75,-63.75
2025-08-14,2025-08-14,NIFTY 23200 PE,15:00,0.05,0.25,0.05,15:01,0.1,EMA10,-0.15,-11.25,-71.25
2025-08-14,2025-08-14,NIFTY 25750 CE,15:02,0.05,0.1,0.05,15:03,0.05,STOPLOSS,-0.05,-3.75,-63.75
2025-08-14,2025-08-14,NIFTY 25350 CE,15:05,0.05,0.1,0.05,15:06,0.05,STOPLOSS,-0.05,-3.75,-63.75
2025-08-14,2025-08-14,NIFTY 26200 CE,15:07,0.05,0.1,0.05,15:08,0.05,STOPLOSS,-0.05,-3.75,-63.75
2025-08-14,2025-08-14,NIFTY 24100 PE,15:09,0.05,0.1,0.05,15:10,0.05,STOPLOSS,-0.05,-3.75,-63.75
2025-08-14,2025-08-14,NIFTY 23900 PE,15:11,0.05,0.1,0.05,15:12,0.05,STOPLOSS,-0.05,-3.75,-63.75
2025-08-14,2025-08-14,NIFTY 25500 CE,15:13,0.05,0.1,0.05,15:14,0.05,STOPLOSS,-0.05,-3.75,-63.75
2025-08-14,2025-08-14,NIFTY 25100 CE,15:15,0.05,0.1,0.05,15:16,0.05,STOPLOSS,-0.05,-3.75,-63.75
2025-08-21,2025-08-21,NIFTY 26950 CE,13:25,0.05,0.1,0.05,13:27,0.05,STOPLOSS,-0.05,-3.75,-63.75
2025-08-21,2025-08-21,NIFTY 26950 CE,13:31,0.05,0.1,0.05,13:34,0.05,STOPLOSS,-0.05,-3.75,-63.75
2025-08-21,2025-08-21,NIFTY 26950 CE,13:37,0.05,0.1,0.05,13:40,0.05,STOPLOSS,-0.05,-3.75,-63.75
2025-08-21,2025-08-21,NIFTY 26950 CE,13:44,0.05,0.1,0.05,13:45,0.05,STOPLOSS,-0.05,-3.75,-63.75
2025-08-21,2025-08-21,NIFTY 26950 CE,13:49,0.05,0.1,0.05,13:52,0.05,STOPLOSS,-0.05,-3.75,-63.75
2025-08-21,2025-08-21,NIFTY 26950 CE,13:53,0.05,0.1,0.05,13:55,0.05,STOPLOSS,-0.05,-3.75,-63.75
2025-08-21,2025-08-21,NIFTY 26950 CE,13:57,0.05,0.1,0.05,14:00,0.05,STOPLOSS,-0.05,-3.75,-63.75
2025-08-21,2025-08-21,NIFTY 26950 CE,14:02,0.05,0.1,0.05,14:05,0.05,STOPLOSS,-0.05,-3.75,-63.75
2025-08-21,2025-08-21,NIFTY 26950 CE,14:09,0.05,0.1,0.05,14:10,0.05,STOPLOSS,-0.05,-3.75,-63.75
2025-08-21,2025-08-21,NIFTY 22600 PE,14:13,0.05,0.1,0.05,14:14,0.05,STOPLOSS,-0.05,-3.75,-63.75
2025-08-21,2025-08-21,NIFTY 22600 PE,14:15,0.05,0.1,0.05,14:16,0.05,STOPLOSS,-0.05,-3.75,-63.75
2025-08-21,2025-08-21,NIFTY 26950 CE,14:17,0.05,0.1,0.05,14:18,0.05,STOPLOSS,-0.05,-3.75,-63.75
2025-08-21,2025-08-21,NIFTY 26950 CE,14:19,0.05,0.1,0.05,14:20,0.05,STOPLOSS,-0.05,-3.75,-63.75
2025-08-21,2025-08-21,NIFTY 26950 CE,14:22,0.05,0.1,0.05,14:24,0.05,STOPLOSS,-0.05,-3.75,-63.75
2025-08-21,2025-08-21,NIFTY 26950 CE,14:25,0.05,0.1,0.05,14:26,0.05,STOPLOSS,-0.05,-3.75,-63.75
2025-08-21,2025-08-21,NIFTY 26950 CE,14:27,0.05,0.1,0.05,14:28,0.05,STOPLOSS,-0.05,-3.75,-63.75
2025-08-21,2025-08-21,NIFTY 22650 PE,14:29,0.1,0.2,0.1,14:33,0.1,STOPLOSS,-0.1,-7.5,-67.5
2025-08-21,2025-08-21,NIFTY 22700 PE,14:38,0.05,0.1,0.05,14:39,0.05,STOPLOSS,-0.05,-3.75,-63.75
2025-08-21,2025-08-21,NIFTY 26200 CE,14:40,0.05,0.1,0.05,14:41,0.05,STOPLOSS,-0.05,-3.75,-63.75
2025-08-21,2025-08-21,NIFTY 22700 PE,14:42,0.05,0.15,0.05,14:44,0.1,EMA10,-0.05,-3.75,-63.75
2025-08-21,2025-08-21,NIFTY 22600 PE,14:45,0.05,0.1,0.05,14:46,0.05,STOPLOSS,-0.05,-3.75,-63.75
2025-08-21,2025-08-21,NIFTY 22600 PE,14:47,0.05,0.1,0.05,14:48,0.05,STOPLOSS,-0.05,-3.75,-63.75
2025-08-21,2025-08-21,NIFTY 26200 CE,14:49,0.05,0.1,0.05,14:50,0.05,STOPLOSS,-0.05,-3.75,-63.75
2025-08-21,2025-08-21,NIFTY 26200 CE,14:51,0.05,0.1,0.05,14:52,0.05,STOPLOSS,-0.05,-3.75,-63.75
2025-08-21,2025-08-21,NIFTY 26200 CE,14:53,0.05,0.1,0.05,14:54,0.05,STOPLOSS,-0.05,-3.75,-63.75
2025-08-21,2025-08-21,NIFTY 23800 PE,14:55,0.05,0.1,0.05,14:56,0.05,STOPLOSS,-0.05,-3.75,-63.75
2025-08-21,2025-08-21,NIFTY 26800 CE,14:57,0.05,0.1,0.05,14:58,0.05,STOPLOSS,-0.05,-3.75,-63.75
2025-08-21,2025-08-21,NIFTY 22600 PE,14:59,0.05,0.1,0.05,15:00,0.05,STOPLOSS,-0.05,-3.75,-63.75
2025-08-21,2025-08-21,NIFTY 26000 CE,15:01,0.05,0.1,0.05,15:02,0.05,STOPLOSS,-0.05,-3.75,-63.75
2025-08-21,2025-08-21,NIFTY 24000 PE,15:03,0.05,0.1,0.05,15:04,0.05,STOPLOSS,-0.05,-3.75,-63.75
2025-08-21,2025-08-21,NIFTY 26900 CE,15:05,0.05,0.1,0.05,15:06,0.05,STOPLOSS,-0.05,-3.75,-63.75
2025-08-21,2025-08-21,NIFTY 24150 PE,15:07,0.05,0.1,0.05,15:08,0.05,STOPLOSS,-0.05,-3.75,-63.75
2025-08-21,2025-08-21,NIFTY 23100 PE,15:09,0.05,0.1,0.05,15:10,0.05,STOPLOSS,-0.05,-3.75,-63.75
2025-08-21,2025-08-21,NIFTY 23050 PE,15:11,0.05,0.1,0.05,15:15,0.05,STOPLOSS,-0.05,-3.75,-63.75
2025-08-28,2025-08-28,NIFTY 22750 PE,14:28,0.05,0.1,0.05,14:29,0.05,STOPLOSS,-0.05,-3.75,-63.75
2025-08-28,2025-08-28,NIFTY 22750 PE,14:35,0.05,0.1,0.05,14:40,0.05,STOPLOSS,-0.05,-3.75,-63.75
2025-08-28,2025-08-28,NIFTY 22750 PE,14:41,0.05,0.1,0.05,14:42,0.05,STOPLOSS,-0.05,-3.75,-63.75
2025-08-28,2025-08-28,NIFTY 22750 PE,14:44,0.05,0.1,0.05,14:45,0.05,STOPLOSS,-0.05,-3.75,-63.75
2025-08-28,2025-08-28,NIFTY 25950 CE,14:50,0.1,0.2,0.1,14:54,0.15,EMA10,-0.05,-3.75,-63.75
2025-08-28,2025-08-28,NIFTY 22750 PE,14:56,0.05,0.1,0.05,14:57,0.05,STOPLOSS,-0.05,-3.75,-63.75
2025-08-28,2025-08-28,NIFTY 27050 CE,14:58,0.1,0.2,0.1,14:59,0.15,EMA10,-0.05,-3.75,-63.75
2025-08-28,2025-08-28,NIFTY 24500 PE,15:00,6.1,12.3,5.7,15:02,5.7,STOPLOSS,-6.6,-495.0,-555.0
2025-08-28,2025-08-28,NIFTY 27400 CE,15:04,0.05,0.1,0.05,15:05,0.05,STOPLOSS,-0.05,-3.75,-63.75
2025-08-28,2025-08-28,NIFTY 26200 CE,15:08,0.05,0.1,0.05,15:09,0.05,STOPLOSS,-0.05,-3.75,-63.75
2025-08-28,2025-08-28,NIFTY 26350 CE,15:10,0.05,0.1,0.05,15:11,0.05,STOPLOSS,-0.05,-3.75,-63.75
2025-08-28,2025-08-28,NIFTY 24500 CE,15:12,0.8,1.85,0.7,15:13,0.7,STOPLOSS,-1.15,-86.25,-146.25
2025-08-28,2025-08-28,NIFTY 24500 CE,15:14,0.75,1.65,0.6,15:15,1.0,EMA10,-0.65,-48.75,-108.75
2025-09-02,2025-09-02,NIFTY 24500 PE,13:55,2.3,6.5,1.6,14:10,7.55,EMA10,1.05,78.75,18.75
2025-09-02,2025-09-02,NIFTY 22700 PE,14:12,0.05,0.1,0.05,14:14,0.05,STOPLOSS,-0.05,-3.75,-63.75
2025-09-02,2025-09-02,NIFTY 22700 PE,14:15,0.05,0.1,0.05,14:21,0.05,STOPLOSS,-0.05,-3.75,-63.75
2025-09-02,2025-09-02,NIFTY 22700 PE,14:22,0.05,0.1,0.05,14:23,0.05,STOPLOSS,-0.05,-3.75,-63.75
2025-09-02,2025-09-02,NIFTY 24500 PE,14:24,6.65,13.3,4.0,14:32,7.35,EMA10,-5.95,-446.25,-506.25
2025-09-02,2025-09-02,NIFTY 23300 PE,14:34,0.1,0.2,0.1,14:35,0.15,EMA10,-0.05,-3.75,-63.75
2025-09-02,2025-09-02,NIFTY 26850 CE,14:47,0.05,0.1,0.05,14:48,0.05,STOPLOSS,-0.05,-3.75,-63.75
2025-09-02,2025-09-02,NIFTY 24550 PE,14:51,5.6,12.85,4.55,14:55,6.7,EMA10,-6.15,-461.25,-521.25
2025-09-02,2025-09-02,NIFTY 26000 CE,14:56,0.05,0.1,0.05,14:57,0.05,STOPLOSS,-0.05,-3.75,-63.75
2025-09-02,2025-09-02,NIFTY 24450 PE,14:58,0.4,0.85,0.35,15:00,0.55,EMA10,-0.3,-22.5,-82.5
2025-09-02,2025-09-02,NIFTY 22700 PE,15:01,0.05,0.1,0.05,15:02,0.1,EMA10,0.0,0.0,-60.0
2025-09-02,2025-09-02,NIFTY 26850 CE,15:04,0.05,0.1,0.05,15:05,0.05,STOPLOSS,-0.05,-3.75,-63.75
2025-09-02,2025-09-02,NIFTY 25500 CE,15:06,0.05,0.1,0.05,15:07,0.05,STOPLOSS,-0.05,-3.75,-63.75
2025-09-02,2025-09-02,NIFTY 25700 CE,15:08,0.05,0.1,0.05,15:09,0.05,STOPLOSS,-0.05,-3.75,-63.75
2025-09-02,2025-09-02,NIFTY 24000 PE,15:10,0.05,0.1,0.05,15:11,0.05,STOPLOSS,-0.05,-3.75,-63.75
2025-09-02,2025-09-02,NIFTY 25700 CE,15:12,0.05,0.1,0.05,15:13,0.05,STOPLOSS,-0.05,-3.75,-63.75
2025-09-02,2025-09-02,NIFTY 23900 PE,15:14,0.05,0.1,0.05,15:15,0.05,STOPLOSS,-0.05,-3.75,-63.75
2025-09-09,2025-09-09,NIFTY 26850 CE,13:33,0.05,0.1,0.05,13:34,0.05,STOPLOSS,-0.05,-3.75,-63.75
2025-09-09,2025-09-09,NIFTY 26850 CE,13:48,0.05,0.1,0.05,13:50,0.05,STOPLOSS,-0.05,-3.75,-63.75
2025-09-09,2025-09-09,NIFTY 26850 CE,13:54,0.05,0.1,0.05,13:55,0.05,STOPLOSS,-0.05,-3.75,-63.75
2025-09-09,2025-09-09,NIFTY 26850 CE,13:57,0.05,0.1,0.05,13:58,0.05,STOPLOSS,-0.05,-3.75,-63.75
2025-09-09,2025-09-09,NIFTY 26850 CE,14:01,0.05,0.1,0.05,14:02,0.05,STOPLOSS,-0.05,-3.75,-63.75
2025-09-09,2025-09-09,NIFTY 26850 CE,14:03,0.05,0.1,0.05,14:04,0.05,STOPLOSS,-0.05,-3.75,-63.75
2025-09-09,2025-09-09,NIFTY 26850 CE,14:09,0.05,0.1,0.05,14:10,0.05,STOPLOSS,-0.05,-3.75,-63.75
2025-09-09,2025-09-09,NIFTY 26850 CE,14:13,0.05,0.1,0.05,14:14,0.05,STOPLOSS,-0.05,-3.75,-63.75
2025-09-09,2025-09-09,NIFTY 26850 CE,14:16,0.05,0.1,0.05,14:17,0.05,STOPLOSS,-0.05,-3.75,-63.75
2025-09-09,2025-09-09,NIFTY 26850 CE,14:21,0.05,0.1,0.05,14:22,0.05,STOPLOSS,-0.05,-3.75,-63.75
2025-09-09,2025-09-09,NIFTY 24950 CE,14:26,2.25,4.5,1.9,14:28,2.5,EMA10,-2.0,-150.0,-210.0
2025-09-09,2025-09-09,NIFTY 26850 CE,14:29,0.05,0.1,0.05,14:30,0.05,STOPLOSS,-0.05,-3.75,-63.75
2025-09-09,2025-09-09,NIFTY 26850 CE,14:32,0.05,0.1,0.05,14:33,0.05,STOPLOSS,-0.05,-3.75,-63.75
2025-09-09,2025-09-09,NIFTY 26800 CE,14:34,0.05,0.1,0.05,14:36,0.05,STOPLOSS,-0.05,-3.75,-63.75
2025-09-09,2025-09-09,NIFTY 26400 CE,14:38,0.05,0.1,0.05,14:39,0.1,EMA10,0.0,0.0,-60.0
2025-09-09,2025-09-09,NIFTY 26500 CE,14:40,0.05,0.1,0.05,14:41,0.05,STOPLOSS,-0.05,-3.75,-63.75
2025-09-09,2025-09-09,NIFTY 26200 CE,14:43,0.05,0.1,0.05,14:46,0.05,STOPLOSS,-0.05,-3.75,-63.75
2025-09-09,2025-09-09,NIFTY 26800 CE,14:47,0.05,0.1,0.05,14:49,0.05,STOPLOSS,-0.05,-3.75,-63.75
2025-09-09,2025-09-09,NIFTY 26250 CE,14:50,0.05,0.1,0.05,14:52,0.1,EMA10,0.0,0.0,-60.0
2025-09-09,2025-09-09,NIFTY 25400 CE,14:53,0.05,0.1,0.05,14:54,0.05,STOPLOSS,-0.05,-3.75,-63.75
2025-09-09,2025-09-09,NIFTY 25300 CE,14:55,0.05,0.15,0.05,14:56,0.1,EMA10,-0.05,-3.75,-63.75
2025-09-09,2025-09-09,NIFTY 25550 CE,14:57,0.05,0.1,0.05,14:58,0.05,STOPLOSS,-0.05,-3.75,-63.75
2025-09-09,2025-09-09,NIFTY 25750 CE,14:59,0.05,0.1,0.05,15:00,0.05,STOPLOSS,-0.05,-3.75,-63.75
2025-09-09,2025-09-09,NIFTY 22800 PE,15:01,0.05,0.1,0.05,15:02,0.05,STOPLOSS,-0.05,-3.75,-63.75
2025-09-09,2025-09-09,NIFTY 26200 CE,15:03,0.05,0.1,0.05,15:04,0.05,STOPLOSS,-0.05,-3.75,-63.75
2025-09-09,2025-09-09,NIFTY 22950 PE,15:05,0.05,0.1,0.05,15:09,0.05,STOPLOSS,-0.05,-3.75,-63.75
2025-09-09,2025-09-09,NIFTY 23850 PE,15:10,0.05,0.1,0.05,15:11,0.05,STOPLOSS,-0.05,-3.75,-63.75
2025-09-09,2025-09-09,NIFTY 23350 PE,15:12,0.05,0.1,0.05,15:13,0.05,STOPLOSS,-0.05,-3.75,-63.75
2025-09-09,2025-09-09,NIFTY 24200 PE,15:14,0.05,0.1,0.05,15:15,0.05,STOPLOSS,-0.05,-3.75,-63.75
2025-09-16,2025-09-16,NIFTY 26850 CE,13:33,0.05,0.1,0.05,13:34,0.05,STOPLOSS,-0.05,-3.75,-63.75
2025-09-16,2025-09-16,NIFTY 26800 CE,13:35,0.05,0.1,0.05,13:36,0.05,STOPLOSS,-0.05,-3.75,-63.75
2025-09-16,2025-09-16,NIFTY 26750 CE,13:37,0.05,0.1,0.05,13:41,0.05,STOPLOSS,-0.05,-3.75,-63.75
2025-09-16,2025-09-16,NIFTY 26600 CE,13:42,0.05,0.1,0.05,13:43,0.05,STOPLOSS,-0.05,-3.75,-63.75
2025-09-16,2025-09-16,NIFTY 26800 CE,13:45,0.05,0.1,0.05,13:48,0.05,STOPLOSS,-0.05,-3.75,-63.75
2025-09-16,2025-09-16,NIFTY 26800 CE,13:50,0.05,0.1,0.05,13:51,0.05,STOPLOSS,-0.05,-3.75,-63.75
2025-09-16,2025-09-16,NIFTY 26600 CE,13:53,0.05,0.1,0.05,13:54,0.05,STOPLOSS,-0.05,-3.75,-63.75
2025-09-16,2025-09-16,NIFTY 26750 CE,13:55,0.05,0.1,0.05,13:58,0.05,STOPLOSS,-0.05,-3.75,-63.75
2025-09-16,2025-09-16,NIFTY 26800 CE,13:59,0.05,0.1,0.05,14:00,0.05,STOPLOSS,-0.05,-3.75,-63.75
2025-09-16,2025-09-16,NIFTY 26750 CE,14:02,0.05,0.1,0.05,14:03,0.05,STOPLOSS,-0.05,-3.75,-63.75
2025-09-16,2025-09-16,NIFTY 26500 CE,14:04,0.05,0.1,0.05,14:05,0.05,STOPLOSS,-0.05,-3.75,-63.75
2025-09-16,2025-09-16,NIFTY 26450 CE,14:06,0.05,0.1,0.05,14:08,0.05,STOPLOSS,-0.05,-3.75,-63.75
2025-09-16,2025-09-16,NIFTY 26750 CE,14:10,0.05,0.1,0.05,14:11,0.05,STOPLOSS,-0.05,-3.75,-63.75
2025-09-16,2025-09-16,NIFTY 26700 CE,14:12,0.05,0.1,0.05,14:13,0.05,STOPLOSS,-0.05,-3.75,-63.75
2025-09-16,2025-09-16,NIFTY 26800 CE,14:14,0.05,0.1,0.05,14:16,0.05,STOPLOSS,-0.05,-3.75,-63.75
2025-09-16,2025-09-16,NIFTY 26750 CE,14:17,0.05,0.1,0.05,14:19,0.05,STOPLOSS,-0.05,-3.75,-63.75
2025-09-16,2025-09-16,NIFTY 26600 CE,14:21,0.05,0.1,0.05,14:22,0.05,STOPLOSS,-0.05,-3.75,-63.75
2025-09-16,2025-09-16,NIFTY 26700 CE,14:23,0.05,0.1,0.05,14:25,0.05,STOPLOSS,-0.05,-3.75,-63.75
2025-09-16,2025-09-16,NIFTY 26450 CE,14:26,0.05,0.1,0.05,14:27,0.05,STOPLOSS,-0.05,-3.75,-63.75
2025-09-16,2025-09-16,NIFTY 26750 CE,14:28,0.05,0.1,0.05,14:30,0.05,STOPLOSS,-0.05,-3.75,-63.75
2025-09-16,2025-09-16,NIFTY 26600 CE,14:32,0.05,0.1,0.05,14:33,0.05,STOPLOSS,-0.05,-3.75,-63.75
2025-09-16,2025-09-16,NIFTY 26550 CE,14:34,0.05,0.1,0.05,14:39,0.05,STOPLOSS,-0.05,-3.75,-63.75
2025-09-16,2025-09-16,NIFTY 26350 CE,14:40,0.05,0.1,0.05,14:41,0.05,STOPLOSS,-0.05,-3.75,-63.75
2025-09-16,2025-09-16,NIFTY 23000 PE,14:42,0.05,0.1,0.05,14:43,0.05,STOPLOSS,-0.05,-3.75,-63.75
2025-09-16,2025-09-16,NIFTY 25850 CE,14:44,0.05,0.1,0.05,14:45,0.05,STOPLOSS,-0.05,-3.75,-63.75
2025-09-16,2025-09-16,NIFTY 25850 CE,14:46,0.05,0.1,0.05,14:47,0.05,STOPLOSS,-0.05,-3.75,-63.75
2025-09-16,2025-09-16,NIFTY 26150 CE,14:48,0.05,0.1,0.05,14:50,0.05,STOPLOSS,-0.05,-3.75,-63.75
2025-09-16,2025-09-16,NIFTY 23850 PE,14:51,0.05,0.1,0.05,14:53,0.1,EMA10,0.0,0.0,-60.0
2025-09-16,2025-09-16,NIFTY 25850 CE,14:54,0.05,0.1,0.05,14:56,0.05,STOPLOSS,-0.05,-3.75,-63.75
2025-09-16,2025-09-16,NIFTY 24400 PE,14:57,0.05,0.1,0.05,14:58,0.05,STOPLOSS,-0.05,-3.75,-63.75
2025-09-16,2025-09-16,NIFTY 25100 PE,14:59,0.2,0.45,0.2,15:00,0.3,EMA10,-0.15,-11.25,-71.25
2025-09-16,2025-09-16,NIFTY 24400 PE,15:01,0.05,0.1,0.05,15:02,0.05,STOPLOSS,-0.05,-3.75,-63.75
2025-09-16,2025-09-16,NIFTY 26450 CE,15:03,0.05,0.1,0.05,15:04,0.05,STOPLOSS,-0.05,-3.75,-63.75
2025-09-16,2025-09-16,NIFTY 25250 CE,15:05,0.5,1.2,0.25,15:06,0.55,EMA10,-0.65,-48.75,-108.75
2025-09-16,2025-09-16,NIFTY 23350 PE,15:07,0.05,0.1,0.05,15:08,0.05,STOPLOSS,-0.05,-3.75,-63.75
2025-09-16,2025-09-16,NIFTY 25650 CE,15:09,0.05,0.1,0.05,15:10,0.05,STOPLOSS,-0.05,-3.75,-63.75
2025-09-16,2025-09-16,NIFTY 22900 PE,15:11,0.05,0.1,0.05,15:12,0.05,STOPLOSS,-0.05,-3.75,-63.75
2025-09-16,2025-09-16,NIFTY 24850 PE,15:13,0.05,0.1,0.05,15:14,0.05,STOPLOSS,-0.05,-3.75,-63.75
2025-09-16,2025-09-16,NIFTY 23300 PE,15:15,0.05,0.1,0.05,15:20,0.05,STOPLOSS,-0.05,-3.75,-63.75
2025-09-23,2025-09-23,NIFTY 26500 CE,13:34,0.05,0.1,0.05,13:35,0.1,EMA10,0.0,0.0,-60.0
2025-09-23,2025-09-23,NIFTY 26500 CE,13:37,0.05,0.1,0.05,13:40,0.05,STOPLOSS,-0.05,-3.75,-63.75
2025-09-23,2025-09-23,NIFTY 26500 CE,13:41,0.05,0.1,0.05,13:42,0.05,STOPLOSS,-0.05,-3.75,-63.75
2025-09-23,2025-09-23,NIFTY 26500 CE,13:45,0.05,0.1,0.05,13:46,0.05,STOPLOSS,-0.05,-3.75,-63.75
2025-09-23,2025-09-23,NIFTY 26500 CE,13:47,0.05,0.1,0.05,13:48,0.05,STOPLOSS,-0.05,-3.75,-63.75
2025-09-23,2025-09-23,NIFTY 27000 CE,13:50,0.05,0.1,0.05,13:51,0.1,EMA10,0.0,0.0,-60.0
2025-09-23,2025-09-23,NIFTY 22800 PE,13:53,0.05,0.1,0.05,13:54,0.05,STOPLOSS,-0.05,-3.75,-63.75
2025-09-23,2025-09-23,NIFTY 26700 CE,13:55,0.05,0.1,0.05,13:56,0.1,EMA10,0.0,0.0,-60.0
2025-09-23,2025-09-23,NIFTY 27000 CE,13:58,0.05,0.1,0.05,14:00,0.05,STOPLOSS,-0.05,-3.75,-63.75
2025-09-23,2025-09-23,NIFTY 26700 CE,14:01,0.05,0.1,0.05,14:02,0.05,STOPLOSS,-0.05,-3.75,-63.75
2025-09-23,2025-09-23,NIFTY 26450 CE,14:03,0.05,0.1,0.05,14:04,0.05,STOPLOSS,-0.05,-3.75,-63.75
2025-09-23,2025-09-23,NIFTY 27150 CE,14:05,0.05,0.1,0.05,14:06,0.05,STOPLOSS,-0.05,-3.75,-63.75
2025-09-23,2025-09-23,NIFTY 26450 CE,14:07,0.05,0.1,0.05,14:08,0.05,STOPLOSS,-0.05,-3.75,-63.75
2025-09-23,2025-09-23,NIFTY 26700 CE,14:09,0.05,0.1,0.05,14:11,0.05,STOPLOSS,-0.05,-3.75,-63.75
2025-09-23,2025-09-23,NIFTY 26200 CE,14:12,0.05,0.1,0.05,14:13,0.05,STOPLOSS,-0.05,-3.75,-63.75
2025-09-23,2025-09-23,NIFTY 25150 PE,14:14,3.15,6.9,2.35,14:18,4.65,EMA10,-2.25,-168.75,-228.75
2025-09-23,2025-09-23,NIFTY 26850 CE,14:19,0.05,0.1,0.05,14:21,0.05,STOPLOSS,-0.05,-3.75,-63.75
2025-09-23,2025-09-23,NIFTY 26900 CE,14:22,0.05,0.1,0.05,14:33,0.05,STOPLOSS,-0.05,-3.75,-63.75
2025-09-23,2025-09-23,NIFTY 26450 CE,14:34,0.05,0.1,0.05,14:36,0.05,STOPLOSS,-0.05,-3.75,-63.75
2025-09-23,2025-09-23,NIFTY 25250 CE,14:37,6.45,13.05,4.6,14:39,5.85,EMA10,-7.2,-540.0,-600.0
2025-09-23,2025-09-23,NIFTY 23000 PE,14:40,0.05,0.1,0.05,14:42,0.05,STOPLOSS,-0.05,-3.75,-63.75
2025-09-23,2025-09-23,NIFTY 23650 PE,14:43,0.05,0.1,0.05,14:44,0.05,STOPLOSS,-0.05,-3.75,-63.75
2025-09-23,2025-09-23,NIFTY 26700 CE,14:45,0.05,0.1,0.05,14:46,0.05,STOPLOSS,-0.05,-3.75,-63.75
2025-09-23,2025-09-23,NIFTY 25900 CE,14:47,0.05,0.1,0.05,14:48,0.05,STOPLOSS,-0.05,-3.75,-63.75
2025-09-23,2025-09-23,NIFTY 26700 CE,14:49,0.05,0.1,0.05,14:50,0.05,STOPLOSS,-0.05,-3.75,-63.75
2025-09-23,2025-09-23,NIFTY 26900 CE,14:51,0.05,0.1,0.05,14:52,0.05,STOPLOSS,-0.05,-3.75,-63.75
2025-09-23,2025-09-23,NIFTY 23500 PE,14:53,0.05,0.1,0.05,14:54,0.05,STOPLOSS,-0.05,-3.75,-63.75
2025-09-23,2025-09-23,NIFTY 26700 CE,14:55,0.05,0.1,0.05,14:57,0.05,STOPLOSS,-0.05,-3.75,-63.75
2025-09-23,2025-09-23,NIFTY 24700 PE,14:58,0.05,0.1,0.05,14:59,0.05,STOPLOSS,-0.05,-3.75,-63.75
2025-09-23,2025-09-23,NIFTY 24000 PE,15:00,0.05,0.1,0.05,15:01,0.05,STOPLOSS,-0.05,-3.75,-63.75
2025-09-23,2025-09-23,NIFTY 26200 CE,15:02,0.05,0.1,0.05,15:03,0.05,STOPLOSS,-0.05,-3.75,-63.75
2025-09-23,2025-09-23,NIFTY 24500 PE,15:04,0.05,0.1,0.05,15:05,0.05,STOPLOSS,-0.05,-3.75,-63.75
2025-09-23,2025-09-23,NIFTY 22950 PE,15:06,0.05,0.1,0.05,15:11,0.05,STOPLOSS,-0.05,-3.75,-63.75
2025-09-23,2025-09-23,NIFTY 25650 CE,15:12,0.05,0.1,0.05,15:13,0.05,STOPLOSS,-0.05,-3.75,-63.75
2025-09-23,2025-09-23,NIFTY 25650 CE,15:14,0.05,0.1,0.05,15:15,0.05,STOPLOSS,-0.05,-3.75,-63.75
2025-09-30,2025-09-30,NIFTY 27250 CE,11:58,0.4,1.15,0.4,11:59,0.45,EMA10,-0.7,-52.5,-112.5
2025-09-30,2025-09-30,NIFTY 27250 CE,13:00,0.15,0.45,0.15,13:23,0.3,EMA10,-0.15,-11.25,-71.25
2025-09-30,2025-09-30,NIFTY 29000 CE,13:39,0.1,0.2,0.1,13:41,0.1,STOPLOSS,-0.1,-7.5,-67.5
2025-09-30,2025-09-30,NIFTY 29000 CE,14:45,0.05,0.1,0.05,14:46,0.05,STOPLOSS,-0.05,-3.75,-63.75
2025-09-30,2025-09-30,NIFTY 24600 PE,14:47,3.65,8.65,3.35,14:49,6.0,EMA10,-2.65,-198.75,-258.75
2025-09-30,2025-09-30,NIFTY 29000 CE,14:51,0.05,0.1,0.05,14:56,0.05,STOPLOSS,-0.05,-3.75,-63.75
2025-09-30,2025-09-30,NIFTY 22600 PE,14:57,0.05,0.1,0.05,14:58,0.1,EMA10,0.0,0.0,-60.0
2025-09-30,2025-09-30,NIFTY 22600 PE,15:00,0.05,0.1,0.05,15:01,0.05,STOPLOSS,-0.05,-3.75,-63.75
2025-09-30,2025-09-30,NIFTY 29000 CE,15:05,0.05,0.1,0.05,15:06,0.05,STOPLOSS,-0.05,-3.75,-63.75
2025-09-30,2025-09-30,NIFTY 24600 PE,15:07,0.9,2.35,0.9,15:08,1.8,EMA10,-0.55,-41.25,-101.25
2025-09-30,2025-09-30,NIFTY 25500 CE,15:10,0.05,0.1,0.05,15:11,0.05,STOPLOSS,-0.05,-3.75,-63.75
2025-09-30,2025-09-30,NIFTY 23800 PE,15:12,0.05,0.1,0.05,15:13,0.05,STOPLOSS,-0.05,-3.75,-63.75
2025-09-30,2025-09-30,NIFTY 25300 CE,15:14,0.05,0.1,0.05,15:15,0.05,STOPLOSS,-0.05,-3.75,-63.75
2025-10-07,2025-10-07,NIFTY 22850 PE,12:44,0.1,0.2,0.1,12:45,0.15,EMA10,-0.05,-3.75,-63.75
2025-10-07,2025-10-07,NIFTY 27100 CE,13:25,0.05,0.15,0.05,13:26,0.1,EMA10,-0.05,-3.75,-63.75
2025-10-07,2025-10-07,NIFTY 27000 CE,13:36,0.05,0.1,0.05,13:37,0.05,STOPLOSS,-0.05,-3.75,-63.75
2025-10-07,2025-10-07,NIFTY 27000 CE,13:42,0.05,0.1,0.05,13:44,0.05,STOPLOSS,-0.05,-3.75,-63.75
2025-10-07,2025-10-07,NIFTY 27000 CE,13:46,0.05,0.1,0.05,13:47,0.05,STOPLOSS,-0.05,-3.75,-63.75
2025-10-07,2025-10-07,NIFTY 23050 PE,13:50,0.1,0.2,0.1,13:55,0.15,EMA10,-0.05,-3.75,-63.75
2025-10-07,2025-10-07,NIFTY 27000 CE,13:56,0.05,0.1,0.05,13:58,0.05,STOPLOSS,-0.05,-3.75,-63.75
2025-10-07,2025-10-07,NIFTY 27100 CE,14:00,0.05,0.1,0.05,14:03,0.05,STOPLOSS,-0.05,-3.75,-63.75
2025-10-07,2025-10-07,NIFTY 27100 CE,14:07,0.05,0.1,0.05,14:10,0.05,STOPLOSS,-0.05,-3.75,-63.75
2025-10-07,2025-10-07,NIFTY 27100 CE,14:11,0.05,0.1,0.05,14:15,0.05,STOPLOSS,-0.05,-3.75,-63.75
2025-10-07,2025-10-07,NIFTY 26450 CE,14:17,0.05,0.1,0.05,14:19,0.05,STOPLOSS,-0.05,-3.75,-63.75
2025-10-07,2025-10-07,NIFTY 27000 CE,14:20,0.05,0.1,0.05,14:21,0.05,STOPLOSS,-0.05,-3.75,-63.75
2025-10-07,2025-10-07,NIFTY 26450 CE,14:22,0.05,0.1,0.05,14:26,0.05,STOPLOSS,-0.05,-3.75,-63.75
2025-10-07,2025-10-07,NIFTY 26950 CE,14:27,0.05,0.1,0.05,14:28,0.05,STOPLOSS,-0.05,-3.75,-63.75
2025-10-07,2025-10-07,NIFTY 26500 CE,14:29,0.05,0.1,0.05,14:30,0.05,STOPLOSS,-0.05,-3.75,-63.75
2025-10-07,2025-10-07,NIFTY 27100 CE,14:31,0.05,0.15,0.05,14:36,0.1,EMA10,-0.05,-3.75,-63.75
2025-10-07,2025-10-07,NIFTY 22850 PE,14:37,0.05,0.1,0.05,14:38,0.05,STOPLOSS,-0.05,-3.75,-63.75
2025-10-07,2025-10-07,NIFTY 23700 PE,14:40,0.05,0.1,0.05,14:41,0.05,STOPLOSS,-0.05,-3.75,-63.75
2025-10-07,2025-10-07,NIFTY 26750 CE,14:42,0.05,0.1,0.05,14:50,0.05,STOPLOSS,-0.05,-3.75,-63.75
2025-10-07,2025-10-07,NIFTY 25800 CE,14:51,0.05,0.1,0.05,14:52,0.05,STOPLOSS,-0.05,-3.75,-63.75
2025-10-07,2025-10-07,NIFTY 25900 CE,14:53,0.05,0.1,0.05,14:54,0.05,STOPLOSS,-0.05,-3.75,-63.75
2025-10-07,2025-10-07,NIFTY 26200 CE,14:55,0.05,0.1,0.05,14:57,0.05,STOPLOSS,-0.05,-3.75,-63.75
2025-10-07,2025-10-07,NIFTY 26750 CE,14:58,0.05,0.1,0.05,14:59,0.05,STOPLOSS,-0.05,-3.75,-63.75
2025-10-07,2025-10-07,NIFTY 26600 CE,15:00,0.05,0.1,0.05,15:03,0.05,STOPLOSS,-0.05,-3.75,-63.75
2025-10-07,2025-10-07,NIFTY 26800 CE,15:04,0.05,0.1,0.05,15:06,0.05,STOPLOSS,-0.05,-3.75,-63.75
2025-10-07,2025-10-07,NIFTY 27100 CE,15:07,0.05,0.1,0.05,15:09,0.05,STOPLOSS,-0.05,-3.75,-63.75
2025-10-07,2025-10-07,NIFTY 23450 PE,15:10,0.05,0.1,0.05,15:11,0.05,STOPLOSS,-0.05,-3.75,-63.75
2025-10-07,2025-10-07,NIFTY 24150 PE,15:12,0.05,0.1,0.05,15:13,0.05,STOPLOSS,-0.05,-3.75,-63.75
2025-10-07,2025-10-07,NIFTY 23200 PE,15:14,0.05,0.1,0.05,15:15,0.05,STOPLOSS,-0.05,-3.75,-63.75
2025-10-14,2025-10-14,NIFTY 24950 PE,10:02,3.2,6.75,2.75,10:09,4.7,EMA10,-2.05,-153.75,-213.75
2025-10-14,2025-10-14,NIFTY 27000 CE,14:01,0.05,0.1,0.05,14:02,0.1,EMA10,0.0,0.0,-60.0
2025-10-14,2025-10-14,NIFTY 27100 CE,14:04,0.05,0.1,0.05,14:05,0.05,STOPLOSS,-0.05,-3.75,-63.75
2025-10-14,2025-10-14,NIFTY 27150 CE,14:06,0.05,0.1,0.05,14:08,0.05,STOPLOSS,-0.05,-3.75,-63.75
2025-10-14,2025-10-14,NIFTY 27150 CE,14:10,0.05,0.1,0.05,14:11,0.05,STOPLOSS,-0.05,-3.75,-63.75
2025-10-14,2025-10-14,NIFTY 27000 CE,14:12,0.05,0.1,0.05,14:17,0.1,EMA10,0.0,0.0,-60.0
2025-10-14,2025-10-14,NIFTY 27100 CE,14:25,0.05,0.1,0.05,14:27,0.05,STOPLOSS,-0.05,-3.75,-63.75
2025-10-14,2025-10-14,NIFTY 27100 CE,14:31,0.05,0.1,0.05,14:32,0.05,STOPLOSS,-0.05,-3.75,-63.75
2025-10-14,2025-10-14,NIFTY 27100 CE,14:33,0.05,0.1,0.05,14:34,0.05,STOPLOSS,-0.05,-3.75,-63.75
2025-10-14,2025-10-14,NIFTY 27000 CE,14:36,0.05,0.1,0.05,14:37,0.05,STOPLOSS,-0.05,-3.75,-63.75
2025-10-14,2025-10-14,NIFTY 23850 PE,14:39,0.1,0.2,0.1,14:42,0.15,EMA10,-0.05,-3.75,-63.75
2025-10-14,2025-10-14,NIFTY 27100 CE,14:44,0.05,0.1,0.05,14:45,0.05,STOPLOSS,-0.05,-3.75,-63.75
2025-10-14,2025-10-14,NIFTY 27150 CE,14:46,0.05,0.1,0.05,14:47,0.05,STOPLOSS,-0.05,-3.75,-63.75
2025-10-14,2025-10-14,NIFTY 27100 CE,14:50,0.05,0.1,0.05,14:51,0.05,STOPLOSS,-0.05,-3.75,-63.75
2025-10-14,2025-10-14,NIFTY 26400 CE,14:52,0.05,0.1,0.05,14:53,0.05,STOPLOSS,-0.05,-3.75,-63.75
2025-10-14,2025-10-14,NIFTY 26200 CE,14:54,0.05,0.1,0.05,14:56,0.05,STOPLOSS,-0.05,-3.75,-63.75
2025-10-14,2025-10-14,NIFTY 23700 PE,14:57,0.05,0.1,0.05,14:58,0.05,STOPLOSS,-0.05,-3.75,-63.75
2025-10-14,2025-10-14,NIFTY 23700 PE,14:59,0.05,0.1,0.05,15:00,0.1,EMA10,0.0,0.0,-60.0
2025-10-14,2025-10-14,NIFTY 26200 CE,15:01,0.05,0.1,0.05,15:02,0.05,STOPLOSS,-0.05,-3.75,-63.75
2025-10-14,2025-10-14,NIFTY 26800 CE,15:03,0.05,0.1,0.05,15:04,0.05,STOPLOSS,-0.05,-3.75,-63.75
2025-10-14,2025-10-14,NIFTY 25950 CE,15:05,0.05,0.1,0.05,15:06,0.05,STOPLOSS,-0.05,-3.75,-63.75
2025-10-14,2025-10-14,NIFTY 26600 CE,15:07,0.05,0.1,0.05,15:10,0.05,STOPLOSS,-0.05,-3.75,-63.75
2025-10-14,2025-10-14,NIFTY 25850 CE,15:11,0.05,0.1,0.05,15:12,0.05,STOPLOSS,-0.05,-3.75,-63.75
2025-10-14,2025-10-14,NIFTY 24000 PE,15:13,0.05,0.1,0.05,15:14,0.05,STOPLOSS,-0.05,-3.75,-63.75
2025-10-14,2025-10-14,NIFTY 26050 CE,15:15,0.05,0.1,0.05,15:16,0.05,STOPLOSS,-0.05,-3.75,-63.75
2025-10-20,2025-10-28,NIFTY 27450 CE,09:18,1.15,2.9,1.15,09:20,1.45,EMA10,-1.45,-108.75,-168.75
2025-10-20,2025-10-28,NIFTY 27250 CE,12:27,1.2,4.95,1.0,12:32,1.4,EMA10,-3.55,-266.25,-326.25
2025-10-23,2025-10-28,NIFTY 23450 PE,09:24,1.8,4.35,1.8,09:27,2.6,EMA10,-1.75,-131.25,-191.25
2025-10-28,2025-10-28,NIFTY 23750 PE,13:38,0.15,0.3,0.15,13:41,0.2,EMA10,-0.1,-7.5,-67.5
2025-10-28,2025-10-28,NIFTY 27550 CE,13:44,0.1,0.2,0.1,13:49,0.15,EMA10,-0.05,-3.75,-63.75
2025-10-28,2025-10-28,NIFTY 23750 PE,13:56,0.15,0.3,0.15,13:57,0.15,STOPLOSS,-0.15,-11.25,-71.25
2025-10-28,2025-10-28,NIFTY 23500 PE,14:00,0.05,0.1,0.05,14:01,0.05,STOPLOSS,-0.05,-3.75,-63.75
2025-10-28,2025-10-28,NIFTY 23500 PE,14:02,0.05,0.1,0.05,14:04,0.05,STOPLOSS,-0.05,-3.75,-63.75
2025-10-28,2025-10-28,NIFTY 23500 PE,14:05,0.05,0.1,0.05,14:07,0.05,STOPLOSS,-0.05,-3.75,-63.75
2025-10-28,2025-10-28,NIFTY 23500 PE,14:16,0.05,0.1,0.05,14:18,0.05,STOPLOSS,-0.05,-3.75,-63.75
2025-10-28,2025-10-28,NIFTY 23500 PE,14:21,0.05,0.1,0.05,14:23,0.05,STOPLOSS,-0.05,-3.75,-63.75
2025-10-28,2025-10-28,NIFTY 23500 PE,14:25,0.05,0.1,0.05,14:26,0.05,STOPLOSS,-0.05,-3.75,-63.75
2025-10-28,2025-10-28,NIFTY 23900 PE,14:33,0.15,0.3,0.15,14:43,0.25,EMA10,-0.05,-3.75,-63.75
2025-10-28,2025-10-28,NIFTY 27500 CE,14:50,0.05,0.15,0.05,14:56,0.15,EMA10,0.0,0.0,-60.0
2025-10-28,2025-10-28,NIFTY 27400 CE,14:57,0.05,0.1,0.05,14:58,0.05,STOPLOSS,-0.05,-3.75,-63.75
2025-10-28,2025-10-28,NIFTY 25900 CE,15:00,2.0,9.7,1.85,15:22,36.0,EMA10,26.3,1972.5,1912.5
2025-11-04,2025-11-04,NIFTY 23150 PE,10:25,0.2,0.5,0.2,10:56,0.4,EMA10,-0.1,-7.5,-67.5
2025-11-04,2025-11-04,NIFTY 27700 CE,13:56,0.05,0.1,0.05,14:00,0.05,STOPLOSS,-0.05,-3.75,-63.75
2025-11-04,2025-11-04,NIFTY 27700 CE,14:01,0.05,0.1,0.05,14:04,0.1,EMA10,0.0,0.0,-60.0
2025-11-04,2025-11-04,NIFTY 27500 CE,14:05,0.1,0.2,0.1,14:11,0.15,EMA10,-0.05,-3.75,-63.75
2025-11-04,2025-11-04,NIFTY 25550 PE,14:12,3.2,6.6,2.9,14:23,4.65,EMA10,-1.95,-146.25,-206.25
2025-11-04,2025-11-04,NIFTY 22950 PE,14:27,0.05,0.1,0.05,14:31,0.05,STOPLOSS,-0.05,-3.75,-63.75
2025-11-04,2025-11-04,NIFTY 24000 PE,14:34,0.05,0.1,0.05,14:35,0.05,STOPLOSS,-0.05,-3.75,-63.75
2025-11-04,2025-11-04,NIFTY 24000 PE,14:36,0.05,0.1,0.05,14:37,0.05,STOPLOSS,-0.05,-3.75,-63.75
2025-11-04,2025-11-04,NIFTY 27800 CE,14:38,0.1,0.2,0.1,14:44,0.2,EMA10,0.0,0.0,-60.0
2025-11-04,2025-11-04,NIFTY 27100 CE,14:46,0.15,0.3,0.1,14:49,0.2,EMA10,-0.1,-7.5,-67.5
2025-11-04,2025-11-04,NIFTY 24000 PE,14:50,0.05,0.1,0.05,14:51,0.05,STOPLOSS,-0.05,-3.75,-63.75
2025-11-04,2025-11-04,NIFTY 24000 PE,14:55,0.05,0.1,0.05,14:56,0.05,STOPLOSS,-0.05,-3.75,-63.75
2025-11-04,2025-11-04,NIFTY 24700 PE,14:59,0.05,0.1,0.05,15:00,0.05,STOPLOSS,-0.05,-3.75,-63.75
2025-11-04,2025-11-04,NIFTY 24200 PE,15:02,0.05,0.1,0.05,15:03,0.1,EMA10,0.0,0.0,-60.0
2025-11-04,2025-11-04,NIFTY 24850 PE,15:04,0.05,0.1,0.05,15:05,0.05,STOPLOSS,-0.05,-3.75,-63.75
2025-11-04,2025-11-04,NIFTY 24850 PE,15:06,0.05,0.1,0.05,15:07,0.05,STOPLOSS,-0.05,-3.75,-63.75
2025-11-04,2025-11-04,NIFTY 24200 PE,15:08,0.05,0.1,0.05,15:10,0.05,STOPLOSS,-0.05,-3.75,-63.75
2025-11-04,2025-11-04,NIFTY 24900 PE,15:11,0.05,0.1,0.05,15:12,0.05,STOPLOSS,-0.05,-3.75,-63.75
2025-11-04,2025-11-04,NIFTY 25400 PE,15:13,0.05,0.1,0.05,15:14,0.05,STOPLOSS,-0.05,-3.75,-63.75
2025-11-04,2025-11-04,NIFTY 25050 PE,15:15,0.05,0.1,0.05,15:16,0.05,STOPLOSS,-0.05,-3.75,-63.75
2025-11-11,2025-11-11,NIFTY 27000 CE,12:13,0.1,0.2,0.1,12:16,0.15,EMA10,-0.05,-3.75,-63.75
2025-11-11,2025-11-11,NIFTY 27000 CE,12:57,0.1,0.2,0.1,12:58,0.15,EMA10,-0.05,-3.75,-63.75
2025-11-11,2025-11-11,NIFTY 23300 PE,13:01,0.05,0.1,0.05,13:02,0.05,STOPLOSS,-0.05,-3.75,-63.75
2025-11-11,2025-11-11,NIFTY 23300 PE,13:05,0.05,0.1,0.05,13:07,0.05,STOPLOSS,-0.05,-3.75,-63.75
2025-11-11,2025-11-11,NIFTY 27800 CE,13:11,0.05,0.1,0.05,13:14,0.05,STOPLOSS,-0.05,-3.75,-63.75
2025-11-11,2025-11-11,NIFTY 27700 CE,13:15,0.05,0.1,0.05,13:17,0.05,STOPLOSS,-0.05,-3.75,-63.75
2025-11-11,2025-11-11,NIFTY 27700 CE,13:19,0.05,0.1,0.05,13:20,0.05,STOPLOSS,-0.05,-3.75,-63.75
2025-11-11,2025-11-11,NIFTY 27800 CE,13:22,0.05,0.1,0.05,13:23,0.05,STOPLOSS,-0.05,-3.75,-63.75
2025-11-11,2025-11-11,NIFTY 27700 CE,13:24,0.05,0.1,0.05,13:26,0.05,STOPLOSS,-0.05,-3.75,-63.75
2025-11-11,2025-11-11,NIFTY 23650 PE,13:28,0.15,0.3,0.15,13:35,0.2,EMA10,-0.1,-7.5,-67.5
2025-11-11,2025-11-11,NIFTY 27800 CE,13:37,0.05,0.1,0.05,13:38,0.05,STOPLOSS,-0.05,-3.75,-63.75
2025-11-11,2025-11-11,NIFTY 27000 CE,13:39,0.05,0.1,0.05,13:40,0.05,STOPLOSS,-0.05,-3.75,-63.75
2025-11-11,2025-11-11,NIFTY 27800 CE,13:41,0.05,0.1,0.05,13:42,0.05,STOPLOSS,-0.05,-3.75,-63.75
2025-11-11,2025-11-11,NIFTY 26850 CE,13:45,0.05,0.1,0.05,13:46,0.1,EMA10,0.0,0.0,-60.0
2025-11-11,2025-11-11,NIFTY 23300 PE,13:47,0.05,0.1,0.05,13:48,0.05,STOPLOSS,-0.05,-3.75,-63.75
2025-11-11,2025-11-11,NIFTY 27700 CE,13:49,0.05,0.1,0.05,13:53,0.05,STOPLOSS,-0.05,-3.75,-63.75
2025-11-11,2025-11-11,NIFTY 27700 CE,13:54,0.05,0.1,0.05,13:56,0.05,STOPLOSS,-0.05,-3.75,-63.75
2025-11-11,2025-11-11,NIFTY 27500 CE,13:57,0.05,0.1,0.05,13:58,0.05,STOPLOSS,-0.05,-3.75,-63.75
2025-11-11,2025-11-11,NIFTY 27800 CE,13:59,0.05,0.1,0.05,14:01,0.05,STOPLOSS,-0.05,-3.75,-63.75
2025-11-11,2025-11-11,NIFTY 27700 CE,14:02,0.05,0.1,0.05,14:04,0.05,STOPLOSS,-0.05,-3.75,-63.75
2025-11-11,2025-11-11,NIFTY 27500 CE,14:05,0.05,0.1,0.05,14:06,0.05,STOPLOSS,-0.05,-3.75,-63.75
2025-11-11,2025-11-11,NIFTY 27500 CE,14:07,0.05,0.1,0.05,14:09,0.05,STOPLOSS,-0.05,-3.75,-63.75
2025-11-11,2025-11-11,NIFTY 23300 PE,14:12,0.05,0.15,0.05,14:14,0.1,EMA10,-0.05,-3.75,-63.75
2025-11-11,2025-11-11,NIFTY 26800 CE,14:15,0.05,0.1,0.05,14:16,0.05,STOPLOSS,-0.05,-3.75,-63.75
2025-11-11,2025-11-11,NIFTY 27550 CE,14:17,0.05,0.1,0.05,14:19,0.05,STOPLOSS,-0.05,-3.75,-63.75
2025-11-11,2025-11-11,NIFTY 26600 CE,14:20,0.05,0.15,0.05,14:21,0.1,EMA10,-0.05,-3.75,-63.75
2025-11-11,2025-11-11,NIFTY 27200 CE,14:22,0.05,0.1,0.05,14:31,0.05,STOPLOSS,-0.05,-3.75,-63.75
2025-11-11,2025-11-11,NIFTY 27550 CE,14:33,0.05,0.1,0.05,14:45,0.05,STOPLOSS,-0.05,-3.75,-63.75
2025-11-11,2025-11-11,NIFTY 26900 CE,14:47,0.05,0.1,0.05,14:48,0.05,STOPLOSS,-0.05,-3.75,-63.75
2025-11-11,2025-11-11,NIFTY 26950 CE,14:49,0.05,0.1,0.05,14:51,0.05,STOPLOSS,-0.05,-3.75,-63.75
2025-11-11,2025-11-11,NIFTY 24400 PE,14:52,0.05,0.15,0.05,14:55,0.1,EMA10,-0.05,-3.75,-63.75
2025-11-11,2025-11-11,NIFTY 24550 PE,14:56,0.05,0.1,0.05,14:57,0.05,STOPLOSS,-0.05,-3.75,-63.75
2025-11-11,2025-11-11,NIFTY 24300 PE,14:58,0.05,0.1,0.05,14:59,0.05,STOPLOSS,-0.05,-3.75,-63.75
2025-11-11,2025-11-11,NIFTY 26600 CE,15:00,0.05,0.1,0.05,15:01,0.05,STOPLOSS,-0.05,-3.75,-63.75
2025-11-11,2025-11-11,NIFTY 24550 PE,15:02,0.05,0.1,0.05,15:03,0.05,STOPLOSS,-0.05,-3.75,-63.75
2025-11-11,2025-11-11,NIFTY 26750 CE,15:04,0.05,0.1,0.05,15:06,0.05,STOPLOSS,-0.05,-3.75,-63.75
2025-11-11,2025-11-11,NIFTY 24850 PE,15:07,0.05,0.1,0.05,15:08,0.05,STOPLOSS,-0.05,-3.75,-63.75
2025-11-11,2025-11-11,NIFTY 26550 CE,15:09,0.05,0.1,0.05,15:10,0.05,STOPLOSS,-0.05,-3.75,-63.75
2025-11-11,2025-11-11,NIFTY 26000 CE,15:11,0.05,0.1,0.05,15:12,0.05,STOPLOSS,-0.05,-3.75,-63.75
2025-11-11,2025-11-11,NIFTY 25150 PE,15:13,0.05,0.1,0.05,15:14,0.05,STOPLOSS,-0.05,-3.75,-63.75
2025-11-11,2025-11-11,NIFTY 25400 PE,15:15,0.05,0.1,0.05,15:16,0.05,STOPLOSS,-0.05,-3.75,-63.75
2025-11-18,2025-11-18,NIFTY 23400 PE,13:44,0.05,0.1,0.05,13:45,0.1,EMA10,0.0,0.0,-60.0
2025-11-18,2025-11-18,NIFTY 23400 PE,13:49,0.05,0.1,0.05,13:50,0.05,STOPLOSS,-0.05,-3.75,-63.75
2025-11-18,2025-11-18,NIFTY 23400 PE,13:51,0.05,0.1,0.05,13:52,0.05,STOPLOSS,-0.05,-3.75,-63.75
2025-11-18,2025-11-18,NIFTY 23400 PE,13:53,0.05,0.1,0.05,13:56,0.05,STOPLOSS,-0.05,-3.75,-63.75
2025-11-18,2025-11-18,NIFTY 23400 PE,13:57,0.05,0.1,0.05,13:58,0.05,STOPLOSS,-0.05,-3.75,-63.75
2025-11-18,2025-11-18,NIFTY 23400 PE,13:59,0.05,0.1,0.05,14:00,0.05,STOPLOSS,-0.05,-3.75,-63.75
2025-11-18,2025-11-18,NIFTY 23450 PE,14:01,0.05,0.1,0.05,14:03,0.05,STOPLOSS,-0.05,-3.75,-63.75
2025-11-18,2025-11-18,NIFTY 23450 PE,14:05,0.05,0.1,0.05,14:08,0.05,STOPLOSS,-0.05,-3.75,-63.75
2025-11-18,2025-11-18,NIFTY 27800 CE,14:09,0.05,0.1,0.05,14:14,0.05,STOPLOSS,-0.05,-3.75,-63.75
2025-11-18,2025-11-18,NIFTY 23700 PE,14:16,0.1,0.2,0.1,14:19,0.15,EMA10,-0.05,-3.75,-63.75
2025-11-18,2025-11-18,NIFTY 23400 PE,14:21,0.05,0.1,0.05,14:22,0.05,STOPLOSS,-0.05,-3.75,-63.75
2025-11-18,2025-11-18,NIFTY 27800 CE,14:23,0.05,0.1,0.05,14:24,0.05,STOPLOSS,-0.05,-3.75,-63.75
2025-11-18,2025-11-18,NIFTY 27800 CE,14:25,0.05,0.1,0.05,14:26,0.05,STOPLOSS,-0.05,-3.75,-63.75
2025-11-18,2025-11-18,NIFTY 23400 PE,14:30,0.05,0.1,0.05,14:31,0.05,STOPLOSS,-0.05,-3.75,-63.75
2025-11-18,2025-11-18,NIFTY 27500 CE,14:32,0.05,0.1,0.05,14:34,0.1,EMA10,0.0,0.0,-60.0
2025-11-18,2025-11-18,NIFTY 23400 PE,14:35,0.05,0.1,0.05,14:36,0.05,STOPLOSS,-0.05,-3.75,-63.75
2025-11-18,2025-11-18,NIFTY 23450 PE,14:37,0.05,0.1,0.05,14:43,0.05,STOPLOSS,-0.05,-3.75,-63.75
2025-11-18,2025-11-18,NIFTY 23700 PE,14:44,0.1,0.2,0.1,14:46,0.1,STOPLOSS,-0.1,-7.5,-67.5
2025-11-18,2025-11-18,NIFTY 24000 PE,14:48,0.05,0.1,0.05,14:49,0.05,STOPLOSS,-0.05,-3.75,-63.75
2025-11-18,2025-11-18,NIFTY 27800 CE,14:50,0.05,0.1,0.05,14:51,0.05,STOPLOSS,-0.05,-3.75,-63.75
2025-11-18,2025-11-18,NIFTY 27300 CE,14:52,0.05,0.1,0.05,14:53,0.05,STOPLOSS,-0.05,-3.75,-63.75
2025-11-18,2025-11-18,NIFTY 27400 CE,14:54,0.05,0.1,0.05,14:55,0.05,STOPLOSS,-0.05,-3.75,-63.75
2025-11-18,2025-11-18,NIFTY 27250 CE,14:56,0.05,0.1,0.05,14:57,0.05,STOPLOSS,-0.05,-3.75,-63.75
2025-11-18,2025-11-18,NIFTY 27000 CE,14:58,0.05,0.1,0.05,14:59,0.05,STOPLOSS,-0.05,-3.75,-63.75
2025-11-18,2025-11-18,NIFTY 24250 PE,15:00,0.05,0.1,0.05,15:01,0.1,EMA10,0.0,0.0,-60.0
2025-11-18,2025-11-18,NIFTY 27500 CE,15:02,0.05,0.15,0.05,15:07,0.05,STOPLOSS,-0.1,-7.5,-67.5
2025-11-18,2025-11-18,NIFTY 27050 CE,15:08,0.05,0.1,0.05,15:09,0.05,STOPLOSS,-0.05,-3.75,-63.75
2025-11-18,2025-11-18,NIFTY 24400 PE,15:10,0.05,0.1,0.05,15:11,0.05,STOPLOSS,-0.05,-3.75,-63.75
2025-11-18,2025-11-18,NIFTY 27650 CE,15:12,0.05,0.1,0.05,15:13,0.05,STOPLOSS,-0.05,-3.75,-63.75
2025-11-18,2025-11-18,NIFTY 25100 PE,15:14,0.05,0.1,0.05,15:15,0.05,STOPLOSS,-0.05,-3.75,-63.75
2025-11-25,2025-11-25,NIFTY 23450 PE,11:03,0.15,0.4,0.15,11:11,0.35,EMA10,-0.05,-3.75,-63.75
2025-11-25,2025-11-25,NIFTY 27850 CE,13:07,0.1,0.2,0.1,13:08,0.15,EMA10,-0.05,-3.75,-63.75
2025-11-25,2025-11-25,NIFTY 22700 PE,13:21,0.05,0.1,0.05,13:22,0.05,STOPLOSS,-0.05,-3.75,-63.75
2025-11-25,2025-11-25,NIFTY 22700 PE,13:23,0.05,0.1,0.05,13:27,0.05,STOPLOSS,-0.05,-3.75,-63.75
2025-11-25,2025-11-25,NIFTY 27700 CE,13:39,0.05,0.1,0.05,13:40,0.05,STOPLOSS,-0.05,-3.75,-63.75
2025-11-25,2025-11-25,NIFTY 27600 CE,13:41,0.05,0.1,0.05,13:42,0.1,EMA10,0.0,0.0,-60.0
2025-11-25,2025-11-25,NIFTY 22700 PE,13:43,0.05,0.1,0.05,13:47,0.05,STOPLOSS,-0.05,-3.75,-63.75
2025-11-25,2025-11-25,NIFTY 22800 PE,13:48,0.05,0.1,0.05,13:49,0.05,STOPLOSS,-0.05,-3.75,-63.75
2025-11-25,2025-11-25,NIFTY 22800 PE,13:50,0.05,0.1,0.05,13:56,0.05,STOPLOSS,-0.05,-3.75,-63.75
2025-11-25,2025-11-25,NIFTY 27700 CE,13:58,0.05,0.1,0.05,14:02,0.05,STOPLOSS,-0.05,-3.75,-63.75
2025-11-25,2025-11-25,NIFTY 27600 CE,14:03,0.05,0.1,0.05,14:05,0.05,STOPLOSS,-0.05,-3.75,-63.75
2025-11-25,2025-11-25,NIFTY 23000 PE,14:06,0.05,0.1,0.05,14:07,0.05,STOPLOSS,-0.05,-3.75,-63.75
2025-11-25,2025-11-25,NIFTY 27600 CE,14:08,0.05,0.1,0.05,14:10,0.05,STOPLOSS,-0.05,-3.75,-63.75
2025-11-25,2025-11-25,NIFTY 27800 CE,14:11,0.05,0.1,0.05,14:12,0.05,STOPLOSS,-0.05,-3.75,-63.75
2025-11-25,2025-11-25,NIFTY 22700 PE,14:13,0.05,0.1,0.05,14:14,0.05,STOPLOSS,-0.05,-3.75,-63.75
2025-11-25,2025-11-25,NIFTY 27600 CE,14:15,0.05,0.1,0.05,14:16,0.05,STOPLOSS,-0.05,-3.75,-63.75
2025-11-25,2025-11-25,NIFTY 27600 CE,14:18,0.05,0.1,0.05,14:19,0.05,STOPLOSS,-0.05,-3.75,-63.75
2025-11-25,2025-11-25,NIFTY 27600 CE,14:20,0.05,0.1,0.05,14:24,0.05,STOPLOSS,-0.05,-3.75,-63.75
2025-11-25,2025-11-25,NIFTY 23000 PE,14:25,0.05,0.1,0.05,14:28,0.05,STOPLOSS,-0.05,-3.75,-63.75
2025-11-25,2025-11-25,NIFTY 27700 CE,14:29,0.05,0.1,0.05,14:30,0.05,STOPLOSS,-0.05,-3.75,-63.75
2025-11-25,2025-11-25,NIFTY 27800 CE,14:31,0.05,0.1,0.05,14:32,0.05,STOPLOSS,-0.05,-3.75,-63.75
2025-11-25,2025-11-25,NIFTY 22700 PE,14:33,0.05,0.1,0.05,14:34,0.05,STOPLOSS,-0.05,-3.75,-63.75
2025-11-25,2025-11-25,NIFTY 27500 CE,14:35,0.05,0.1,0.05,14:36,0.05,STOPLOSS,-0.05,-3.75,-63.75
2025-11-25,2025-11-25,NIFTY 22900 PE,14:37,0.05,0.1,0.05,14:41,0.05,STOPLOSS,-0.05,-3.75,-63.75
2025-11-25,2025-11-25,NIFTY 25250 PE,14:43,0.1,0.3,0.1,14:49,0.25,EMA10,-0.05,-3.75,-63.75
2025-11-25,2025-11-25,NIFTY 24050 PE,14:54,0.15,0.3,0.15,14:55,0.15,STOPLOSS,-0.15,-11.25,-71.25
2025-11-25,2025-11-25,NIFTY 27800 CE,14:56,0.05,0.1,0.05,14:57,0.05,STOPLOSS,-0.05,-3.75,-63.75
2025-11-25,2025-11-25,NIFTY 27800 CE,14:58,0.05,0.1,0.05,14:59,0.05,STOPLOSS,-0.05,-3.75,-63.75
2025-11-25,2025-11-25,NIFTY 25000 PE,15:00,0.05,0.1,0.05,15:01,0.05,STOPLOSS,-0.05,-3.75,-63.75
2025-11-25,2025-11-25,NIFTY 24000 PE,15:02,0.05,0.1,0.05,15:03,0.05,STOPLOSS,-0.05,-3.75,-63.75
2025-11-25,2025-11-25,NIFTY 27700 CE,15:04,0.05,0.1,0.05,15:05,0.05,STOPLOSS,-0.05,-3.75,-63.75
2025-11-25,2025-11-25,NIFTY 24200 PE,15:06,0.05,0.1,0.05,15:09,0.05,STOPLOSS,-0.05,-3.75,-63.75
2025-11-25,2025-11-25,NIFTY 25900 CE,15:10,1.05,2.4,1.0,15:11,1.5,EMA10,-0.9,-67.5,-127.5
2025-11-25,2025-11-25,NIFTY 26900 CE,15:12,0.05,0.1,0.05,15:13,0.05,STOPLOSS,-0.05,-3.75,-63.75
2025-11-25,2025-11-25,NIFTY 24200 PE,15:14,0.05,0.1,0.05,15:15,0.05,STOPLOSS,-0.05,-3.75,-63.75
2025-12-02,2025-12-02,NIFTY 27550 CE,14:06,0.1,0.2,0.1,14:08,0.15,EMA10,-0.05,-3.75,-63.75
2025-12-02,2025-12-02,NIFTY 23750 PE,14:15,0.1,0.2,0.1,14:16,0.15,EMA10,-0.05,-3.75,-63.75
2025-12-02,2025-12-02,NIFTY 27550 CE,14:25,0.1,0.2,0.1,14:26,0.15,EMA10,-0.05,-3.75,-63.75
2025-12-02,2025-12-02,NIFTY 27000 CE,14:37,0.15,0.3,0.15,14:39,0.2,EMA10,-0.1,-7.5,-67.5
2025-12-02,2025-12-02,NIFTY 23800 PE,14:44,0.05,0.1,0.05,14:45,0.1,EMA10,0.0,0.0,-60.0
2025-12-02,2025-12-02,NIFTY 23800 PE,14:48,0.05,0.1,0.05,14:50,0.05,STOPLOSS,-0.05,-3.75,-63.75
2025-12-02,2025-12-02,NIFTY 24800 PE,14:51,0.05,0.1,0.05,14:54,0.05,STOPLOSS,-0.05,-3.75,-63.75
2025-12-02,2025-12-02,NIFTY 23800 PE,14:55,0.05,0.1,0.05,14:56,0.05,STOPLOSS,-0.05,-3.75,-63.75
2025-12-02,2025-12-02,NIFTY 23800 PE,14:57,0.05,0.1,0.05,14:58,0.05,STOPLOSS,-0.05,-3.75,-63.75
2025-12-02,2025-12-02,NIFTY 24000 PE,14:59,0.05,0.1,0.05,15:00,0.05,STOPLOSS,-0.05,-3.75,-63.75
2025-12-02,2025-12-02,NIFTY 23850 PE,15:01,0.05,0.1,0.05,15:02,0.05,STOPLOSS,-0.05,-3.75,-63.75
2025-12-02,2025-12-02,NIFTY 24500 PE,15:03,0.05,0.1,0.05,15:04,0.05,STOPLOSS,-0.05,-3.75,-63.75
2025-12-02,2025-12-02,NIFTY 27600 CE,15:05,0.05,0.1,0.05,15:06,0.05,STOPLOSS,-0.05,-3.75,-63.75
2025-12-02,2025-12-02,NIFTY 24100 PE,15:07,0.05,0.1,0.05,15:08,0.05,STOPLOSS,-0.05,-3.75,-63.75
2025-12-02,2025-12-02,NIFTY 24100 PE,15:09,0.05,0.1,0.05,15:10,0.05,STOPLOSS,-0.05,-3.75,-63.75
2025-12-02,2025-12-02,NIFTY 26850 CE,15:11,0.05,0.1,0.05,15:12,0.05,STOPLOSS,-0.05,-3.75,-63.75
2025-12-02,2025-12-02,NIFTY 24350 PE,15:13,0.05,0.1,0.05,15:14,0.05,STOPLOSS,-0.05,-3.75,-63.75
2025-12-02,2025-12-02,NIFTY 25450 PE,15:15,0.05,0.1,0.05,15:16,0.05,STOPLOSS,-0.05,-3.75,-63.75
2025-12-09,2025-12-09,NIFTY 23800 PE,14:16,0.05,0.1,0.05,14:17,0.1,EMA10,0.0,0.0,-60.0
2025-12-09,2025-12-09,NIFTY 23850 PE,14:22,0.1,0.2,0.1,14:23,0.1,STOPLOSS,-0.1,-7.5,-67.5
2025-12-09,2025-12-09,NIFTY 23800 PE,14:24,0.05,0.1,0.05,14:26,0.05,STOPLOSS,-0.05,-3.75,-63.75
2025-12-09,2025-12-09,NIFTY 23750 PE,14:32,0.05,0.1,0.05,14:33,0.05,STOPLOSS,-0.05,-3.75,-63.75
2025-12-09,2025-12-09,NIFTY 23800 PE,14:34,0.05,0.1,0.05,14:36,0.05,STOPLOSS,-0.05,-3.75,-63.75
2025-12-09,2025-12-09,NIFTY 23750 PE,14:37,0.05,0.1,0.05,14:39,0.05,STOPLOSS,-0.05,-3.75,-63.75
2025-12-09,2025-12-09,NIFTY 23800 PE,14:40,0.05,0.1,0.05,14:41,0.05,STOPLOSS,-0.05,-3.75,-63.75
2025-12-09,2025-12-09,NIFTY 27800 CE,14:42,0.05,0.1,0.05,14:43,0.05,STOPLOSS,-0.05,-3.75,-63.75
2025-12-09,2025-12-09,NIFTY 27400 CE,14:44,0.05,0.1,0.05,14:45,0.05,STOPLOSS,-0.05,-3.75,-63.75
2025-12-09,2025-12-09,NIFTY 24300 PE,14:48,0.05,0.1,0.05,14:49,0.05,STOPLOSS,-0.05,-3.75,-63.75
2025-12-09,2025-12-09,NIFTY 24300 PE,14:50,0.05,0.1,0.05,14:52,0.05,STOPLOSS,-0.05,-3.75,-63.75
2025-12-09,2025-12-09,NIFTY 23800 PE,14:53,0.05,0.1,0.05,14:54,0.05,STOPLOSS,-0.05,-3.75,-63.75
2025-12-09,2025-12-09,NIFTY 23800 PE,14:55,0.05,0.1,0.05,14:57,0.05,STOPLOSS,-0.05,-3.75,-63.75
2025-12-09,2025-12-09,NIFTY 24400 PE,14:58,0.05,0.1,0.05,14:59,0.05,STOPLOSS,-0.05,-3.75,-63.75
2025-12-09,2025-12-09,NIFTY 24300 PE,15:00,0.05,0.1,0.05,15:01,0.05,STOPLOSS,-0.05,-3.75,-63.75
2025-12-09,2025-12-09,NIFTY 25850 CE,15:02,2.4,5.4,2.35,15:03,3.0,EMA10,-2.4,-180.0,-240.0
2025-12-09,2025-12-09,NIFTY 26600 CE,15:04,0.05,0.1,0.05,15:05,0.05,STOPLOSS,-0.05,-3.75,-63.75
2025-12-09,2025-12-09,NIFTY 23900 PE,15:06,0.05,0.1,0.05,15:07,0.05,STOPLOSS,-0.05,-3.75,-63.75
2025-12-09,2025-12-09,NIFTY 25000 PE,15:08,0.05,0.1,0.05,15:09,0.05,STOPLOSS,-0.05,-3.75,-63.75
2025-12-09,2025-12-09,NIFTY 24950 PE,15:10,0.05,0.1,0.05,15:11,0.05,STOPLOSS,-0.05,-3.75,-63.75
2025-12-09,2025-12-09,NIFTY 25000 PE,15:12,0.05,0.1,0.05,15:13,0.05,STOPLOSS,-0.05,-3.75,-63.75
2025-12-09,2025-12-09,NIFTY 26100 CE,15:14,0.05,0.1,0.05,15:15,0.05,STOPLOSS,-0.05,-3.75,-63.75
2025-12-16,2025-12-16,NIFTY 27950 CE,14:46,0.05,0.1,0.05,14:47,0.05,STOPLOSS,-0.05,-3.75,-63.75
2025-12-16,2025-12-16,NIFTY 27950 CE,14:48,0.05,0.1,0.05,14:50,0.05,STOPLOSS,-0.05,-3.75,-63.75
2025-12-16,2025-12-16,NIFTY 27800 CE,14:51,0.05,0.1,0.05,14:52,0.05,STOPLOSS,-0.05,-3.75,-63.75
2025-12-16,2025-12-16,NIFTY 24900 PE,14:54,0.05,0.1,0.05,14:55,0.05,STOPLOSS,-0.05,-3.75,-63.75
2025-12-16,2025-12-16,NIFTY 27950 CE,14:56,0.05,0.1,0.05,14:57,0.05,STOPLOSS,-0.05,-3.75,-63.75
2025-12-16,2025-12-16,NIFTY 24250 PE,14:58,0.05,0.1,0.05,15:00,0.05,STOPLOSS,-0.05,-3.75,-63.75
2025-12-16,2025-12-16,NIFTY 27250 CE,15:01,0.05,0.1,0.05,15:02,0.05,STOPLOSS,-0.05,-3.75,-63.75
2025-12-16,2025-12-16,NIFTY 26900 CE,15:03,0.05,0.1,0.05,15:04,0.05,STOPLOSS,-0.05,-3.75,-63.75
2025-12-16,2025-12-16,NIFTY 26700 CE,15:05,0.05,0.15,0.05,15:08,0.05,STOPLOSS,-0.1,-7.5,-67.5
2025-12-16,2025-12-16,NIFTY 27050 CE,15:09,0.05,0.1,0.05,15:10,0.05,STOPLOSS,-0.05,-3.75,-63.75
2025-12-16,2025-12-16,NIFTY 27600 CE,15:11,0.05,0.1,0.05,15:12,0.05,STOPLOSS,-0.05,-3.75,-63.75
2025-12-16,2025-12-16,NIFTY 24900 PE,15:13,0.05,0.1,0.05,15:14,0.05,STOPLOSS,-0.05,-3.75,-63.75
2025-12-16,2025-12-16,NIFTY 26200 CE,15:15,0.05,0.1,0.05,15:16,0.05,STOPLOSS,-0.05,-3.75,-63.75
2025-12-23,2025-12-23,NIFTY 27900 CE,13:55,0.05,0.1,0.05,13:56,0.1,EMA10,0.0,0.0,-60.0
2025-12-23,2025-12-23,NIFTY 27900 CE,14:02,0.05,0.1,0.05,14:06,0.05,STOPLOSS,-0.05,-3.75,-63.75
2025-12-23,2025-12-23,NIFTY 27900 CE,14:07,0.05,0.1,0.05,14:10,0.05,STOPLOSS,-0.05,-3.75,-63.75
2025-12-23,2025-12-23,NIFTY 27900 CE,14:13,0.05,0.1,0.05,14:14,0.05,STOPLOSS,-0.05,-3.75,-63.75
2025-12-23,2025-12-23,NIFTY 27900 CE,14:18,0.05,0.1,0.05,14:19,0.05,STOPLOSS,-0.05,-3.75,-63.75
2025-12-23,2025-12-23,NIFTY 27900 CE,14:22,0.05,0.1,0.05,14:23,0.05,STOPLOSS,-0.05,-3.75,-63.75
2025-12-23,2025-12-23,NIFTY 24600 PE,14:24,0.05,0.25,0.05,14:26,0.15,EMA10,-0.1,-7.5,-67.5
2025-12-23,2025-12-23,NIFTY 24500 PE,14:33,0.05,0.1,0.05,14:34,0.05,STOPLOSS,-0.05,-3.75,-63.75
2025-12-23,2025-12-23,NIFTY 24500 PE,14:35,0.05,0.1,0.05,14:36,0.05,STOPLOSS,-0.05,-3.75,-63.75
2025-12-23,2025-12-23,NIFTY 27800 CE,14:38,0.05,0.1,0.05,14:48,0.05,STOPLOSS,-0.05,-3.75,-63.75
2025-12-23,2025-12-23,NIFTY 27200 CE,14:49,0.05,0.1,0.05,14:50,0.05,STOPLOSS,-0.05,-3.75,-63.75
2025-12-23,2025-12-23,NIFTY 27900 CE,14:51,0.05,0.1,0.05,14:52,0.05,STOPLOSS,-0.05,-3.75,-63.75
2025-12-23,2025-12-23,NIFTY 27750 CE,14:53,0.05,0.1,0.05,14:55,0.1,EMA10,0.0,0.0,-60.0
2025-12-23,2025-12-23,NIFTY 27900 CE,14:56,0.05,0.1,0.05,14:57,0.05,STOPLOSS,-0.05,-3.75,-63.75
2025-12-23,2025-12-23,NIFTY 27800 CE,14:58,0.05,0.1,0.05,14:59,0.05,STOPLOSS,-0.05,-3.75,-63.75
2025-12-23,2025-12-23,NIFTY 26750 CE,15:00,0.05,0.1,0.05,15:01,0.05,STOPLOSS,-0.05,-3.75,-63.75
2025-12-23,2025-12-23,NIFTY 24850 PE,15:02,0.05,0.1,0.05,15:03,0.05,STOPLOSS,-0.05,-3.75,-63.75
2025-12-23,2025-12-23,NIFTY 26700 CE,15:04,0.05,0.1,0.05,15:05,0.05,STOPLOSS,-0.05,-3.75,-63.75
2025-12-23,2025-12-23,NIFTY 26900 CE,15:06,0.05,0.1,0.05,15:07,0.05,STOPLOSS,-0.05,-3.75,-63.75
2025-12-23,2025-12-23,NIFTY 24100 PE,15:08,0.05,0.15,0.05,15:10,0.05,STOPLOSS,-0.1,-7.5,-67.5
2025-12-23,2025-12-23,NIFTY 24850 PE,15:11,0.05,0.1,0.05,15:12,0.05,STOPLOSS,-0.05,-3.75,-63.75
2025-12-23,2025-12-23,NIFTY 25600 PE,15:13,0.05,0.1,0.05,15:14,0.05,STOPLOSS,-0.05,-3.75,-63.75
2025-12-23,2025-12-23,NIFTY 25500 PE,15:15,0.05,0.1,0.05,15:16,0.05,STOPLOSS,-0.05,-3.75,-63.75
2025-12-30,2025-12-30,NIFTY 23350 PE,12:50,0.2,0.45,0.2,12:58,0.2,STOPLOSS,-0.25,-18.75,-78.75
2025-12-30,2025-12-30,NIFTY 23350 PE,13:12,0.2,0.45,0.2,13:25,0.2,STOPLOSS,-0.25,-18.75,-78.75
2025-12-30,2025-12-30,NIFTY 23350 PE,13:31,0.2,0.5,0.2,13:36,0.2,STOPLOSS,-0.3,-22.5,-82.5
2025-12-30,2025-12-30,NIFTY 23550 PE,13:46,0.2,0.4,0.2,13:47,0.2,STOPLOSS,-0.2,-15.0,-75.0
2025-12-30,2025-12-30,NIFTY 23750 PE,13:48,0.3,0.6,0.3,13:50,0.25,STOPLOSS,-0.35,-26.25,-86.25
2025-12-30,2025-12-30,NIFTY 23350 PE,13:53,0.25,0.5,0.25,13:57,0.2,STOPLOSS,-0.3,-22.5,-82.5
2025-12-30,2025-12-30,NIFTY 26800 CE,13:59,0.1,0.2,0.1,14:00,0.15,EMA10,-0.05,-3.75,-63.75
2025-12-30,2025-12-30,NIFTY 23250 PE,14:02,0.1,0.25,0.1,14:13,0.15,EMA10,-0.1,-7.5,-67.5
2025-12-30,2025-12-30,NIFTY 23700 PE,14:14,0.15,0.3,0.15,14:22,0.15,STOPLOSS,-0.15,-11.25,-71.25
2025-12-30,2025-12-30,NIFTY 23650 PE,14:26,0.15,0.35,0.15,14:38,0.2,EMA10,-0.15,-11.25,-71.25
2025-12-30,2025-12-30,NIFTY 29000 CE,14:39,0.05,0.1,0.05,14:43,0.05,STOPLOSS,-0.05,-3.75,-63.75
2025-12-30,2025-12-30,NIFTY 24900 PE,14:44,0.05,0.1,0.05,14:45,0.05,STOPLOSS,-0.05,-3.75,-63.75
2025-12-30,2025-12-30,NIFTY 24900 PE,14:46,0.05,0.1,0.05,14:47,0.05,STOPLOSS,-0.05,-3.75,-63.75
2025-12-30,2025-12-30,NIFTY 27200 CE,14:48,0.05,0.15,0.05,14:52,0.1,EMA10,-0.05,-3.75,-63.75
2025-12-30,2025-12-30,NIFTY 26800 CE,14:53,0.05,0.1,0.05,14:54,0.05,STOPLOSS,-0.05,-3.75,-63.75
2025-12-30,2025-12-30,NIFTY 22000 PE,14:55,0.05,0.15,0.05,14:56,0.05,STOPLOSS,-0.1,-7.5,-67.5
2025-12-30,2025-12-30,NIFTY 22000 PE,14:57,0.05,0.15,0.05,15:00,0.1,EMA10,-0.05,-3.75,-63.75
2025-12-30,2025-12-30,NIFTY 31000 CE,15:01,0.05,0.1,0.05,15:03,0.05,STOPLOSS,-0.05,-3.75,-63.75
2025-12-30,2025-12-30,NIFTY 27350 CE,15:04,0.05,0.15,0.05,15:07,0.05,STOPLOSS,-0.1,-7.5,-67.5
2025-12-30,2025-12-30,NIFTY 23000 PE,15:08,0.05,0.1,0.05,15:10,0.05,STOPLOSS,-0.05,-3.75,-63.75
2025-12-30,2025-12-30,NIFTY 27150 CE,15:11,0.05,0.1,0.05,15:12,0.05,STOPLOSS,-0.05,-3.75,-63.75
2025-12-30,2025-12-30,NIFTY 24150 PE,15:13,0.05,0.15,0.05,15:14,0.05,STOPLOSS,-0.1,-7.5,-67.5
2025-12-30,2025-12-30,NIFTY 26150 CE,15:15,0.05,0.1,0.05,15:16,0.05,STOPLOSS,-0.05,-3.75,-63.75
2026-01-06,2026-01-06,NIFTY 24150 PE,14:39,0.1,0.2,0.1,14:42,0.1,STOPLOSS,-0.1,-6.5,-66.5
2026-01-06,2026-01-06,NIFTY 24500 PE,14:43,0.05,0.1,0.05,14:44,0.05,STOPLOSS,-0.05,-3.25,-63.25
2026-01-06,2026-01-06,NIFTY 27250 CE,14:45,0.1,0.2,0.1,14:49,0.1,STOPLOSS,-0.1,-6.5,-66.5
2026-01-06,2026-01-06,NIFTY 25500 PE,14:50,0.05,0.1,0.05,14:52,0.05,STOPLOSS,-0.05,-3.25,-63.25
2026-01-06,2026-01-06,NIFTY 27000 CE,14:53,0.05,0.1,0.05,14:54,0.05,STOPLOSS,-0.05,-3.25,-63.25
2026-01-06,2026-01-06,NIFTY 25000 PE,14:55,0.05,0.1,0.05,14:56,0.05,STOPLOSS,-0.05,-3.25,-63.25
2026-01-06,2026-01-06,NIFTY 25500 PE,14:57,0.05,0.1,0.05,14:58,0.05,STOPLOSS,-0.05,-3.25,-63.25
2026-01-06,2026-01-06,NIFTY 28100 CE,14:59,0.05,0.1,0.05,15:00,0.05,STOPLOSS,-0.05,-3.25,-63.25
2026-01-06,2026-01-06,NIFTY 24800 PE,15:01,0.05,0.1,0.05,15:02,0.05,STOPLOSS,-0.05,-3.25,-63.25
2026-01-06,2026-01-06,NIFTY 28100 CE,15:03,0.05,0.1,0.05,15:04,0.05,STOPLOSS,-0.05,-3.25,-63.25
2026-01-06,2026-01-06,NIFTY 27250 CE,15:05,0.05,0.1,0.05,15:06,0.05,STOPLOSS,-0.05,-3.25,-63.25
2026-01-06,2026-01-06,NIFTY 27200 CE,15:07,0.05,0.1,0.05,15:08,0.05,STOPLOSS,-0.05,-3.25,-63.25
2026-01-06,2026-01-06,NIFTY 27650 CE,15:09,0.05,0.1,0.05,15:10,0.1,EMA10,0.0,0.0,-60.0
2026-01-06,2026-01-06,NIFTY 27100 CE,15:11,0.05,0.1,0.05,15:12,0.05,STOPLOSS,-0.05,-3.25,-63.25
2026-01-06,2026-01-06,NIFTY 25200 PE,15:13,0.05,0.1,0.05,15:14,0.05,STOPLOSS,-0.05,-3.25,-63.25
2026-01-06,2026-01-06,NIFTY 28000 CE,15:15,0.05,0.1,0.05,15:25,0.05,STOPLOSS,-0.05,-3.25,-63.25
2026-01-13,2026-01-13,NIFTY 27500 CE,14:03,0.1,0.2,0.1,14:04,0.1,STOPLOSS,-0.1,-6.5,-66.5
2026-01-13,2026-01-13,NIFTY 27700 CE,14:23,0.05,0.1,0.05,14:24,0.05,STOPLOSS,-0.05,-3.25,-63.25
2026-01-13,2026-01-13,NIFTY 25700 CE,14:31,2.6,7.15,1.8,14:58,13.7,EMA10,6.55,425.75,365.75
2026-01-13,2026-01-13,NIFTY 27400 CE,14:59,0.05,0.15,0.05,15:01,0.05,STOPLOSS,-0.1,-6.5,-66.5
2026-01-13,2026-01-13,NIFTY 26600 CE,15:02,0.05,0.1,0.05,15:03,0.05,STOPLOSS,-0.05,-3.25,-63.25
2026-01-13,2026-01-13,NIFTY 25700 PE,15:04,0.75,2.0,0.45,15:05,1.85,EMA10,-0.15,-9.75,-69.75
2026-01-13,2026-01-13,NIFTY 26850 CE,15:06,0.05,0.1,0.05,15:07,0.05,STOPLOSS,-0.05,-3.25,-63.25
2026-01-13,2026-01-13,NIFTY 24200 PE,15:08,0.05,0.1,0.05,15:09,0.05,STOPLOSS,-0.05,-3.25,-63.25
2026-01-13,2026-01-13,NIFTY 27450 CE,15:10,0.05,0.1,0.05,15:12,0.05,STOPLOSS,-0.05,-3.25,-63.25
2026-01-13,2026-01-13,NIFTY 24500 PE,15:13,0.05,0.1,0.05,15:14,0.05,STOPLOSS,-0.05,-3.25,-63.25
2026-01-13,2026-01-13,NIFTY 25750 CE,15:15,0.25,0.6,0.25,15:16,0.25,STOPLOSS,-0.35,-22.75,-82.75
2026-01-20,2026-01-20,NIFTY 25300 PE,14:51,2.3,5.05,1.85,14:54,2.85,EMA10,-2.2,-143.0,-203.0
2026-01-20,2026-01-20,NIFTY 24550 PE,15:04,0.05,0.15,0.05,15:05,0.1,EMA10,-0.05,-3.25,-63.25
2026-01-20,2026-01-20,NIFTY 24000 PE,15:07,0.05,0.1,0.05,15:08,0.05,STOPLOSS,-0.05,-3.25,-63.25
2026-01-20,2026-01-20,NIFTY 23850 PE,15:09,0.05,0.1,0.05,15:10,0.05,STOPLOSS,-0.05,-3.25,-63.25
2026-01-20,2026-01-20,NIFTY 25200 PE,15:11,0.3,1.7,0.2,15:15,0.8,EMA10,-0.9,-58.5,-118.5
2026-01-27,2026-01-27,NIFTY 24700 PE,09:16,4.4,8.9,3.55,09:18,10.95,EMA10,2.05,133.25,73.25
2026-01-27,2026-01-27,NIFTY 28000 CE,14:14,0.05,0.1,0.05,14:15,0.05,STOPLOSS,-0.05,-3.25,-63.25
2026-01-27,2026-01-27,NIFTY 28000 CE,14:17,0.05,0.1,0.05,14:18,0.05,STOPLOSS,-0.05,-3.25,-63.25
2026-01-27,2026-01-27,NIFTY 28000 CE,14:23,0.05,0.1,0.05,14:24,0.05,STOPLOSS,-0.05,-3.25,-63.25
2026-01-27,2026-01-27,NIFTY 28000 CE,14:25,0.05,0.1,0.05,14:26,0.05,STOPLOSS,-0.05,-3.25,-63.25
2026-01-27,2026-01-27,NIFTY 28000 CE,14:29,0.05,0.1,0.05,14:30,0.05,STOPLOSS,-0.05,-3.25,-63.25
2026-01-27,2026-01-27,NIFTY 28000 CE,14:31,0.05,0.1,0.05,14:33,0.05,STOPLOSS,-0.05,-3.25,-63.25
2026-01-27,2026-01-27,NIFTY 28000 CE,14:37,0.05,0.1,0.05,14:38,0.05,STOPLOSS,-0.05,-3.25,-63.25
2026-01-27,2026-01-27,NIFTY 28100 CE,14:42,0.05,0.1,0.05,14:43,0.05,STOPLOSS,-0.05,-3.25,-63.25
2026-01-27,2026-01-27,NIFTY 28100 CE,14:44,0.05,0.1,0.05,14:45,0.05,STOPLOSS,-0.05,-3.25,-63.25
2026-01-27,2026-01-27,NIFTY 28000 CE,14:46,0.05,0.1,0.05,14:48,0.05,STOPLOSS,-0.05,-3.25,-63.25
2026-01-27,2026-01-27,NIFTY 28100 CE,14:49,0.05,0.1,0.05,14:50,0.05,STOPLOSS,-0.05,-3.25,-63.25
2026-01-27,2026-01-27,NIFTY 27000 CE,14:52,0.05,0.1,0.05,14:53,0.05,STOPLOSS,-0.05,-3.25,-63.25
2026-01-27,2026-01-27,NIFTY 26500 CE,14:54,0.05,0.1,0.05,14:55,0.05,STOPLOSS,-0.05,-3.25,-63.25
2026-01-27,2026-01-27,NIFTY 27500 CE,14:56,0.05,0.1,0.05,14:57,0.05,STOPLOSS,-0.05,-3.25,-63.25
2026-01-27,2026-01-27,NIFTY 27500 CE,14:58,0.05,0.1,0.05,15:00,0.05,STOPLOSS,-0.05,-3.25,-63.25
2026-01-27,2026-01-27,NIFTY 27000 CE,15:02,0.05,0.1,0.05,15:03,0.05,STOPLOSS,-0.05,-3.25,-63.25
2026-01-27,2026-01-27,NIFTY 26550 CE,15:04,0.05,0.1,0.05,15:05,0.05,STOPLOSS,-0.05,-3.25,-63.25
2026-01-27,2026-01-27,NIFTY 25150 CE,15:06,7.65,22.45,2.8,15:09,7.25,EMA10,-15.2,-988.0,-1048.0
2026-01-27,2026-01-27,NIFTY 25800 CE,15:10,0.05,0.1,0.05,15:11,0.05,STOPLOSS,-0.05,-3.25,-63.25
2026-01-27,2026-01-27,NIFTY 27700 CE,15:12,0.05,0.1,0.05,15:13,0.05,STOPLOSS,-0.05,-3.25,-63.25
2026-01-27,2026-01-27,NIFTY 25400 CE,15:14,0.1,0.25,0.1,15:15,0.1,STOPLOSS,-0.15,-9.75,-69.75
2026-02-03,2026-02-03,NIFTY 23100 PE,09:19,0.65,1.4,0.6,09:24,1.45,EMA10,0.05,3.25,-56.75
2026-02-03,2026-02-03,NIFTY 23700 PE,13:56,0.05,0.2,0.05,13:57,0.2,EMA10,0.0,0.0,-60.0
2026-02-03,2026-02-03,NIFTY 25650 PE,14:32,3.5,15.25,2.95,14:34,5.25,EMA10,-10.0,-650.0,-710.0
2026-02-03,2026-02-03,NIFTY 23500 PE,14:41,0.05,0.1,0.05,14:42,0.05,STOPLOSS,-0.05,-3.25,-63.25
2026-02-03,2026-02-03,NIFTY 23100 PE,14:45,0.05,0.1,0.05,14:46,0.05,STOPLOSS,-0.05,-3.25,-63.25
2026-02-03,2026-02-03,NIFTY 23500 PE,14:49,0.05,0.1,0.05,14:50,0.05,STOPLOSS,-0.05,-3.25,-63.25
2026-02-03,2026-02-03,NIFTY 27800 CE,14:55,0.05,0.1,0.05,14:56,0.1,EMA10,0.0,0.0,-60.0
2026-02-03,2026-02-03,NIFTY 27150 CE,14:58,0.1,0.2,0.1,14:59,0.15,EMA10,-0.05,-3.25,-63.25
2026-02-03,2026-02-03,NIFTY 25750 PE,15:00,7.8,17.8,6.9,15:01,13.65,EMA10,-4.15,-269.75,-329.75
2026-02-03,2026-02-03,NIFTY 23700 PE,15:02,0.05,0.1,0.05,15:03,0.05,STOPLOSS,-0.05,-3.25,-63.25
2026-02-03,2026-02-03,NIFTY 28000 CE,15:04,0.05,0.1,0.05,15:05,0.05,STOPLOSS,-0.05,-3.25,-63.25
2026-02-03,2026-02-03,NIFTY 24000 PE,15:06,0.05,0.1,0.05,15:07,0.05,STOPLOSS,-0.05,-3.25,-63.25
2026-02-03,2026-02-03,NIFTY 28000 CE,15:08,0.05,0.1,0.05,15:09,0.05,STOPLOSS,-0.05,-3.25,-63.25
2026-02-03,2026-02-03,NIFTY 27750 CE,15:10,0.05,0.15,0.05,15:11,0.1,EMA10,-0.05,-3.25,-63.25
2026-02-03,2026-02-03,NIFTY 23250 PE,15:12,0.05,0.1,0.05,15:14,0.05,STOPLOSS,-0.05,-3.25,-63.25
2026-02-03,2026-02-03,NIFTY 25750 CE,15:15,0.4,1.3,0.4,15:16,0.65,EMA10,-0.65,-42.25,-102.25
2026-02-10,2026-02-10,NIFTY 23700 PE,13:51,0.05,0.1,0.05,13:52,0.05,STOPLOSS,-0.05,-3.25,-63.25
2026-02-10,2026-02-10,NIFTY 23100 PE,13:59,0.05,0.1,0.05,14:00,0.05,STOPLOSS,-0.05,-3.25,-63.25
2026-02-10,2026-02-10,NIFTY 23100 PE,14:02,0.05,0.1,0.05,14:03,0.05,STOPLOSS,-0.05,-3.25,-63.25
2026-02-10,2026-02-10,NIFTY 23100 PE,14:04,0.05,0.1,0.05,14:05,0.05,STOPLOSS,-0.05,-3.25,-63.25
2026-02-10,2026-02-10,NIFTY 23100 PE,14:07,0.05,0.1,0.05,14:08,0.05,STOPLOSS,-0.05,-3.25,-63.25
2026-02-10,2026-02-10,NIFTY 23100 PE,14:12,0.05,0.1,0.05,14:13,0.05,STOPLOSS,-0.05,-3.25,-63.25
2026-02-10,2026-02-10,NIFTY 24200 PE,14:24,0.05,0.1,0.05,14:25,0.1,EMA10,0.0,0.0,-60.0
2026-02-10,2026-02-10,NIFTY 24000 PE,14:29,0.05,0.1,0.05,14:37,0.1,EMA10,0.0,0.0,-60.0
2026-02-10,2026-02-10,NIFTY 24250 PE,14:42,0.1,0.2,0.1,14:43,0.1,STOPLOSS,-0.1,-6.5,-66.5
2026-02-10,2026-02-10,NIFTY 24500 PE,14:45,0.05,0.1,0.05,14:46,0.05,STOPLOSS,-0.05,-3.25,-63.25
2026-02-10,2026-02-10,NIFTY 24500 PE,14:47,0.05,0.1,0.05,14:48,0.05,STOPLOSS,-0.05,-3.25,-63.25
2026-02-10,2026-02-10,NIFTY 24400 PE,14:49,0.05,0.1,0.05,14:50,0.05,STOPLOSS,-0.05,-3.25,-63.25
2026-02-10,2026-02-10,NIFTY 27950 CE,14:51,0.05,0.1,0.05,14:52,0.05,STOPLOSS,-0.05,-3.25,-63.25
2026-02-10,2026-02-10,NIFTY 24300 PE,14:53,0.05,0.1,0.05,14:54,0.05,STOPLOSS,-0.05,-3.25,-63.25
2026-02-10,2026-02-10,NIFTY 24600 PE,14:55,0.05,0.1,0.05,14:56,0.05,STOPLOSS,-0.05,-3.25,-63.25
2026-02-10,2026-02-10,NIFTY 25050 PE,14:57,0.05,0.15,0.05,14:59,0.1,EMA10,-0.05,-3.25,-63.25
2026-02-10,2026-02-10,NIFTY 24900 PE,15:00,0.05,0.15,0.05,15:01,0.05,STOPLOSS,-0.1,-6.5,-66.5
2026-02-10,2026-02-10,NIFTY 26950 CE,15:02,0.05,0.1,0.05,15:03,0.05,STOPLOSS,-0.05,-3.25,-63.25
2026-02-10,2026-02-10,NIFTY 27350 CE,15:04,0.05,0.1,0.05,15:05,0.05,STOPLOSS,-0.05,-3.25,-63.25
2026-02-10,2026-02-10,NIFTY 24050 PE,15:06,0.05,0.1,0.05,15:07,0.05,STOPLOSS,-0.05,-3.25,-63.25
2026-02-10,2026-02-10,NIFTY 25950 CE,15:08,3.2,7.15,1.75,15:09,5.0,EMA10,-2.15,-139.75,-199.75
2026-02-10,2026-02-10,NIFTY 26650 CE,15:10,0.05,0.1,0.05,15:11,0.05,STOPLOSS,-0.05,-3.25,-63.25
2026-02-10,2026-02-10,NIFTY 27000 CE,15:12,0.05,0.1,0.05,15:13,0.05,STOPLOSS,-0.05,-3.25,-63.25
2026-02-10,2026-02-10,NIFTY 24000 PE,15:14,0.05,0.1,0.05,15:15,0.05,STOPLOSS,-0.05,-3.25,-63.25
2026-02-17,2026-02-17,NIFTY 23650 PE,14:00,0.05,0.1,0.05,14:01,0.05,STOPLOSS,-0.05,-3.25,-63.25
2026-02-17,2026-02-17,NIFTY 23150 PE,14:08,0.05,0.1,0.05,14:09,0.05,STOPLOSS,-0.05,-3.25,-63.25
2026-02-17,2026-02-17,NIFTY 23700 PE,14:10,0.05,0.1,0.05,14:11,0.05,STOPLOSS,-0.05,-3.25,-63.25
2026-02-17,2026-02-17,NIFTY 23800 PE,14:13,0.05,0.1,0.05,14:14,0.1,EMA10,0.0,0.0,-60.0
2026-02-17,2026-02-17,NIFTY 24300 PE,14:16,0.05,0.1,0.05,14:17,0.05,STOPLOSS,-0.05,-3.25,-63.25
2026-02-17,2026-02-17,NIFTY 24250 PE,14:18,0.05,0.1,0.05,14:19,0.1,EMA10,0.0,0.0,-60.0
2026-02-17,2026-02-17,NIFTY 27500 CE,14:20,0.05,0.1,0.05,14:21,0.05,STOPLOSS,-0.05,-3.25,-63.25
2026-02-17,2026-02-17,NIFTY 23800 PE,14:22,0.05,0.1,0.05,14:26,0.05,STOPLOSS,-0.05,-3.25,-63.25
2026-02-17,2026-02-17,NIFTY 27000 CE,14:27,0.05,0.1,0.05,14:28,0.05,STOPLOSS,-0.05,-3.25,-63.25
2026-02-17,2026-02-17,NIFTY 24450 PE,14:29,0.05,0.1,0.05,14:30,0.05,STOPLOSS,-0.05,-3.25,-63.25
2026-02-17,2026-02-17,NIFTY 26950 CE,14:31,0.05,0.1,0.05,14:32,0.05,STOPLOSS,-0.05,-3.25,-63.25
2026-02-17,2026-02-17,NIFTY 26850 CE,14:33,0.05,0.1,0.05,14:34,0.05,STOPLOSS,-0.05,-3.25,-63.25
2026-02-17,2026-02-17,NIFTY 24300 PE,14:35,0.05,0.1,0.05,14:38,0.05,STOPLOSS,-0.05,-3.25,-63.25
2026-02-17,2026-02-17,NIFTY 26800 CE,14:39,0.05,0.1,0.05,14:40,0.05,STOPLOSS,-0.05,-3.25,-63.25
2026-02-17,2026-02-17,NIFTY 26800 CE,14:41,0.05,0.1,0.05,14:42,0.05,STOPLOSS,-0.05,-3.25,-63.25
2026-02-17,2026-02-17,NIFTY 24300 PE,14:43,0.05,0.1,0.05,14:44,0.05,STOPLOSS,-0.05,-3.25,-63.25
2026-02-17,2026-02-17,NIFTY 24200 PE,14:45,0.05,0.1,0.05,14:48,0.05,STOPLOSS,-0.05,-3.25,-63.25
2026-02-17,2026-02-17,NIFTY 24500 PE,14:49,0.05,0.1,0.05,14:50,0.05,STOPLOSS,-0.05,-3.25,-63.25
2026-02-17,2026-02-17,NIFTY 26900 CE,14:51,0.05,0.1,0.05,14:52,0.05,STOPLOSS,-0.05,-3.25,-63.25
2026-02-17,2026-02-17,NIFTY 27100 CE,14:53,0.05,0.1,0.05,14:54,0.05,STOPLOSS,-0.05,-3.25,-63.25
2026-02-17,2026-02-17,NIFTY 23850 PE,14:55,0.05,0.1,0.05,14:57,0.05,STOPLOSS,-0.05,-3.25,-63.25
2026-02-17,2026-02-17,NIFTY 24350 PE,14:58,0.05,0.1,0.05,14:59,0.05,STOPLOSS,-0.05,-3.25,-63.25
2026-02-17,2026-02-17,NIFTY 23550 PE,15:00,0.05,0.1,0.05,15:02,0.05,STOPLOSS,-0.05,-3.25,-63.25
2026-02-17,2026-02-17,NIFTY 24900 PE,15:03,0.05,0.1,0.05,15:06,0.05,STOPLOSS,-0.05,-3.25,-63.25
2026-02-17,2026-02-17,NIFTY 27050 CE,15:07,0.05,0.1,0.05,15:08,0.05,STOPLOSS,-0.05,-3.25,-63.25
2026-02-17,2026-02-17,NIFTY 27100 CE,15:09,0.05,0.1,0.05,15:11,0.05,STOPLOSS,-0.05,-3.25,-63.25
2026-02-17,2026-02-17,NIFTY 25950 CE,15:12,0.05,0.1,0.05,15:13,0.05,STOPLOSS,-0.05,-3.25,-63.25
2026-02-17,2026-02-17,NIFTY 25350 PE,15:14,0.05,0.1,0.05,15:15,0.05,STOPLOSS,-0.05,-3.25,-63.25
2026-02-24,2026-02-24,NIFTY 23950 PE,13:55,0.15,0.3,0.15,14:01,0.2,EMA10,-0.1,-6.5,-66.5
2026-02-24,2026-02-24,NIFTY 23100 PE,14:07,0.05,0.1,0.05,14:08,0.05,STOPLOSS,-0.05,-3.25,-63.25
2026-02-24,2026-02-24,NIFTY 23150 PE,14:12,0.05,0.15,0.05,14:13,0.1,EMA10,-0.05,-3.25,-63.25
2026-02-24,2026-02-24,NIFTY 23100 PE,14:24,0.05,0.1,0.05,14:25,0.05,STOPLOSS,-0.05,-3.25,-63.25
2026-02-24,2026-02-24,NIFTY 23100 PE,14:27,0.05,0.1,0.05,14:28,0.05,STOPLOSS,-0.05,-3.25,-63.25
2026-02-24,2026-02-24,NIFTY 23100 PE,14:31,0.05,0.1,0.05,14:32,0.05,STOPLOSS,-0.05,-3.25,-63.25
2026-02-24,2026-02-24,NIFTY 23100 PE,14:35,0.05,0.1,0.05,14:36,0.05,STOPLOSS,-0.05,-3.25,-63.25
2026-02-24,2026-02-24,NIFTY 27350 CE,14:39,0.15,0.4,0.15,14:45,0.25,EMA10,-0.15,-9.75,-69.75
2026-02-24,2026-02-24,NIFTY 27500 CE,14:48,0.05,0.1,0.05,14:50,0.05,STOPLOSS,-0.05,-3.25,-63.25
2026-02-24,2026-02-24,NIFTY 24150 PE,14:51,0.05,0.1,0.05,14:52,0.05,STOPLOSS,-0.05,-3.25,-63.25
2026-02-24,2026-02-24,NIFTY 23100 PE,14:54,0.05,0.1,0.05,14:55,0.05,STOPLOSS,-0.05,-3.25,-63.25
2026-02-24,2026-02-24,NIFTY 23950 PE,14:56,0.05,0.1,0.05,14:57,0.05,STOPLOSS,-0.05,-3.25,-63.25
2026-02-24,2026-02-24,NIFTY 25450 CE,14:58,4.75,10.25,3.65,15:00,4.75,EMA10,-5.5,-357.5,-417.5
2026-02-24,2026-02-24,NIFTY 26800 CE,15:01,0.05,0.1,0.05,15:02,0.05,STOPLOSS,-0.05,-3.25,-63.25
2026-02-24,2026-02-24,NIFTY 27250 CE,15:03,0.05,0.1,0.05,15:04,0.05,STOPLOSS,-0.05,-3.25,-63.25
2026-02-24,2026-02-24,NIFTY 23100 PE,15:05,0.05,0.1,0.05,15:06,0.05,STOPLOSS,-0.05,-3.25,-63.25
2026-02-24,2026-02-24,NIFTY 24250 PE,15:07,0.05,0.1,0.05,15:08,0.05,STOPLOSS,-0.05,-3.25,-63.25
2026-02-24,2026-02-24,NIFTY 26900 CE,15:09,0.05,0.1,0.05,15:10,0.05,STOPLOSS,-0.05,-3.25,-63.25
2026-02-24,2026-02-24,NIFTY 23100 PE,15:11,0.05,0.1,0.05,15:12,0.05,STOPLOSS,-0.05,-3.25,-63.25
2026-02-24,2026-02-24,NIFTY 25950 CE,15:13,0.05,0.1,0.05,15:14,0.05,STOPLOSS,-0.05,-3.25,-63.25
2026-02-24,2026-02-24,NIFTY 27450 CE,15:15,0.05,0.1,0.05,15:16,0.05,STOPLOSS,-0.05,-3.25,-63.25
2026-03-02,2026-03-02,NIFTY 24700 CE,14:03,10.0,29.4,9.2,14:15,70.8,EMA10,41.4,2691.0,2631.0
2026-03-02,2026-03-02,NIFTY 26500 CE,14:17,0.05,0.1,0.05,14:18,0.05,STOPLOSS,-0.05,-3.25,-63.25
2026-03-02,2026-03-02,NIFTY 26500 CE,14:19,0.05,0.1,0.05,14:20,0.05,STOPLOSS,-0.05,-3.25,-63.25
2026-03-02,2026-03-02,NIFTY 26500 CE,14:24,0.05,0.1,0.05,14:25,0.05,STOPLOSS,-0.05,-3.25,-63.25
2026-03-02,2026-03-02,NIFTY 26250 CE,14:26,0.1,0.2,0.1,14:31,0.15,EMA10,-0.05,-3.25,-63.25
2026-03-02,2026-03-02,NIFTY 24900 CE,14:33,2.7,6.0,1.5,14:45,15.0,EMA10,9.0,585.0,525.0
2026-03-02,2026-03-02,NIFTY 24950 CE,14:47,5.8,19.35,5.15,14:48,11.15,EMA10,-8.2,-533.0,-593.0
2026-03-02,2026-03-02,NIFTY 23250 PE,14:49,0.05,0.1,0.05,14:50,0.05,STOPLOSS,-0.05,-3.25,-63.25
2026-03-02,2026-03-02,NIFTY 23900 PE,14:51,0.1,0.2,0.1,14:52,0.15,EMA10,-0.05,-3.25,-63.25
2026-03-02,2026-03-02,NIFTY 23200 PE,14:53,0.05,0.1,0.05,14:54,0.05,STOPLOSS,-0.05,-3.25,-63.25
2026-03-02,2026-03-02,NIFTY 23200 PE,14:55,0.05,0.1,0.05,14:56,0.05,STOPLOSS,-0.05,-3.25,-63.25
2026-03-02,2026-03-02,NIFTY 26250 CE,14:57,0.05,0.1,0.05,14:58,0.05,STOPLOSS,-0.05,-3.25,-63.25
2026-03-02,2026-03-02,NIFTY 26400 CE,14:59,0.05,0.1,0.05,15:00,0.05,STOPLOSS,-0.05,-3.25,-63.25
2026-03-02,2026-03-02,NIFTY 26650 CE,15:01,0.05,0.1,0.05,15:02,0.05,STOPLOSS,-0.05,-3.25,-63.25
2026-03-02,2026-03-02,NIFTY 24900 CE,15:03,0.6,1.4,0.6,15:04,3.05,EMA10,1.65,107.25,47.25
2026-03-02,2026-03-02,NIFTY 26000 CE,15:05,0.05,0.1,0.05,15:06,0.05,STOPLOSS,-0.05,-3.25,-63.25
2026-03-02,2026-03-02,NIFTY 23850 PE,15:07,0.05,0.15,0.05,15:08,0.05,STOPLOSS,-0.1,-6.5,-66.5
2026-03-02,2026-03-02,NIFTY 24000 PE,15:09,0.05,0.1,0.05,15:10,0.05,STOPLOSS,-0.05,-3.25,-63.25
2026-03-02,2026-03-02,NIFTY 24100 PE,15:11,0.05,0.1,0.05,15:12,0.05,STOPLOSS,-0.05,-3.25,-63.25
2026-03-02,2026-03-02,NIFTY 24900 CE,15:13,1.05,4.0,0.7,15:15,0.7,STOPLOSS,-3.3,-214.5,-274.5
2026-03-04,2026-03-10,NIFTY 23100 PE,09:16,22.55,53.35,20.05,09:41,61.25,EMA10,7.9,513.5,453.5
2026-03-10,2026-03-10,NIFTY 26100 CE,10:44,0.1,0.2,0.1,10:47,0.1,STOPLOSS,-0.1,-6.5,-66.5
2026-03-10,2026-03-10,NIFTY 27350 CE,11:54,0.1,0.2,0.1,12:12,0.1,STOPLOSS,-0.1,-6.5,-66.5
2026-03-10,2026-03-10,NIFTY 26200 CE,12:13,0.05,0.1,0.05,12:14,0.05,STOPLOSS,-0.05,-3.25,-63.25
2026-03-10,2026-03-10,NIFTY 26200 CE,12:15,0.05,0.15,0.05,12:20,0.1,EMA10,-0.05,-3.25,-63.25
2026-03-10,2026-03-10,NIFTY 27100 CE,12:22,0.05,0.1,0.05,12:24,0.05,STOPLOSS,-0.05,-3.25,-63.25
2026-03-10,2026-03-10,NIFTY 26700 CE,12:25,0.05,0.1,0.05,12:26,0.05,STOPLOSS,-0.05,-3.25,-63.25
2026-03-10,2026-03-10,NIFTY 26500 CE,12:29,0.05,0.1,0.05,12:30,0.05,STOPLOSS,-0.05,-3.25,-63.25
2026-03-10,2026-03-10,NIFTY 27700 CE,12:31,0.05,0.1,0.05,12:33,0.05,STOPLOSS,-0.05,-3.25,-63.25
2026-03-10,2026-03-10,NIFTY 27600 CE,12:35,0.05,0.1,0.05,12:37,0.05,STOPLOSS,-0.05,-3.25,-63.25
2026-03-10,2026-03-10,NIFTY 26600 CE,12:38,0.05,0.1,0.05,12:47,0.05,STOPLOSS,-0.05,-3.25,-63.25
2026-03-10,2026-03-10,NIFTY 27500 CE,12:48,0.05,0.1,0.05,12:51,0.05,STOPLOSS,-0.05,-3.25,-63.25
2026-03-10,2026-03-10,NIFTY 27500 CE,12:52,0.05,0.1,0.05,12:53,0.05,STOPLOSS,-0.05,-3.25,-63.25
2026-03-10,2026-03-10,NIFTY 27500 CE,12:55,0.05,0.1,0.05,12:56,0.05,STOPLOSS,-0.05,-3.25,-63.25
2026-03-10,2026-03-10,NIFTY 26700 CE,12:57,0.05,0.1,0.05,13:00,0.05,STOPLOSS,-0.05,-3.25,-63.25
2026-03-10,2026-03-10,NIFTY 27700 CE,13:01,0.05,0.1,0.05,13:02,0.05,STOPLOSS,-0.05,-3.25,-63.25
2026-03-10,2026-03-10,NIFTY 21800 PE,13:03,0.05,0.1,0.05,13:06,0.05,STOPLOSS,-0.05,-3.25,-63.25
2026-03-10,2026-03-10,NIFTY 21500 PE,13:07,0.05,0.1,0.05,13:09,0.05,STOPLOSS,-0.05,-3.25,-63.25
2026-03-10,2026-03-10,NIFTY 27500 CE,13:10,0.05,0.1,0.05,13:18,0.05,STOPLOSS,-0.05,-3.25,-63.25
2026-03-10,2026-03-10,NIFTY 26500 CE,13:19,0.05,0.1,0.05,13:20,0.05,STOPLOSS,-0.05,-3.25,-63.25
2026-03-10,2026-03-10,NIFTY 26500 CE,13:22,0.05,0.1,0.05,13:27,0.05,STOPLOSS,-0.05,-3.25,-63.25
2026-03-10,2026-03-10,NIFTY 21800 PE,13:28,0.05,0.1,0.05,13:34,0.05,STOPLOSS,-0.05,-3.25,-63.25
2026-03-10,2026-03-10,NIFTY 26100 CE,13:35,0.05,0.1,0.05,13:36,0.05,STOPLOSS,-0.05,-3.25,-63.25
2026-03-10,2026-03-10,NIFTY 27600 CE,13:37,0.05,0.1,0.05,13:38,0.05,STOPLOSS,-0.05,-3.25,-63.25
2026-03-10,2026-03-10,NIFTY 26600 CE,13:39,0.05,0.1,0.05,13:43,0.05,STOPLOSS,-0.05,-3.25,-63.25
2026-03-10,2026-03-10,NIFTY 26200 CE,13:44,0.05,0.1,0.05,13:46,0.05,STOPLOSS,-0.05,-3.25,-63.25
2026-03-10,2026-03-10,NIFTY 26300 CE,13:47,0.05,0.1,0.05,13:48,0.05,STOPLOSS,-0.05,-3.25,-63.25
2026-03-10,2026-03-10,NIFTY 27100 CE,13:49,0.05,0.1,0.05,13:50,0.05,STOPLOSS,-0.05,-3.25,-63.25
2026-03-10,2026-03-10,NIFTY 27400 CE,13:51,0.05,0.1,0.05,13:52,0.05,STOPLOSS,-0.05,-3.25,-63.25
2026-03-10,2026-03-10,NIFTY 27200 CE,13:53,0.05,0.1,0.05,13:54,0.05,STOPLOSS,-0.05,-3.25,-63.25
2026-03-10,2026-03-10,NIFTY 26100 CE,13:55,0.05,0.1,0.05,13:56,0.05,STOPLOSS,-0.05,-3.25,-63.25
2026-03-10,2026-03-10,NIFTY 26600 CE,13:57,0.05,0.1,0.05,14:00,0.05,STOPLOSS,-0.05,-3.25,-63.25
2026-03-10,2026-03-10,NIFTY 26750 CE,14:01,0.05,0.1,0.05,14:03,0.05,STOPLOSS,-0.05,-3.25,-63.25
2026-03-10,2026-03-10,NIFTY 26850 CE,14:04,0.05,0.1,0.05,14:06,0.05,STOPLOSS,-0.05,-3.25,-63.25
2026-03-10,2026-03-10,NIFTY 26750 CE,14:07,0.05,0.1,0.05,14:08,0.05,STOPLOSS,-0.05,-3.25,-63.25
2026-03-10,2026-03-10,NIFTY 26000 CE,14:09,0.05,0.1,0.05,14:10,0.05,STOPLOSS,-0.05,-3.25,-63.25
2026-03-10,2026-03-10,NIFTY 26800 CE,14:11,0.05,0.1,0.05,14:12,0.05,STOPLOSS,-0.05,-3.25,-63.25
2026-03-10,2026-03-10,NIFTY 22350 PE,14:13,0.1,0.2,0.1,14:22,0.1,STOPLOSS,-0.1,-6.5,-66.5
2026-03-10,2026-03-10,NIFTY 26350 CE,14:23,0.05,0.1,0.05,14:24,0.05,STOPLOSS,-0.05,-3.25,-63.25
2026-03-10,2026-03-10,NIFTY 25800 CE,14:25,0.05,0.1,0.05,14:26,0.05,STOPLOSS,-0.05,-3.25,-63.25
2026-03-10,2026-03-10,NIFTY 25450 CE,14:27,0.05,0.1,0.05,14:28,0.05,STOPLOSS,-0.05,-3.25,-63.25
2026-03-10,2026-03-10,NIFTY 21500 PE,14:29,0.05,0.1,0.05,14:30,0.05,STOPLOSS,-0.05,-3.25,-63.25
2026-03-10,2026-03-10,NIFTY 26200 CE,14:31,0.05,0.1,0.05,14:32,0.05,STOPLOSS,-0.05,-3.25,-63.25
2026-03-10,2026-03-10,NIFTY 27700 CE,14:33,0.05,0.1,0.05,14:34,0.05,STOPLOSS,-0.05,-3.25,-63.25
2026-03-10,2026-03-10,NIFTY 26450 CE,14:35,0.05,0.1,0.05,14:36,0.05,STOPLOSS,-0.05,-3.25,-63.25
2026-03-10,2026-03-10,NIFTY 25950 CE,14:37,0.05,0.1,0.05,14:39,0.05,STOPLOSS,-0.05,-3.25,-63.25
2026-03-10,2026-03-10,NIFTY 21600 PE,14:40,0.05,0.1,0.05,14:41,0.05,STOPLOSS,-0.05,-3.25,-63.25
2026-03-10,2026-03-10,NIFTY 27000 CE,14:42,0.05,0.1,0.05,14:43,0.05,STOPLOSS,-0.05,-3.25,-63.25
2026-03-10,2026-03-10,NIFTY 22300 PE,14:44,0.05,0.1,0.05,14:45,0.05,STOPLOSS,-0.05,-3.25,-63.25
2026-03-10,2026-03-10,NIFTY 25500 CE,14:46,0.05,0.1,0.05,14:47,0.05,STOPLOSS,-0.05,-3.25,-63.25
2026-03-10,2026-03-10,NIFTY 24350 CE,14:48,1.2,3.45,1.2,14:51,2.25,EMA10,-1.2,-78.0,-138.0
2026-03-10,2026-03-10,NIFTY 24350 CE,14:52,2.25,6.75,2.25,14:55,3.15,EMA10,-3.6,-234.0,-294.0
2026-03-10,2026-03-10,NIFTY 26350 CE,14:56,0.05,0.1,0.05,15:01,0.05,STOPLOSS,-0.05,-3.25,-63.25
2026-03-10,2026-03-10,NIFTY 21550 PE,15:02,0.05,0.1,0.05,15:03,0.05,STOPLOSS,-0.05,-3.25,-63.25
2026-03-10,2026-03-10,NIFTY 26050 CE,15:04,0.05,0.1,0.05,15:05,0.05,STOPLOSS,-0.05,-3.25,-63.25
2026-03-10,2026-03-10,NIFTY 24200 PE,15:06,0.3,0.7,0.3,15:07,0.4,EMA10,-0.3,-19.5,-79.5
2026-03-10,2026-03-10,NIFTY 25600 CE,15:08,0.05,0.1,0.05,15:09,0.05,STOPLOSS,-0.05,-3.25,-63.25
2026-03-10,2026-03-10,NIFTY 24800 CE,15:10,0.05,0.1,0.05,15:11,0.05,STOPLOSS,-0.05,-3.25,-63.25
2026-03-10,2026-03-10,NIFTY 26550 CE,15:12,0.05,0.1,0.05,15:14,0.05,STOPLOSS,-0.05,-3.25,-63.25
2026-03-10,2026-03-10,NIFTY 26850 CE,15:15,0.05,0.1,0.05,15:16,0.05,STOPLOSS,-0.05,-3.25,-63.25
2026-03-17,2026-03-17,NIFTY 27500 CE,10:53,0.05,0.1,0.05,10:54,0.1,EMA10,0.0,0.0,-60.0
2026-03-17,2026-03-17,NIFTY 26800 CE,10:59,0.05,0.1,0.05,11:04,0.1,EMA10,0.0,0.0,-60.0
2026-03-17,2026-03-17,NIFTY 27000 CE,11:07,0.05,0.1,0.05,11:09,0.05,STOPLOSS,-0.05,-3.25,-63.25
2026-03-17,2026-03-17,NIFTY 27000 CE,11:10,0.05,0.1,0.05,11:11,0.05,STOPLOSS,-0.05,-3.25,-63.25
2026-03-17,2026-03-17,NIFTY 27000 CE,11:13,0.05,0.1,0.05,11:14,0.05,STOPLOSS,-0.05,-3.25,-63.25
2026-03-17,2026-03-17,NIFTY 27000 CE,11:17,0.05,0.1,0.05,11:20,0.05,STOPLOSS,-0.05,-3.25,-63.25
2026-03-17,2026-03-17,NIFTY 27000 CE,11:21,0.05,0.1,0.05,11:23,0.05,STOPLOSS,-0.05,-3.25,-63.25
2026-03-17,2026-03-17,NIFTY 25900 CE,11:25,0.05,0.15,0.05,11:38,0.1,EMA10,-0.05,-3.25,-63.25
2026-03-17,2026-03-17,NIFTY 27700 CE,11:39,0.05,0.1,0.05,11:40,0.05,STOPLOSS,-0.05,-3.25,-63.25
2026-03-17,2026-03-17,NIFTY 27700 CE,11:41,0.05,0.1,0.05,11:47,0.05,STOPLOSS,-0.05,-3.25,-63.25
2026-03-17,2026-03-17,NIFTY 21450 PE,11:48,0.05,0.1,0.05,11:49,0.05,STOPLOSS,-0.05,-3.25,-63.25
2026-03-17,2026-03-17,NIFTY 27000 CE,11:53,0.05,0.1,0.05,11:56,0.05,STOPLOSS,-0.05,-3.25,-63.25
2026-03-17,2026-03-17,NIFTY 27700 CE,11:58,0.05,0.1,0.05,12:03,0.05,STOPLOSS,-0.05,-3.25,-63.25
2026-03-17,2026-03-17,NIFTY 25900 CE,12:04,0.05,0.1,0.05,12:08,0.05,STOPLOSS,-0.05,-3.25,-63.25
2026-03-17,2026-03-17,NIFTY 25900 CE,12:09,0.05,0.1,0.05,12:12,0.05,STOPLOSS,-0.05,-3.25,-63.25
2026-03-17,2026-03-17,NIFTY 21500 PE,12:13,0.05,0.1,0.05,12:16,0.05,STOPLOSS,-0.05,-3.25,-63.25
2026-03-17,2026-03-17,NIFTY 21450 PE,12:18,0.05,0.1,0.05,12:19,0.05,STOPLOSS,-0.05,-3.25,-63.25
2026-03-17,2026-03-17,NIFTY 21500 PE,12:20,0.05,0.1,0.05,12:21,0.05,STOPLOSS,-0.05,-3.25,-63.25
2026-03-17,2026-03-17,NIFTY 21500 PE,12:22,0.05,0.1,0.05,12:23,0.05,STOPLOSS,-0.05,-3.25,-63.25
2026-03-17,2026-03-17,NIFTY 21450 PE,12:24,0.05,0.1,0.05,12:25,0.05,STOPLOSS,-0.05,-3.25,-63.25
2026-03-17,2026-03-17,NIFTY 27000 CE,12:28,0.05,0.1,0.05,12:33,0.05,STOPLOSS,-0.05,-3.25,-63.25
2026-03-17,2026-03-17,NIFTY 26850 CE,12:34,0.05,0.1,0.05,12:42,0.05,STOPLOSS,-0.05,-3.25,-63.25
2026-03-17,2026-03-17,NIFTY 21500 PE,12:43,0.05,0.1,0.05,12:44,0.05,STOPLOSS,-0.05,-3.25,-63.25
2026-03-17,2026-03-17,NIFTY 27700 CE,12:45,0.05,0.1,0.05,12:46,0.05,STOPLOSS,-0.05,-3.25,-63.25
2026-03-17,2026-03-17,NIFTY 27000 CE,12:48,0.05,0.1,0.05,12:49,0.05,STOPLOSS,-0.05,-3.25,-63.25
2026-03-17,2026-03-17,NIFTY 21300 PE,12:50,0.05,0.1,0.05,12:55,0.05,STOPLOSS,-0.05,-3.25,-63.25
2026-03-17,2026-03-17,NIFTY 21500 PE,12:56,0.05,0.1,0.05,12:57,0.05,STOPLOSS,-0.05,-3.25,-63.25
2026-03-17,2026-03-17,NIFTY 25300 CE,12:58,0.05,0.1,0.05,12:59,0.05,STOPLOSS,-0.05,-3.25,-63.25
2026-03-17,2026-03-17,NIFTY 21900 PE,13:00,0.05,0.15,0.05,13:02,0.1,EMA10,-0.05,-3.25,-63.25
2026-03-17,2026-03-17,NIFTY 27300 CE,13:03,0.05,0.15,0.05,13:04,0.1,EMA10,-0.05,-3.25,-63.25
2026-03-17,2026-03-17,NIFTY 25800 CE,13:05,0.05,0.1,0.05,13:14,0.1,EMA10,0.0,0.0,-60.0
2026-03-17,2026-03-17,NIFTY 25400 CE,13:15,0.05,0.1,0.05,13:16,0.05,STOPLOSS,-0.05,-3.25,-63.25
2026-03-17,2026-03-17,NIFTY 27500 CE,13:17,0.05,0.1,0.05,13:19,0.05,STOPLOSS,-0.05,-3.25,-63.25
2026-03-17,2026-03-17,NIFTY 25300 CE,13:20,0.05,0.1,0.05,13:23,0.05,STOPLOSS,-0.05,-3.25,-63.25
2026-03-17,2026-03-17,NIFTY 24800 CE,13:24,0.05,0.1,0.05,13:25,0.05,STOPLOSS,-0.05,-3.25,-63.25
2026-03-17,2026-03-17,NIFTY 24800 CE,13:26,0.05,0.1,0.05,13:27,0.05,STOPLOSS,-0.05,-3.25,-63.25
2026-03-17,2026-03-17,NIFTY 26000 CE,13:28,0.05,0.1,0.05,13:29,0.05,STOPLOSS,-0.05,-3.25,-63.25
2026-03-17,2026-03-17,NIFTY 25350 CE,13:30,0.05,0.1,0.05,13:31,0.05,STOPLOSS,-0.05,-3.25,-63.25
2026-03-17,2026-03-17,NIFTY 24600 CE,13:32,0.05,0.1,0.05,13:33,0.05,STOPLOSS,-0.05,-3.25,-63.25
2026-03-17,2026-03-17,NIFTY 24600 CE,13:34,0.05,0.1,0.05,13:35,0.05,STOPLOSS,-0.05,-3.25,-63.25
2026-03-17,2026-03-17,NIFTY 25300 CE,13:36,0.05,0.1,0.05,13:37,0.05,STOPLOSS,-0.05,-3.25,-63.25
2026-03-17,2026-03-17,NIFTY 25350 CE,13:38,0.05,0.1,0.05,13:39,0.05,STOPLOSS,-0.05,-3.25,-63.25
2026-03-17,2026-03-17,NIFTY 25600 CE,13:40,0.05,0.15,0.05,13:41,0.05,STOPLOSS,-0.1,-6.5,-66.5
2026-03-17,2026-03-17,NIFTY 26500 CE,13:42,0.05,0.1,0.05,13:43,0.05,STOPLOSS,-0.05,-3.25,-63.25
2026-03-17,2026-03-17,NIFTY 24600 CE,13:44,0.05,0.1,0.05,13:45,0.05,STOPLOSS,-0.05,-3.25,-63.25
2026-03-17,2026-03-17,NIFTY 25450 CE,13:46,0.05,0.1,0.05,13:47,0.05,STOPLOSS,-0.05,-3.25,-63.25
2026-03-17,2026-03-17,NIFTY 25100 CE,13:48,0.05,0.1,0.05,13:49,0.05,STOPLOSS,-0.05,-3.25,-63.25
2026-03-17,2026-03-17,NIFTY 24800 CE,13:50,0.05,0.1,0.05,13:51,0.05,STOPLOSS,-0.05,-3.25,-63.25
2026-03-17,2026-03-17,NIFTY 25600 CE,13:52,0.05,0.1,0.05,13:55,0.05,STOPLOSS,-0.05,-3.25,-63.25
2026-03-17,2026-03-17,NIFTY 24700 CE,13:56,0.05,0.1,0.05,13:57,0.05,STOPLOSS,-0.05,-3.25,-63.25
2026-03-17,2026-03-17,NIFTY 26250 CE,13:58,0.05,0.1,0.05,13:59,0.05,STOPLOSS,-0.05,-3.25,-63.25
2026-03-17,2026-03-17,NIFTY 25300 CE,14:00,0.05,0.1,0.05,14:01,0.05,STOPLOSS,-0.05,-3.25,-63.25
2026-03-17,2026-03-17,NIFTY 22100 PE,14:02,0.05,0.1,0.05,14:10,0.1,EMA10,0.0,0.0,-60.0
2026-03-17,2026-03-17,NIFTY 26950 CE,14:11,0.05,0.2,0.05,14:48,0.05,STOPLOSS,-0.15,-9.75,-69.75
2026-03-17,2026-03-17,NIFTY 23650 CE,14:49,2.8,5.7,2.15,14:53,5.35,EMA10,-0.35,-22.75,-82.75
2026-03-17,2026-03-17,NIFTY 24600 CE,14:54,0.05,0.1,0.05,14:55,0.05,STOPLOSS,-0.05,-3.25,-63.25
2026-03-17,2026-03-17,NIFTY 26850 CE,14:56,0.05,0.1,0.05,14:57,0.05,STOPLOSS,-0.05,-3.25,-63.25
2026-03-17,2026-03-17,NIFTY 22000 PE,14:58,0.05,0.15,0.05,15:01,0.1,EMA10,-0.05,-3.25,-63.25
2026-03-17,2026-03-17,NIFTY 23600 PE,15:02,4.2,12.75,2.3,15:04,7.45,EMA10,-5.3,-344.5,-404.5
2026-03-17,2026-03-17,NIFTY 23600 PE,15:05,7.45,19.55,7.45,15:08,14.15,EMA10,-5.4,-351.0,-411.0
2026-03-17,2026-03-17,NIFTY 24050 CE,15:09,0.05,0.1,0.05,15:10,0.05,STOPLOSS,-0.05,-3.25,-63.25
2026-03-17,2026-03-17,NIFTY 24600 CE,15:11,0.05,0.1,0.05,15:12,0.05,STOPLOSS,-0.05,-3.25,-63.25
2026-03-17,2026-03-17,NIFTY 26700 CE,15:13,0.05,0.15,0.05,15:15,0.05,STOPLOSS,-0.1,-6.5,-66.5
2026-03-19,2026-03-24,NIFTY 27050 CE,10:56,1.0,2.0,1.0,10:57,1.0,STOPLOSS,-1.0,-65.0,-125.0
2026-03-24,2026-03-24,NIFTY 26950 CE,09:16,0.2,0.45,0.2,09:18,0.35,EMA10,-0.1,-6.5,-66.5
2026-03-24,2026-03-24,NIFTY 26550 CE,09:40,0.05,0.3,0.05,09:44,0.25,EMA10,-0.05,-3.25,-63.25
2026-03-24,2026-03-24,NIFTY 27400 CE,10:18,0.1,0.2,0.1,10:25,0.1,STOPLOSS,-0.1,-6.5,-66.5
2026-03-24,2026-03-24,NIFTY 27400 CE,10:30,0.1,0.2,0.1,10:31,0.15,EMA10,-0.05,-3.25,-63.25
2026-03-24,2026-03-24,NIFTY 27500 CE,10:49,0.05,0.1,0.05,10:50,0.1,EMA10,0.0,0.0,-60.0
2026-03-24,2026-03-24,NIFTY 27000 CE,10:51,0.05,0.1,0.05,10:59,0.05,STOPLOSS,-0.05,-3.25,-63.25
2026-03-24,2026-03-24,NIFTY 27000 CE,11:00,0.05,0.1,0.05,11:08,0.05,STOPLOSS,-0.05,-3.25,-63.25
2026-03-24,2026-03-24,NIFTY 27000 CE,11:10,0.05,0.1,0.05,11:11,0.05,STOPLOSS,-0.05,-3.25,-63.25
2026-03-24,2026-03-24,NIFTY 27000 CE,11:16,0.05,0.1,0.05,11:17,0.05,STOPLOSS,-0.05,-3.25,-63.25
2026-03-24,2026-03-24,NIFTY 27000 CE,11:19,0.05,0.1,0.05,11:20,0.05,STOPLOSS,-0.05,-3.25,-63.25
2026-03-24,2026-03-24,NIFTY 26700 CE,11:21,0.05,0.1,0.05,12:06,0.1,EMA10,0.0,0.0,-60.0
2026-03-24,2026-03-24,NIFTY 24400 CE,12:07,0.1,0.2,0.1,12:10,0.1,STOPLOSS,-0.1,-6.5,-66.5
2026-03-24,2026-03-24,NIFTY 25200 CE,12:11,0.05,0.1,0.05,12:15,0.05,STOPLOSS,-0.05,-3.25,-63.25
2026-03-24,2026-03-24,NIFTY 26000 CE,12:16,0.05,0.1,0.05,12:17,0.05,STOPLOSS,-0.05,-3.25,-63.25
2026-03-24,2026-03-24,NIFTY 26000 CE,12:20,0.05,0.1,0.05,12:23,0.05,STOPLOSS,-0.05,-3.25,-63.25
2026-03-24,2026-03-24,NIFTY 26500 CE,12:24,0.05,0.1,0.05,12:25,0.05,STOPLOSS,-0.05,-3.25,-63.25
2026-03-24,2026-03-24,NIFTY 26000 CE,12:26,0.05,0.1,0.05,12:27,0.05,STOPLOSS,-0.05,-3.25,-63.25
2026-03-24,2026-03-24,NIFTY 26000 CE,12:29,0.05,0.1,0.05,12:30,0.05,STOPLOSS,-0.05,-3.25,-63.25
2026-03-24,2026-03-24,NIFTY 27500 CE,12:34,0.05,0.1,0.05,12:36,0.05,STOPLOSS,-0.05,-3.25,-63.25
2026-03-24,2026-03-24,NIFTY 27000 CE,12:37,0.05,0.1,0.05,12:38,0.05,STOPLOSS,-0.05,-3.25,-63.25
2026-03-24,2026-03-24,NIFTY 25200 CE,12:39,0.05,0.1,0.05,12:40,0.05,STOPLOSS,-0.05,-3.25,-63.25
2026-03-24,2026-03-24,NIFTY 27500 CE,12:41,0.05,0.1,0.05,12:43,0.05,STOPLOSS,-0.05,-3.25,-63.25
2026-03-24,2026-03-24,NIFTY 25200 CE,12:44,0.05,0.1,0.05,12:45,0.05,STOPLOSS,-0.05,-3.25,-63.25
2026-03-24,2026-03-24,NIFTY 25200 CE,12:46,0.05,0.1,0.05,12:49,0.05,STOPLOSS,-0.05,-3.25,-63.25
2026-03-24,2026-03-24,NIFTY 25500 CE,12:50,0.05,0.15,0.05,12:52,0.1,EMA10,-0.05,-3.25,-63.25
2026-03-24,2026-03-24,NIFTY 27000 CE,12:53,0.05,0.1,0.05,12:54,0.05,STOPLOSS,-0.05,-3.25,-63.25
2026-03-24,2026-03-24,NIFTY 27500 CE,12:55,0.05,0.1,0.05,12:59,0.05,STOPLOSS,-0.05,-3.25,-63.25
2026-03-24,2026-03-24,NIFTY 25200 CE,13:00,0.05,0.1,0.05,13:05,0.05,STOPLOSS,-0.05,-3.25,-63.25
2026-03-24,2026-03-24,NIFTY 27250 CE,13:06,0.1,0.25,0.1,13:38,0.1,STOPLOSS,-0.15,-9.75,-69.75
2026-03-24,2026-03-24,NIFTY 25500 CE,13:39,0.05,0.1,0.05,13:41,0.05,STOPLOSS,-0.05,-3.25,-63.25
2026-03-24,2026-03-24,NIFTY 25500 CE,13:42,0.05,0.1,0.05,13:44,0.05,STOPLOSS,-0.05,-3.25,-63.25
2026-03-24,2026-03-24,NIFTY 25200 CE,13:45,0.05,0.1,0.05,13:47,0.05,STOPLOSS,-0.05,-3.25,-63.25
2026-03-24,2026-03-24,NIFTY 26500 CE,13:48,0.05,0.1,0.05,13:49,0.05,STOPLOSS,-0.05,-3.25,-63.25
2026-03-24,2026-03-24,NIFTY 27250 CE,13:50,0.05,0.1,0.05,13:51,0.05,STOPLOSS,-0.05,-3.25,-63.25
2026-03-24,2026-03-24,NIFTY 26000 CE,13:52,0.05,0.1,0.05,13:53,0.05,STOPLOSS,-0.05,-3.25,-63.25
2026-03-24,2026-03-24,NIFTY 25200 CE,13:54,0.05,0.1,0.05,13:55,0.05,STOPLOSS,-0.05,-3.25,-63.25
2026-03-24,2026-03-24,NIFTY 27100 CE,13:56,0.1,0.35,0.1,13:57,0.1,STOPLOSS,-0.25,-16.25,-76.25
2026-03-24,2026-03-24,NIFTY 26000 CE,13:58,0.05,0.1,0.05,13:59,0.05,STOPLOSS,-0.05,-3.25,-63.25
2026-03-24,2026-03-24,NIFTY 25100 CE,14:00,0.05,0.1,0.05,14:02,0.05,STOPLOSS,-0.05,-3.25,-63.25
2026-03-24,2026-03-24,NIFTY 26000 CE,14:03,0.05,0.1,0.05,14:04,0.05,STOPLOSS,-0.05,-3.25,-63.25
2026-03-24,2026-03-24,NIFTY 25200 CE,14:05,0.05,0.1,0.05,14:07,0.05,STOPLOSS,-0.05,-3.25,-63.25
2026-03-24,2026-03-24,NIFTY 24400 CE,14:08,0.05,0.1,0.05,14:09,0.05,STOPLOSS,-0.05,-3.25,-63.25
2026-03-24,2026-03-24,NIFTY 25900 CE,14:10,0.05,0.1,0.05,14:12,0.05,STOPLOSS,-0.05,-3.25,-63.25
2026-03-24,2026-03-24,NIFTY 26000 CE,14:13,0.05,0.1,0.05,14:16,0.05,STOPLOSS,-0.05,-3.25,-63.25
2026-03-24,2026-03-24,NIFTY 26550 CE,14:17,0.05,0.15,0.05,14:18,0.1,EMA10,-0.05,-3.25,-63.25
2026-03-24,2026-03-24,NIFTY 24500 CE,14:19,0.05,0.1,0.05,14:20,0.05,STOPLOSS,-0.05,-3.25,-63.25
2026-03-24,2026-03-24,NIFTY 22750 PE,14:21,3.35,7.5,2.75,14:22,3.75,EMA10,-3.75,-243.75,-303.75
2026-03-24,2026-03-24,NIFTY 24700 CE,14:23,0.05,0.1,0.05,14:24,0.05,STOPLOSS,-0.05,-3.25,-63.25
2026-03-24,2026-03-24,NIFTY 24800 CE,14:25,0.05,0.1,0.05,14:26,0.05,STOPLOSS,-0.05,-3.25,-63.25
2026-03-24,2026-03-24,NIFTY 25150 CE,14:27,0.05,0.1,0.05,14:29,0.05,STOPLOSS,-0.05,-3.25,-63.25
2026-03-24,2026-03-24,NIFTY 25950 CE,14:30,0.05,0.15,0.05,14:31,0.05,STOPLOSS,-0.1,-6.5,-66.5
2026-03-24,2026-03-24,NIFTY 26750 CE,14:32,0.05,0.1,0.05,14:40,0.05,STOPLOSS,-0.05,-3.25,-63.25
2026-03-24,2026-03-24,NIFTY 25100 CE,14:41,0.05,0.1,0.05,14:42,0.05,STOPLOSS,-0.05,-3.25,-63.25
2026-03-24,2026-03-24,NIFTY 24750 CE,14:43,0.05,0.1,0.05,14:49,0.05,STOPLOSS,-0.05,-3.25,-63.25
2026-03-24,2026-03-24,NIFTY 24900 CE,14:50,0.05,0.1,0.05,14:51,0.05,STOPLOSS,-0.05,-3.25,-63.25
2026-03-24,2026-03-24,NIFTY 24500 CE,14:52,0.05,0.1,0.05,14:53,0.05,STOPLOSS,-0.05,-3.25,-63.25
2026-03-24,2026-03-24,NIFTY 26300 CE,14:54,0.05,0.15,0.05,14:55,0.1,EMA10,-0.05,-3.25,-63.25
2026-03-24,2026-03-24,NIFTY 24700 CE,14:56,0.05,0.1,0.05,14:58,0.05,STOPLOSS,-0.05,-3.25,-63.25
2026-03-24,2026-03-24,NIFTY 24900 CE,14:59,0.05,0.1,0.05,15:01,0.05,STOPLOSS,-0.05,-3.25,-63.25
2026-03-24,2026-03-24,NIFTY 22950 CE,15:02,1.7,3.6,1.4,15:03,1.4,STOPLOSS,-2.2,-143.0,-203.0
2026-03-24,2026-03-24,NIFTY 26400 CE,15:04,0.1,0.25,0.05,15:07,0.1,EMA10,-0.15,-9.75,-69.75
2026-03-24,2026-03-24,NIFTY 25650 CE,15:08,0.05,0.1,0.05,15:15,0.05,STOPLOSS,-0.05,-3.25,-63.25
2026-03-27,2026-03-30,NIFTY 27450 CE,09:36,0.15,0.45,0.15,09:37,0.4,EMA10,-0.05,-3.25,-63.25
2026-03-30,2026-03-30,NIFTY 27050 CE,09:17,0.05,0.55,0.05,09:19,0.4,EMA10,-0.15,-9.75,-69.75
2026-03-30,2026-03-30,NIFTY 26900 CE,09:21,0.2,0.45,0.2,09:22,0.35,EMA10,-0.1,-6.5,-66.5
2026-03-30,2026-03-30,NIFTY 20250 PE,09:30,0.15,0.5,0.15,09:37,0.55,EMA10,0.05,3.25,-56.75
2026-03-30,2026-03-30,NIFTY 27950 CE,09:45,0.2,0.5,0.2,10:19,0.2,STOPLOSS,-0.3,-19.5,-79.5
2026-03-30,2026-03-30,NIFTY 20250 PE,10:23,0.25,0.75,0.25,10:25,0.25,STOPLOSS,-0.5,-32.5,-92.5
2026-03-30,2026-03-30,NIFTY 20250 PE,10:29,0.25,0.65,0.25,10:31,0.2,STOPLOSS,-0.45,-29.25,-89.25
2026-03-30,2026-03-30,NIFTY 20250 PE,10:36,0.2,0.7,0.2,10:37,0.25,EMA10,-0.45,-29.25,-89.25
2026-03-30,2026-03-30,NIFTY 20250 PE,10:45,0.15,0.4,0.15,10:46,0.2,EMA10,-0.2,-13.0,-73.0
2026-03-30,2026-03-30,NIFTY 20250 PE,10:53,0.2,0.4,0.2,10:55,0.2,STOPLOSS,-0.2,-13.0,-73.0
2026-03-30,2026-03-30,NIFTY 20250 PE,10:56,0.2,0.4,0.2,10:58,0.2,STOPLOSS,-0.2,-13.0,-73.0
2026-03-30,2026-03-30,NIFTY 20250 PE,11:05,0.2,0.4,0.2,11:11,0.25,EMA10,-0.15,-9.75,-69.75
2026-03-30,2026-03-30,NIFTY 26250 CE,11:22,0.2,0.4,0.2,11:45,0.25,EMA10,-0.15,-9.75,-69.75
2026-03-30,2026-03-30,NIFTY 26850 CE,11:46,0.15,0.35,0.15,11:53,0.25,EMA10,-0.1,-6.5,-66.5
2026-03-30,2026-03-30,NIFTY 20250 PE,12:21,0.15,0.4,0.15,12:22,0.15,STOPLOSS,-0.25,-16.25,-76.25
2026-03-30,2026-03-30,NIFTY 27350 CE,12:26,0.2,0.4,0.2,13:00,0.1,STOPLOSS,-0.3,-19.5,-79.5
2026-03-30,2026-03-30,NIFTY 25200 CE,13:01,0.05,0.1,0.05,13:22,0.1,EMA10,0.0,0.0,-60.0
2026-03-30,2026-03-30,NIFTY 24800 CE,13:25,0.05,0.1,0.05,13:27,0.05,STOPLOSS,-0.05,-3.25,-63.25
2026-03-30,2026-03-30,NIFTY 24800 CE,13:28,0.05,0.1,0.05,13:30,0.1,EMA10,0.0,0.0,-60.0
2026-03-30,2026-03-30,NIFTY 20250 PE,13:33,0.2,0.65,0.2,13:34,0.2,STOPLOSS,-0.45,-29.25,-89.25
2026-03-30,2026-03-30,NIFTY 20250 PE,13:35,0.2,0.65,0.2,13:39,0.2,STOPLOSS,-0.45,-29.25,-89.25
2026-03-30,2026-03-30,NIFTY 25200 CE,13:41,0.05,0.1,0.05,13:43,0.05,STOPLOSS,-0.05,-3.25,-63.25
2026-03-30,2026-03-30,NIFTY 26550 CE,13:44,0.05,0.1,0.05,13:49,0.05,STOPLOSS,-0.05,-3.25,-63.25
2026-03-30,2026-03-30,NIFTY 27050 CE,13:50,0.05,0.15,0.05,13:54,0.1,EMA10,-0.05,-3.25,-63.25
2026-03-30,2026-03-30,NIFTY 24800 CE,13:55,0.05,0.15,0.05,13:57,0.1,EMA10,-0.05,-3.25,-63.25
2026-03-30,2026-03-30,NIFTY 20600 PE,14:00,0.05,0.1,0.05,14:01,0.05,STOPLOSS,-0.05,-3.25,-63.25
2026-03-30,2026-03-30,NIFTY 26050 CE,14:02,0.05,0.25,0.05,14:03,0.05,STOPLOSS,-0.2,-13.0,-73.0
2026-03-30,2026-03-30,NIFTY 20250 PE,14:04,0.05,0.4,0.05,14:09,0.1,EMA10,-0.3,-19.5,-79.5
2026-03-30,2026-03-30,NIFTY 25500 CE,14:10,0.05,0.1,0.05,14:11,0.05,STOPLOSS,-0.05,-3.25,-63.25
2026-03-30,2026-03-30,NIFTY 28000 CE,14:12,0.05,0.1,0.05,14:13,0.1,EMA10,0.0,0.0,-60.0
2026-03-30,2026-03-30,NIFTY 20600 PE,14:14,0.05,0.1,0.05,14:17,0.05,STOPLOSS,-0.05,-3.25,-63.25
2026-03-30,2026-03-30,NIFTY 25050 CE,14:18,0.05,0.1,0.05,14:21,0.05,STOPLOSS,-0.05,-3.25,-63.25
2026-03-30,2026-03-30,NIFTY 20700 PE,14:22,0.05,0.1,0.05,14:23,0.05,STOPLOSS,-0.05,-3.25,-63.25
2026-03-30,2026-03-30,NIFTY 26850 CE,14:24,0.1,0.25,0.1,14:44,0.1,STOPLOSS,-0.15,-9.75,-69.75
2026-03-30,2026-03-30,NIFTY 20550 PE,14:45,0.05,0.15,0.05,14:50,0.1,EMA10,-0.05,-3.25,-63.25
2026-03-30,2026-03-30,NIFTY 28000 CE,14:51,0.05,0.1,0.05,14:53,0.05,STOPLOSS,-0.05,-3.25,-63.25
2026-03-30,2026-03-30,NIFTY 21300 PE,14:54,0.05,0.1,0.05,14:55,0.05,STOPLOSS,-0.05,-3.25,-63.25
2026-03-30,2026-03-30,NIFTY 20250 PE,14:56,0.1,0.25,0.1,15:17,0.1,STOPLOSS,-0.15,-9.75,-69.75
2026-04-07,2026-04-07,NIFTY 25400 CE,10:25,0.05,0.1,0.05,10:31,0.05,STOPLOSS,-0.05,-3.25,-63.25
2026-04-07,2026-04-07,NIFTY 25500 CE,10:39,0.05,0.1,0.05,10:40,0.05,STOPLOSS,-0.05,-3.25,-63.25
2026-04-07,2026-04-07,NIFTY 25300 CE,10:41,0.05,0.1,0.05,10:42,0.05,STOPLOSS,-0.05,-3.25,-63.25
2026-04-07,2026-04-07,NIFTY 26600 CE,10:44,0.05,0.1,0.05,10:48,0.05,STOPLOSS,-0.05,-3.25,-63.25
2026-04-07,2026-04-07,NIFTY 25500 CE,10:49,0.05,0.1,0.05,10:51,0.05,STOPLOSS,-0.05,-3.25,-63.25
2026-04-07,2026-04-07,NIFTY 26500 CE,10:53,0.05,0.1,0.05,11:01,0.05,STOPLOSS,-0.05,-3.25,-63.25
2026-04-07,2026-04-07,NIFTY 26500 CE,11:03,0.05,0.1,0.05,11:05,0.05,STOPLOSS,-0.05,-3.25,-63.25
2026-04-07,2026-04-07,NIFTY 26000 CE,11:07,0.05,0.1,0.05,11:08,0.05,STOPLOSS,-0.05,-3.25,-63.25
2026-04-07,2026-04-07,NIFTY 26000 CE,11:10,0.05,0.1,0.05,11:11,0.05,STOPLOSS,-0.05,-3.25,-63.25
2026-04-07,2026-04-07,NIFTY 26600 CE,11:12,0.05,0.1,0.05,11:13,0.05,STOPLOSS,-0.05,-3.25,-63.25
2026-04-07,2026-04-07,NIFTY 26000 CE,11:14,0.05,0.1,0.05,11:15,0.05,STOPLOSS,-0.05,-3.25,-63.25
2026-04-07,2026-04-07,NIFTY 25800 CE,11:16,0.05,0.1,0.05,11:48,0.1,EMA10,0.0,0.0,-60.0
2026-04-07,2026-04-07,NIFTY 26000 CE,11:51,0.05,0.1,0.05,11:52,0.05,STOPLOSS,-0.05,-3.25,-63.25
2026-04-07,2026-04-07,NIFTY 26600 CE,11:53,0.05,0.1,0.05,11:54,0.05,STOPLOSS,-0.05,-3.25,-63.25
2026-04-07,2026-04-07,NIFTY 25300 CE,11:55,0.05,0.1,0.05,12:02,0.05,STOPLOSS,-0.05,-3.25,-63.25
2026-04-07,2026-04-07,NIFTY 25500 CE,12:04,0.05,0.1,0.05,12:07,0.05,STOPLOSS,-0.05,-3.25,-63.25
2026-04-07,2026-04-07,NIFTY 25300 CE,12:08,0.05,0.1,0.05,12:09,0.05,STOPLOSS,-0.05,-3.25,-63.25
2026-04-07,2026-04-07,NIFTY 25300 CE,12:10,0.05,0.1,0.05,12:17,0.05,STOPLOSS,-0.05,-3.25,-63.25
2026-04-07,2026-04-07,NIFTY 20100 PE,12:18,0.05,0.1,0.05,12:19,0.05,STOPLOSS,-0.05,-3.25,-63.25
2026-04-07,2026-04-07,NIFTY 26000 CE,12:20,0.05,0.1,0.05,12:21,0.05,STOPLOSS,-0.05,-3.25,-63.25
2026-04-07,2026-04-07,NIFTY 26600 CE,12:22,0.05,0.1,0.05,12:24,0.05,STOPLOSS,-0.05,-3.25,-63.25
2026-04-07,2026-04-07,NIFTY 26600 CE,12:25,0.05,0.1,0.05,12:26,0.05,STOPLOSS,-0.05,-3.25,-63.25
2026-04-07,2026-04-07,NIFTY 26600 CE,12:27,0.05,0.1,0.05,12:31,0.05,STOPLOSS,-0.05,-3.25,-63.25
2026-04-07,2026-04-07,NIFTY 20100 PE,12:33,0.05,0.1,0.05,12:34,0.05,STOPLOSS,-0.05,-3.25,-63.25
2026-04-07,2026-04-07,NIFTY 26050 CE,12:35,0.05,0.1,0.05,13:31,0.05,STOPLOSS,-0.05,-3.25,-63.25
2026-04-07,2026-04-07,NIFTY 21400 PE,13:32,0.05,0.15,0.05,13:33,0.1,EMA10,-0.05,-3.25,-63.25
2026-04-07,2026-04-07,NIFTY 25650 CE,13:34,0.05,0.1,0.05,13:37,0.05,STOPLOSS,-0.05,-3.25,-63.25
2026-04-07,2026-04-07,NIFTY 20250 PE,13:38,0.05,0.1,0.05,13:39,0.05,STOPLOSS,-0.05,-3.25,-63.25
2026-04-07,2026-04-07,NIFTY 26350 CE,13:40,0.05,0.1,0.05,13:41,0.05,STOPLOSS,-0.05,-3.25,-63.25
2026-04-07,2026-04-07,NIFTY 25750 CE,13:42,0.05,0.1,0.05,13:45,0.05,STOPLOSS,-0.05,-3.25,-63.25
2026-04-07,2026-04-07,NIFTY 25600 CE,13:46,0.05,0.1,0.05,13:49,0.05,STOPLOSS,-0.05,-3.25,-63.25
2026-04-07,2026-04-07,NIFTY 24500 CE,13:50,0.05,0.1,0.05,13:52,0.05,STOPLOSS,-0.05,-3.25,-63.25
2026-04-07,2026-04-07,NIFTY 25000 CE,13:53,0.05,0.1,0.05,13:54,0.05,STOPLOSS,-0.05,-3.25,-63.25
2026-04-07,2026-04-07,NIFTY 24400 CE,13:55,0.05,0.1,0.05,13:56,0.05,STOPLOSS,-0.05,-3.25,-63.25
2026-04-07,2026-04-07,NIFTY 20500 PE,13:57,0.05,0.1,0.05,13:58,0.05,STOPLOSS,-0.05,-3.25,-63.25
2026-04-07,2026-04-07,NIFTY 25000 CE,13:59,0.05,0.1,0.05,14:00,0.05,STOPLOSS,-0.05,-3.25,-63.25
2026-04-07,2026-04-07,NIFTY 24400 CE,14:01,0.05,0.1,0.05,14:02,0.05,STOPLOSS,-0.05,-3.25,-63.25
2026-04-07,2026-04-07,NIFTY 24450 CE,14:03,0.05,0.1,0.05,14:05,0.05,STOPLOSS,-0.05,-3.25,-63.25
2026-04-07,2026-04-07,NIFTY 24200 CE,14:06,0.05,0.1,0.05,14:07,0.05,STOPLOSS,-0.05,-3.25,-63.25
2026-04-07,2026-04-07,NIFTY 24200 CE,14:08,0.05,0.1,0.05,14:09,0.05,STOPLOSS,-0.05,-3.25,-63.25
2026-04-07,2026-04-07,NIFTY 21350 PE,14:10,0.05,0.1,0.05,14:11,0.05,STOPLOSS,-0.05,-3.25,-63.25
2026-04-07,2026-04-07,NIFTY 20100 PE,14:12,0.05,0.1,0.05,14:14,0.05,STOPLOSS,-0.05,-3.25,-63.25
2026-04-07,2026-04-07,NIFTY 20100 PE,14:15,0.05,0.1,0.05,14:16,0.05,STOPLOSS,-0.05,-3.25,-63.25
2026-04-07,2026-04-07,NIFTY 24300 CE,14:17,0.05,0.1,0.05,14:18,0.05,STOPLOSS,-0.05,-3.25,-63.25
2026-04-07,2026-04-07,NIFTY 26300 CE,14:19,0.05,0.1,0.05,14:25,0.05,STOPLOSS,-0.05,-3.25,-63.25
2026-04-07,2026-04-07,NIFTY 25500 CE,14:26,0.05,0.1,0.05,14:27,0.05,STOPLOSS,-0.05,-3.25,-63.25
2026-04-07,2026-04-07,NIFTY 21500 PE,14:28,0.05,0.1,0.05,14:29,0.05,STOPLOSS,-0.05,-3.25,-63.25
2026-04-07,2026-04-07,NIFTY 20650 PE,14:30,0.05,0.1,0.05,14:34,0.05,STOPLOSS,-0.05,-3.25,-63.25
2026-04-07,2026-04-07,NIFTY 20200 PE,14:35,0.05,0.1,0.05,14:36,0.05,STOPLOSS,-0.05,-3.25,-63.25
2026-04-07,2026-04-07,NIFTY 25200 CE,14:37,0.05,0.1,0.05,14:38,0.05,STOPLOSS,-0.05,-3.25,-63.25
2026-04-07,2026-04-07,NIFTY 24200 CE,14:39,0.05,0.1,0.05,14:40,0.05,STOPLOSS,-0.05,-3.25,-63.25
2026-04-07,2026-04-07,NIFTY 25150 CE,14:41,0.05,0.1,0.05,14:43,0.05,STOPLOSS,-0.05,-3.25,-63.25
2026-04-07,2026-04-07,NIFTY 24500 CE,14:44,0.05,0.1,0.05,14:45,0.05,STOPLOSS,-0.05,-3.25,-63.25
2026-04-07,2026-04-07,NIFTY 21600 PE,14:46,0.05,0.1,0.05,14:47,0.05,STOPLOSS,-0.05,-3.25,-63.25
2026-04-07,2026-04-07,NIFTY 24150 CE,14:48,0.05,0.1,0.05,14:49,0.05,STOPLOSS,-0.05,-3.25,-63.25
2026-04-07,2026-04-07,NIFTY 26550 CE,14:50,0.05,0.1,0.05,14:55,0.05,STOPLOSS,-0.05,-3.25,-63.25
2026-04-07,2026-04-07,NIFTY 20350 PE,14:56,0.05,0.1,0.05,14:58,0.05,STOPLOSS,-0.05,-3.25,-63.25
2026-04-07,2026-04-07,NIFTY 20250 PE,14:59,0.05,0.1,0.05,15:00,0.05,STOPLOSS,-0.05,-3.25,-63.25
2026-04-07,2026-04-07,NIFTY 20850 PE,15:01,0.05,0.15,0.05,15:03,0.05,STOPLOSS,-0.1,-6.5,-66.5
2026-04-07,2026-04-07,NIFTY 21050 PE,15:04,0.05,0.1,0.05,15:06,0.05,STOPLOSS,-0.05,-3.25,-63.25
2026-04-07,2026-04-07,NIFTY 25200 CE,15:07,0.05,0.1,0.05,15:10,0.05,STOPLOSS,-0.05,-3.25,-63.25
2026-04-07,2026-04-07,NIFTY 20200 PE,15:11,0.05,0.1,0.05,15:12,0.05,STOPLOSS,-0.05,-3.25,-63.25
2026-04-07,2026-04-07,NIFTY 23100 PE,15:13,1.3,3.25,0.85,15:14,1.35,EMA10,-1.9,-123.5,-183.5
2026-04-07,2026-04-07,NIFTY 25900 CE,15:15,0.05,0.1,0.05,15:18,0.05,STOPLOSS,-0.05,-3.25,-63.25
2026-04-13,2026-04-13,NIFTY 26000 CE,11:34,0.05,0.1,0.05,11:35,0.05,STOPLOSS,-0.05,-3.25,-63.25
2026-04-13,2026-04-13,NIFTY 26000 CE,11:37,0.05,0.1,0.05,11:38,0.05,STOPLOSS,-0.05,-3.25,-63.25
2026-04-13,2026-04-13,NIFTY 26000 CE,11:43,0.05,0.1,0.05,11:45,0.05,STOPLOSS,-0.05,-3.25,-63.25
2026-04-13,2026-04-13,NIFTY 26000 CE,11:56,0.05,0.1,0.05,11:57,0.05,STOPLOSS,-0.05,-3.25,-63.25
2026-04-13,2026-04-13,NIFTY 26000 CE,12:05,0.05,0.1,0.05,12:06,0.05,STOPLOSS,-0.05,-3.25,-63.25
2026-04-13,2026-04-13,NIFTY 21000 PE,12:09,0.05,0.1,0.05,12:11,0.05,STOPLOSS,-0.05,-3.25,-63.25
2026-04-13,2026-04-13,NIFTY 21000 PE,12:12,0.05,0.1,0.05,12:13,0.05,STOPLOSS,-0.05,-3.25,-63.25
2026-04-13,2026-04-13,NIFTY 26000 CE,12:14,0.05,0.1,0.05,12:15,0.05,STOPLOSS,-0.05,-3.25,-63.25
2026-04-13,2026-04-13,NIFTY 21000 PE,12:17,0.05,0.1,0.05,12:18,0.05,STOPLOSS,-0.05,-3.25,-63.25
2026-04-13,2026-04-13,NIFTY 21000 PE,12:19,0.05,0.1,0.05,12:20,0.05,STOPLOSS,-0.05,-3.25,-63.25
2026-04-13,2026-04-13,NIFTY 20950 PE,12:21,0.05,0.1,0.05,12:26,0.05,STOPLOSS,-0.05,-3.25,-63.25
2026-04-13,2026-04-13,NIFTY 26000 CE,12:29,0.05,0.1,0.05,12:32,0.05,STOPLOSS,-0.05,-3.25,-63.25
2026-04-13,2026-04-13,NIFTY 26000 CE,12:34,0.05,0.1,0.05,12:35,0.05,STOPLOSS,-0.05,-3.25,-63.25
2026-04-13,2026-04-13,NIFTY 20950 PE,12:36,0.05,0.1,0.05,12:40,0.05,STOPLOSS,-0.05,-3.25,-63.25
2026-04-13,2026-04-13,NIFTY 26000 CE,12:41,0.05,0.1,0.05,12:42,0.05,STOPLOSS,-0.05,-3.25,-63.25
2026-04-13,2026-04-13,NIFTY 20950 PE,12:43,0.05,0.1,0.05,12:52,0.05,STOPLOSS,-0.05,-3.25,-63.25
2026-04-13,2026-04-13,NIFTY 20950 PE,12:53,0.05,0.1,0.05,12:57,0.05,STOPLOSS,-0.05,-3.25,-63.25
2026-04-13,2026-04-13,NIFTY 20100 PE,13:01,0.05,0.1,0.05,13:03,0.05,STOPLOSS,-0.05,-3.25,-63.25
2026-04-13,2026-04-13,NIFTY 20100 PE,13:04,0.05,0.1,0.05,13:05,0.05,STOPLOSS,-0.05,-3.25,-63.25
2026-04-13,2026-04-13,NIFTY 26000 CE,13:06,0.05,0.1,0.05,13:07,0.05,STOPLOSS,-0.05,-3.25,-63.25
2026-04-13,2026-04-13,NIFTY 21000 PE,13:08,0.05,0.1,0.05,13:11,0.05,STOPLOSS,-0.05,-3.25,-63.25
2026-04-13,2026-04-13,NIFTY 26000 CE,13:15,0.05,0.1,0.05,13:16,0.05,STOPLOSS,-0.05,-3.25,-63.25
2026-04-13,2026-04-13,NIFTY 21000 PE,13:18,0.05,0.1,0.05,13:19,0.05,STOPLOSS,-0.05,-3.25,-63.25
2026-04-13,2026-04-13,NIFTY 21050 PE,13:21,0.05,0.1,0.05,13:22,0.05,STOPLOSS,-0.05,-3.25,-63.25
2026-04-13,2026-04-13,NIFTY 26000 CE,13:23,0.05,0.1,0.05,13:24,0.05,STOPLOSS,-0.05,-3.25,-63.25
2026-04-13,2026-04-13,NIFTY 25550 CE,13:26,0.05,0.1,0.05,13:27,0.1,EMA10,0.0,0.0,-60.0
2026-04-13,2026-04-13,NIFTY 21050 PE,13:28,0.05,0.1,0.05,13:31,0.05,STOPLOSS,-0.05,-3.25,-63.25
2026-04-13,2026-04-13,NIFTY 21000 PE,13:32,0.05,0.1,0.05,13:33,0.05,STOPLOSS,-0.05,-3.25,-63.25
2026-04-13,2026-04-13,NIFTY 26000 CE,13:36,0.05,0.1,0.05,13:37,0.05,STOPLOSS,-0.05,-3.25,-63.25
2026-04-13,2026-04-13,NIFTY 21000 PE,13:40,0.05,0.1,0.05,13:41,0.05,STOPLOSS,-0.05,-3.25,-63.25
2026-04-13,2026-04-13,NIFTY 26000 CE,13:42,0.05,0.1,0.05,13:43,0.05,STOPLOSS,-0.05,-3.25,-63.25
2026-04-13,2026-04-13,NIFTY 21050 PE,13:44,0.05,0.1,0.05,13:45,0.05,STOPLOSS,-0.05,-3.25,-63.25
2026-04-13,2026-04-13,NIFTY 21050 PE,13:46,0.05,0.1,0.05,13:47,0.05,STOPLOSS,-0.05,-3.25,-63.25
2026-04-13,2026-04-13,NIFTY 26000 CE,13:49,0.05,0.1,0.05,13:51,0.05,STOPLOSS,-0.05,-3.25,-63.25
2026-04-13,2026-04-13,NIFTY 21000 PE,13:55,0.05,0.1,0.05,13:56,0.05,STOPLOSS,-0.05,-3.25,-63.25
2026-04-13,2026-04-13,NIFTY 25550 CE,13:57,0.05,0.1,0.05,13:58,0.05,STOPLOSS,-0.05,-3.25,-63.25
2026-04-13,2026-04-13,NIFTY 26000 CE,13:59,0.05,0.1,0.05,14:00,0.05,STOPLOSS,-0.05,-3.25,-63.25
2026-04-13,2026-04-13,NIFTY 26000 CE,14:01,0.05,0.1,0.05,14:02,0.05,STOPLOSS,-0.05,-3.25,-63.25
2026-04-13,2026-04-13,NIFTY 22000 PE,14:03,0.05,0.1,0.05,14:04,0.05,STOPLOSS,-0.05,-3.25,-63.25
2026-04-13,2026-04-13,NIFTY 26000 CE,14:05,0.05,0.1,0.05,14:06,0.05,STOPLOSS,-0.05,-3.25,-63.25
2026-04-13,2026-04-13,NIFTY 22000 PE,14:07,0.05,0.1,0.05,14:08,0.05,STOPLOSS,-0.05,-3.25,-63.25
2026-04-13,2026-04-13,NIFTY 25800 CE,14:09,0.05,0.1,0.05,14:10,0.05,STOPLOSS,-0.05,-3.25,-63.25
2026-04-13,2026-04-13,NIFTY 25500 CE,14:11,0.05,0.1,0.05,14:12,0.05,STOPLOSS,-0.05,-3.25,-63.25
2026-04-13,2026-04-13,NIFTY 22350 PE,14:13,0.05,0.1,0.05,14:14,0.05,STOPLOSS,-0.05,-3.25,-63.25
2026-04-13,2026-04-13,NIFTY 22100 PE,14:15,0.05,0.1,0.05,14:17,0.05,STOPLOSS,-0.05,-3.25,-63.25
2026-04-13,2026-04-13,NIFTY 21500 PE,14:18,0.05,0.1,0.05,14:19,0.05,STOPLOSS,-0.05,-3.25,-63.25
2026-04-13,2026-04-13,NIFTY 21350 PE,14:20,0.05,0.1,0.05,14:21,0.05,STOPLOSS,-0.05,-3.25,-63.25
2026-04-13,2026-04-13,NIFTY 25400 CE,14:22,0.1,0.2,0.1,14:25,0.15,EMA10,-0.05,-3.25,-63.25
2026-04-13,2026-04-13,NIFTY 22100 PE,14:26,0.05,0.1,0.05,14:27,0.05,STOPLOSS,-0.05,-3.25,-63.25
2026-04-13,2026-04-13,NIFTY 20850 PE,14:28,0.05,0.1,0.05,14:37,0.05,STOPLOSS,-0.05,-3.25,-63.25
2026-04-13,2026-04-13,NIFTY 26100 CE,14:38,0.05,0.1,0.05,14:46,0.05,STOPLOSS,-0.05,-3.25,-63.25
2026-04-13,2026-04-13,NIFTY 25500 CE,14:47,0.05,0.1,0.05,14:48,0.05,STOPLOSS,-0.05,-3.25,-63.25
2026-04-13,2026-04-13,NIFTY 22250 PE,14:49,0.05,0.1,0.05,14:50,0.05,STOPLOSS,-0.05,-3.25,-63.25
2026-04-13,2026-04-13,NIFTY 22800 PE,14:51,0.05,0.1,0.05,14:52,0.05,STOPLOSS,-0.05,-3.25,-63.25
2026-04-13,2026-04-13,NIFTY 23250 PE,14:53,0.05,0.15,0.05,14:54,0.1,EMA10,-0.05,-3.25,-63.25
2026-04-13,2026-04-13,NIFTY 21550 PE,14:55,0.05,0.1,0.05,15:03,0.05,STOPLOSS,-0.05,-3.25,-63.25
2026-04-13,2026-04-13,NIFTY 21800 PE,15:04,0.05,0.1,0.05,15:05,0.05,STOPLOSS,-0.05,-3.25,-63.25
2026-04-13,2026-04-13,NIFTY 21950 PE,15:06,0.05,0.1,0.05,15:07,0.05,STOPLOSS,-0.05,-3.25,-63.25
2026-04-13,2026-04-13,NIFTY 25250 CE,15:08,0.05,0.1,0.05,15:09,0.05,STOPLOSS,-0.05,-3.25,-63.25
2026-04-13,2026-04-13,NIFTY 23250 PE,15:10,0.05,0.1,0.05,15:11,0.05,STOPLOSS,-0.05,-3.25,-63.25
2026-04-13,2026-04-13,NIFTY 24100 CE,15:12,0.05,0.1,0.05,15:13,0.05,STOPLOSS,-0.05,-3.25,-63.25
2026-04-13,2026-04-13,NIFTY 23000 PE,15:14,0.05,0.1,0.05,15:15,0.05,STOPLOSS,-0.05,-3.25,-63.25
2026-04-21,2026-04-21,NIFTY 20950 PE,10:07,0.1,0.25,0.1,11:08,0.15,EMA10,-0.1,-6.5,-66.5
2026-04-21,2026-04-21,NIFTY 20350 PE,11:24,0.15,0.3,0.15,11:29,0.2,EMA10,-0.1,-6.5,-66.5
2026-04-21,2026-04-21,NIFTY 20750 PE,11:33,0.1,0.3,0.1,11:38,0.15,EMA10,-0.15,-9.75,-69.75
2026-04-21,2026-04-21,NIFTY 21450 PE,12:07,0.15,0.3,0.15,12:08,0.15,STOPLOSS,-0.15,-9.75,-69.75
2026-04-21,2026-04-21,NIFTY 21450 PE,12:19,0.15,0.55,0.15,12:20,0.15,STOPLOSS,-0.4,-26.0,-86.0
2026-04-21,2026-04-21,NIFTY 20500 PE,13:32,0.05,0.1,0.05,13:33,0.1,EMA10,0.0,0.0,-60.0
2026-04-21,2026-04-21,NIFTY 26500 CE,13:36,0.05,0.1,0.05,13:38,0.05,STOPLOSS,-0.05,-3.25,-63.25
2026-04-21,2026-04-21,NIFTY 26500 CE,13:40,0.05,0.1,0.05,13:41,0.05,STOPLOSS,-0.05,-3.25,-63.25
2026-04-21,2026-04-21,NIFTY 26500 CE,13:42,0.05,0.1,0.05,13:43,0.05,STOPLOSS,-0.05,-3.25,-63.25
2026-04-21,2026-04-21,NIFTY 20850 PE,13:44,0.1,0.2,0.1,13:56,0.15,EMA10,-0.05,-3.25,-63.25
2026-04-21,2026-04-21,NIFTY 20750 PE,13:58,0.1,0.2,0.1,13:59,0.2,EMA10,0.0,0.0,-60.0
2026-04-21,2026-04-21,NIFTY 21900 PE,14:00,0.05,0.1,0.05,14:02,0.05,STOPLOSS,-0.05,-3.25,-63.25
2026-04-21,2026-04-21,NIFTY 20950 PE,14:03,0.05,0.1,0.05,14:04,0.05,STOPLOSS,-0.05,-3.25,-63.25
2026-04-21,2026-04-21,NIFTY 22800 PE,14:05,0.05,0.1,0.05,14:06,0.05,STOPLOSS,-0.05,-3.25,-63.25
2026-04-21,2026-04-21,NIFTY 22300 PE,14:07,0.05,0.1,0.05,14:08,0.05,STOPLOSS,-0.05,-3.25,-63.25
2026-04-21,2026-04-21,NIFTY 21250 PE,14:09,0.05,0.1,0.05,14:11,0.05,STOPLOSS,-0.05,-3.25,-63.25
2026-04-21,2026-04-21,NIFTY 22000 PE,14:12,0.05,0.1,0.05,14:13,0.05,STOPLOSS,-0.05,-3.25,-63.25
2026-04-21,2026-04-21,NIFTY 22300 PE,14:14,0.05,0.1,0.05,14:15,0.05,STOPLOSS,-0.05,-3.25,-63.25
2026-04-21,2026-04-21,NIFTY 21950 PE,14:16,0.05,0.1,0.05,14:18,0.05,STOPLOSS,-0.05,-3.25,-63.25
2026-04-21,2026-04-21,NIFTY 26500 CE,14:19,0.05,0.1,0.05,14:21,0.05,STOPLOSS,-0.05,-3.25,-63.25
2026-04-21,2026-04-21,NIFTY 22700 PE,14:22,0.05,0.1,0.05,14:23,0.05,STOPLOSS,-0.05,-3.25,-63.25
2026-04-21,2026-04-21,NIFTY 23000 PE,14:24,0.05,0.1,0.05,14:25,0.05,STOPLOSS,-0.05,-3.25,-63.25
2026-04-21,2026-04-21,NIFTY 22950 PE,14:26,0.05,0.1,0.05,14:27,0.05,STOPLOSS,-0.05,-3.25,-63.25
2026-04-21,2026-04-21,NIFTY 25600 CE,14:28,0.05,0.1,0.05,14:29,0.05,STOPLOSS,-0.05,-3.25,-63.25
2026-04-21,2026-04-21,NIFTY 22100 PE,14:30,0.05,0.1,0.05,14:36,0.05,STOPLOSS,-0.05,-3.25,-63.25
2026-04-21,2026-04-21,NIFTY 22350 PE,14:37,0.05,0.1,0.05,14:51,0.05,STOPLOSS,-0.05,-3.25,-63.25
2026-04-21,2026-04-21,NIFTY 21500 PE,14:52,0.05,0.1,0.05,14:55,0.05,STOPLOSS,-0.05,-3.25,-63.25
2026-04-21,2026-04-21,NIFTY 20250 PE,14:56,0.05,0.15,0.05,14:57,0.05,STOPLOSS,-0.1,-6.5,-66.5
2026-04-21,2026-04-21,NIFTY 26000 CE,14:58,0.05,0.1,0.05,14:59,0.05,STOPLOSS,-0.05,-3.25,-63.25
2026-04-21,2026-04-21,NIFTY 24600 CE,15:00,1.75,6.3,1.55,15:02,1.55,STOPLOSS,-4.75,-308.75,-368.75
2026-04-21,2026-04-21,NIFTY 20700 PE,15:03,0.05,0.15,0.05,15:05,0.1,EMA10,-0.05,-3.25,-63.25
2026-04-21,2026-04-21,NIFTY 22000 PE,15:06,0.05,0.1,0.05,15:07,0.05,STOPLOSS,-0.05,-3.25,-63.25
2026-04-21,2026-04-21,NIFTY 25850 CE,15:08,0.05,0.1,0.05,15:09,0.05,STOPLOSS,-0.05,-3.25,-63.25
2026-04-21,2026-04-21,NIFTY 20900 PE,15:10,0.05,0.1,0.05,15:12,0.05,STOPLOSS,-0.05,-3.25,-63.25
2026-04-21,2026-04-21,NIFTY 23900 PE,15:13,0.05,0.1,0.05,15:14,0.05,STOPLOSS,-0.05,-3.25,-63.25
2026-04-21,2026-04-21,NIFTY 23600 PE,15:15,0.05,0.1,0.05,15:16,0.05,STOPLOSS,-0.05,-3.25,-63.25
2026-04-28,2026-04-28,NIFTY 21150 PE,09:16,0.15,0.5,0.15,09:17,0.35,EMA10,-0.15,-9.75,-69.75
2026-04-28,2026-04-28,NIFTY 21250 PE,09:18,0.4,1.15,0.4,09:19,0.35,STOPLOSS,-0.8,-52.0,-112.0
2026-04-28,2026-04-28,NIFTY 21150 PE,09:26,0.3,0.65,0.3,09:28,0.3,STOPLOSS,-0.35,-22.75,-82.75
2026-04-28,2026-04-28,NIFTY 21550 PE,09:45,0.15,0.3,0.15,09:49,0.25,EMA10,-0.05,-3.25,-63.25
2026-04-28,2026-04-28,NIFTY 27150 CE,09:50,0.1,0.25,0.1,10:03,0.1,STOPLOSS,-0.15,-9.75,-69.75
2026-04-28,2026-04-28,NIFTY 26350 CE,10:25,0.15,0.4,0.15,10:29,0.25,EMA10,-0.15,-9.75,-69.75
2026-04-28,2026-04-28,NIFTY 21150 PE,10:53,0.15,0.3,0.15,11:10,0.15,STOPLOSS,-0.15,-9.75,-69.75
2026-04-28,2026-04-28,NIFTY 20350 PE,11:25,0.2,0.4,0.2,11:26,0.25,EMA10,-0.15,-9.75,-69.75
2026-04-28,2026-04-28,NIFTY 26500 CE,11:32,0.1,0.2,0.1,11:38,0.15,EMA10,-0.05,-3.25,-63.25
2026-04-28,2026-04-28,NIFTY 21550 PE,11:42,0.05,0.25,0.05,11:46,0.2,EMA10,-0.05,-3.25,-63.25
2026-04-28,2026-04-28,NIFTY 21850 PE,11:47,0.05,0.15,0.05,11:56,0.15,EMA10,0.0,0.0,-60.0
2026-04-28,2026-04-28,NIFTY 20950 PE,11:59,0.2,0.4,0.2,12:00,0.25,EMA10,-0.15,-9.75,-69.75
2026-04-28,2026-04-28,NIFTY 20700 PE,12:01,0.15,0.3,0.15,12:07,0.2,EMA10,-0.1,-6.5,-66.5
2026-04-28,2026-04-28,NIFTY 20450 PE,12:20,0.1,0.2,0.1,12:23,0.15,EMA10,-0.05,-3.25,-63.25
2026-04-28,2026-04-28,NIFTY 26750 CE,12:27,0.1,0.2,0.1,12:52,0.15,EMA10,-0.05,-3.25,-63.25
2026-04-28,2026-04-28,NIFTY 27050 CE,12:58,0.1,0.2,0.1,13:11,0.1,STOPLOSS,-0.1,-6.5,-66.5
2026-04-28,2026-04-28,NIFTY 27050 CE,13:12,0.1,0.2,0.1,13:16,0.15,EMA10,-0.05,-3.25,-63.25
2026-04-28,2026-04-28,NIFTY 21850 PE,13:21,0.1,0.2,0.1,13:30,0.15,EMA10,-0.05,-3.25,-63.25
2026-04-28,2026-04-28,NIFTY 20350 PE,13:31,0.05,0.15,0.05,13:33,0.15,EMA10,0.0,0.0,-60.0
2026-04-28,2026-04-28,NIFTY 27050 CE,13:35,0.15,0.4,0.15,13:37,0.2,EMA10,-0.2,-13.0,-73.0
2026-04-28,2026-04-28,NIFTY 22500 PE,13:38,0.05,0.1,0.05,13:39,0.1,EMA10,0.0,0.0,-60.0
2026-04-28,2026-04-28,NIFTY 26650 CE,13:40,0.05,0.1,0.05,13:44,0.05,STOPLOSS,-0.05,-3.25,-63.25
2026-04-28,2026-04-28,NIFTY 22500 PE,13:45,0.05,0.1,0.05,13:46,0.05,STOPLOSS,-0.05,-3.25,-63.25
2026-04-28,2026-04-28,NIFTY 22500 PE,13:47,0.05,0.1,0.05,13:48,0.05,STOPLOSS,-0.05,-3.25,-63.25
2026-04-28,2026-04-28,NIFTY 26450 CE,13:50,0.05,0.1,0.05,13:53,0.1,EMA10,0.0,0.0,-60.0
2026-04-28,2026-04-28,NIFTY 22250 PE,13:54,0.05,0.1,0.05,13:57,0.05,STOPLOSS,-0.05,-3.25,-63.25
2026-04-28,2026-04-28,NIFTY 22300 PE,13:58,0.05,0.1,0.05,13:59,0.05,STOPLOSS,-0.05,-3.25,-63.25
2026-04-28,2026-04-28,NIFTY 22250 PE,14:00,0.05,0.15,0.05,14:09,0.05,STOPLOSS,-0.1,-6.5,-66.5
2026-04-28,2026-04-28,NIFTY 22250 PE,14:10,0.05,0.15,0.05,14:16,0.05,STOPLOSS,-0.1,-6.5,-66.5
2026-04-28,2026-04-28,NIFTY 22400 PE,14:17,0.05,0.1,0.05,14:18,0.05,STOPLOSS,-0.05,-3.25,-63.25
2026-04-28,2026-04-28,NIFTY 27450 CE,14:19,0.05,0.1,0.05,14:23,0.05,STOPLOSS,-0.05,-3.25,-63.25
2026-04-28,2026-04-28,NIFTY 20850 PE,14:24,0.05,0.2,0.05,14:28,0.15,EMA10,-0.05,-3.25,-63.25
2026-04-28,2026-04-28,NIFTY 22800 PE,14:29,0.05,0.1,0.05,14:31,0.05,STOPLOSS,-0.05,-3.25,-63.25
2026-04-28,2026-04-28,NIFTY 27700 CE,14:32,0.05,0.1,0.05,14:33,0.05,STOPLOSS,-0.05,-3.25,-63.25
2026-04-28,2026-04-28,NIFTY 22600 PE,14:34,0.05,0.1,0.05,14:36,0.05,STOPLOSS,-0.05,-3.25,-63.25
2026-04-28,2026-04-28,NIFTY 25100 CE,14:37,0.05,0.1,0.05,14:38,0.05,STOPLOSS,-0.05,-3.25,-63.25
2026-04-28,2026-04-28,NIFTY 22800 PE,14:39,0.05,0.1,0.05,14:40,0.05,STOPLOSS,-0.05,-3.25,-63.25
2026-04-28,2026-04-28,NIFTY 25100 CE,14:41,0.05,0.1,0.05,14:42,0.05,STOPLOSS,-0.05,-3.25,-63.25
2026-04-28,2026-04-28,NIFTY 24900 CE,14:43,0.05,0.1,0.05,14:44,0.05,STOPLOSS,-0.05,-3.25,-63.25
2026-04-28,2026-04-28,NIFTY 24900 CE,14:45,0.05,0.1,0.05,14:46,0.05,STOPLOSS,-0.05,-3.25,-63.25
2026-04-28,2026-04-28,NIFTY 25250 CE,14:47,0.05,0.1,0.05,14:48,0.05,STOPLOSS,-0.05,-3.25,-63.25
2026-04-28,2026-04-28,NIFTY 22300 PE,14:49,0.05,0.1,0.05,14:52,0.05,STOPLOSS,-0.05,-3.25,-63.25
2026-04-28,2026-04-28,NIFTY 27700 CE,14:53,0.05,0.1,0.05,14:59,0.05,STOPLOSS,-0.05,-3.25,-63.25
2026-04-28,2026-04-28,NIFTY 22250 PE,15:00,0.05,0.15,0.05,15:05,0.05,STOPLOSS,-0.1,-6.5,-66.5
2026-04-28,2026-04-28,NIFTY 26850 CE,15:06,0.05,0.2,0.05,15:07,0.05,STOPLOSS,-0.15,-9.75,-69.75
2026-04-28,2026-04-28,NIFTY 22550 PE,15:08,0.05,0.1,0.05,15:09,0.05,STOPLOSS,-0.05,-3.25,-63.25
2026-04-28,2026-04-28,NIFTY 23950 PE,15:10,0.2,0.6,0.2,15:12,0.3,EMA10,-0.3,-19.5,-79.5
2026-04-28,2026-04-28,NIFTY 20750 PE,15:13,0.05,0.15,0.05,15:14,0.05,STOPLOSS,-0.1,-6.5,-66.5
2026-04-28,2026-04-28,NIFTY 21500 PE,15:15,0.05,0.15,0.05,15:17,0.05,STOPLOSS,-0.1,-6.5,-66.5
2026-05-05,2026-05-05,NIFTY 20950 PE,09:23,0.1,0.3,0.1,09:25,0.25,EMA10,-0.05,-3.25,-63.25
2026-05-05,2026-05-05,NIFTY 20100 PE,12:16,0.05,0.1,0.05,12:18,0.05,STOPLOSS,-0.05,-3.25,-63.25
2026-05-05,2026-05-05,NIFTY 20100 PE,12:25,0.05,0.1,0.05,12:26,0.05,STOPLOSS,-0.05,-3.25,-63.25
2026-05-05,2026-05-05,NIFTY 20100 PE,12:29,0.05,0.1,0.05,12:33,0.05,STOPLOSS,-0.05,-3.25,-63.25
2026-05-05,2026-05-05,NIFTY 20100 PE,12:34,0.05,0.1,0.05,12:35,0.05,STOPLOSS,-0.05,-3.25,-63.25
2026-05-05,2026-05-05,NIFTY 20100 PE,12:36,0.05,0.1,0.05,12:37,0.05,STOPLOSS,-0.05,-3.25,-63.25
2026-05-05,2026-05-05,NIFTY 20100 PE,12:42,0.05,0.1,0.05,12:44,0.05,STOPLOSS,-0.05,-3.25,-63.25
2026-05-05,2026-05-05,NIFTY 25850 CE,12:48,0.05,0.1,0.05,12:52,0.1,EMA10,0.0,0.0,-60.0
2026-05-05,2026-05-05,NIFTY 25800 CE,12:55,0.05,0.1,0.05,12:56,0.1,EMA10,0.0,0.0,-60.0
2026-05-05,2026-05-05,NIFTY 20700 PE,12:58,0.1,0.2,0.1,13:00,0.1,STOPLOSS,-0.1,-6.5,-66.5
2026-05-05,2026-05-05,NIFTY 21050 PE,13:02,0.05,0.15,0.05,13:28,0.1,EMA10,-0.05,-3.25,-63.25
2026-05-05,2026-05-05,NIFTY 25500 CE,13:29,0.05,0.1,0.05,13:30,0.05,STOPLOSS,-0.05,-3.25,-63.25
2026-05-05,2026-05-05,NIFTY 20800 PE,13:31,0.05,0.15,0.05,13:39,0.05,STOPLOSS,-0.1,-6.5,-66.5
2026-05-05,2026-05-05,NIFTY 22400 PE,13:40,0.05,0.1,0.05,13:41,0.05,STOPLOSS,-0.05,-3.25,-63.25
2026-05-05,2026-05-05,NIFTY 25250 CE,13:42,0.05,0.1,0.05,13:43,0.05,STOPLOSS,-0.05,-3.25,-63.25
2026-05-05,2026-05-05,NIFTY 22200 PE,13:44,0.05,0.1,0.05,13:45,0.05,STOPLOSS,-0.05,-3.25,-63.25
2026-05-05,2026-05-05,NIFTY 23250 PE,13:46,0.1,0.2,0.1,13:48,0.15,EMA10,-0.05,-3.25,-63.25
2026-05-05,2026-05-05,NIFTY 25000 CE,13:49,0.05,0.1,0.05,13:50,0.05,STOPLOSS,-0.05,-3.25,-63.25
2026-05-05,2026-05-05,NIFTY 25000 CE,13:51,0.05,0.1,0.05,13:52,0.05,STOPLOSS,-0.05,-3.25,-63.25
2026-05-05,2026-05-05,NIFTY 26050 CE,13:53,0.05,0.1,0.05,13:58,0.05,STOPLOSS,-0.05,-3.25,-63.25
2026-05-05,2026-05-05,NIFTY 25400 CE,13:59,0.05,0.1,0.05,14:00,0.05,STOPLOSS,-0.05,-3.25,-63.25
2026-05-05,2026-05-05,NIFTY 25600 CE,14:01,0.05,0.1,0.05,14:02,0.05,STOPLOSS,-0.05,-3.25,-63.25
2026-05-05,2026-05-05,NIFTY 25600 CE,14:03,0.05,0.1,0.05,14:04,0.05,STOPLOSS,-0.05,-3.25,-63.25
2026-05-05,2026-05-05,NIFTY 25250 CE,14:05,0.05,0.1,0.05,14:06,0.05,STOPLOSS,-0.05,-3.25,-63.25
2026-05-05,2026-05-05,NIFTY 20100 PE,14:07,0.05,0.1,0.05,14:09,0.05,STOPLOSS,-0.05,-3.25,-63.25
2026-05-05,2026-05-05,NIFTY 21650 PE,14:10,0.05,0.1,0.05,14:22,0.05,STOPLOSS,-0.05,-3.25,-63.25
2026-05-05,2026-05-05,NIFTY 25300 CE,14:23,0.05,0.1,0.05,14:24,0.05,STOPLOSS,-0.05,-3.25,-63.25
2026-05-05,2026-05-05,NIFTY 25350 CE,14:25,0.05,0.1,0.05,14:30,0.05,STOPLOSS,-0.05,-3.25,-63.25
2026-05-05,2026-05-05,NIFTY 23100 PE,14:31,0.05,0.1,0.05,14:33,0.05,STOPLOSS,-0.05,-3.25,-63.25
2026-05-05,2026-05-05,NIFTY 25800 CE,14:34,0.05,0.1,0.05,14:35,0.05,STOPLOSS,-0.05,-3.25,-63.25
2026-05-05,2026-05-05,NIFTY 20400 PE,14:36,0.05,0.1,0.05,14:43,0.05,STOPLOSS,-0.05,-3.25,-63.25
2026-05-05,2026-05-05,NIFTY 25200 CE,14:44,0.05,0.1,0.05,14:45,0.05,STOPLOSS,-0.05,-3.25,-63.25
2026-05-05,2026-05-05,NIFTY 22750 PE,14:46,0.05,0.1,0.05,14:47,0.05,STOPLOSS,-0.05,-3.25,-63.25
2026-05-05,2026-05-05,NIFTY 22550 PE,14:48,0.05,0.1,0.05,14:52,0.05,STOPLOSS,-0.05,-3.25,-63.25
2026-05-05,2026-05-05,NIFTY 24900 CE,14:53,0.05,0.1,0.05,14:54,0.05,STOPLOSS,-0.05,-3.25,-63.25
2026-05-05,2026-05-05,NIFTY 24750 CE,14:55,0.05,0.1,0.05,14:56,0.05,STOPLOSS,-0.05,-3.25,-63.25
2026-05-05,2026-05-05,NIFTY 22850 PE,14:57,0.05,0.1,0.05,14:58,0.05,STOPLOSS,-0.05,-3.25,-63.25
2026-05-05,2026-05-05,NIFTY 21000 PE,14:59,0.05,0.1,0.05,15:00,0.05,STOPLOSS,-0.05,-3.25,-63.25
2026-05-05,2026-05-05,NIFTY 22950 PE,15:01,0.05,0.1,0.05,15:03,0.05,STOPLOSS,-0.05,-3.25,-63.25
2026-05-05,2026-05-05,NIFTY 22700 PE,15:04,0.05,0.1,0.05,15:05,0.05,STOPLOSS,-0.05,-3.25,-63.25
2026-05-05,2026-05-05,NIFTY 21250 PE,15:06,0.05,0.15,0.05,15:07,0.05,STOPLOSS,-0.1,-6.5,-66.5
2026-05-05,2026-05-05,NIFTY 21000 PE,15:08,0.05,0.1,0.05,15:10,0.05,STOPLOSS,-0.05,-3.25,-63.25
2026-05-05,2026-05-05,NIFTY 22550 PE,15:11,0.05,0.1,0.05,15:12,0.05,STOPLOSS,-0.05,-3.25,-63.25
2026-05-05,2026-05-05,NIFTY 23800 PE,15:13,0.05,0.1,0.05,15:14,0.05,STOPLOSS,-0.05,-3.25,-63.25
2026-05-05,2026-05-05,NIFTY 24000 PE,15:15,0.05,0.1,0.05,15:16,0.05,STOPLOSS,-0.05,-3.25,-63.25
2026-05-12,2026-05-12,NIFTY 23350 PE,12:30,2.3,4.65,2.25,12:41,4.15,EMA10,-0.5,-32.5,-92.5
2026-05-12,2026-05-12,NIFTY 21200 PE,13:14,0.05,0.1,0.05,13:15,0.1,EMA10,0.0,0.0,-60.0
2026-05-12,2026-05-12,NIFTY 25150 CE,13:18,0.1,0.2,0.1,13:19,0.15,EMA10,-0.05,-3.25,-63.25
2026-05-12,2026-05-12,NIFTY 21200 PE,13:21,0.05,0.1,0.05,13:22,0.05,STOPLOSS,-0.05,-3.25,-63.25
2026-05-12,2026-05-12,NIFTY 21200 PE,13:24,0.05,0.1,0.05,13:25,0.05,STOPLOSS,-0.05,-3.25,-63.25
2026-05-12,2026-05-12,NIFTY 25800 CE,13:26,0.05,0.1,0.05,13:27,0.05,STOPLOSS,-0.05,-3.25,-63.25
2026-05-12,2026-05-12,NIFTY 25500 CE,13:28,0.05,0.1,0.05,13:29,0.05,STOPLOSS,-0.05,-3.25,-63.25
2026-05-12,2026-05-12,NIFTY 25900 CE,13:31,0.05,0.1,0.05,13:34,0.05,STOPLOSS,-0.05,-3.25,-63.25
2026-05-12,2026-05-12,NIFTY 25500 CE,13:35,0.05,0.1,0.05,13:36,0.05,STOPLOSS,-0.05,-3.25,-63.25
2026-05-12,2026-05-12,NIFTY 26000 CE,13:38,0.05,0.1,0.05,13:39,0.05,STOPLOSS,-0.05,-3.25,-63.25
2026-05-12,2026-05-12,NIFTY 21200 PE,13:40,0.05,0.1,0.05,13:41,0.05,STOPLOSS,-0.05,-3.25,-63.25
2026-05-12,2026-05-12,NIFTY 26250 CE,13:42,0.05,0.1,0.05,13:43,0.1,EMA10,0.0,0.0,-60.0
2026-05-12,2026-05-12,NIFTY 21200 PE,13:44,0.05,0.1,0.05,13:45,0.05,STOPLOSS,-0.05,-3.25,-63.25
2026-05-12,2026-05-12,NIFTY 25500 CE,13:46,0.05,0.1,0.05,13:47,0.05,STOPLOSS,-0.05,-3.25,-63.25
2026-05-12,2026-05-12,NIFTY 26400 CE,13:48,0.05,0.1,0.05,13:49,0.1,EMA10,0.0,0.0,-60.0
2026-05-12,2026-05-12,NIFTY 25500 CE,13:50,0.05,0.1,0.05,13:51,0.05,STOPLOSS,-0.05,-3.25,-63.25
2026-05-12,2026-05-12,NIFTY 25500 CE,13:52,0.05,0.1,0.05,13:53,0.05,STOPLOSS,-0.05,-3.25,-63.25
2026-05-12,2026-05-12,NIFTY 26250 CE,13:54,0.05,0.1,0.05,13:59,0.05,STOPLOSS,-0.05,-3.25,-63.25
2026-05-12,2026-05-12,NIFTY 21200 PE,14:00,0.05,0.1,0.05,14:01,0.05,STOPLOSS,-0.05,-3.25,-63.25
2026-05-12,2026-05-12,NIFTY 21200 PE,14:02,0.05,0.1,0.05,14:03,0.05,STOPLOSS,-0.05,-3.25,-63.25
2026-05-12,2026-05-12,NIFTY 21550 PE,14:05,0.1,0.2,0.1,14:27,0.2,EMA10,0.0,0.0,-60.0
2026-05-12,2026-05-12,NIFTY 21250 PE,14:28,0.05,0.1,0.05,14:29,0.05,STOPLOSS,-0.05,-3.25,-63.25
2026-05-12,2026-05-12,NIFTY 21250 PE,14:30,0.05,0.1,0.05,14:31,0.05,STOPLOSS,-0.05,-3.25,-63.25
2026-05-12,2026-05-12,NIFTY 26400 CE,14:32,0.1,0.2,0.1,14:39,0.1,STOPLOSS,-0.1,-6.5,-66.5
2026-05-12,2026-05-12,NIFTY 25250 CE,14:42,0.05,0.1,0.05,14:44,0.05,STOPLOSS,-0.05,-3.25,-63.25
2026-05-12,2026-05-12,NIFTY 25350 CE,14:45,0.05,0.1,0.05,14:46,0.05,STOPLOSS,-0.05,-3.25,-63.25
2026-05-12,2026-05-12,NIFTY 25350 CE,14:47,0.05,0.1,0.05,14:48,0.05,STOPLOSS,-0.05,-3.25,-63.25
2026-05-12,2026-05-12,NIFTY 26550 CE,14:50,0.05,0.1,0.05,14:52,0.05,STOPLOSS,-0.05,-3.25,-63.25
2026-05-12,2026-05-12,NIFTY 26100 CE,14:53,0.05,0.1,0.05,14:57,0.05,STOPLOSS,-0.05,-3.25,-63.25
2026-05-12,2026-05-12,NIFTY 25400 CE,14:58,0.05,0.1,0.05,14:59,0.05,STOPLOSS,-0.05,-3.25,-63.25
2026-05-12,2026-05-12,NIFTY 25100 CE,15:00,0.1,0.3,0.1,15:02,0.15,EMA10,-0.15,-9.75,-69.75
2026-05-12,2026-05-12,NIFTY 22450 PE,15:03,0.05,0.1,0.05,15:05,0.05,STOPLOSS,-0.05,-3.25,-63.25
2026-05-12,2026-05-12,NIFTY 22000 PE,15:06,0.05,0.1,0.05,15:07,0.05,STOPLOSS,-0.05,-3.25,-63.25
2026-05-12,2026-05-12,NIFTY 26500 CE,15:08,0.05,0.1,0.05,15:09,0.05,STOPLOSS,-0.05,-3.25,-63.25
2026-05-12,2026-05-12,NIFTY 25800 CE,15:10,0.05,0.1,0.05,15:11,0.05,STOPLOSS,-0.05,-3.25,-63.25
2026-05-12,2026-05-12,NIFTY 22150 PE,15:12,0.05,0.1,0.05,15:14,0.05,STOPLOSS,-0.05,-3.25,-63.25
2026-05-12,2026-05-12,NIFTY 21900 PE,15:15,0.05,0.2,0.05,15:16,0.05,STOPLOSS,-0.15,-9.75,-69.75
2026-05-19,2026-05-19,NIFTY 21250 PE,12:56,0.1,0.2,0.1,12:57,0.15,EMA10,-0.05,-3.25,-63.25
2026-05-19,2026-05-19,NIFTY 26500 CE,13:11,0.05,0.1,0.05,13:12,0.1,EMA10,0.0,0.0,-60.0
2026-05-19,2026-05-19,NIFTY 21400 PE,13:14,0.05,0.1,0.05,13:16,0.05,STOPLOSS,-0.05,-3.25,-63.25
2026-05-19,2026-05-19,NIFTY 26000 CE,13:17,0.05,0.1,0.05,13:18,0.05,STOPLOSS,-0.05,-3.25,-63.25
2026-05-19,2026-05-19,NIFTY 26500 CE,13:19,0.05,0.1,0.05,13:21,0.05,STOPLOSS,-0.05,-3.25,-63.25
2026-05-19,2026-05-19,NIFTY 25700 CE,13:26,0.05,0.1,0.05,13:32,0.1,EMA10,0.0,0.0,-60.0
2026-05-19,2026-05-19,NIFTY 21150 PE,13:33,0.05,0.1,0.05,13:38,0.05,STOPLOSS,-0.05,-3.25,-63.25
2026-05-19,2026-05-19,NIFTY 26500 CE,13:39,0.05,0.1,0.05,13:40,0.05,STOPLOSS,-0.05,-3.25,-63.25
2026-05-19,2026-05-19,NIFTY 22100 PE,13:41,0.05,0.1,0.05,13:42,0.05,STOPLOSS,-0.05,-3.25,-63.25
2026-05-19,2026-05-19,NIFTY 21650 PE,13:43,0.05,0.1,0.05,13:49,0.05,STOPLOSS,-0.05,-3.25,-63.25
2026-05-19,2026-05-19,NIFTY 26450 CE,13:50,0.1,0.2,0.1,13:52,0.1,STOPLOSS,-0.1,-6.5,-66.5
2026-05-19,2026-05-19,NIFTY 22000 PE,13:53,0.05,0.1,0.05,13:54,0.05,STOPLOSS,-0.05,-3.25,-63.25
2026-05-19,2026-05-19,NIFTY 25000 CE,13:55,0.05,0.1,0.05,13:56,0.05,STOPLOSS,-0.05,-3.25,-63.25
2026-05-19,2026-05-19,NIFTY 21850 PE,13:57,0.05,0.1,0.05,14:04,0.05,STOPLOSS,-0.05,-3.25,-63.25
2026-05-19,2026-05-19,NIFTY 21650 PE,14:05,0.05,0.1,0.05,14:06,0.05,STOPLOSS,-0.05,-3.25,-63.25
2026-05-19,2026-05-19,NIFTY 25200 CE,14:07,0.05,0.1,0.05,14:08,0.1,EMA10,0.0,0.0,-60.0
2026-05-19,2026-05-19,NIFTY 25000 CE,14:09,0.05,0.1,0.05,14:10,0.05,STOPLOSS,-0.05,-3.25,-63.25
2026-05-19,2026-05-19,NIFTY 21350 PE,14:11,0.05,0.1,0.05,14:14,0.05,STOPLOSS,-0.05,-3.25,-63.25
2026-05-19,2026-05-19,NIFTY 22450 PE,14:15,0.05,0.1,0.05,14:20,0.05,STOPLOSS,-0.05,-3.25,-63.25
2026-05-19,2026-05-19,NIFTY 26500 CE,14:21,0.05,0.1,0.05,14:23,0.05,STOPLOSS,-0.05,-3.25,-63.25
2026-05-19,2026-05-19,NIFTY 25000 CE,14:24,0.05,0.1,0.05,14:25,0.05,STOPLOSS,-0.05,-3.25,-63.25
2026-05-19,2026-05-19,NIFTY 22350 PE,14:26,0.05,0.1,0.05,14:27,0.05,STOPLOSS,-0.05,-3.25,-63.25
2026-05-19,2026-05-19,NIFTY 25000 CE,14:28,0.05,0.1,0.05,14:29,0.05,STOPLOSS,-0.05,-3.25,-63.25
2026-05-19,2026-05-19,NIFTY 21150 PE,14:30,0.05,0.1,0.05,14:34,0.05,STOPLOSS,-0.05,-3.25,-63.25
2026-05-19,2026-05-19,NIFTY 25600 CE,14:35,0.05,0.15,0.05,14:37,0.1,EMA10,-0.05,-3.25,-63.25
2026-05-19,2026-05-19,NIFTY 26550 CE,14:38,0.05,0.1,0.05,14:40,0.05,STOPLOSS,-0.05,-3.25,-63.25
2026-05-19,2026-05-19,NIFTY 25400 CE,14:41,0.05,0.1,0.05,14:42,0.05,STOPLOSS,-0.05,-3.25,-63.25
2026-05-19,2026-05-19,NIFTY 25300 CE,14:43,0.05,0.1,0.05,14:46,0.05,STOPLOSS,-0.05,-3.25,-63.25
2026-05-19,2026-05-19,NIFTY 22450 PE,14:47,0.05,0.1,0.05,14:49,0.05,STOPLOSS,-0.05,-3.25,-63.25
2026-05-19,2026-05-19,NIFTY 25600 CE,14:50,0.05,0.1,0.05,14:51,0.05,STOPLOSS,-0.05,-3.25,-63.25
2026-05-19,2026-05-19,NIFTY 25600 CE,14:52,0.05,0.15,0.05,14:53,0.05,STOPLOSS,-0.1,-6.5,-66.5
2026-05-19,2026-05-19,NIFTY 26150 CE,14:54,0.05,0.1,0.05,14:58,0.05,STOPLOSS,-0.05,-3.25,-63.25
2026-05-19,2026-05-19,NIFTY 22850 PE,14:59,0.05,0.1,0.05,15:00,0.05,STOPLOSS,-0.05,-3.25,-63.25
2026-05-19,2026-05-19,NIFTY 25600 CE,15:01,0.05,0.1,0.05,15:06,0.05,STOPLOSS,-0.05,-3.25,-63.25
2026-05-19,2026-05-19,NIFTY 26350 CE,15:07,0.05,0.1,0.05,15:08,0.05,STOPLOSS,-0.05,-3.25,-63.25
2026-05-19,2026-05-19,NIFTY 25350 CE,15:09,0.05,0.1,0.05,15:10,0.05,STOPLOSS,-0.05,-3.25,-63.25
2026-05-19,2026-05-19,NIFTY 22600 PE,15:11,0.05,0.1,0.05,15:12,0.05,STOPLOSS,-0.05,-3.25,-63.25
2026-05-19,2026-05-19,NIFTY 22150 PE,15:13,0.05,0.1,0.05,15:15,0.05,STOPLOSS,-0.05,-3.25,-63.25
2026-05-21,2026-05-26,NIFTY 26950 CE,12:56,1.05,2.55,1.05,12:57,0.9,STOPLOSS,-1.65,-107.25,-167.25
2026-05-21,2026-05-26,NIFTY 26950 CE,13:51,0.7,2.35,0.65,13:53,0.65,STOPLOSS,-1.7,-110.5,-170.5
2026-05-21,2026-05-26,NIFTY 20950 PE,15:09,1.1,2.45,1.1,15:11,1.1,STOPLOSS,-1.35,-87.75,-147.75
2026-05-21,2026-05-26,NIFTY 26250 CE,15:15,0.65,1.95,0.65,15:16,0.65,STOPLOSS,-1.3,-84.5,-144.5
2026-05-26,2026-05-26,NIFTY 20850 PE,09:19,0.4,0.9,0.4,09:20,0.25,STOPLOSS,-0.65,-42.25,-102.25
2026-05-26,2026-05-26,NIFTY 21350 PE,09:29,0.1,0.35,0.1,09:38,0.25,EMA10,-0.1,-6.5,-66.5
2026-05-26,2026-05-26,NIFTY 26250 CE,09:40,0.15,0.3,0.15,09:41,0.25,EMA10,-0.05,-3.25,-63.25
2026-05-26,2026-05-26,NIFTY 20400 PE,09:42,0.15,0.3,0.15,09:46,0.25,EMA10,-0.05,-3.25,-63.25
2026-05-26,2026-05-26,NIFTY 20350 PE,09:55,0.15,0.3,0.15,09:56,0.25,EMA10,-0.05,-3.25,-63.25
2026-05-26,2026-05-26,NIFTY 21350 PE,12:07,0.15,0.3,0.15,12:19,0.2,EMA10,-0.1,-6.5,-66.5
2026-05-26,2026-05-26,NIFTY 26650 CE,12:52,0.15,0.4,0.15,12:59,0.2,EMA10,-0.2,-13.0,-73.0
2026-05-26,2026-05-26,NIFTY 21350 PE,13:04,0.2,0.4,0.2,13:28,0.1,STOPLOSS,-0.3,-19.5,-79.5
2026-05-26,2026-05-26,NIFTY 20100 PE,13:30,0.05,0.1,0.05,13:31,0.05,STOPLOSS,-0.05,-3.25,-63.25
2026-05-26,2026-05-26,NIFTY 20450 PE,13:32,0.05,0.1,0.05,13:34,0.1,EMA10,0.0,0.0,-60.0
2026-05-26,2026-05-26,NIFTY 21500 PE,13:35,0.05,0.1,0.05,13:39,0.05,STOPLOSS,-0.05,-3.25,-63.25
2026-05-26,2026-05-26,NIFTY 20100 PE,13:40,0.05,0.1,0.05,13:41,0.05,STOPLOSS,-0.05,-3.25,-63.25
2026-05-26,2026-05-26,NIFTY 20100 PE,13:42,0.05,0.1,0.05,13:43,0.05,STOPLOSS,-0.05,-3.25,-63.25
2026-05-26,2026-05-26,NIFTY 21500 PE,13:46,0.05,0.1,0.05,13:47,0.05,STOPLOSS,-0.05,-3.25,-63.25
2026-05-26,2026-05-26,NIFTY 20100 PE,13:50,0.05,0.1,0.05,13:51,0.05,STOPLOSS,-0.05,-3.25,-63.25
2026-05-26,2026-05-26,NIFTY 20650 PE,13:52,0.1,0.35,0.1,13:56,0.1,STOPLOSS,-0.25,-16.25,-76.25
2026-05-26,2026-05-26,NIFTY 21400 PE,13:57,0.05,0.1,0.05,14:06,0.05,STOPLOSS,-0.05,-3.25,-63.25
2026-05-26,2026-05-26,NIFTY 21250 PE,14:07,0.05,0.1,0.05,14:15,0.05,STOPLOSS,-0.05,-3.25,-63.25
2026-05-26,2026-05-26,NIFTY 20250 PE,14:16,0.05,0.1,0.05,14:17,0.1,EMA10,0.0,0.0,-60.0
2026-05-26,2026-05-26,NIFTY 20500 PE,14:18,0.05,0.1,0.05,14:19,0.05,STOPLOSS,-0.05,-3.25,-63.25
2026-05-26,2026-05-26,NIFTY 21900 PE,14:20,0.05,0.1,0.05,14:22,0.05,STOPLOSS,-0.05,-3.25,-63.25
2026-05-26,2026-05-26,NIFTY 20550 PE,14:23,0.1,0.2,0.05,14:25,0.05,STOPLOSS,-0.15,-9.75,-69.75
2026-05-26,2026-05-26,NIFTY 20600 PE,14:26,0.05,0.1,0.05,14:29,0.05,STOPLOSS,-0.05,-3.25,-63.25
2026-05-26,2026-05-26,NIFTY 21500 PE,14:30,0.05,0.1,0.05,14:32,0.05,STOPLOSS,-0.05,-3.25,-63.25
2026-05-26,2026-05-26,NIFTY 20700 PE,14:33,0.05,0.1,0.05,14:34,0.05,STOPLOSS,-0.05,-3.25,-63.25
2026-05-26,2026-05-26,NIFTY 21800 PE,14:35,0.05,0.1,0.05,14:37,0.05,STOPLOSS,-0.05,-3.25,-63.25
2026-05-26,2026-05-26,NIFTY 20500 PE,14:38,0.05,0.1,0.05,14:39,0.05,STOPLOSS,-0.05,-3.25,-63.25
2026-05-26,2026-05-26,NIFTY 22600 PE,14:40,0.05,0.1,0.05,14:41,0.05,STOPLOSS,-0.05,-3.25,-63.25
2026-05-26,2026-05-26,NIFTY 22800 PE,14:42,0.05,0.1,0.05,14:43,0.05,STOPLOSS,-0.05,-3.25,-63.25
2026-05-26,2026-05-26,NIFTY 22550 PE,14:44,0.05,0.1,0.05,14:47,0.05,STOPLOSS,-0.05,-3.25,-63.25
2026-05-26,2026-05-26,NIFTY 20900 PE,14:48,0.1,0.3,0.1,14:53,0.1,STOPLOSS,-0.2,-13.0,-73.0
2026-05-26,2026-05-26,NIFTY 25250 CE,14:54,0.05,0.1,0.05,14:55,0.05,STOPLOSS,-0.05,-3.25,-63.25
2026-05-26,2026-05-26,NIFTY 21850 PE,14:56,0.05,0.1,0.05,14:57,0.05,STOPLOSS,-0.05,-3.25,-63.25
2026-05-26,2026-05-26,NIFTY 26900 CE,14:58,0.05,0.2,0.05,15:04,0.15,EMA10,-0.05,-3.25,-63.25
2026-05-26,2026-05-26,NIFTY 23500 PE,15:05,0.05,0.1,0.05,15:06,0.05,STOPLOSS,-0.05,-3.25,-63.25
2026-05-26,2026-05-26,NIFTY 25450 CE,15:07,0.05,0.1,0.05,15:11,0.05,STOPLOSS,-0.05,-3.25,-63.25
2026-05-26,2026-05-26,NIFTY 23250 PE,15:12,0.05,0.1,0.05,15:13,0.05,STOPLOSS,-0.05,-3.25,-63.25
2026-05-26,2026-05-26,NIFTY 25700 CE,15:14,0.05,0.1,0.05,15:15,0.05,STOPLOSS,-0.05,-3.25,-63.25
2026-06-16,2026-07-07,NIFTY 21650 PE,10:36,4.15,8.4,4.15,11:05,9.3,EMA10,0.9,58.5,-1.5
2026-06-17,2026-07-07,NIFTY 21700 PE,09:31,3.05,6.6,3.05,09:32,6.6,EMA10,0.0,0.0,-60.0
