symbol,signal_month,signal_growth_%,entry_date,entry_price,stop_loss,target_price,exit_date,exit_price,exit_reason,days_held,return_%,status
360ONE,2019-10,8.31,2019-11-01,271.23,220.4,293.76,2019-12-24,220.4,SL,53,-19.04,CLOSED
360ONE,2023-05,0.68,2023-06-01,400.13,377.82,402.84,2023-06-01,402.84,TARGET,0,0.38,CLOSED
360ONE,2024-07,15.52,2024-08-01,1107.99,902.43,1279.98,2024-12-26,1279.98,TARGET,147,15.22,CLOSED
360ONE,2025-11,9.48,2025-12-01,1178.06,1045.03,1289.8,2026-03-02,1045.03,SL,91,-11.59,CLOSED
ABB,2009-08,8.29,2009-09-01,641.49,544.25,694.68,2010-01-14,694.68,TARGET,135,7.99,CLOSED
ABB,2011-06,1.29,2011-07-01,740.54,684.06,750.1,2011-07-07,754.58,TARGET,6,1.6,CLOSED
ABB,2012-01,39.95,2012-02-01,683.89,478.89,957.07,2013-02-22,478.89,SL,387,-30.28,CLOSED
ABB,2014-03,19.11,2014-04-01,732.51,605.47,872.49,2014-06-06,872.49,TARGET,66,18.81,CLOSED
ABB,2014-06,23.8,2014-07-01,958.2,775.04,1186.28,2014-12-04,1186.28,TARGET,156,23.5,CLOSED
ABB,2017-03,6.82,2017-04-03,1106.03,1015.65,1181.45,2017-04-07,1181.45,TARGET,4,6.52,CLOSED
ABB,2018-11,10.13,2018-12-03,1221.8,1111.62,1345.54,2018-12-19,1111.62,SL,16,-9.32,CLOSED
ABB,2020-06,26.46,2020-07-01,899.48,722.61,1137.45,2020-12-02,1137.45,TARGET,154,26.16,CLOSED
ABB,2022-08,19.25,2022-09-01,3153.67,2559.84,3760.63,2022-12-26,2559.84,SL,116,-19.13,CLOSED
ABB,2023-02,13.31,2023-03-01,3131.49,2666.46,3548.19,2023-05-04,3548.19,TARGET,64,13.01,CLOSED
ABB,2023-06,7.2,2023-07-03,4318.59,3820.55,4629.57,2023-10-23,3820.55,SL,112,-11.83,CLOSED
ABB,2026-01,7.9,2026-02-02,5404.02,4564.87,5831.01,2026-02-17,5831.01,TARGET,15,7.6,CLOSED
ACC,2005-08,11.15,2005-09-01,341.92,302.79,380.05,2005-12-01,380.05,TARGET,91,10.85,CLOSED
ACC,2006-09,9.2,2006-10-03,714.58,640.86,780.32,2006-11-16,780.32,TARGET,44,8.9,CLOSED
ACC,2007-06,9.88,2007-07-02,685.9,551.43,753.69,2007-07-04,753.69,TARGET,2,9.58,CLOSED
ACC,2009-07,16.38,2009-08-03,685.15,555.78,797.37,2009-11-03,555.78,SL,92,-19.18,CLOSED
ACC,2011-09,9.55,2011-10-03,912.25,828.07,999.35,2011-10-28,1004.0,TARGET,25,9.76,CLOSED
ACC,2012-07,4.43,2012-08-01,1116.55,1046.98,1165.99,2012-09-14,1165.99,TARGET,44,4.13,CLOSED
ACC,2012-09,12.35,2012-10-01,1244.86,1091.44,1398.55,2013-02-11,1091.44,SL,133,-12.62,CLOSED
ACC,2014-02,9.3,2014-03-03,961.98,862.12,1051.48,2014-03-06,1051.48,TARGET,3,9.0,CLOSED
ACC,2014-03,26.67,2014-04-01,1220.89,954.04,1546.47,2015-03-02,1546.47,TARGET,335,26.37,CLOSED
ACC,2015-12,1.16,2016-01-01,1223.68,1172.82,1237.91,2016-01-01,1237.91,TARGET,0,0.86,CLOSED
ACC,2016-06,5.69,2016-07-01,1460.85,1373.88,1543.97,2016-07-21,1543.97,TARGET,20,5.39,CLOSED
ACC,2017-03,2.88,2017-04-03,1341.3,1256.59,1379.96,2017-04-17,1379.96,TARGET,14,2.58,CLOSED
ACC,2017-12,5.43,2018-01-01,1619.85,1520.26,1707.74,2018-02-05,1520.26,SL,35,-6.45,CLOSED
ACC,2019-03,14.83,2019-04-01,1567.65,1318.29,1800.14,2019-12-11,1318.29,SL,254,-16.21,CLOSED
ACC,2020-06,4.89,2020-07-01,1271.26,1119.51,1333.36,2020-07-21,1333.36,TARGET,20,4.59,CLOSED
ACC,2021-03,10.64,2021-04-01,1835.38,1605.26,2030.72,2021-07-15,2030.72,TARGET,105,10.34,CLOSED
ACC,2021-07,18.83,2021-08-02,2289.44,1887.95,2720.44,2022-03-03,1887.95,SL,213,-17.84,CLOSED
ACC,2022-03,2.98,2022-04-01,2053.33,1816.26,2114.46,2022-04-05,2114.46,TARGET,4,2.68,CLOSED
ACC,2022-07,4.97,2022-08-01,2192.75,2063.41,2301.72,2022-08-19,2301.72,TARGET,18,4.67,CLOSED
ACC,2022-11,7.24,2022-12-01,2522.84,2336.92,2705.38,2022-12-23,2336.92,SL,22,-7.67,CLOSED
ACC,2023-07,11.83,2023-08-01,1989.38,1740.5,2224.66,2023-12-19,2224.66,TARGET,140,11.53,CLOSED
ACC,2025-06,2.24,2025-07-01,1917.8,1802.97,1960.73,2025-07-03,1960.73,TARGET,2,1.94,CLOSED
ACMESOLAR,2026-06,22.72,2026-07-01,380.9,295.9,467.43,2026-09-22,467.43,TARGET,83,22.42,CLOSED
AIAENG,2006-06,19.42,2006-07-03,111.63,64.66,133.31,2006-08-16,133.31,TARGET,44,19.12,CLOSED
AIAENG,2012-10,9.12,2012-11-01,346.18,315.45,377.76,2012-11-16,315.45,SL,15,-9.18,CLOSED
AIAENG,2014-08,13.51,2014-09-01,811.32,667.13,920.9,2014-09-12,920.9,TARGET,11,13.21,CLOSED
AIAENG,2022-04,19.39,2022-05-02,1901.38,1580.3,2270.13,2022-05-31,2270.13,TARGET,29,19.09,CLOSED
AIAENG,2023-05,12.72,2023-06-01,3007.44,2620.39,3390.12,2023-06-16,3390.12,TARGET,15,12.42,CLOSED
AIAENG,2023-08,6.85,2023-09-01,3658.49,3271.0,3908.99,2024-01-25,3908.99,TARGET,146,6.55,CLOSED
AIAENG,2025-11,18.85,2025-12-01,3884.1,3207.94,4616.36,2026-06-04,4616.36,TARGET,185,18.55,CLOSED
APLAPOLLO,2012-11,15.47,2012-12-03,16.43,13.02,18.98,2013-01-24,18.98,TARGET,52,15.17,CLOSED
APLAPOLLO,2015-11,13.91,2015-12-01,55.38,46.86,63.08,2015-12-14,63.08,TARGET,13,13.61,CLOSED
APLAPOLLO,2017-11,6.2,2017-12-01,192.04,174.7,203.95,2018-01-03,203.95,TARGET,33,5.9,CLOSED
APLAPOLLO,2019-02,7.98,2019-03-01,118.11,97.51,127.54,2019-03-01,127.54,TARGET,0,7.68,CLOSED
APLAPOLLO,2019-12,19.91,2020-01-01,185.92,149.85,222.93,2020-03-12,149.85,SL,71,-19.7,CLOSED
APLAPOLLO,2020-09,21.38,2020-10-01,289.37,228.56,351.24,2020-12-03,351.24,TARGET,63,21.08,CLOSED
APLAPOLLO,2021-06,25.22,2021-07-01,800.81,619.03,1002.78,2021-09-16,1002.78,TARGET,77,24.92,CLOSED
APLAPOLLO,2023-07,22.11,2023-08-01,1571.55,1282.72,1919.08,2025-02-17,1282.72,SL,566,-18.68,CLOSED
APLAPOLLO,2025-12,11.35,2026-01-01,1918.21,1704.04,2135.93,2026-01-29,2135.93,TARGET,28,11.05,CLOSED
AUBANK,2019-04,9.57,2019-05-02,315.86,286.96,346.08,2019-05-21,346.93,TARGET,19,9.54,CLOSED
AUBANK,2024-05,3.08,2024-06-03,660.89,598.28,681.23,2024-06-05,681.23,TARGET,2,2.78,CLOSED
AUBANK,2025-06,17.96,2025-07-01,818.2,690.38,965.12,2025-09-05,690.38,SL,66,-15.92,CLOSED
AUBANK,2025-10,20.02,2025-11-03,876.15,718.35,1051.58,2026-04-22,1051.58,TARGET,170,19.72,CLOSED
AWL,2022-03,36.26,2022-04-01,523.27,335.5,713.0,2022-04-22,713.0,TARGET,21,35.96,CLOSED
AWL,2025-10,5.09,2025-11-03,273.57,256.51,287.48,2025-12-01,256.51,SL,28,-6.54,CLOSED
AARTIIND,2014-10,9.45,2014-11-03,69.61,52.37,76.19,2015-03-10,76.19,TARGET,127,9.15,CLOSED
AARTIIND,2016-10,21.97,2016-11-01,177.44,146.49,216.43,2017-05-15,216.43,TARGET,195,21.67,CLOSED
AARTIIND,2017-10,6.76,2017-11-01,224.94,204.1,240.14,2017-12-20,240.14,TARGET,49,6.46,CLOSED
AARTIIND,2020-07,6.33,2020-08-03,487.7,437.36,518.6,2020-08-06,518.6,TARGET,3,6.03,CLOSED
AARTIIND,2020-11,15.62,2020-12-01,571.0,486.22,660.18,2021-01-05,660.18,TARGET,35,15.32,CLOSED
AARTIIND,2021-07,7.23,2021-08-02,930.44,826.68,997.74,2021-10-04,997.74,TARGET,63,6.93,CLOSED
AARTIIND,2022-03,3.29,2022-04-01,959.56,772.54,991.17,2022-05-09,772.54,SL,38,-19.79,CLOSED
AARTIIND,2022-07,11.65,2022-08-01,774.96,670.31,865.24,2022-09-12,865.24,TARGET,42,11.35,CLOSED
AARTIIND,2024-07,9.28,2024-08-01,752.44,626.17,822.27,2024-08-13,626.17,SL,12,-17.08,CLOSED
AARTIIND,2026-04,27.18,2026-05-01,506.49,393.82,644.14,2026-09-30,475.7,OPEN,152,-6.38,OPEN
AAVAS,2019-12,11.72,2020-01-01,1981.1,1717.25,2213.31,2020-03-12,1717.25,SL,71,-13.62,CLOSED
AAVAS,2022-07,18.36,2022-08-01,2405.0,1894.5,2846.57,2022-11-03,1894.5,SL,94,-21.53,CLOSED
AAVAS,2023-08,5.4,2023-09-01,1641.0,1532.2,1729.58,2023-09-11,1729.58,TARGET,10,5.1,CLOSED
AAVAS,2025-03,23.64,2025-04-01,2086.15,1675.4,2579.36,2025-04-07,1674.2,SL,6,-20.05,CLOSED
AAVAS,2026-06,13.23,2026-07-01,1520.0,1247.6,1721.1,2026-09-01,1247.6,SL,62,-18.22,CLOSED
ABBOTINDIA,2012-11,2.8,2012-12-03,1244.04,1185.6,1278.83,2013-02-06,1185.6,SL,65,-5.0,CLOSED
ABBOTINDIA,2013-04,6.34,2013-05-02,1207.11,1117.35,1283.66,2013-06-03,1283.66,TARGET,32,6.04,CLOSED
ABBOTINDIA,2015-12,15.19,2016-01-01,5236.79,4432.54,6032.51,2016-01-20,4432.54,SL,19,-15.66,CLOSED
ABBOTINDIA,2016-10,5.35,2016-11-01,4410.07,4042.56,4646.01,2016-11-09,3937.56,SL,8,-11.01,CLOSED
ABBOTINDIA,2018-01,1.81,2018-02-01,4919.78,4627.21,5008.92,2018-02-09,5061.02,TARGET,8,2.57,CLOSED
ABBOTINDIA,2021-06,4.87,2021-07-01,15308.76,14404.95,16053.57,2021-07-16,16053.57,TARGET,15,4.57,CLOSED
ABBOTINDIA,2021-12,2.09,2022-01-03,18072.07,16344.96,18449.28,2022-01-14,16344.96,SL,11,-9.86,CLOSED
ABBOTINDIA,2022-07,6.69,2022-08-01,18535.19,17198.51,19774.83,2022-08-29,17198.51,SL,28,-7.51,CLOSED
ABBOTINDIA,2022-09,2.13,2022-10-03,17932.32,16232.56,18314.52,2022-11-01,18314.52,TARGET,29,1.83,CLOSED
ABBOTINDIA,2022-11,5.15,2022-12-01,18959.73,17896.67,19935.8,2022-12-21,19935.8,TARGET,20,4.85,CLOSED
ABBOTINDIA,2023-03,9.17,2023-04-03,20845.14,18650.82,22757.67,2023-07-28,22757.67,TARGET,116,8.87,CLOSED
ABBOTINDIA,2023-07,4.2,2023-08-01,22889.51,21540.92,23851.84,2023-09-01,21540.92,SL,31,-6.19,CLOSED
ABBOTINDIA,2025-02,16.13,2025-03-03,29499.44,24808.86,34258.37,2025-06-27,34258.37,TARGET,116,15.83,CLOSED
ACE,2014-06,7.21,2014-07-01,30.72,22.33,32.94,2014-07-02,32.94,TARGET,1,6.91,CLOSED
ACE,2018-07,17.23,2018-08-01,142.91,115.2,167.54,2018-09-21,115.2,SL,51,-19.69,CLOSED
ACE,2019-03,35.74,2019-04-01,112.21,78.62,152.31,2019-07-19,78.62,SL,109,-30.24,CLOSED
ACE,2022-03,10.55,2022-04-01,238.4,204.2,263.55,2022-05-10,204.2,SL,39,-14.65,CLOSED
ACE,2023-03,18.18,2023-04-03,411.68,339.18,486.53,2023-06-02,486.53,TARGET,60,17.88,CLOSED
ACUTAAS,2024-10,13.52,2024-11-01,991.75,725.34,1125.82,2024-12-02,1125.82,TARGET,31,13.22,CLOSED
ACUTAAS,2026-03,18.52,2026-04-01,2624.04,2053.46,3110.0,2026-05-29,3110.0,TARGET,58,18.22,CLOSED
ADANIENSOL,2017-05,55.83,2017-06-01,121.8,70.9,189.8,2017-10-10,189.8,TARGET,131,55.53,CLOSED
ADANIENSOL,2021-08,76.91,2021-09-01,1659.6,885.0,2935.99,2022-04-12,2935.99,TARGET,223,76.61,CLOSED
ADANIENSOL,2022-07,25.71,2022-08-01,3129.9,2226.3,3934.57,2022-08-30,3934.57,TARGET,29,25.41,CLOSED
ADANIENSOL,2025-12,3.3,2026-01-01,1029.0,946.35,1062.94,2026-01-02,1062.94,TARGET,1,3.0,CLOSED
ADANIENT,2006-09,12.26,2006-10-03,8.62,7.12,9.67,2006-11-16,9.67,TARGET,44,11.96,CLOSED
ADANIENT,2007-03,1.24,2007-04-02,13.11,10.93,13.27,2007-04-04,13.27,TARGET,2,0.94,CLOSED
ADANIENT,2007-07,20.94,2007-08-01,20.26,16.81,24.51,2007-09-14,24.51,TARGET,44,20.64,CLOSED
ADANIENT,2007-12,43.85,2008-01-01,75.21,48.3,108.18,2008-02-11,48.3,SL,41,-36.07,CLOSED
ADANIENT,2009-05,59.54,2009-06-01,43.84,25.66,69.94,2010-04-22,69.94,TARGET,325,59.24,CLOSED
ADANIENT,2011-06,11.96,2011-07-01,94.09,76.72,105.34,2011-07-29,76.72,SL,28,-18.76,CLOSED
ADANIENT,2012-11,11.33,2012-12-03,32.45,28.98,36.13,2012-12-07,36.13,TARGET,4,11.03,CLOSED
ADANIENT,2014-02,6.45,2014-03-03,36.07,29.72,38.39,2014-03-06,38.39,TARGET,3,6.15,CLOSED
ADANIENT,2014-10,2.88,2014-11-03,69.72,62.66,71.73,2014-11-17,71.73,TARGET,14,2.58,CLOSED
ADANIENT,2014-12,5.96,2015-01-01,70.07,61.64,74.24,2015-01-06,74.24,TARGET,5,5.66,CLOSED
ADANIENT,2016-11,1.72,2016-12-01,36.44,31.13,37.07,2016-12-02,37.07,TARGET,1,1.42,CLOSED
ADANIENT,2016-12,12.49,2017-01-02,41.51,35.48,46.69,2017-01-27,46.69,TARGET,25,12.19,CLOSED
ADANIENT,2019-08,6.64,2019-09-03,134.26,119.95,143.17,2019-09-11,143.17,TARGET,8,6.34,CLOSED
ADANIENT,2019-10,36.89,2019-11-01,197.03,132.77,269.71,2020-03-13,132.77,SL,133,-32.91,CLOSED
ADANIENT,2021-08,11.78,2021-09-01,1591.35,1358.52,1778.86,2021-11-24,1778.86,TARGET,84,11.48,CLOSED
ADANIENT,2023-04,9.97,2023-05-02,1931.49,1668.51,2124.03,2023-05-22,2124.03,TARGET,20,9.67,CLOSED
ADANIGREEN,2018-07,125.37,2018-08-01,62.7,22.8,141.31,2019-12-23,141.31,TARGET,509,125.07,CLOSED
ADANIGREEN,2019-12,21.41,2020-01-01,169.35,118.55,205.6,2020-01-07,208.0,TARGET,6,22.52,CLOSED
ADANIGREEN,2020-10,16.11,2020-11-02,860.0,660.0,998.51,2020-11-14,1018.0,TARGET,12,18.07,CLOSED
ADANIPORTS,2010-06,6.04,2010-07-01,135.0,118.9,143.15,2010-08-06,143.15,TARGET,36,5.74,CLOSED
ADANIPORTS,2011-08,5.96,2011-09-02,142.11,119.92,150.57,2011-09-08,150.57,TARGET,6,5.66,CLOSED
ADANIPORTS,2012-09,12.09,2012-10-01,119.15,102.13,133.55,2012-12-17,133.55,TARGET,77,11.79,CLOSED
ADANIPORTS,2014-10,2.92,2014-11-03,270.27,229.55,278.16,2014-11-10,278.16,TARGET,7,2.62,CLOSED
ADANIPORTS,2014-12,9.92,2015-01-01,299.99,250.19,329.76,2015-01-23,329.76,TARGET,22,9.62,CLOSED
ADANIPORTS,2015-02,1.52,2015-03-02,314.57,275.07,319.36,2015-03-04,319.64,TARGET,2,1.31,CLOSED
ADANIPORTS,2016-03,26.5,2016-04-01,235.02,185.23,297.3,2016-05-06,185.23,SL,35,-21.48,CLOSED
ADANIPORTS,2016-07,12.35,2016-08-01,222.18,193.13,249.62,2016-08-16,249.62,TARGET,15,12.05,CLOSED
ADANIPORTS,2017-03,12.54,2017-04-03,322.77,275.77,363.26,2017-07-17,363.26,TARGET,105,12.24,CLOSED
ADANIPORTS,2017-07,9.41,2017-08-01,377.89,340.68,413.44,2017-10-27,413.44,TARGET,87,9.11,CLOSED
ADANIPORTS,2018-04,15.02,2018-05-02,387.92,338.48,446.2,2018-06-27,338.48,SL,56,-13.05,CLOSED
ADANIPORTS,2018-07,7.67,2018-08-01,385.05,338.1,414.58,2018-09-21,338.1,SL,51,-12.49,CLOSED
ADANIPORTS,2018-12,6.03,2019-01-01,369.14,331.58,391.4,2019-01-28,331.58,SL,27,-10.47,CLOSED
ADANIPORTS,2019-03,17.02,2019-04-01,364.03,312.47,425.97,2020-03-09,312.47,SL,343,-14.46,CLOSED
ADANIPORTS,2021-08,10.94,2021-09-01,730.11,647.32,809.99,2022-02-24,647.32,SL,176,-11.64,CLOSED
ADANIPORTS,2022-03,9.43,2022-04-01,753.91,645.91,824.99,2022-04-05,824.99,TARGET,4,9.13,CLOSED
ADANIPORTS,2023-04,7.82,2023-05-02,670.23,609.81,722.63,2023-05-22,722.63,TARGET,20,7.52,CLOSED
ADANIPORTS,2023-07,5.93,2023-08-01,768.63,693.95,814.2,2023-08-18,814.2,TARGET,17,5.63,CLOSED
ADANIPORTS,2024-07,6.21,2024-08-01,1566.69,1406.2,1664.0,2024-09-09,1406.2,SL,39,-10.54,CLOSED
ADANIPOWER,2010-06,4.44,2010-07-01,25.2,22.91,26.32,2010-07-23,26.32,TARGET,22,4.14,CLOSED
ADANIPOWER,2011-05,2.62,2011-06-01,23.24,21.23,23.85,2011-06-20,21.23,SL,19,-8.95,CLOSED
ADANIPOWER,2012-11,10.17,2012-12-03,10.77,9.28,11.86,2012-12-10,11.86,TARGET,7,9.87,CLOSED
ADANIPOWER,2014-10,10.6,2014-11-03,9.67,8.29,10.69,2014-12-16,8.29,SL,43,-14.57,CLOSED
ADANIPOWER,2015-02,10.49,2015-03-02,11.29,9.13,12.47,2015-03-27,9.13,SL,25,-19.43,CLOSED
ADANIPOWER,2015-12,5.05,2016-01-01,6.5,5.14,6.83,2016-01-01,6.83,TARGET,0,4.75,CLOSED
ADANIPOWER,2016-11,4.94,2016-12-01,5.74,4.63,6.02,2016-12-05,6.02,TARGET,4,4.64,CLOSED
ADANIPOWER,2017-06,7.58,2017-07-03,5.96,5.29,6.41,2017-07-21,6.41,TARGET,18,7.28,CLOSED
ADANIPOWER,2017-12,17.46,2018-01-01,8.32,6.37,9.77,2018-02-05,6.37,SL,35,-23.74,CLOSED
ADANIPOWER,2018-07,94.12,2018-08-01,6.38,3.03,12.38,2019-07-02,12.38,TARGET,335,93.82,CLOSED
ADANIPOWER,2021-08,2.76,2021-09-01,20.4,14.07,20.96,2021-09-02,21.71,TARGET,1,6.12,CLOSED
ADANIPOWER,2023-04,17.35,2023-05-02,46.0,37.04,53.98,2023-05-24,53.98,TARGET,22,17.05,CLOSED
ADANIPOWER,2023-07,9.39,2023-08-01,55.17,47.17,60.35,2023-08-18,60.35,TARGET,17,9.09,CLOSED
ATGL,2021-08,62.74,2021-09-01,1522.87,841.77,2478.26,2022-04-05,2478.26,TARGET,216,62.44,CLOSED
ATGL,2022-07,30.7,2022-08-01,3139.69,2358.99,4103.54,2023-01-30,2358.99,SL,182,-25.17,CLOSED
ABCAPITAL,2022-07,18.96,2022-08-01,107.05,88.35,127.35,2022-11-07,127.35,TARGET,98,18.66,CLOSED
ABCAPITAL,2023-04,8.89,2023-05-02,167.95,152.0,182.88,2023-06-21,182.88,TARGET,50,8.59,CLOSED
ABCAPITAL,2023-06,15.27,2023-07-03,197.1,167.35,227.19,2023-10-26,167.35,SL,115,-15.39,CLOSED
ABCAPITAL,2025-05,13.32,2025-06-02,222.0,188.41,251.56,2025-06-17,251.56,TARGET,15,13.02,CLOSED
ABCAPITAL,2025-06,24.31,2025-07-01,278.5,218.44,346.2,2025-11-25,346.2,TARGET,147,24.01,CLOSED
ABCAPITAL,2025-11,10.44,2025-12-01,358.0,322.6,395.38,2026-02-02,322.6,SL,63,-10.19,CLOSED
ABREL,2006-09,18.63,2006-10-03,435.59,365.25,516.72,2006-11-16,518.64,TARGET,44,18.77,CLOSED
ABREL,2006-12,14.37,2007-01-02,626.35,473.73,716.33,2007-02-12,473.73,SL,41,-24.67,CLOSED
ABREL,2012-01,23.22,2012-02-01,252.69,192.47,311.37,2012-03-21,311.37,TARGET,49,22.92,CLOSED
ABREL,2012-06,14.03,2012-07-02,269.56,226.47,307.39,2012-09-10,307.39,TARGET,70,13.73,CLOSED
ABREL,2013-12,14.83,2014-01-01,293.65,231.06,337.2,2014-03-28,337.2,TARGET,86,14.53,CLOSED
ABREL,2015-06,4.77,2015-07-01,670.91,538.89,702.9,2015-07-22,702.9,TARGET,21,4.47,CLOSED
ABREL,2016-04,20.53,2016-05-02,601.28,494.23,724.72,2016-09-02,724.72,TARGET,123,20.23,CLOSED
ABREL,2017-02,13.21,2017-03-01,910.39,790.72,1030.61,2017-04-07,1030.61,TARGET,37,12.91,CLOSED
ABREL,2017-12,9.57,2018-01-01,1368.46,1210.63,1499.37,2018-02-05,1179.94,SL,35,-14.08,CLOSED
ABREL,2018-04,10.5,2018-05-02,1209.96,1097.26,1336.99,2018-05-02,1097.26,SL,0,-9.61,CLOSED
ABREL,2018-08,6.78,2018-09-03,952.69,857.52,1017.27,2018-09-21,857.52,SL,18,-10.29,CLOSED
ABREL,2018-11,11.94,2018-12-03,894.23,796.12,1001.02,2019-01-28,796.12,SL,56,-11.27,CLOSED
ABREL,2020-12,16.78,2021-01-01,405.93,342.45,474.06,2021-02-03,474.06,TARGET,33,16.48,CLOSED
ABREL,2022-07,4.73,2022-08-01,838.41,769.17,878.05,2022-09-05,878.05,TARGET,35,4.43,CLOSED
ABREL,2023-07,25.58,2023-08-01,1075.14,833.46,1350.18,2023-12-08,1350.18,TARGET,129,25.28,CLOSED
ABSLAMC,2026-08,3.95,2026-09-01,1051.9,989.8,1093.49,2026-09-10,1093.49,TARGET,9,3.65,CLOSED
CPPLUS,2026-05,24.85,2026-06-01,3073.3,2222.89,3837.01,2026-07-16,3837.01,TARGET,45,24.55,CLOSED
AEGISLOG,2005-07,64.0,2005-08-01,6.57,3.8,10.77,2005-11-14,10.77,TARGET,105,63.7,CLOSED
AEGISLOG,2007-05,10.76,2007-06-01,6.5,5.44,7.2,2007-07-25,5.41,SL,54,-16.98,CLOSED
AEGISLOG,2014-10,4.54,2014-11-03,32.89,27.64,34.39,2014-11-13,34.39,TARGET,10,4.24,CLOSED
AEGISLOG,2023-01,9.78,2023-02-01,366.65,318.74,402.51,2023-06-02,318.74,SL,121,-13.37,CLOSED
AEGISLOG,2023-11,27.21,2023-12-01,365.09,273.0,464.41,2024-04-12,464.41,TARGET,133,26.91,CLOSED
AEGISLOG,2024-10,4.8,2024-11-01,797.24,637.6,835.49,2024-11-18,835.49,TARGET,17,4.5,CLOSED
AEGISVOPAK,2025-09,5.13,2025-10-01,261.76,229.83,275.19,2025-10-03,275.19,TARGET,2,4.83,CLOSED
AFFLE,2022-06,0.78,2022-07-01,1060.0,922.35,1068.31,2022-07-18,1068.31,TARGET,17,0.48,CLOSED
AFFLE,2023-01,2.07,2023-02-01,1102.9,1015.0,1125.77,2023-02-23,1015.0,SL,22,-8.27,CLOSED
AFFLE,2023-05,2.95,2023-06-01,965.0,866.5,993.48,2023-06-06,993.48,TARGET,5,2.65,CLOSED
AFFLE,2024-04,7.52,2024-05-02,1133.0,1033.35,1218.16,2024-05-21,1233.5,TARGET,19,8.57,CLOSED
AFFLE,2025-12,8.34,2026-01-01,1801.0,1579.6,1951.18,2026-01-23,1579.6,SL,22,-12.59,CLOSED
AJANTPHARM,2016-07,18.61,2016-08-01,1073.13,899.5,1272.8,2016-10-04,1273.77,TARGET,64,18.4,CLOSED
AJANTPHARM,2019-08,15.98,2019-09-03,620.64,540.19,719.81,2020-01-17,719.81,TARGET,136,15.68,CLOSED
AJANTPHARM,2022-08,7.14,2022-09-01,1287.83,1181.53,1379.84,2022-09-19,1181.53,SL,18,-8.55,CLOSED
AJANTPHARM,2023-04,8.59,2023-05-02,1246.62,1142.66,1353.67,2023-06-06,1353.67,TARGET,35,8.29,CLOSED
AJANTPHARM,2023-11,12.08,2023-12-01,1906.99,1679.87,2137.31,2024-01-03,2137.31,TARGET,33,11.78,CLOSED
AJANTPHARM,2024-07,17.83,2024-08-01,2607.44,2097.75,3072.45,2024-08-13,3072.45,TARGET,12,17.53,CLOSED
ALKEM,2018-02,1.54,2018-03-01,2053.19,1855.65,2084.78,2018-03-06,2084.78,TARGET,5,1.24,CLOSED
ALKEM,2018-12,1.91,2019-01-01,1807.11,1699.07,1841.64,2019-01-31,1699.07,SL,30,-6.28,CLOSED
ALKEM,2020-01,19.06,2020-02-03,2217.53,1869.9,2640.08,2020-03-13,1869.9,SL,39,-15.98,CLOSED
ALKEM,2020-11,7.87,2020-12-01,2675.72,2460.34,2886.33,2021-01-11,2886.33,TARGET,41,7.57,CLOSED
ALKEM,2023-03,6.96,2023-04-03,3311.9,2954.77,3542.53,2023-07-17,3542.53,TARGET,105,6.66,CLOSED
ALKEM,2023-10,3.22,2023-11-01,3635.17,3355.77,3752.06,2023-11-03,3752.06,TARGET,2,2.92,CLOSED
ALKEM,2023-12,10.14,2024-01-01,5072.06,4467.79,5586.45,2024-06-04,4467.79,SL,155,-12.21,CLOSED
ALKEM,2024-08,16.32,2024-09-02,6056.73,5061.41,7044.92,2025-01-15,5061.41,SL,135,-16.73,CLOSED
ALKEM,2026-06,1.31,2026-07-01,5584.01,5153.28,5657.13,2026-07-07,5657.13,TARGET,6,1.01,CLOSED
ARE&M,2010-06,11.83,2010-07-01,77.35,66.2,86.5,2010-07-26,86.5,TARGET,25,11.53,CLOSED
ARE&M,2012-01,5.96,2012-02-01,94.75,87.34,100.39,2012-02-06,100.39,TARGET,5,5.66,CLOSED
ARE&M,2016-04,8.92,2016-05-02,866.45,767.25,943.7,2016-05-25,767.07,SL,23,-11.77,CLOSED
ARE&M,2016-07,7.89,2016-08-01,851.91,749.28,919.15,2016-09-06,919.15,TARGET,36,7.59,CLOSED
ARE&M,2017-03,3.69,2017-04-03,810.57,741.57,840.46,2017-05-12,840.46,TARGET,39,3.39,CLOSED
ARE&M,2019-07,9.87,2019-08-01,626.12,557.6,687.92,2019-08-22,557.6,SL,21,-11.24,CLOSED
ARE&M,2020-04,19.41,2020-05-04,516.25,427.69,616.47,2020-06-02,616.5,TARGET,29,19.12,CLOSED
ARE&M,2022-07,7.37,2022-08-01,475.69,436.88,510.76,2022-09-05,510.76,TARGET,35,7.07,CLOSED
ARE&M,2022-10,4.49,2022-11-01,492.43,459.49,514.54,2022-11-04,526.47,TARGET,3,6.61,CLOSED
ARE&M,2022-11,27.32,2022-12-01,626.34,488.45,797.43,2023-12-27,797.43,TARGET,391,27.02,CLOSED
AMBER,2018-11,6.77,2018-12-03,916.74,829.06,978.8,2019-01-25,829.06,SL,53,-9.86,CLOSED
AMBER,2024-06,25.64,2024-07-01,4521.75,3310.0,5681.32,2024-10-21,5681.32,TARGET,112,25.34,CLOSED
AMBUJACEM,2005-05,9.45,2005-06-01,41.62,37.07,45.55,2005-07-26,45.55,TARGET,55,9.15,CLOSED
AMBUJACEM,2006-06,7.17,2006-07-03,69.64,55.78,74.63,2006-07-12,74.63,TARGET,9,6.87,CLOSED
AMBUJACEM,2009-12,12.89,2010-01-04,81.14,71.09,91.6,2010-03-10,91.6,TARGET,65,12.59,CLOSED
AMBUJACEM,2013-06,2.47,2013-07-01,154.28,140.59,158.08,2013-07-01,158.08,TARGET,0,2.17,CLOSED
AMBUJACEM,2014-02,7.03,2014-03-03,143.17,127.16,153.23,2014-03-07,153.23,TARGET,4,6.73,CLOSED
AMBUJACEM,2014-03,20.36,2014-04-01,171.27,138.21,206.14,2014-06-09,206.14,TARGET,69,20.06,CLOSED
AMBUJACEM,2014-10,6.53,2014-11-03,195.07,174.37,207.8,2015-01-15,207.8,TARGET,73,6.23,CLOSED
AMBUJACEM,2017-03,3.72,2017-04-03,208.12,192.98,215.86,2017-04-11,215.86,TARGET,8,3.42,CLOSED
AMBUJACEM,2017-06,2.2,2017-07-03,214.43,199.03,219.14,2017-07-04,219.3,TARGET,1,1.97,CLOSED
AMBUJACEM,2017-08,7.19,2017-09-01,246.84,226.0,264.6,2017-12-05,226.0,SL,95,-8.74,CLOSED
AMBUJACEM,2017-12,3.64,2018-01-01,237.38,223.28,246.02,2018-02-05,223.28,SL,35,-6.24,CLOSED
AMBUJACEM,2018-04,8.52,2018-05-02,221.57,202.75,240.43,2018-05-08,202.75,SL,6,-8.79,CLOSED
AMBUJACEM,2018-07,11.21,2018-08-01,202.67,166.9,225.38,2018-10-26,166.9,SL,86,-17.95,CLOSED
AMBUJACEM,2021-03,13.33,2021-04-01,300.08,262.24,340.08,2021-07-06,340.08,TARGET,96,13.03,CLOSED
AMBUJACEM,2022-07,3.25,2022-08-01,370.49,355.85,382.53,2022-08-16,382.53,TARGET,15,2.95,CLOSED
AMBUJACEM,2023-04,8.47,2023-05-02,391.13,357.22,424.24,2023-05-22,424.24,TARGET,20,8.17,CLOSED
AMBUJACEM,2023-11,3.49,2023-12-01,438.88,399.39,454.18,2023-12-04,454.69,TARGET,3,3.3,CLOSED
AMBUJACEM,2025-06,4.71,2025-07-01,579.13,525.85,606.4,2025-07-21,606.4,TARGET,20,4.41,CLOSED
ANANDRATHI,2025-12,7.74,2026-01-01,1548.46,1393.77,1668.26,2026-01-27,1393.77,SL,26,-10.29,CLOSED
ANANDRATHI,2026-02,6.6,2026-03-02,1498.41,1410.73,1597.34,2026-03-05,1597.34,TARGET,3,6.3,CLOSED
ANANTRAJ,2009-05,54.68,2009-06-01,47.8,25.58,73.93,2011-02-21,25.58,SL,630,-46.78,CLOSED
ANANTRAJ,2012-09,63.03,2012-10-01,27.69,16.19,45.15,2013-08-06,16.19,SL,309,-41.84,CLOSED
ANANTRAJ,2021-01,51.29,2021-02-01,41.34,25.96,62.54,2021-05-25,63.34,TARGET,113,52.93,CLOSED
ANANTRAJ,2022-08,18.0,2022-09-01,86.17,63.53,101.68,2022-10-04,101.68,TARGET,33,17.7,CLOSED
ANANTRAJ,2023-05,7.38,2023-06-01,151.39,132.98,162.56,2023-06-07,162.56,TARGET,6,7.08,CLOSED
ANANTRAJ,2023-11,10.48,2023-12-01,268.84,229.31,297.01,2023-12-15,306.73,TARGET,14,13.79,CLOSED
ANGELONE,2023-05,9.39,2023-06-01,129.18,111.78,141.3,2023-06-09,141.3,TARGET,8,9.09,CLOSED
ANGELONE,2023-08,21.33,2023-09-01,180.86,139.54,219.44,2023-10-20,219.44,TARGET,49,21.03,CLOSED
ANGELONE,2023-10,40.33,2023-11-01,248.34,174.09,348.48,2024-01-02,348.48,TARGET,62,40.03,CLOSED
ANURAS,2023-03,34.13,2023-04-03,864.85,641.96,1160.04,2023-04-28,1160.04,TARGET,25,33.83,CLOSED
ANURAS,2023-11,11.72,2023-12-01,986.13,872.64,1101.74,2024-01-04,1101.74,TARGET,34,11.42,CLOSED
ANURAS,2024-02,0.74,2024-03-01,960.21,779.68,967.29,2024-05-13,779.68,SL,73,-19.1,CLOSED
ANURAS,2025-05,15.68,2025-06-02,1002.07,851.51,1159.21,2025-07-01,1159.21,TARGET,29,15.38,CLOSED
ANURAS,2026-08,4.55,2026-09-01,1267.39,1190.79,1325.1,2026-09-15,1190.79,SL,14,-6.34,CLOSED
APARINDS,2008-08,23.35,2008-09-01,132.09,102.62,162.93,2008-09-29,102.62,SL,28,-22.61,CLOSED
APARINDS,2012-03,10.51,2012-04-02,123.37,111.86,136.34,2012-04-26,111.86,SL,24,-9.63,CLOSED
APARINDS,2014-06,19.67,2014-07-01,222.84,169.43,266.68,2014-07-04,266.68,TARGET,3,19.37,CLOSED
APARINDS,2019-03,6.33,2019-04-01,601.93,567.84,640.0,2019-05-14,567.84,SL,43,-5.96,CLOSED
APARINDS,2023-03,8.92,2023-04-03,2482.34,2130.78,2703.84,2023-04-13,2703.84,TARGET,10,8.62,CLOSED
APARINDS,2023-06,24.85,2023-07-03,3420.98,2602.12,4271.14,2023-08-17,4271.14,TARGET,45,24.55,CLOSED
APARINDS,2023-12,8.46,2024-01-01,5960.32,5169.27,6464.36,2024-01-23,5169.27,SL,22,-13.57,CLOSED
APOLLOHOSP,2005-12,12.78,2006-01-02,219.46,194.19,247.51,2006-01-23,247.51,TARGET,21,12.48,CLOSED
APOLLOHOSP,2008-08,1.75,2008-09-01,218.67,210.42,222.49,2008-09-01,222.49,TARGET,0,1.45,CLOSED
APOLLOHOSP,2009-03,4.44,2009-04-01,182.23,159.12,190.31,2009-04-20,190.31,TARGET,19,4.14,CLOSED
APOLLOHOSP,2015-06,8.53,2015-07-01,1262.93,1104.63,1370.63,2015-08-06,1370.63,TARGET,36,8.23,CLOSED
APOLLOHOSP,2015-09,7.57,2015-10-01,1392.26,1198.25,1497.6,2015-11-13,1198.25,SL,43,-14.23,CLOSED
APOLLOHOSP,2015-12,10.67,2016-01-01,1407.07,1264.77,1557.22,2016-03-30,1264.77,SL,89,-10.41,CLOSED
APOLLOHOSP,2020-09,31.63,2020-10-01,2120.77,1560.23,2791.56,2021-02-09,2791.56,TARGET,131,31.33,CLOSED
APOLLOHOSP,2022-02,7.75,2022-03-02,4762.06,4242.15,5131.13,2022-05-02,4242.15,SL,61,-11.22,CLOSED
APOLLOHOSP,2022-07,14.36,2022-08-01,4182.96,3586.3,4783.46,2022-11-25,4783.46,TARGET,116,14.06,CLOSED
APOLLOHOSP,2023-04,4.7,2023-05-02,4487.09,4128.75,4698.18,2023-05-30,4698.18,TARGET,28,4.4,CLOSED
APOLLOHOSP,2023-09,6.72,2023-10-03,5099.94,4764.75,5442.81,2023-10-26,4764.75,SL,23,-6.87,CLOSED
APOLLOHOSP,2024-08,4.88,2024-09-02,6952.87,6377.96,7292.19,2024-11-07,7292.19,TARGET,66,4.58,CLOSED
APOLLOHOSP,2026-02,12.52,2026-03-02,7612.14,6814.01,8565.1,2026-06-10,8565.1,TARGET,100,12.22,CLOSED
APOLLOHOSP,2026-07,3.17,2026-08-03,9019.5,8601.49,9305.19,2026-08-12,8601.49,SL,9,-4.93,CLOSED
APOLLOTYRE,2011-11,14.67,2011-12-01,56.03,45.68,64.25,2011-12-21,45.68,SL,20,-18.78,CLOSED
APOLLOTYRE,2012-01,22.59,2012-02-01,60.54,47.81,74.22,2012-04-13,74.22,TARGET,72,22.29,CLOSED
APOLLOTYRE,2012-12,5.2,2013-01-01,74.87,69.79,78.77,2013-01-24,69.79,SL,23,-7.09,CLOSED
APOLLOTYRE,2015-05,9.55,2015-06-01,160.93,137.65,176.3,2015-06-09,137.65,SL,8,-14.77,CLOSED
APOLLOTYRE,2017-02,3.99,2017-03-01,164.12,149.05,170.67,2017-03-15,170.67,TARGET,14,3.69,CLOSED
APOLLOTYRE,2018-11,9.26,2018-12-03,215.42,188.36,235.36,2019-01-25,188.36,SL,53,-12.86,CLOSED
APOLLOTYRE,2019-02,6.41,2019-03-01,194.22,172.27,206.67,2019-03-13,208.89,TARGET,12,7.25,CLOSED
APOLLOTYRE,2020-11,31.84,2020-12-01,170.72,128.38,225.08,2021-02-04,225.08,TARGET,65,31.54,CLOSED
APOLLOTYRE,2022-07,18.8,2022-08-01,210.58,176.13,250.17,2022-08-17,250.17,TARGET,16,18.5,CLOSED
APOLLOTYRE,2022-10,4.31,2022-11-01,279.24,250.38,291.26,2022-11-28,291.26,TARGET,27,4.01,CLOSED
APOLLOTYRE,2022-11,8.86,2022-12-01,303.56,258.03,330.45,2023-04-28,330.45,TARGET,148,8.56,CLOSED
APOLLOTYRE,2023-07,7.56,2023-08-01,418.95,376.57,450.62,2023-08-14,376.57,SL,13,-10.42,CLOSED
APOLLOTYRE,2025-04,10.76,2025-05-02,464.07,366.37,514.01,2025-10-28,514.01,TARGET,179,10.46,CLOSED
APTUS,2022-08,27.44,2022-09-01,341.24,263.18,434.86,2022-12-23,263.18,SL,113,-23.18,CLOSED
APTUS,2024-01,17.17,2024-02-01,363.86,306.32,426.34,2024-03-13,306.32,SL,41,-16.12,CLOSED
APTUS,2025-01,4.68,2025-02-01,300.23,261.65,314.28,2025-02-04,314.28,TARGET,3,4.38,CLOSED
ASHOKLEY,2006-04,24.57,2006-05-02,8.06,6.09,10.03,2006-05-22,6.09,SL,20,-24.69,CLOSED
ASHOKLEY,2007-01,6.26,2007-02-01,7.69,6.79,8.17,2007-02-14,6.79,SL,13,-11.98,CLOSED
ASHOKLEY,2010-04,7.62,2010-05-03,10.79,9.55,11.62,2010-05-06,11.62,TARGET,3,7.32,CLOSED
ASHOKLEY,2011-10,4.79,2011-11-01,10.26,9.02,10.75,2011-11-09,10.75,TARGET,8,4.49,CLOSED
ASHOKLEY,2012-03,7.24,2012-04-02,11.55,10.22,12.39,2012-04-20,12.54,TARGET,18,8.25,CLOSED
ASHOKLEY,2012-11,21.11,2012-12-03,11.22,9.21,13.59,2013-01-25,9.21,SL,53,-18.26,CLOSED
ASHOKLEY,2014-10,12.88,2014-11-03,19.06,16.7,21.52,2014-11-12,21.52,TARGET,9,12.58,CLOSED
ASHOKLEY,2015-06,2.25,2015-07-01,29.92,26.07,30.6,2015-07-01,30.6,TARGET,0,1.95,CLOSED
ASHOKLEY,2015-09,2.16,2015-10-01,38.33,33.06,39.16,2015-10-05,39.16,TARGET,4,1.86,CLOSED
ASHOKLEY,2016-03,23.9,2016-04-01,44.47,36.18,55.1,2016-08-02,36.18,SL,123,-18.93,CLOSED
ASHOKLEY,2016-10,13.38,2016-11-01,37.92,32.55,42.99,2016-11-16,32.55,SL,15,-14.45,CLOSED
ASHOKLEY,2016-12,0.75,2017-01-02,33.36,30.79,33.61,2017-01-02,33.61,TARGET,0,0.45,CLOSED
ASHOKLEY,2017-07,18.43,2017-08-01,46.29,38.77,54.83,2017-10-18,54.83,TARGET,78,18.13,CLOSED
ASHOKLEY,2018-02,12.21,2018-03-01,60.05,48.92,67.38,2018-04-24,67.38,TARGET,54,11.91,CLOSED
ASHOKLEY,2021-09,9.0,2021-10-01,60.5,54.0,65.95,2021-10-13,65.95,TARGET,12,8.7,CLOSED
ASHOKLEY,2023-04,4.85,2023-05-02,66.39,61.13,69.61,2023-05-15,69.61,TARGET,13,4.55,CLOSED
ASHOKLEY,2023-11,9.21,2023-12-01,84.87,76.14,92.69,2024-03-13,76.14,SL,103,-10.59,CLOSED
ASHOKLEY,2024-04,15.74,2024-05-02,93.12,79.05,107.78,2024-05-27,107.78,TARGET,25,15.44,CLOSED
ASHOKLEY,2024-07,6.28,2024-08-01,122.88,104.29,130.6,2024-10-07,104.29,SL,67,-15.43,CLOSED
ASHOKLEY,2025-06,6.3,2025-07-01,122.34,112.6,130.06,2025-08-08,112.6,SL,38,-8.27,CLOSED
ASHOKLEY,2025-12,13.33,2026-01-01,176.18,152.94,199.66,2026-02-04,199.66,TARGET,34,13.03,CLOSED
ASHOKLEY,2026-07,5.38,2026-08-03,169.28,147.59,178.38,2026-08-10,178.38,TARGET,7,5.08,CLOSED
ASIANPAINT,2005-03,10.27,2005-04-01,30.94,27.5,34.12,2005-07-07,34.15,TARGET,97,10.07,CLOSED
ASIANPAINT,2005-08,6.38,2005-09-01,38.52,35.82,40.98,2005-09-28,42.01,TARGET,27,8.77,CLOSED
ASIANPAINT,2005-12,10.19,2006-01-02,46.82,42.2,51.59,2006-02-02,51.59,TARGET,31,9.89,CLOSED
ASIANPAINT,2006-07,3.07,2006-08-01,48.43,44.06,49.92,2006-08-03,49.92,TARGET,2,2.77,CLOSED
ASIANPAINT,2008-03,7.61,2008-04-01,100.14,87.79,107.76,2008-05-02,107.76,TARGET,31,7.31,CLOSED
ASIANPAINT,2009-06,11.08,2009-07-01,100.61,89.82,111.76,2009-07-23,111.76,TARGET,22,10.78,CLOSED
ASIANPAINT,2009-07,18.82,2009-08-03,120.75,94.3,143.48,2009-08-17,94.3,SL,14,-22.2,CLOSED
ASIANPAINT,2011-04,9.85,2011-05-02,241.34,218.38,265.12,2011-05-30,265.12,TARGET,28,9.55,CLOSED
ASIANPAINT,2012-02,5.85,2012-03-01,278.6,254.87,294.9,2012-04-03,294.9,TARGET,33,5.55,CLOSED
ASIANPAINT,2012-04,8.78,2012-05-02,309.98,281.59,337.21,2012-05-28,337.21,TARGET,26,8.48,CLOSED
ASIANPAINT,2013-10,17.71,2013-11-01,483.47,403.68,569.1,2014-07-25,569.1,TARGET,266,17.41,CLOSED
ASIANPAINT,2014-11,13.35,2014-12-01,683.39,577.39,774.61,2015-01-16,774.61,TARGET,46,13.05,CLOSED
ASIANPAINT,2015-07,16.87,2015-08-03,802.2,688.35,937.56,2016-06-02,937.56,TARGET,304,16.57,CLOSED
ASIANPAINT,2017-02,5.51,2017-03-01,948.82,878.67,1001.12,2017-03-16,1001.12,TARGET,15,5.21,CLOSED
ASIANPAINT,2017-04,4.37,2017-05-02,1034.58,952.23,1079.83,2017-05-08,1079.83,TARGET,6,4.07,CLOSED
ASIANPAINT,2017-07,5.33,2017-08-01,1077.59,1023.99,1134.99,2017-09-11,1134.99,TARGET,41,5.03,CLOSED
ASIANPAINT,2018-04,7.26,2018-05-02,1115.56,1033.07,1196.51,2018-05-11,1196.51,TARGET,9,6.96,CLOSED
ASIANPAINT,2019-03,6.53,2019-04-01,1401.07,1291.78,1492.6,2019-05-07,1291.78,SL,36,-8.1,CLOSED
ASIANPAINT,2019-08,6.25,2019-09-03,1513.33,1405.71,1607.94,2019-09-20,1607.94,TARGET,17,5.95,CLOSED
ASIANPAINT,2020-12,24.79,2021-01-01,2618.12,2093.55,3267.19,2021-09-24,3267.19,TARGET,266,24.49,CLOSED
ASIANPAINT,2021-12,7.61,2022-01-03,3229.96,2879.99,3475.83,2022-01-25,2879.99,SL,22,-11.14,CLOSED
ASIANPAINT,2022-07,23.69,2022-08-01,3207.33,2578.31,3967.22,2024-11-11,2511.51,SL,833,-21.99,CLOSED
ASIANPAINT,2025-03,7.38,2025-04-01,2297.04,2083.96,2466.6,2025-07-09,2494.93,TARGET,99,8.31,CLOSED
ASTERDM,2018-12,1.5,2019-01-01,116.04,109.25,117.79,2019-01-01,117.79,TARGET,0,1.2,CLOSED
ASTERDM,2026-02,18.55,2026-03-02,615.5,516.84,729.71,2026-05-04,729.71,TARGET,63,18.25,CLOSED
ASTRAL,2009-05,60.0,2009-06-01,4.52,2.62,7.23,2009-11-03,7.23,TARGET,155,59.7,CLOSED
ASTRAL,2012-05,5.73,2012-06-01,18.48,16.0,19.54,2012-06-05,19.54,TARGET,4,5.43,CLOSED
ASTRAL,2012-06,5.77,2012-07-02,19.83,18.32,20.98,2012-07-06,20.98,TARGET,4,5.47,CLOSED
ASTRAL,2014-01,2.85,2014-02-03,76.29,67.0,78.46,2014-02-05,78.46,TARGET,2,2.55,CLOSED
ASTRAL,2014-11,28.11,2014-12-01,194.75,149.57,249.48,2016-02-25,149.57,SL,451,-23.5,CLOSED
ASTRAL,2016-05,0.37,2016-06-01,199.53,179.58,200.28,2016-06-01,200.28,TARGET,0,0.07,CLOSED
ASTRAL,2016-06,5.78,2016-07-01,209.73,193.17,221.86,2016-07-01,221.86,TARGET,0,5.48,CLOSED
ASTRAL,2017-02,16.78,2017-03-01,199.5,170.17,232.97,2017-03-16,232.97,TARGET,15,16.48,CLOSED
ASTRAL,2017-09,7.62,2017-10-03,327.88,296.7,352.86,2017-11-14,352.86,TARGET,42,7.32,CLOSED
ASTRAL,2017-11,10.98,2017-12-01,376.94,331.54,418.34,2017-12-18,331.54,SL,17,-12.34,CLOSED
ASTRAL,2019-05,7.52,2019-06-03,591.29,506.04,635.76,2019-09-16,663.81,TARGET,105,11.97,CLOSED
ASTRAL,2023-05,25.83,2023-06-01,1805.92,1437.99,2272.34,2024-05-17,2275.51,TARGET,351,25.7,CLOSED
ATHERENERG,2025-11,3.76,2025-12-01,717.0,582.05,743.94,2025-12-30,743.94,TARGET,29,3.46,CLOSED
ATHERENERG,2025-12,5.13,2026-01-01,755.0,636.1,793.7,2026-01-09,636.1,SL,8,-16.05,CLOSED
ATHERENERG,2026-06,18.3,2026-07-01,1141.0,927.6,1349.83,2026-08-04,1349.83,TARGET,34,18.0,CLOSED
ATHERENERG,2026-08,36.29,2026-09-01,1694.0,1242.0,2308.8,2026-09-30,1425.0,OPEN,29,-16.18,OPEN
ATUL,2009-09,14.12,2009-10-01,74.45,60.56,84.96,2009-10-29,60.56,SL,28,-18.95,CLOSED
ATUL,2012-09,13.77,2012-10-01,312.01,271.63,354.99,2012-10-03,354.99,TARGET,2,13.47,CLOSED
ATUL,2013-12,9.51,2014-01-01,428.17,373.59,468.89,2014-02-04,373.59,SL,34,-13.05,CLOSED
ATUL,2014-04,24.85,2014-05-02,512.86,404.74,640.32,2014-05-06,640.32,TARGET,4,24.55,CLOSED
ATUL,2019-05,18.09,2019-06-03,3948.99,3303.74,4663.38,2020-01-27,4663.38,TARGET,238,17.79,CLOSED
ATUL,2021-12,3.83,2022-01-03,8880.62,8157.95,9220.61,2022-01-05,9220.61,TARGET,2,3.53,CLOSED
ATUL,2022-07,10.99,2022-08-01,8759.43,7743.4,9722.13,2022-12-23,7743.4,SL,144,-11.9,CLOSED
ATUL,2023-08,7.91,2023-09-01,7268.28,6586.01,7843.03,2023-10-20,6586.01,SL,49,-9.69,CLOSED
ATUL,2023-12,8.43,2024-01-01,7117.93,6539.43,7717.77,2024-01-17,6539.43,SL,16,-8.43,CLOSED
ATUL,2024-07,23.34,2024-08-01,7902.59,6427.69,9746.66,2025-01-24,6427.69,SL,176,-18.96,CLOSED
ATUL,2025-06,4.74,2025-07-01,7394.7,6754.01,7744.93,2025-07-21,6754.01,SL,20,-8.96,CLOSED
ATUL,2025-12,4.55,2026-01-01,6128.78,5578.49,6407.36,2026-01-21,5578.49,SL,20,-9.28,CLOSED
AUROPHARMA,2005-08,2.64,2005-09-01,32.84,29.07,33.71,2005-09-23,29.07,SL,22,-11.8,CLOSED
AUROPHARMA,2006-12,13.62,2007-01-02,62.12,53.47,70.58,2007-02-28,53.47,SL,57,-14.23,CLOSED
AUROPHARMA,2008-02,12.58,2008-03-03,28.23,24.06,31.78,2008-03-17,24.06,SL,14,-15.07,CLOSED
AUROPHARMA,2012-01,35.06,2012-02-01,53.1,39.24,71.71,2012-10-03,74.26,TARGET,245,39.55,CLOSED
AUROPHARMA,2015-01,9.87,2015-02-02,585.53,509.98,643.3,2015-02-09,509.98,SL,7,-13.2,CLOSED
AUROPHARMA,2015-06,5.74,2015-07-01,694.94,587.08,734.85,2015-07-20,734.85,TARGET,19,5.44,CLOSED
AUROPHARMA,2015-09,2.15,2015-10-01,733.2,639.5,748.98,2015-10-09,748.98,TARGET,8,1.85,CLOSED
AUROPHARMA,2018-10,6.33,2018-11-01,765.81,678.22,814.26,2018-12-26,678.22,SL,55,-11.74,CLOSED
AUROPHARMA,2019-01,7.48,2019-02-01,749.81,679.05,805.92,2019-02-19,679.05,SL,18,-9.74,CLOSED
AUROPHARMA,2020-05,19.14,2020-06-01,718.98,582.72,856.61,2020-08-03,856.61,TARGET,63,18.84,CLOSED
AUROPHARMA,2021-03,3.05,2021-04-01,853.4,774.08,879.45,2021-04-07,879.45,TARGET,6,2.75,CLOSED
AUROPHARMA,2021-12,11.22,2022-01-03,719.72,637.08,800.49,2022-01-21,637.08,SL,18,-11.78,CLOSED
AUROPHARMA,2023-03,11.96,2023-04-03,514.78,441.13,576.35,2023-04-19,576.35,TARGET,16,11.66,CLOSED
AUROPHARMA,2023-05,6.74,2023-06-01,650.17,576.52,694.0,2023-06-23,694.0,TARGET,22,6.44,CLOSED
AUROPHARMA,2024-07,18.76,2024-08-01,1428.74,1198.5,1696.77,2024-12-13,1198.5,SL,134,-16.41,CLOSED
AUROPHARMA,2024-12,5.69,2025-01-01,1329.86,1168.71,1405.59,2025-01-13,1168.71,SL,12,-12.42,CLOSED
AUROPHARMA,2026-06,10.68,2026-07-01,1578.7,1391.0,1747.26,2026-09-30,1672.0,OPEN,91,5.61,OPEN
AIIL,2024-09,5.85,2024-10-01,357.68,309.74,378.61,2024-10-21,378.61,TARGET,20,5.55,CLOSED
AIIL,2025-05,38.19,2025-06-02,479.64,330.24,662.81,2025-10-13,662.81,TARGET,133,37.89,CLOSED
AIIL,2025-12,15.77,2026-01-01,629.8,504.0,729.14,2026-01-27,504.0,SL,26,-20.27,CLOSED
AVANTIFEED,2011-10,78.71,2011-11-01,7.3,3.56,13.05,2013-09-04,13.28,TARGET,673,81.56,CLOSED
AVANTIFEED,2014-03,13.88,2014-04-01,30.95,23.0,35.25,2014-04-10,35.49,TARGET,9,14.38,CLOSED
AVANTIFEED,2014-05,2.68,2014-06-02,34.93,29.59,35.86,2014-06-10,35.86,TARGET,8,2.38,CLOSED
AVANTIFEED,2014-06,16.87,2014-07-01,40.44,32.65,47.25,2014-07-24,47.4,TARGET,23,16.94,CLOSED
AVANTIFEED,2023-08,8.12,2023-09-01,420.26,381.62,454.38,2023-09-14,454.38,TARGET,13,7.82,CLOSED
DMART,2018-07,11.41,2018-08-01,1655.0,1495.95,1843.85,2018-09-10,1495.95,SL,40,-9.91,CLOSED
DMART,2018-11,11.55,2018-12-03,1504.9,1346.2,1678.73,2018-12-18,1678.73,TARGET,15,11.25,CLOSED
DMART,2019-07,6.07,2019-08-01,1482.65,1286.3,1572.59,2019-08-27,1572.59,TARGET,26,5.77,CLOSED
DMART,2019-08,5.97,2019-09-03,1568.0,1405.25,1661.54,2019-09-20,1661.54,TARGET,17,5.67,CLOSED
DMART,2019-10,7.2,2019-11-01,1999.65,1801.6,2143.72,2019-11-26,1801.6,SL,25,-10.2,CLOSED
DMART,2020-01,16.08,2020-02-03,2084.0,1780.0,2419.1,2020-02-10,2419.1,TARGET,7,15.78,CLOSED
DMART,2020-04,8.97,2020-05-04,2310.2,2020.0,2517.35,2020-05-21,2517.35,TARGET,17,8.67,CLOSED
DMART,2020-12,20.72,2021-01-01,2767.0,2315.0,3340.42,2021-06-15,3340.42,TARGET,165,20.42,CLOSED
DMART,2021-07,4.69,2021-08-02,3524.8,3300.0,3689.97,2021-08-20,3689.97,TARGET,18,4.39,CLOSED
DMART,2021-08,12.97,2021-09-01,3978.0,3465.0,4493.89,2021-09-23,4493.89,TARGET,22,12.67,CLOSED
DMART,2022-02,5.49,2022-03-02,4299.95,3947.85,4536.15,2022-03-30,3947.85,SL,28,-8.49,CLOSED
DMART,2022-07,24.6,2022-08-01,4251.95,3331.1,5297.74,2023-03-14,3331.1,SL,225,-21.96,CLOSED
DMART,2023-11,8.71,2023-12-01,3969.65,3621.0,4315.28,2024-03-22,4315.28,TARGET,112,8.41,CLOSED
DMART,2024-03,15.48,2024-04-01,4570.0,3811.3,5277.5,2024-09-05,5277.5,TARGET,157,15.18,CLOSED
DMART,2025-06,9.25,2025-07-01,4389.0,3928.9,4794.99,2025-08-26,4794.99,TARGET,56,8.95,CLOSED
AXISBANK,2006-10,14.95,2006-11-01,77.45,65.68,89.03,2006-11-21,89.03,TARGET,20,14.65,CLOSED
AXISBANK,2011-07,3.72,2011-08-01,250.71,228.96,260.03,2011-08-05,228.96,SL,4,-8.97,CLOSED
AXISBANK,2012-11,11.61,2012-12-03,248.0,222.14,276.79,2013-01-29,276.79,TARGET,57,11.31,CLOSED
AXISBANK,2013-01,10.95,2013-02-01,283.31,253.48,314.35,2013-02-28,253.48,SL,27,-10.83,CLOSED
AXISBANK,2014-02,12.83,2014-03-03,241.24,207.28,272.2,2014-03-07,272.2,TARGET,4,12.53,CLOSED
AXISBANK,2014-03,15.27,2014-04-01,281.45,238.87,324.42,2014-05-16,335.06,TARGET,45,18.75,CLOSED
AXISBANK,2014-10,16.34,2014-11-03,427.54,360.12,497.38,2015-01-02,497.38,TARGET,60,16.04,CLOSED
AXISBANK,2015-05,3.1,2015-06-01,567.69,506.17,585.29,2015-07-16,585.29,TARGET,45,2.8,CLOSED
AXISBANK,2017-12,5.33,2018-01-01,560.33,525.84,590.21,2018-01-18,592.33,TARGET,17,5.41,CLOSED
AXISBANK,2019-01,16.58,2019-02-01,716.31,599.93,835.1,2020-03-12,589.08,SL,405,-18.06,CLOSED
AXISBANK,2021-08,10.95,2021-09-01,794.17,708.49,881.1,2021-11-17,708.49,SL,77,-11.09,CLOSED
AXISBANK,2022-03,2.53,2022-04-01,756.26,633.86,775.36,2022-04-04,776.16,TARGET,3,2.33,CLOSED
AXISBANK,2023-06,7.94,2023-07-03,986.62,912.93,1064.92,2023-11-30,1064.92,TARGET,150,7.64,CLOSED
AXISBANK,2023-11,9.41,2023-12-01,1072.83,965.68,1173.79,2024-04-30,1173.79,TARGET,151,9.11,CLOSED
AXISBANK,2024-08,0.78,2024-09-02,1174.09,1121.28,1183.3,2024-09-02,1183.3,TARGET,0,0.48,CLOSED
AXISBANK,2026-01,7.96,2026-02-02,1337.97,1247.04,1444.42,2026-03-12,1242.24,SL,38,-7.45,CLOSED
AXISBANK,2026-08,5.73,2026-09-01,1274.9,1208.6,1348.0,2026-09-24,1208.6,SL,23,-5.5,CLOSED
BEML,2016-12,18.69,2017-01-02,390.2,317.5,463.12,2017-01-11,463.12,TARGET,9,18.39,CLOSED
BEML,2017-03,1.71,2017-04-03,532.45,493.58,541.53,2017-04-06,541.53,TARGET,3,1.41,CLOSED
BEML,2017-07,12.58,2017-08-01,675.47,584.64,760.45,2017-08-10,584.64,SL,9,-13.75,CLOSED
BEML,2022-03,16.91,2022-04-01,736.61,572.35,861.16,2022-05-11,572.35,SL,40,-22.6,CLOSED
BEML,2023-01,4.87,2023-02-01,749.85,687.61,786.34,2023-02-01,687.61,SL,0,-8.6,CLOSED
BEML,2023-11,22.13,2023-12-01,1214.72,980.37,1483.57,2024-01-05,1483.57,TARGET,35,21.83,CLOSED
BLS,2016-09,48.4,2016-10-03,34.54,22.93,51.26,2017-07-05,51.29,TARGET,275,48.17,CLOSED
BLS,2024-01,31.5,2024-02-01,419.85,311.49,552.09,2024-03-13,311.49,SL,41,-26.11,CLOSED
BLS,2024-10,8.33,2024-11-01,396.88,334.63,429.95,2024-11-12,429.95,TARGET,11,8.03,CLOSED
BSE,2017-03,3.24,2017-04-03,88.14,79.4,90.99,2017-04-10,90.99,TARGET,7,2.94,CLOSED
BSE,2017-05,8.86,2017-06-01,98.1,87.6,106.79,2017-11-21,87.6,SL,173,-11.01,CLOSED
BSE,2019-06,3.18,2019-07-01,61.5,58.25,63.45,2019-07-11,58.25,SL,10,-5.58,CLOSED
BSE,2023-07,32.98,2023-08-01,263.8,198.74,350.8,2023-08-31,350.8,TARGET,30,32.68,CLOSED
BSE,2024-08,10.8,2024-09-02,941.04,764.27,1042.72,2024-09-16,1042.72,TARGET,14,10.5,CLOSED
BSE,2025-03,18.26,2025-04-01,1837.35,1220.26,2172.84,2025-04-24,2172.84,TARGET,23,17.96,CLOSED
BSE,2025-05,26.55,2025-06-02,2682.93,2061.38,3395.24,2025-09-24,2061.38,SL,114,-23.47,CLOSED
BSE,2026-04,35.66,2026-05-01,3630.93,2755.74,4925.81,2026-09-30,3092.0,OPEN,152,-15.14,OPEN
BAJAJ-AUTO,2005-06,12.44,2005-07-01,208.46,183.92,234.39,2005-08-03,234.39,TARGET,33,12.14,CLOSED
BAJAJ-AUTO,2006-09,11.15,2006-10-03,470.75,412.44,523.22,2006-11-08,412.44,SL,36,-12.69,CLOSED
BAJAJ-AUTO,2008-07,18.51,2008-08-01,166.15,125.63,196.9,2008-09-04,196.9,TARGET,34,18.21,CLOSED
BAJAJ-AUTO,2009-02,12.7,2009-03-02,169.13,142.05,190.61,2009-03-24,190.61,TARGET,22,12.4,CLOSED
BAJAJ-AUTO,2010-05,5.54,2010-06-01,726.33,657.92,766.57,2010-06-22,766.57,TARGET,21,5.24,CLOSED
BAJAJ-AUTO,2010-06,12.59,2010-07-01,806.48,701.84,908.05,2010-07-28,908.05,TARGET,27,12.29,CLOSED
BAJAJ-AUTO,2011-03,15.29,2011-04-01,989.47,854.7,1140.79,2011-05-05,854.7,SL,34,-13.92,CLOSED
BAJAJ-AUTO,2011-06,7.69,2011-07-01,986.53,866.96,1062.38,2011-08-23,1062.38,TARGET,53,7.39,CLOSED
BAJAJ-AUTO,2012-01,0.62,2012-02-01,1116.65,969.37,1123.6,2012-02-01,1123.6,TARGET,0,0.32,CLOSED
BAJAJ-AUTO,2012-06,4.07,2012-07-02,1084.97,1000.79,1129.08,2012-07-20,1129.08,TARGET,18,3.77,CLOSED
BAJAJ-AUTO,2012-07,4.98,2012-08-01,1127.52,1010.42,1183.71,2012-08-07,1183.71,TARGET,6,4.68,CLOSED
BAJAJ-AUTO,2013-06,5.68,2013-07-01,1366.99,1201.79,1444.67,2013-07-22,1444.67,TARGET,21,5.38,CLOSED
BAJAJ-AUTO,2014-02,2.36,2014-03-03,1410.5,1302.42,1443.77,2014-03-07,1443.77,TARGET,4,2.06,CLOSED
BAJAJ-AUTO,2014-03,7.05,2014-04-01,1513.35,1369.14,1620.06,2014-05-07,1369.14,SL,36,-9.83,CLOSED
BAJAJ-AUTO,2014-06,19.15,2014-07-01,1681.38,1397.57,2003.35,2015-07-23,2003.35,TARGET,387,18.85,CLOSED
BAJAJ-AUTO,2015-12,2.13,2016-01-01,1914.83,1797.52,1955.57,2016-01-08,1797.52,SL,7,-6.43,CLOSED
BAJAJ-AUTO,2016-05,5.07,2016-06-01,2038.96,1829.53,2142.39,2016-07-19,2142.39,TARGET,48,4.77,CLOSED
BAJAJ-AUTO,2018-04,7.57,2018-05-02,2388.41,2172.17,2569.33,2018-05-21,2172.17,SL,19,-9.35,CLOSED
BAJAJ-AUTO,2018-08,1.66,2018-09-03,2231.95,2103.6,2268.98,2018-09-07,2295.68,TARGET,4,2.56,CLOSED
BAJAJ-AUTO,2018-11,5.86,2018-12-03,2227.91,2072.97,2358.48,2019-01-28,2072.97,SL,56,-7.25,CLOSED
BAJAJ-AUTO,2019-08,10.8,2019-09-03,2290.41,2041.42,2537.79,2019-10-17,2537.79,TARGET,44,10.5,CLOSED
BAJAJ-AUTO,2019-10,10.39,2019-11-01,2682.17,2356.14,2960.76,2020-02-28,2356.14,SL,119,-12.46,CLOSED
BAJAJ-AUTO,2020-12,8.52,2021-01-01,2971.64,2725.87,3224.93,2021-01-21,3224.93,TARGET,20,8.22,CLOSED
BAJAJ-AUTO,2022-01,9.71,2022-02-01,3191.28,2900.88,3501.06,2022-03-04,2900.44,SL,31,-9.41,CLOSED
BAJAJ-AUTO,2023-04,14.09,2023-05-02,4109.95,3599.21,4688.87,2023-07-06,4688.87,TARGET,65,13.79,CLOSED
BAJAJ-AUTO,2023-11,14.61,2023-12-01,5771.66,5041.86,6615.03,2024-01-03,6615.03,TARGET,33,14.31,CLOSED
BAJAJ-AUTO,2024-01,12.8,2024-02-01,7326.68,6259.11,8264.76,2024-03-06,8264.76,TARGET,34,12.5,CLOSED
BAJAJ-AUTO,2024-08,12.7,2024-09-02,10508.05,9010.9,11842.57,2024-09-23,11842.57,TARGET,21,12.4,CLOSED
BAJAJ-AUTO,2025-12,2.97,2026-01-01,9235.03,8613.78,9509.33,2026-01-05,9509.33,TARGET,4,2.67,CLOSED
BAJAJ-AUTO,2026-04,13.81,2026-05-01,9855.3,8504.32,11216.07,2026-07-23,11216.07,TARGET,83,13.51,CLOSED
BAJAJ-AUTO,2026-07,18.57,2026-08-03,11575.0,9716.0,13724.76,2026-09-30,10874.0,OPEN,58,-6.36,OPEN
BAJFINANCE,2005-06,25.66,2005-07-01,2.17,1.69,2.73,2005-09-19,2.73,TARGET,80,25.36,CLOSED
BAJFINANCE,2009-05,53.26,2009-06-01,1.29,0.77,1.97,2009-09-01,1.97,TARGET,92,52.96,CLOSED
BAJFINANCE,2012-06,7.42,2012-07-02,8.33,7.41,8.95,2012-07-16,8.95,TARGET,14,7.12,CLOSED
BAJFINANCE,2013-10,16.09,2013-11-01,12.84,10.86,14.91,2013-12-24,14.93,TARGET,53,15.95,CLOSED
BAJFINANCE,2013-12,12.1,2014-01-01,14.84,13.23,16.64,2014-03-28,16.64,TARGET,86,11.8,CLOSED
BAJFINANCE,2014-08,12.73,2014-09-01,23.7,20.61,26.72,2014-10-01,26.72,TARGET,30,12.43,CLOSED
BAJFINANCE,2015-12,8.46,2016-01-01,57.88,51.76,62.77,2016-01-19,51.76,SL,18,-10.86,CLOSED
BAJFINANCE,2016-03,17.05,2016-04-01,66.94,57.34,78.35,2016-07-01,78.35,TARGET,91,16.75,CLOSED
BAJFINANCE,2017-02,6.88,2017-03-01,108.13,98.96,115.57,2017-03-02,98.96,SL,1,-8.78,CLOSED
BAJFINANCE,2018-12,4.23,2019-01-01,256.47,226.13,267.33,2019-03-06,267.33,TARGET,64,3.93,CLOSED
BAJFINANCE,2019-03,13.09,2019-04-01,293.82,255.99,332.29,2019-05-20,332.29,TARGET,49,12.79,CLOSED
BAJFINANCE,2019-06,6.17,2019-07-01,357.67,331.61,379.75,2019-07-08,331.61,SL,7,-7.59,CLOSED
BAJFINANCE,2021-08,20.82,2021-09-01,733.8,590.65,886.54,2022-03-08,590.65,SL,188,-19.81,CLOSED
BAJFINANCE,2022-07,33.49,2022-08-01,709.66,522.14,947.32,2025-04-24,950.26,TARGET,997,33.6,CLOSED
BAJFINANCE,2026-06,11.3,2026-07-01,1000.4,855.19,1113.49,2026-07-31,1113.49,TARGET,30,11.0,CLOSED
BAJFINANCE,2026-07,13.58,2026-08-03,1176.3,993.4,1336.05,2026-09-24,993.4,SL,52,-15.85,CLOSED
BAJAJFINSV,2009-05,66.82,2009-06-01,36.57,21.18,61.0,2012-02-29,61.0,TARGET,1003,66.52,CLOSED
BAJAJFINSV,2012-06,4.37,2012-07-02,66.84,61.09,69.76,2012-07-18,69.76,TARGET,16,4.07,CLOSED
BAJAJFINSV,2013-11,14.78,2013-12-02,73.86,63.16,84.77,2014-05-13,84.77,TARGET,162,14.48,CLOSED
BAJAJFINSV,2016-08,8.94,2016-09-01,294.81,256.41,321.15,2016-09-22,321.15,TARGET,21,8.64,CLOSED
BAJAJFINSV,2019-02,6.08,2019-03-01,645.42,583.17,684.68,2019-03-12,684.68,TARGET,11,5.78,CLOSED
BAJAJFINSV,2019-06,4.11,2019-07-01,851.4,806.24,886.41,2019-07-08,806.24,SL,7,-5.6,CLOSED
BAJAJFINSV,2019-12,3.11,2020-01-01,938.56,878.88,967.72,2020-01-17,967.72,TARGET,16,2.81,CLOSED
BAJAJFINSV,2021-08,20.58,2021-09-01,1711.75,1381.32,2063.98,2022-03-07,1381.32,SL,187,-19.6,CLOSED
BAJAJFINSV,2023-11,6.62,2023-12-01,1676.69,1524.89,1787.74,2024-05-30,1524.89,SL,181,-9.35,CLOSED
BAJAJFINSV,2024-08,7.96,2024-09-02,1793.99,1521.21,1936.72,2024-09-26,1937.4,TARGET,24,7.69,CLOSED
BAJAJFINSV,2025-03,7.21,2025-04-01,1995.32,1730.68,2139.25,2025-10-20,2139.25,TARGET,202,6.91,CLOSED
BAJAJFINSV,2026-07,13.98,2026-08-03,2050.5,1741.5,2337.19,2026-09-28,1741.5,SL,56,-15.37,CLOSED
BAJAJHLDNG,2010-07,7.68,2010-08-02,522.76,480.69,562.92,2010-09-03,562.92,TARGET,32,7.38,CLOSED
BAJAJHLDNG,2014-06,10.16,2014-07-01,1032.86,917.41,1137.8,2014-07-03,1142.95,TARGET,2,10.36,CLOSED
BAJAJHLDNG,2017-01,9.9,2017-02-01,1739.1,1549.2,1911.26,2017-05-16,1911.26,TARGET,104,9.6,CLOSED
BAJAJHLDNG,2017-07,16.34,2017-08-01,2085.35,1528.21,2426.05,2017-08-24,2426.05,TARGET,23,16.04,CLOSED
BAJAJHLDNG,2021-07,12.5,2021-08-02,3677.42,3241.71,4137.08,2021-09-17,4137.08,TARGET,46,12.2,CLOSED
BAJAJHLDNG,2026-08,2.65,2026-09-01,11413.86,10748.71,11716.74,2026-09-25,10748.71,SL,24,-6.13,CLOSED
BALKRISIND,2007-06,25.34,2007-07-02,52.27,40.34,65.52,2008-01-08,65.52,TARGET,190,25.04,CLOSED
BALKRISIND,2009-04,39.05,2009-05-04,15.01,11.49,20.87,2009-05-20,20.87,TARGET,16,38.75,CLOSED
BALKRISIND,2012-12,17.58,2013-01-01,133.74,109.78,157.25,2013-02-27,109.78,SL,57,-18.22,CLOSED
BALKRISIND,2015-03,9.7,2015-04-01,292.91,266.18,321.33,2015-04-10,321.33,TARGET,9,9.4,CLOSED
BALKRISIND,2016-08,20.36,2016-09-01,393.46,322.75,473.57,2016-09-30,473.57,TARGET,29,20.06,CLOSED
BALKRISIND,2017-02,16.14,2017-03-01,602.66,512.23,699.94,2017-04-26,699.94,TARGET,56,15.84,CLOSED
BALKRISIND,2019-03,11.86,2019-04-01,930.56,824.66,1040.93,2019-05-02,824.66,SL,31,-11.68,CLOSED
BALKRISIND,2019-10,13.97,2019-11-01,824.27,661.48,939.43,2020-01-09,939.43,TARGET,69,13.67,CLOSED
BALKRISIND,2020-07,4.83,2020-08-03,1263.29,1168.3,1324.34,2020-08-13,1324.34,TARGET,10,4.53,CLOSED
BALKRISIND,2021-03,8.38,2021-04-01,1628.45,1464.79,1764.85,2021-05-06,1764.85,TARGET,35,8.08,CLOSED
BALKRISIND,2021-05,24.35,2021-06-01,2110.04,1667.89,2623.79,2022-03-07,1667.89,SL,279,-21.25,CLOSED
BALKRISIND,2023-07,7.44,2023-08-01,2501.62,2226.29,2687.8,2024-01-23,2732.71,TARGET,175,8.94,CLOSED
BALKRISIND,2024-07,3.05,2024-08-01,3275.26,3003.19,3375.2,2024-08-09,3003.19,SL,8,-8.61,CLOSED
BALKRISIND,2024-12,4.67,2025-01-01,2886.79,2651.78,3021.73,2025-01-08,2651.78,SL,7,-8.44,CLOSED
BALKRISIND,2025-04,4.71,2025-05-02,2646.7,2130.87,2771.33,2025-05-08,2772.45,TARGET,6,4.45,CLOSED
BALRAMCHIN,2005-12,31.36,2006-01-02,92.11,64.04,120.99,2006-01-24,120.99,TARGET,22,31.06,CLOSED
BALRAMCHIN,2012-01,44.59,2012-02-01,40.84,28.01,59.06,2012-10-12,59.06,TARGET,254,44.29,CLOSED
BALRAMCHIN,2017-10,6.56,2017-11-01,160.8,142.73,171.35,2017-11-15,142.73,SL,14,-11.54,CLOSED
BALRAMCHIN,2021-12,17.92,2022-01-03,352.55,289.4,415.73,2022-01-04,415.73,TARGET,1,17.62,CLOSED
BALRAMCHIN,2022-11,21.63,2022-12-01,374.28,304.73,455.24,2023-11-22,455.24,TARGET,356,21.33,CLOSED
BALRAMCHIN,2025-05,7.15,2025-06-02,585.86,510.14,627.76,2025-09-11,510.14,SL,101,-13.23,CLOSED
BALRAMCHIN,2026-02,11.95,2026-03-02,450.1,411.5,503.91,2026-03-10,503.91,TARGET,8,11.65,CLOSED
BANDHANBNK,2023-04,17.14,2023-05-02,223.74,190.56,262.08,2023-06-01,262.08,TARGET,30,16.84,CLOSED
BANDHANBNK,2026-01,6.06,2026-02-02,147.03,135.72,155.93,2026-02-04,155.93,TARGET,2,5.76,CLOSED
BANKBARODA,2006-08,12.82,2006-09-01,33.86,29.18,38.2,2006-09-28,38.2,TARGET,27,12.52,CLOSED
BANKBARODA,2011-03,10.81,2011-04-01,143.19,128.96,158.67,2011-05-03,128.96,SL,32,-10.24,CLOSED
BANKBARODA,2012-06,8.98,2012-07-02,115.35,98.19,125.71,2012-08-10,98.19,SL,39,-15.18,CLOSED
BANKBARODA,2012-09,26.26,2012-10-01,125.05,94.78,157.9,2013-06-20,94.78,SL,262,-24.51,CLOSED
BANKBARODA,2014-10,3.01,2014-11-03,155.03,141.15,159.7,2014-11-05,159.7,TARGET,2,2.71,CLOSED
BANKBARODA,2017-04,8.44,2017-05-02,160.28,142.89,173.81,2017-06-12,142.89,SL,41,-11.15,CLOSED
BANKBARODA,2018-12,13.09,2019-01-01,102.58,87.94,116.0,2019-02-12,87.94,SL,42,-14.57,CLOSED
BANKBARODA,2019-03,28.81,2019-04-01,114.21,87.25,147.12,2019-07-30,87.25,SL,120,-23.91,CLOSED
BANKBARODA,2022-01,31.24,2022-02-01,93.26,70.07,122.39,2022-09-08,122.39,TARGET,219,30.94,CLOSED
BANKBARODA,2023-04,11.19,2023-05-02,167.19,146.05,185.9,2023-07-04,185.9,TARGET,63,10.89,CLOSED
BANKBARODA,2024-01,7.14,2024-02-01,227.74,199.91,244.0,2024-02-14,244.0,TARGET,13,6.84,CLOSED
BANKBARODA,2025-06,3.13,2025-07-01,241.0,223.3,248.53,2025-09-24,248.53,TARGET,85,2.83,CLOSED
BANKBARODA,2025-09,11.04,2025-10-01,251.66,224.46,279.45,2025-11-03,279.45,TARGET,33,10.74,CLOSED
BANKINDIA,2009-09,22.65,2009-10-01,307.44,232.79,377.07,2010-02-24,232.79,SL,146,-24.58,CLOSED
BANKINDIA,2012-09,21.9,2012-10-01,244.1,198.37,297.54,2013-01-14,297.54,TARGET,105,21.6,CLOSED
BANKINDIA,2014-10,23.0,2014-11-03,238.46,186.0,293.3,2015-02-26,186.0,SL,115,-22.3,CLOSED
BANKINDIA,2016-06,16.85,2016-07-01,86.78,71.16,101.4,2016-08-31,101.4,TARGET,61,16.55,CLOSED
BANKINDIA,2017-07,18.83,2017-08-01,141.3,115.94,167.9,2017-10-11,115.94,SL,71,-18.25,CLOSED
BANKINDIA,2018-08,6.41,2018-09-03,85.72,74.69,91.21,2018-09-18,74.69,SL,15,-13.16,CLOSED
BANKINDIA,2018-12,22.69,2019-01-01,88.99,64.78,109.18,2019-07-24,64.78,SL,204,-27.51,CLOSED
BANKINDIA,2022-10,25.0,2022-11-01,53.81,41.04,67.26,2022-11-09,67.26,TARGET,8,24.7,CLOSED
BANKINDIA,2023-04,12.53,2023-05-02,75.42,65.9,84.86,2023-05-24,65.9,SL,22,-12.92,CLOSED
BANKINDIA,2024-07,4.39,2024-08-01,118.24,109.33,123.43,2024-08-13,109.33,SL,12,-7.83,CLOSED
BANKINDIA,2025-01,10.42,2025-02-01,105.5,84.15,116.5,2025-06-02,116.5,TARGET,121,10.12,CLOSED
BANKINDIA,2025-09,11.9,2025-10-01,119.79,107.18,134.04,2025-10-27,134.04,TARGET,26,11.6,CLOSED
MAHABANK,2006-07,5.46,2006-08-01,13.03,11.27,13.75,2006-08-10,13.75,TARGET,9,5.16,CLOSED
MAHABANK,2012-03,3.79,2012-04-02,40.46,36.35,41.99,2012-05-02,41.99,TARGET,30,3.49,CLOSED
MAHABANK,2014-10,2.74,2014-11-03,36.77,33.01,37.78,2014-11-03,37.78,TARGET,0,2.44,CLOSED
MAHABANK,2024-11,3.88,2024-12-02,53.26,46.7,55.33,2024-12-04,55.33,TARGET,2,3.58,CLOSED
MAHABANK,2025-05,9.82,2025-06-02,52.73,46.1,57.91,2025-10-15,57.91,TARGET,135,9.52,CLOSED
MAHABANK,2025-12,5.96,2026-01-01,60.59,53.86,64.2,2026-01-14,64.2,TARGET,13,5.66,CLOSED
BATAINDIA,2011-05,13.58,2011-06-01,206.27,173.73,234.29,2011-06-14,234.29,TARGET,13,13.28,CLOSED
BATAINDIA,2011-07,7.7,2011-08-01,282.68,253.15,304.46,2011-08-03,239.84,SL,2,-15.45,CLOSED
BATAINDIA,2011-10,11.58,2011-11-01,308.92,261.13,344.69,2011-11-22,261.13,SL,21,-15.77,CLOSED
BATAINDIA,2012-01,29.69,2012-02-01,295.26,221.11,382.92,2012-05-21,382.92,TARGET,110,29.39,CLOSED
BATAINDIA,2012-09,9.99,2012-10-01,421.62,371.69,463.76,2012-10-31,371.69,SL,30,-12.14,CLOSED
BATAINDIA,2014-02,11.52,2014-03-03,460.18,406.56,513.21,2014-05-23,513.21,TARGET,81,11.22,CLOSED
BATAINDIA,2014-06,10.79,2014-07-01,564.19,495.36,625.09,2015-01-16,625.09,TARGET,199,10.49,CLOSED
BATAINDIA,2015-12,4.49,2016-01-01,454.66,406.61,475.1,2016-01-14,406.61,SL,13,-10.87,CLOSED
BATAINDIA,2016-07,11.62,2016-08-01,539.51,474.81,602.19,2016-08-04,474.81,SL,3,-12.29,CLOSED
BATAINDIA,2016-12,8.31,2017-01-02,397.18,356.15,430.18,2017-01-12,430.18,TARGET,10,8.01,CLOSED
BATAINDIA,2017-03,11.68,2017-04-03,493.67,433.64,551.33,2017-08-03,551.33,TARGET,122,11.38,CLOSED
BATAINDIA,2018-06,10.25,2018-07-02,764.59,655.67,842.96,2018-08-02,842.96,TARGET,31,9.95,CLOSED
BATAINDIA,2018-10,0.43,2018-11-01,869.01,742.54,872.77,2018-11-01,872.77,TARGET,0,0.13,CLOSED
BATAINDIA,2018-11,7.06,2018-12-03,932.56,841.07,998.4,2018-12-19,998.4,TARGET,16,6.76,CLOSED
BATAINDIA,2018-12,8.72,2019-01-01,1009.83,891.78,1097.92,2019-02-14,1131.94,TARGET,44,11.79,CLOSED
BATAINDIA,2019-03,9.67,2019-04-01,1252.27,1133.06,1373.33,2019-07-22,1130.89,SL,112,-9.99,CLOSED
BATAINDIA,2019-08,17.92,2019-09-03,1377.41,1148.63,1624.23,2019-10-31,1624.23,TARGET,58,17.62,CLOSED
BATAINDIA,2019-10,4.92,2019-11-01,1613.9,1480.05,1693.27,2019-11-21,1480.05,SL,20,-8.59,CLOSED
BATAINDIA,2020-11,19.89,2020-12-01,1418.65,1163.35,1700.76,2021-04-15,1163.35,SL,135,-18.3,CLOSED
BATAINDIA,2021-05,12.99,2021-06-01,1388.91,1202.75,1569.33,2021-08-12,1569.33,TARGET,72,12.69,CLOSED
BATAINDIA,2021-08,9.68,2021-09-01,1599.94,1433.86,1754.88,2021-10-07,1754.88,TARGET,36,9.38,CLOSED
BATAINDIA,2022-07,17.56,2022-08-01,1781.37,1486.01,2094.09,2023-01-13,1486.01,SL,165,-16.88,CLOSED
BATAINDIA,2023-04,3.97,2023-05-02,1370.63,1280.85,1425.04,2023-05-12,1425.04,TARGET,10,3.67,CLOSED
BATAINDIA,2023-05,7.43,2023-06-01,1472.56,1364.34,1581.9,2023-07-07,1581.9,TARGET,36,7.13,CLOSED
BATAINDIA,2023-07,3.63,2023-08-01,1608.98,1503.16,1667.46,2023-09-27,1503.16,SL,57,-6.88,CLOSED
BATAINDIA,2024-06,10.86,2024-07-01,1421.52,1184.37,1575.91,2025-01-27,1184.37,SL,210,-16.98,CLOSED
BELRISE,2025-12,10.59,2026-01-01,184.76,153.84,204.33,2026-04-10,204.33,TARGET,99,10.29,CLOSED
BERGEPAINT,2010-05,13.42,2010-06-01,18.34,15.02,20.8,2010-06-23,20.8,TARGET,22,13.12,CLOSED
BERGEPAINT,2013-11,5.21,2013-12-02,67.33,60.43,70.83,2014-01-09,60.43,SL,38,-10.55,CLOSED
BERGEPAINT,2014-03,8.42,2014-04-01,63.19,56.47,68.51,2014-04-17,68.51,TARGET,16,8.12,CLOSED
BERGEPAINT,2014-06,17.25,2014-07-01,79.66,66.54,93.4,2014-08-19,93.4,TARGET,49,16.95,CLOSED
BERGEPAINT,2015-12,22.15,2016-01-01,150.97,119.71,184.41,2016-07-19,184.41,TARGET,200,21.85,CLOSED
BERGEPAINT,2017-03,4.44,2017-04-03,191.52,173.71,200.04,2017-04-24,200.04,TARGET,21,4.14,CLOSED
BERGEPAINT,2018-04,11.65,2018-05-02,227.54,200.27,254.04,2018-07-23,255.65,TARGET,82,12.05,CLOSED
BERGEPAINT,2020-12,17.24,2021-01-01,612.35,521.73,717.95,2022-02-28,521.73,SL,423,-15.1,CLOSED
BERGEPAINT,2022-07,9.92,2022-08-01,505.65,456.09,555.83,2022-08-16,555.83,TARGET,15,9.62,CLOSED
BERGEPAINT,2022-11,6.25,2022-12-01,506.26,468.27,537.89,2022-12-23,468.27,SL,22,-7.8,CLOSED
BERGEPAINT,2023-02,5.54,2023-03-01,473.75,428.37,500.02,2023-05-02,500.02,TARGET,62,5.24,CLOSED
BERGEPAINT,2023-05,6.57,2023-06-01,530.23,493.7,565.06,2023-07-21,565.06,TARGET,50,6.27,CLOSED
BERGEPAINT,2023-12,5.27,2024-01-01,595.12,551.23,626.46,2024-01-23,551.23,SL,22,-7.67,CLOSED
BERGEPAINT,2024-07,10.06,2024-08-01,542.56,493.43,597.12,2024-09-10,597.12,TARGET,40,9.76,CLOSED
BERGEPAINT,2025-06,4.28,2025-07-01,586.85,520.75,612.0,2025-08-22,520.75,SL,52,-11.56,CLOSED
BDL,2019-06,13.72,2019-07-01,152.71,127.6,173.67,2019-08-22,127.6,SL,52,-16.74,CLOSED
BDL,2022-07,19.16,2022-08-01,396.41,321.83,472.34,2022-09-16,472.34,TARGET,46,18.86,CLOSED
BEL,2005-09,19.11,2005-10-03,6.2,4.88,7.39,2006-01-04,7.39,TARGET,93,18.81,CLOSED
BEL,2009-03,2.71,2009-04-01,6.78,6.14,6.97,2009-04-02,6.97,TARGET,1,2.41,CLOSED
BEL,2009-09,8.6,2009-10-01,11.74,10.42,12.75,2009-10-06,12.75,TARGET,5,8.3,CLOSED
BEL,2012-06,7.72,2012-07-02,10.67,9.48,11.5,2012-07-30,9.48,SL,28,-11.49,CLOSED
BEL,2015-07,18.38,2015-08-03,33.17,26.55,39.27,2015-08-24,26.55,SL,21,-20.27,CLOSED
BEL,2015-12,9.35,2016-01-01,34.58,29.08,37.82,2016-02-11,29.08,SL,41,-16.2,CLOSED
BEL,2016-11,10.59,2016-12-01,36.65,30.66,40.53,2017-01-30,40.53,TARGET,60,10.29,CLOSED
BEL,2017-04,16.71,2017-05-02,46.52,40.59,54.29,2017-06-27,40.59,SL,56,-13.04,CLOSED
BEL,2017-07,10.65,2017-08-01,47.46,41.32,52.51,2017-10-31,52.82,TARGET,91,11.01,CLOSED
BEL,2018-10,15.88,2018-11-01,26.87,21.53,31.14,2019-02-14,21.53,SL,105,-20.17,CLOSED
BEL,2021-06,22.42,2021-07-01,55.41,43.79,67.83,2021-10-18,67.83,TARGET,109,22.12,CLOSED
BEL,2022-02,1.12,2022-03-02,65.57,59.08,66.31,2022-03-02,66.31,TARGET,0,0.82,CLOSED
BEL,2022-07,17.56,2022-08-01,87.9,71.33,103.33,2022-09-02,103.33,TARGET,32,17.26,CLOSED
BEL,2023-03,3.79,2023-04-03,96.21,86.6,99.86,2023-04-18,99.86,TARGET,15,3.49,CLOSED
BEL,2023-04,5.89,2023-05-02,101.12,92.42,107.08,2023-05-22,107.08,TARGET,20,5.59,CLOSED
BEL,2023-05,8.57,2023-06-01,109.09,100.63,118.44,2023-06-12,118.44,TARGET,11,8.27,CLOSED
BEL,2023-07,3.94,2023-08-01,127.37,117.7,132.39,2023-08-25,134.06,TARGET,24,4.95,CLOSED
BEL,2023-11,9.49,2023-12-01,144.51,128.98,158.23,2023-12-08,158.23,TARGET,7,9.19,CLOSED
BEL,2023-12,26.25,2024-01-01,180.51,143.34,227.89,2024-04-10,227.89,TARGET,100,25.95,CLOSED
BEL,2024-11,8.11,2024-12-02,303.69,266.64,328.31,2025-01-10,266.64,SL,39,-12.5,CLOSED
BEL,2025-10,5.48,2025-11-03,425.61,397.12,448.95,2025-12-08,397.12,SL,35,-6.99,CLOSED
BEL,2026-08,7.0,2026-09-01,414.45,384.68,443.48,2026-09-15,384.68,SL,14,-7.48,CLOSED
BHARATFORG,2012-01,15.47,2012-02-01,127.09,108.38,146.76,2012-02-14,146.76,TARGET,13,15.17,CLOSED
BHARATFORG,2014-02,10.95,2014-03-03,175.75,151.64,194.99,2014-04-01,195.88,TARGET,29,11.16,CLOSED
BHARATFORG,2015-07,8.39,2015-08-03,531.64,469.63,576.23,2015-08-06,576.84,TARGET,3,8.2,CLOSED
BHARATFORG,2017-05,2.19,2017-06-01,549.44,476.79,561.48,2017-06-01,561.48,TARGET,0,1.89,CLOSED
BHARATFORG,2018-04,10.73,2018-05-02,728.49,657.56,806.63,2018-05-21,657.56,SL,19,-10.04,CLOSED
BHARATFORG,2018-08,5.99,2018-09-03,648.09,571.92,686.93,2018-09-21,571.92,SL,18,-12.05,CLOSED
BHARATFORG,2019-02,4.04,2019-03-01,491.14,432.87,510.97,2019-03-13,510.97,TARGET,12,3.74,CLOSED
BHARATFORG,2023-04,4.01,2023-05-02,784.51,726.15,815.97,2023-06-16,815.97,TARGET,45,3.71,CLOSED
BHARATFORG,2023-07,12.03,2023-08-01,919.03,812.58,1029.61,2023-08-24,1029.61,TARGET,23,11.73,CLOSED
BHARATFORG,2023-08,14.91,2023-09-01,1054.63,872.05,1211.9,2023-12-27,1211.9,TARGET,117,14.61,CLOSED
BHARATFORG,2023-12,10.54,2024-01-01,1220.79,1105.4,1349.49,2024-02-12,1105.4,SL,42,-9.75,CLOSED
BHARATFORG,2025-10,9.26,2025-11-03,1318.59,1174.49,1440.72,2025-11-19,1440.72,TARGET,16,8.96,CLOSED
BHARATFORG,2026-02,32.74,2026-03-02,1854.47,1378.64,2461.72,2026-09-30,1926.0,OPEN,212,3.56,OPEN
BHEL,2006-09,6.19,2006-10-03,126.59,115.41,134.42,2006-11-23,134.42,TARGET,51,5.89,CLOSED
BHEL,2007-06,9.92,2007-07-02,165.45,137.98,181.85,2007-07-13,181.85,TARGET,11,9.62,CLOSED
BHEL,2007-08,9.64,2007-09-03,202.9,163.43,222.47,2007-10-04,222.47,TARGET,31,9.34,CLOSED
BHEL,2009-09,1.19,2009-10-01,249.37,235.85,252.33,2009-10-01,252.33,TARGET,0,0.89,CLOSED
BHEL,2011-06,5.53,2011-07-01,226.99,206.23,239.54,2011-07-27,206.23,SL,26,-9.45,CLOSED
BHEL,2012-06,9.59,2012-07-02,133.12,115.32,145.9,2012-09-10,115.32,SL,70,-13.67,CLOSED
BHEL,2014-10,28.06,2014-11-03,156.64,117.9,200.6,2015-09-24,117.9,SL,325,-25.03,CLOSED
BHEL,2016-06,5.98,2016-07-01,78.71,69.41,83.42,2016-07-04,83.42,TARGET,3,5.68,CLOSED
BHEL,2017-02,19.15,2017-03-01,100.25,83.03,119.44,2017-05-30,83.03,SL,90,-17.48,CLOSED
BHEL,2018-12,7.26,2019-01-01,69.94,58.52,75.02,2019-02-05,58.52,SL,35,-16.64,CLOSED
BHEL,2021-09,23.03,2021-10-01,63.25,51.74,77.81,2021-10-13,77.81,TARGET,12,22.73,CLOSED
BHEL,2022-10,23.62,2022-11-01,73.25,59.29,90.55,2022-12-05,90.55,TARGET,34,23.32,CLOSED
BHEL,2023-04,11.92,2023-05-02,77.61,66.92,86.86,2023-05-03,86.86,TARGET,1,11.62,CLOSED
BHEL,2023-08,17.0,2023-09-01,121.25,93.84,141.86,2023-09-05,141.86,TARGET,4,16.7,CLOSED
BHEL,2025-10,11.34,2025-11-03,264.15,228.8,294.1,2025-11-27,294.1,TARGET,24,11.04,CLOSED
BHEL,2026-08,8.76,2026-09-01,437.25,400.2,475.55,2026-09-30,415.5,OPEN,29,-5.27,OPEN
BPCL,2012-03,5.74,2012-04-02,27.68,24.82,29.26,2012-05-15,29.26,TARGET,43,5.44,CLOSED
BPCL,2012-11,2.95,2012-12-03,27.91,25.48,28.73,2012-12-05,28.73,TARGET,2,2.65,CLOSED
BPCL,2014-01,4.25,2014-02-03,30.78,26.58,32.09,2014-02-26,32.09,TARGET,23,3.95,CLOSED
BPCL,2014-08,19.68,2014-09-01,58.96,47.14,70.56,2015-04-08,70.56,TARGET,219,19.38,CLOSED
BPCL,2015-05,11.17,2015-06-01,73.37,60.65,81.56,2015-07-08,81.56,TARGET,37,10.87,CLOSED
BPCL,2016-06,10.99,2016-07-01,98.35,88.22,109.17,2016-07-25,109.17,TARGET,24,10.69,CLOSED
BPCL,2019-08,5.28,2019-09-03,113.83,98.87,119.85,2019-09-05,119.85,TARGET,2,4.98,CLOSED
BPCL,2021-08,5.87,2021-09-01,168.39,156.75,178.27,2021-09-14,178.27,TARGET,13,5.57,CLOSED
BPCL,2022-07,7.1,2022-08-01,136.98,125.87,146.71,2022-08-17,146.71,TARGET,16,6.8,CLOSED
BPCL,2022-11,12.35,2022-12-01,144.02,125.83,161.81,2023-07-05,161.81,TARGET,216,12.05,CLOSED
BPCL,2023-11,24.75,2023-12-01,187.36,149.27,233.73,2024-02-02,233.73,TARGET,63,24.45,CLOSED
BPCL,2025-09,10.2,2025-10-01,324.88,292.3,358.04,2025-11-06,362.04,TARGET,36,11.14,CLOSED
BPCL,2025-12,6.93,2026-01-01,375.8,339.52,401.86,2026-01-21,339.52,SL,20,-9.95,CLOSED
BPCL,2026-07,5.34,2026-08-03,324.75,299.4,342.08,2026-09-09,299.4,SL,37,-8.11,CLOSED
BHARTIARTL,2010-11,10.59,2010-12-01,294.14,249.63,325.3,2011-04-08,325.3,TARGET,128,10.29,CLOSED
BHARTIARTL,2011-07,10.72,2011-08-01,368.48,311.21,407.99,2011-08-19,311.21,SL,18,-15.84,CLOSED
BHARTIARTL,2013-10,15.2,2013-11-01,303.2,256.68,349.3,2014-01-17,256.68,SL,77,-15.64,CLOSED
BHARTIARTL,2014-07,10.69,2014-08-01,307.77,271.3,340.66,2014-09-03,340.66,TARGET,33,10.39,CLOSED
BHARTIARTL,2015-12,1.81,2016-01-01,286.6,256.42,291.79,2016-01-13,256.42,SL,12,-10.83,CLOSED
BHARTIARTL,2016-06,4.38,2016-07-01,308.39,284.41,321.91,2016-08-29,284.41,SL,59,-8.08,CLOSED
BHARTIARTL,2016-11,1.8,2016-12-01,274.23,239.57,279.17,2016-12-06,279.17,TARGET,5,1.5,CLOSED
BHARTIARTL,2018-07,2.26,2018-08-01,333.07,282.68,340.61,2018-08-01,340.61,TARGET,0,1.96,CLOSED
BHARTIARTL,2021-08,18.23,2021-09-01,632.88,530.56,748.27,2021-11-24,748.27,TARGET,84,17.93,CLOSED
BHARTIARTL,2022-10,4.01,2022-11-01,802.75,736.68,834.96,2023-01-11,736.68,SL,71,-8.53,CLOSED
BHARTIARTL,2023-04,6.72,2023-05-02,775.84,729.11,827.95,2023-05-31,827.95,TARGET,29,6.42,CLOSED
BHARTIARTL,2023-06,3.39,2023-07-03,853.16,794.02,882.12,2023-09-13,882.12,TARGET,72,3.09,CLOSED
BHARTIARTL,2023-11,10.97,2023-12-01,988.57,872.13,1097.0,2024-01-19,1097.0,TARGET,49,10.67,CLOSED
BHARTIARTL,2026-07,7.82,2026-08-03,1987.4,1822.66,2142.81,2026-08-31,1822.66,SL,28,-8.59,CLOSED
BHARTIHEXA,2024-08,10.47,2024-09-02,1247.28,1037.01,1377.89,2024-09-13,1377.89,TARGET,11,10.17,CLOSED
BIOCON,2011-03,10.86,2011-04-01,51.94,46.11,57.58,2011-04-26,57.58,TARGET,25,10.56,CLOSED
BIOCON,2012-06,7.78,2012-07-02,36.07,31.51,38.87,2012-07-17,38.87,TARGET,15,7.48,CLOSED
BIOCON,2012-08,9.03,2012-09-03,40.89,36.35,44.58,2012-10-03,44.58,TARGET,30,8.73,CLOSED
BIOCON,2013-10,2.47,2013-11-01,54.8,51.36,56.15,2013-11-05,56.15,TARGET,4,2.17,CLOSED
BIOCON,2014-02,5.09,2014-03-03,73.12,66.38,76.85,2014-03-27,66.38,SL,24,-9.52,CLOSED
BIOCON,2014-06,21.37,2014-07-01,84.48,69.15,102.53,2014-12-16,69.15,SL,168,-18.45,CLOSED
BIOCON,2015-12,12.23,2016-01-01,84.43,74.04,94.76,2016-02-09,74.04,SL,39,-12.6,CLOSED
BIOCON,2016-04,21.11,2016-05-02,95.9,78.98,116.14,2016-05-27,116.14,TARGET,25,20.81,CLOSED
BIOCON,2016-05,22.57,2016-06-01,117.45,95.56,143.96,2016-08-08,143.96,TARGET,68,22.27,CLOSED
BIOCON,2016-08,10.56,2016-09-01,149.88,132.81,165.7,2016-10-21,165.7,TARGET,50,10.26,CLOSED
BIOCON,2018-08,6.41,2018-09-03,309.28,276.39,329.11,2018-09-06,329.11,TARGET,3,6.11,CLOSED
BIOCON,2019-08,3.99,2019-09-03,223.55,208.67,232.48,2019-09-06,232.48,TARGET,3,3.69,CLOSED
BIOCON,2023-04,12.7,2023-05-02,231.69,204.65,261.11,2023-06-30,261.11,TARGET,59,12.4,CLOSED
BIOCON,2023-06,8.28,2023-07-03,265.46,231.74,287.44,2023-10-20,231.74,SL,109,-13.0,CLOSED
BIOCON,2023-11,8.49,2023-12-01,240.06,217.45,260.44,2024-01-02,260.44,TARGET,32,8.19,CLOSED
BIOCON,2024-11,15.52,2024-12-02,374.05,305.33,432.09,2025-02-28,305.33,SL,88,-18.67,CLOSED
BSOFT,2011-05,5.4,2011-06-01,41.85,37.63,44.12,2011-07-07,44.12,TARGET,36,5.1,CLOSED
BSOFT,2014-06,8.19,2014-07-01,85.99,79.63,93.02,2014-07-16,93.02,TARGET,15,7.89,CLOSED
BSOFT,2016-05,13.2,2016-06-01,93.41,80.73,105.74,2016-07-01,80.73,SL,30,-13.87,CLOSED
BSOFT,2017-10,22.57,2017-11-01,81.04,65.54,99.33,2018-01-01,99.33,TARGET,61,22.27,CLOSED
BSOFT,2018-04,19.42,2018-05-02,140.07,116.13,167.27,2018-08-02,167.27,TARGET,92,19.12,CLOSED
BSOFT,2018-08,3.3,2018-09-03,166.96,154.49,172.46,2018-09-21,154.49,SL,18,-7.77,CLOSED
BSOFT,2021-12,14.69,2022-01-03,512.06,428.04,587.26,2022-01-24,428.04,SL,21,-16.71,CLOSED
BSOFT,2022-11,13.33,2022-12-01,295.0,247.14,334.32,2023-02-03,245.25,SL,64,-17.16,CLOSED
BSOFT,2023-05,25.85,2023-06-01,326.3,259.0,410.64,2023-08-01,410.64,TARGET,61,25.55,CLOSED
BSOFT,2023-08,19.3,2023-09-01,489.21,399.08,583.62,2023-11-15,583.62,TARGET,75,19.0,CLOSED
BBOX,2006-02,9.22,2006-03-01,35.09,33.02,38.33,2006-03-02,38.33,TARGET,1,8.92,CLOSED
BBOX,2012-03,28.32,2012-04-02,17.49,13.08,22.44,2012-05-11,22.76,TARGET,39,29.81,CLOSED
BBOX,2021-03,29.18,2021-04-01,265.06,185.54,342.4,2021-04-23,342.4,TARGET,22,28.88,CLOSED
BBOX,2023-12,13.27,2024-01-01,304.62,224.2,345.03,2024-03-12,224.2,SL,71,-26.7,CLOSED
BBOX,2024-07,46.15,2024-08-01,513.17,352.79,750.02,2025-03-04,336.1,SL,215,-34.8,CLOSED
BLUESTARCO,2007-04,11.15,2007-05-03,94.23,76.21,104.73,2007-05-03,76.21,SL,0,-19.42,CLOSED
BLUESTARCO,2013-10,3.81,2013-11-01,66.98,61.34,69.53,2013-11-22,61.34,SL,21,-8.71,CLOSED
BLUESTARCO,2015-09,0.31,2015-10-01,160.79,144.67,161.29,2015-10-14,161.29,TARGET,13,0.01,CLOSED
BLUESTARCO,2017-03,22.53,2017-04-03,318.13,246.55,389.79,2018-10-22,246.55,SL,567,-22.8,CLOSED
BLUESTARCO,2018-11,21.01,2018-12-03,317.89,259.51,384.68,2019-06-06,384.68,TARGET,185,20.71,CLOSED
BLUESTARCO,2021-02,18.54,2021-03-01,431.56,351.35,511.56,2021-11-09,511.56,TARGET,253,18.24,CLOSED
BLUESTARCO,2024-01,20.33,2024-02-01,1124.35,917.14,1352.9,2024-04-04,1352.9,TARGET,63,20.03,CLOSED
BLUESTARCO,2024-04,17.46,2024-05-02,1479.76,1247.93,1738.19,2024-06-18,1738.19,TARGET,47,17.16,CLOSED
BOSCHLTD,2005-02,6.61,2005-03-01,1657.07,1544.66,1766.68,2005-03-09,1789.47,TARGET,8,7.69,CLOSED
BOSCHLTD,2008-04,11.1,2008-05-02,3548.02,3038.26,3941.84,2008-08-07,3038.26,SL,97,-14.67,CLOSED
BOSCHLTD,2009-07,21.68,2009-08-03,3407.55,2662.76,4146.29,2010-01-08,4146.29,TARGET,158,21.38,CLOSED
BOSCHLTD,2012-10,1.92,2012-11-01,7834.49,7585.98,7984.85,2012-11-20,8114.85,TARGET,19,3.28,CLOSED
BOSCHLTD,2012-12,4.36,2013-01-01,8422.64,7850.24,8790.17,2013-01-29,7850.24,SL,28,-7.1,CLOSED
BOSCHLTD,2014-03,15.82,2014-04-01,9536.45,8151.27,11044.88,2014-05-22,11044.88,TARGET,51,15.52,CLOSED
BOSCHLTD,2014-06,9.73,2014-07-01,12193.56,10451.44,13379.68,2014-08-25,13379.68,TARGET,55,9.43,CLOSED
BOSCHLTD,2015-01,22.43,2015-02-02,21263.73,16868.68,26033.16,2015-11-13,16868.68,SL,284,-20.97,CLOSED
BOSCHLTD,2016-05,13.65,2016-06-01,19970.15,16982.65,22695.49,2016-08-01,22695.49,TARGET,61,13.35,CLOSED
BOSCHLTD,2021-12,7.12,2022-01-03,16138.59,14162.99,17288.21,2022-02-24,14162.99,SL,52,-12.54,CLOSED
BOSCHLTD,2022-05,0.94,2022-06-01,13678.47,12050.14,13806.65,2022-06-02,13806.65,TARGET,1,0.64,CLOSED
BOSCHLTD,2022-07,13.85,2022-08-01,16234.85,14164.44,18482.69,2023-03-31,18482.69,TARGET,242,13.55,CLOSED
BOSCHLTD,2023-03,7.63,2023-04-03,18607.2,16986.09,20027.49,2023-10-13,20027.49,TARGET,193,7.33,CLOSED
BOSCHLTD,2023-12,2.8,2024-01-01,21596.04,20656.7,22200.19,2024-01-09,22200.19,TARGET,8,2.5,CLOSED
BOSCHLTD,2025-03,6.84,2025-04-01,27542.62,25489.04,29425.33,2025-04-07,25489.04,SL,6,-7.76,CLOSED
BOSCHLTD,2025-04,3.87,2025-05-02,29007.81,25407.29,30129.47,2025-05-07,30129.47,TARGET,5,3.57,CLOSED
BOSCHLTD,2025-06,4.03,2025-07-01,32012.0,30331.02,33301.04,2025-07-03,33301.04,TARGET,2,3.73,CLOSED
BOSCHLTD,2025-07,25.25,2025-08-01,40111.05,31482.71,50240.85,2026-03-09,31482.71,SL,220,-21.81,CLOSED
BOSCHLTD,2026-08,22.5,2026-09-01,49400.0,40836.27,60514.88,2026-09-30,47100.0,OPEN,29,-4.96,OPEN
BRIGADE,2009-05,95.2,2009-06-01,42.46,19.65,82.87,2011-12-14,19.65,SL,926,-54.01,CLOSED
BRIGADE,2019-12,6.59,2020-01-01,161.05,142.75,171.65,2020-01-10,171.65,TARGET,9,6.29,CLOSED
BRIGADE,2023-07,3.22,2023-08-01,442.65,408.04,456.92,2023-09-04,457.76,TARGET,34,3.11,CLOSED
BRIGADE,2026-07,15.89,2026-08-03,579.94,494.64,672.09,2026-09-03,672.09,TARGET,31,15.59,CLOSED
BRITANNIA,2009-01,5.16,2009-02-02,111.14,97.26,116.87,2009-03-09,97.26,SL,35,-12.79,CLOSED
BRITANNIA,2009-12,4.82,2010-01-04,133.43,128.71,139.86,2010-01-22,128.71,SL,18,-3.84,CLOSED
BRITANNIA,2010-05,3.27,2010-06-01,133.11,128.71,137.46,2010-06-03,137.46,TARGET,2,2.97,CLOSED
BRITANNIA,2011-03,10.75,2011-04-01,149.63,137.3,165.71,2011-05-10,137.3,SL,39,-8.54,CLOSED
BRITANNIA,2011-08,1.47,2011-09-02,201.14,177.48,204.1,2011-09-09,159.68,SL,7,-20.91,CLOSED
BRITANNIA,2012-03,13.95,2012-04-02,242.19,176.47,275.98,2012-08-03,158.6,SL,123,-34.81,CLOSED
BRITANNIA,2012-08,7.82,2012-09-03,209.73,158.6,226.14,2013-01-03,226.14,TARGET,122,7.52,CLOSED
BRITANNIA,2013-04,10.46,2013-05-02,236.65,210.36,261.4,2013-05-27,261.4,TARGET,25,10.16,CLOSED
BRITANNIA,2013-05,24.89,2013-06-03,302.6,232.13,377.93,2013-10-23,377.93,TARGET,142,24.59,CLOSED
BRITANNIA,2014-07,15.21,2014-08-01,482.84,409.25,556.29,2014-08-19,556.29,TARGET,18,14.91,CLOSED
BRITANNIA,2016-07,7.09,2016-08-01,1275.52,1182.26,1365.89,2016-08-08,1365.89,TARGET,7,6.79,CLOSED
BRITANNIA,2017-01,8.46,2017-02-01,1355.92,1224.7,1470.61,2017-03-29,1470.61,TARGET,56,8.16,CLOSED
BRITANNIA,2017-04,7.43,2017-05-02,1562.01,1416.1,1678.0,2017-07-27,1678.0,TARGET,86,7.13,CLOSED
BRITANNIA,2017-07,6.88,2017-08-01,1705.74,1581.93,1823.12,2017-08-07,1823.12,TARGET,6,6.58,CLOSED
BRITANNIA,2018-04,10.92,2018-05-02,2412.96,2164.66,2676.36,2018-06-15,2676.36,TARGET,44,10.62,CLOSED
BRITANNIA,2018-06,4.89,2018-07-02,2709.73,2485.02,2842.3,2018-07-16,2842.3,TARGET,14,4.59,CLOSED
BRITANNIA,2018-07,5.7,2018-08-01,2874.49,2685.0,3038.2,2018-09-05,2685.0,SL,35,-6.89,CLOSED
BRITANNIA,2018-11,12.32,2018-12-03,2774.01,2431.08,3115.79,2019-02-18,2431.08,SL,77,-12.66,CLOSED
BRITANNIA,2021-03,7.77,2021-04-01,3299.99,3056.73,3556.33,2021-08-20,3556.33,TARGET,141,7.47,CLOSED
BRITANNIA,2021-08,16.77,2021-09-01,3690.88,3186.47,4309.84,2021-12-20,3186.47,SL,110,-13.97,CLOSED
BRITANNIA,2022-11,15.82,2022-12-01,4112.56,3491.51,4763.04,2023-06-09,4763.04,TARGET,190,15.52,CLOSED
BRITANNIA,2023-11,9.63,2023-12-01,4670.38,4166.92,5120.01,2023-12-29,5120.01,TARGET,28,9.33,CLOSED
BRITANNIA,2023-12,10.01,2024-01-01,5117.0,4635.93,5629.27,2024-02-08,4635.93,SL,38,-9.7,CLOSED
BRITANNIA,2024-09,8.25,2024-10-01,6123.34,5657.5,6628.35,2024-10-21,5657.5,SL,20,-7.91,CLOSED
BRITANNIA,2025-06,6.18,2025-07-01,5694.3,5267.1,6046.15,2025-08-11,5267.1,SL,41,-7.8,CLOSED
BIRET,2021-12,4.73,2022-01-03,216.68,206.19,226.92,2022-02-03,226.92,TARGET,31,4.43,CLOSED
BIRET,2022-03,3.03,2022-04-01,233.52,213.97,240.61,2022-04-18,240.61,TARGET,17,2.73,CLOSED
BIRET,2023-05,1.47,2023-06-01,221.23,210.26,224.49,2023-06-21,210.26,SL,20,-5.26,CLOSED
BIRET,2024-01,7.73,2024-02-01,210.97,194.63,227.29,2024-06-03,227.29,TARGET,123,7.43,CLOSED
BIRET,2024-09,7.14,2024-10-01,250.37,230.96,268.24,2025-01-20,268.24,TARGET,111,6.84,CLOSED
BIRET,2025-06,2.94,2025-07-01,290.71,278.1,299.25,2025-08-06,299.25,TARGET,36,2.64,CLOSED
BIRET,2026-01,6.43,2026-02-02,342.95,314.56,365.0,2026-03-20,314.56,SL,46,-8.58,CLOSED
BIRET,2026-06,3.81,2026-07-01,327.46,312.85,339.94,2026-08-07,339.94,TARGET,37,3.51,CLOSED
CCL,2005-07,56.37,2005-08-01,23.21,14.11,36.29,2005-11-17,37.01,TARGET,108,59.17,CLOSED
CCL,2016-11,2.04,2016-12-01,229.86,207.24,234.54,2016-12-01,234.54,TARGET,0,1.74,CLOSED
CCL,2018-04,12.33,2018-05-02,287.92,250.63,323.43,2018-06-18,250.63,SL,47,-13.25,CLOSED
CCL,2020-01,12.2,2020-02-03,201.25,176.81,225.79,2020-02-05,225.79,TARGET,2,11.9,CLOSED
CCL,2023-04,6.1,2023-05-02,592.18,536.12,628.28,2023-06-02,628.28,TARGET,31,5.8,CLOSED
CCL,2023-06,4.72,2023-07-03,647.7,614.19,678.28,2023-07-05,678.28,TARGET,2,4.42,CLOSED
CCL,2023-11,11.86,2023-12-01,663.08,582.53,741.73,2024-03-12,582.53,SL,102,-12.45,CLOSED
CESC,2013-12,22.19,2014-01-01,26.9,21.97,32.87,2014-05-20,32.87,TARGET,139,21.89,CLOSED
CESC,2014-06,24.18,2014-07-01,41.53,32.97,51.57,2015-04-20,32.97,SL,293,-20.91,CLOSED
CESC,2016-06,9.61,2016-07-01,36.41,32.31,39.92,2016-08-17,39.92,TARGET,47,9.31,CLOSED
CESC,2016-08,8.46,2016-09-01,40.78,36.15,44.23,2016-10-14,36.15,SL,43,-11.64,CLOSED
CESC,2017-04,12.29,2017-05-02,58.28,51.02,65.44,2017-05-18,51.02,SL,16,-12.75,CLOSED
CESC,2017-07,8.54,2017-08-01,58.26,53.02,63.24,2017-08-28,63.24,TARGET,27,8.24,CLOSED
CESC,2018-11,0.65,2018-12-03,48.74,46.55,49.05,2018-12-03,49.05,TARGET,0,0.35,CLOSED
CESC,2023-07,8.83,2023-08-01,68.69,63.16,74.75,2023-09-01,74.75,TARGET,31,8.53,CLOSED
CESC,2023-12,36.32,2024-01-01,116.67,85.53,159.04,2024-07-08,159.04,TARGET,189,36.02,CLOSED
CGPOWER,2007-04,10.47,2007-05-03,35.28,29.4,38.97,2007-05-28,38.97,TARGET,25,10.17,CLOSED
CGPOWER,2009-12,8.36,2010-01-04,73.41,65.21,79.55,2010-04-01,79.55,TARGET,87,8.06,CLOSED
CGPOWER,2011-05,4.76,2011-06-01,81.84,72.51,85.73,2011-06-14,85.73,TARGET,13,4.46,CLOSED
CGPOWER,2014-02,12.12,2014-03-03,43.22,36.91,48.45,2014-03-07,48.45,TARGET,4,11.82,CLOSED
CGPOWER,2017-03,12.62,2017-04-03,76.85,65.99,86.55,2017-05-10,86.55,TARGET,37,12.32,CLOSED
CGPOWER,2020-06,42.5,2020-07-01,8.84,5.93,12.6,2020-08-13,13.04,TARGET,43,47.19,CLOSED
CGPOWER,2020-08,140.86,2020-09-01,23.21,9.58,55.91,2021-02-23,56.7,TARGET,175,143.96,CLOSED
CGPOWER,2021-09,43.13,2021-10-01,122.1,83.82,174.76,2021-12-14,174.76,TARGET,74,42.83,CLOSED
CGPOWER,2023-04,2.93,2023-05-02,305.82,284.77,314.79,2023-05-09,314.79,TARGET,7,2.63,CLOSED
CGPOWER,2025-08,4.93,2025-09-01,708.44,644.58,743.34,2025-09-03,746.35,TARGET,2,5.05,CLOSED
CGPOWER,2026-08,6.09,2026-09-01,901.95,826.1,956.9,2026-09-30,854.2,OPEN,29,-5.59,OPEN
CIEINDIA,2009-05,62.16,2009-06-01,69.67,38.8,112.97,2009-11-23,112.97,TARGET,175,61.86,CLOSED
CIEINDIA,2011-10,6.46,2011-11-01,60.6,54.28,64.52,2011-11-09,64.52,TARGET,8,6.16,CLOSED
CIEINDIA,2013-09,3.96,2013-10-01,63.2,60.18,65.7,2013-10-10,60.18,SL,9,-5.08,CLOSED
CIEINDIA,2015-06,4.29,2015-07-01,218.53,185.4,227.91,2015-07-03,227.91,TARGET,2,3.99,CLOSED
CIEINDIA,2018-04,16.34,2018-05-02,237.13,194.04,275.89,2018-09-03,275.89,TARGET,124,16.04,CLOSED
CIEINDIA,2020-04,38.18,2020-05-04,94.16,62.3,130.12,2020-08-20,130.12,TARGET,108,37.88,CLOSED
CIEINDIA,2023-08,2.52,2023-09-01,507.51,446.38,520.31,2023-10-04,446.38,SL,33,-12.35,CLOSED
CRISIL,2006-02,7.9,2006-03-01,118.6,104.71,127.97,2006-03-03,127.97,TARGET,2,7.6,CLOSED
CRISIL,2007-11,3.55,2007-12-03,243.99,218.87,252.66,2007-12-06,252.66,TARGET,3,3.25,CLOSED
CRISIL,2010-06,8.92,2010-07-01,454.91,412.32,495.49,2010-10-20,510.24,TARGET,111,11.86,CLOSED
CRISIL,2012-09,4.41,2012-10-01,774.41,736.73,808.55,2012-12-03,808.55,TARGET,63,4.11,CLOSED
CRISIL,2013-07,6.59,2013-08-01,968.13,900.2,1031.89,2013-08-05,900.2,SL,4,-7.32,CLOSED
CRISIL,2014-04,5.82,2014-05-02,1088.52,995.42,1151.84,2014-05-14,1151.84,TARGET,12,5.52,CLOSED
CRISIL,2015-07,5.67,2015-08-03,1651.38,1604.98,1745.09,2015-08-10,1604.98,SL,7,-3.11,CLOSED
CRISIL,2016-03,1.48,2016-04-01,1533.92,1498.41,1556.61,2016-04-06,1556.61,TARGET,5,1.18,CLOSED
CRISIL,2016-05,14.58,2016-06-01,1902.87,1653.52,2180.38,2016-06-24,1653.52,SL,23,-13.4,CLOSED
CRISIL,2017-08,1.84,2017-09-01,1638.05,1545.59,1668.25,2017-10-04,1545.59,SL,33,-5.94,CLOSED
CRISIL,2017-11,4.1,2017-12-01,1628.3,1541.92,1695.08,2017-12-06,1541.92,SL,5,-5.61,CLOSED
CRISIL,2017-12,0.07,2018-01-01,1627.78,1529.62,1628.91,2018-01-01,1628.91,TARGET,0,-0.23,CLOSED
CRISIL,2019-09,6.66,2019-10-01,1231.61,1121.11,1313.69,2019-10-31,1313.69,TARGET,30,6.36,CLOSED
CRISIL,2019-10,6.76,2019-11-01,1321.89,1128.57,1411.24,2019-11-28,1411.24,TARGET,27,6.46,CLOSED
CRISIL,2019-11,9.62,2019-12-02,1432.24,1235.2,1570.05,2019-12-16,1570.05,TARGET,14,9.32,CLOSED
CRISIL,2023-01,2.6,2023-02-01,2993.07,2750.54,3070.84,2023-02-13,3070.84,TARGET,12,2.3,CLOSED
CRISIL,2023-04,11.83,2023-05-02,3447.26,3067.72,3854.9,2023-06-12,3854.9,TARGET,41,11.53,CLOSED
CRISIL,2024-10,17.76,2024-11-01,5374.63,4144.86,6329.18,2024-12-31,6329.18,TARGET,60,17.46,CLOSED
CRISIL,2026-08,10.6,2026-09-01,4821.8,4309.9,5332.76,2026-09-30,4450.8,OPEN,29,-7.99,OPEN
CANFINHOME,2006-08,8.24,2006-09-01,7.25,6.34,7.85,2006-10-20,7.85,TARGET,49,7.94,CLOSED
CANFINHOME,2007-12,10.22,2008-01-01,12.37,10.18,13.63,2008-01-22,10.11,SL,21,-18.59,CLOSED
CANFINHOME,2008-02,11.76,2008-03-03,10.54,9.34,11.78,2008-03-24,9.34,SL,21,-11.63,CLOSED
CANFINHOME,2015-06,14.37,2015-07-01,143.05,116.98,163.6,2015-09-24,163.6,TARGET,85,14.07,CLOSED
CANFINHOME,2018-02,20.55,2018-03-01,505.69,375.54,609.61,2018-05-07,375.54,SL,67,-26.04,CLOSED
CANFINHOME,2019-03,29.94,2019-04-01,328.59,250.68,426.97,2020-01-21,426.97,TARGET,295,29.64,CLOSED
CANFINHOME,2021-03,28.32,2021-04-01,585.23,443.86,750.96,2022-05-11,443.86,SL,405,-24.46,CLOSED
CANFINHOME,2022-07,39.81,2022-08-01,571.93,405.51,799.64,2023-07-20,799.64,TARGET,353,39.51,CLOSED
CANFINHOME,2025-05,10.21,2025-06-02,769.33,674.99,847.86,2025-10-23,847.86,TARGET,143,9.91,CLOSED
CANBK,2005-02,5.57,2005-03-01,26.07,23.69,27.53,2005-03-07,27.53,TARGET,6,5.27,CLOSED
CANBK,2006-01,3.92,2006-02-01,30.23,26.65,31.42,2006-02-10,31.42,TARGET,9,3.62,CLOSED
CANBK,2007-06,13.43,2007-07-02,34.86,28.84,39.55,2007-08-22,28.84,SL,51,-17.58,CLOSED
CANBK,2007-09,13.84,2007-10-01,35.89,31.4,40.86,2007-10-17,31.4,SL,16,-12.8,CLOSED
CANBK,2009-11,15.98,2009-12-01,54.77,44.8,63.52,2010-06-29,63.52,TARGET,210,15.68,CLOSED
CANBK,2012-11,15.88,2012-12-03,68.78,58.97,79.7,2013-03-20,58.97,SL,107,-14.56,CLOSED
CANBK,2014-10,14.63,2014-11-03,64.35,54.56,73.76,2015-01-15,73.8,TARGET,73,14.39,CLOSED
CANBK,2018-10,18.61,2018-11-01,44.35,34.66,52.6,2019-09-03,34.66,SL,306,-22.15,CLOSED
CANBK,2022-01,26.51,2022-02-01,43.14,33.62,54.57,2022-03-07,33.62,SL,34,-22.37,CLOSED
CANBK,2023-04,11.6,2023-05-02,55.79,49.22,62.26,2023-07-20,62.26,TARGET,79,11.3,CLOSED
CANBK,2024-01,10.17,2024-02-01,87.9,79.71,96.84,2024-02-07,96.84,TARGET,6,9.87,CLOSED
CANBK,2025-05,17.76,2025-06-02,107.25,85.0,126.3,2025-10-28,126.3,TARGET,148,17.46,CLOSED
CANBK,2025-11,10.65,2025-12-01,147.15,132.21,162.82,2026-03-09,132.21,SL,98,-10.45,CLOSED
CAPLIPOINT,2014-07,67.56,2014-08-01,71.66,43.46,120.07,2015-02-03,120.07,TARGET,186,67.26,CLOSED
CAPLIPOINT,2019-10,1.25,2019-11-01,419.66,358.64,424.9,2019-11-01,424.9,TARGET,0,0.95,CLOSED
CAPLIPOINT,2023-07,12.63,2023-08-01,903.12,773.73,1017.22,2023-08-10,1017.22,TARGET,9,12.33,CLOSED
CAPLIPOINT,2024-11,7.91,2024-12-02,2202.19,1902.62,2376.33,2024-12-04,2376.33,TARGET,2,7.61,CLOSED
CARBORUNIV,2010-10,12.99,2010-11-01,115.99,100.77,131.06,2010-12-10,97.68,SL,39,-16.09,CLOSED
CARBORUNIV,2011-06,8.64,2011-07-01,126.21,117.16,137.12,2011-07-06,140.14,TARGET,5,10.73,CLOSED
CARBORUNIV,2016-05,16.06,2016-06-01,211.47,180.27,245.42,2016-07-04,245.42,TARGET,33,15.76,CLOSED
CARBORUNIV,2019-02,6.9,2019-03-01,356.7,320.88,381.32,2019-03-11,381.32,TARGET,10,6.6,CLOSED
CARBORUNIV,2019-10,6.71,2019-11-01,312.68,274.01,333.65,2020-01-15,333.65,TARGET,75,6.41,CLOSED
CARBORUNIV,2020-10,5.55,2020-11-02,276.29,226.5,291.63,2020-11-03,291.63,TARGET,1,5.25,CLOSED
CARBORUNIV,2021-12,6.97,2022-01-03,988.05,835.25,1056.9,2022-01-24,835.25,SL,21,-15.76,CLOSED
CARBORUNIV,2022-11,0.87,2022-12-01,849.05,776.85,856.43,2022-12-02,856.43,TARGET,1,0.57,CLOSED
CARTRADE,2024-10,12.07,2024-11-01,1085.0,837.2,1215.95,2024-11-08,1215.95,TARGET,7,11.77,CLOSED
CASTROLIND,2005-03,1.13,2005-04-01,21.62,21.38,21.86,2006-03-31,22.1,TARGET,364,1.91,CLOSED
CASTROLIND,2006-03,1.13,2006-04-03,22.1,21.85,22.35,2007-04-05,22.63,TARGET,367,2.11,CLOSED
CASTROLIND,2007-04,1.33,2007-05-03,22.63,22.33,22.93,2007-08-14,11.7,SL,103,-48.58,CLOSED
CASTROLIND,2009-03,6.77,2009-04-01,20.51,18.31,21.9,2009-04-02,21.9,TARGET,1,6.47,CLOSED
CASTROLIND,2012-01,17.94,2012-02-01,70.74,57.54,83.44,2012-07-11,83.44,TARGET,161,17.64,CLOSED
CASTROLIND,2016-04,7.28,2016-05-02,125.59,117.09,134.73,2016-05-10,134.73,TARGET,8,6.98,CLOSED
CASTROLIND,2016-08,2.13,2016-09-01,143.97,127.39,147.04,2016-09-01,147.04,TARGET,0,1.83,CLOSED
CASTROLIND,2017-03,6.76,2017-04-03,139.65,129.38,149.09,2017-06-15,129.34,SL,73,-7.68,CLOSED
CASTROLIND,2018-02,8.93,2018-03-01,132.66,113.19,144.51,2018-05-21,113.19,SL,81,-14.98,CLOSED
CASTROLIND,2018-10,4.1,2018-11-01,100.04,91.5,104.14,2018-11-14,104.14,TARGET,13,3.8,CLOSED
CASTROLIND,2019-09,10.74,2019-10-01,96.65,84.03,107.04,2019-10-25,107.04,TARGET,24,10.44,CLOSED
CASTROLIND,2023-04,8.02,2023-05-02,98.59,90.77,106.49,2023-07-07,106.49,TARGET,66,7.72,CLOSED
CASTROLIND,2024-01,9.43,2024-02-01,168.97,141.96,184.91,2024-03-01,184.91,TARGET,29,9.13,CLOSED
CASTROLIND,2026-04,6.51,2026-05-01,178.85,167.91,190.5,2026-08-19,190.5,TARGET,110,6.21,CLOSED
CEATLTD,2009-08,29.0,2009-09-01,115.5,92.4,149.0,2009-10-20,149.0,TARGET,49,28.7,CLOSED
CEATLTD,2013-09,16.99,2013-10-01,107.64,86.67,125.94,2013-10-07,125.94,TARGET,6,16.69,CLOSED
CEATLTD,2015-07,38.21,2015-08-03,814.51,577.62,1125.76,2015-09-11,1125.76,TARGET,39,37.91,CLOSED
CEATLTD,2016-09,48.5,2016-10-03,1219.89,802.31,1811.54,2017-12-22,1811.54,TARGET,445,48.2,CLOSED
CEATLTD,2019-10,5.4,2019-11-01,951.15,853.23,1002.52,2019-12-04,853.23,SL,33,-10.59,CLOSED
CEATLTD,2024-11,9.7,2024-12-02,3023.57,2608.51,3316.94,2024-12-09,3316.94,TARGET,7,9.4,CLOSED
CEATLTD,2025-04,15.71,2025-05-02,3243.97,2455.53,3753.75,2025-05-12,3753.75,TARGET,10,15.41,CLOSED
CEMPRO,2005-03,54.64,2005-04-01,31.67,16.81,48.97,2005-12-22,49.08,TARGET,265,54.67,CLOSED
CEMPRO,2007-12,25.38,2008-01-01,65.34,48.67,81.92,2008-01-21,48.67,SL,20,-25.81,CLOSED
CEMPRO,2014-05,59.78,2014-06-02,23.77,12.41,37.97,2014-07-04,39.21,TARGET,32,64.67,CLOSED
CEMPRO,2014-08,15.2,2014-09-01,41.56,31.57,47.87,2014-11-03,47.87,TARGET,63,14.9,CLOSED
CEMPRO,2017-10,5.65,2017-11-01,177.14,159.5,187.15,2017-11-07,187.15,TARGET,6,5.35,CLOSED
CEMPRO,2019-10,15.08,2019-11-01,59.07,34.25,67.98,2019-11-27,67.98,TARGET,26,14.78,CLOSED
CEMPRO,2023-05,32.11,2023-06-01,163.04,120.9,215.39,2023-08-24,215.39,TARGET,84,31.81,CLOSED
CEMPRO,2024-01,13.58,2024-02-01,322.34,276.57,366.13,2024-02-19,366.13,TARGET,18,13.28,CLOSED
CEMPRO,2026-04,59.56,2026-05-01,813.17,509.0,1297.46,2026-06-30,1297.46,TARGET,60,59.26,CLOSED
CENTRALBK,2012-06,9.66,2012-07-02,75.93,65.03,83.26,2012-07-27,65.03,SL,25,-14.65,CLOSED
CENTRALBK,2014-10,10.19,2014-11-03,64.74,55.77,71.34,2014-11-10,71.34,TARGET,7,9.89,CLOSED
CENTRALBK,2014-11,16.18,2014-12-01,74.62,64.45,86.69,2014-12-17,64.45,SL,16,-13.92,CLOSED
CENTRALBK,2023-04,25.93,2023-05-02,29.88,23.08,37.63,2023-09-05,37.63,TARGET,126,25.63,CLOSED
CDSL,2019-03,10.61,2019-04-01,111.55,99.75,123.38,2019-05-23,99.75,SL,52,-10.88,CLOSED
CDSL,2023-05,3.27,2023-06-01,502.78,467.52,519.2,2023-06-01,519.2,TARGET,0,2.97,CLOSED
CDSL,2023-07,10.79,2023-08-01,592.63,536.03,656.6,2023-09-11,656.6,TARGET,41,10.49,CLOSED
CDSL,2023-10,7.09,2023-11-01,713.96,614.57,764.55,2023-11-06,771.86,TARGET,5,7.81,CLOSED
CDSL,2024-06,14.79,2024-07-01,1178.49,893.73,1352.77,2024-08-16,1352.77,TARGET,46,14.49,CLOSED
CHAMBLFERT,2010-06,13.43,2010-07-01,42.77,38.12,48.51,2010-08-18,48.51,TARGET,48,13.13,CLOSED
CHAMBLFERT,2017-04,15.39,2017-05-02,81.83,67.37,94.42,2017-05-04,94.42,TARGET,2,15.09,CLOSED
CHAMBLFERT,2019-10,10.76,2019-11-01,143.91,121.31,159.39,2019-12-10,121.31,SL,39,-16.0,CLOSED
CHAMBLFERT,2019-12,2.22,2020-01-01,128.59,119.71,131.44,2020-01-02,131.44,TARGET,1,1.92,CLOSED
CHAMBLFERT,2020-11,27.65,2020-12-01,182.36,135.25,232.79,2021-02-04,232.79,TARGET,65,27.35,CLOSED
CHAMBLFERT,2022-07,21.04,2022-08-01,292.75,235.87,354.35,2023-03-27,235.87,SL,238,-19.73,CLOSED
CHAMBLFERT,2025-12,9.53,2026-01-01,478.56,404.75,524.17,2026-03-09,404.75,SL,67,-15.72,CLOSED
CHENNPETRO,2005-08,19.73,2005-09-01,119.96,101.02,143.62,2005-09-19,143.62,TARGET,18,19.43,CLOSED
CHENNPETRO,2007-04,14.3,2007-05-03,128.03,104.67,146.34,2007-05-04,148.6,TARGET,1,15.77,CLOSED
CHENNPETRO,2008-12,21.97,2009-01-02,85.74,66.36,104.58,2009-01-27,66.36,SL,25,-22.91,CLOSED
CHENNPETRO,2009-08,11.26,2009-09-01,134.75,113.01,149.92,2009-09-09,149.92,TARGET,8,10.96,CLOSED
CHENNPETRO,2011-03,18.99,2011-04-01,153.64,127.74,182.81,2011-11-24,127.74,SL,237,-17.16,CLOSED
CHENNPETRO,2016-08,11.94,2016-09-01,221.74,188.49,248.22,2016-11-04,188.49,SL,64,-15.29,CLOSED
CHENNPETRO,2017-08,22.51,2017-09-01,355.87,276.94,435.96,2018-02-22,276.94,SL,174,-22.48,CLOSED
CHENNPETRO,2018-12,8.09,2019-01-01,249.94,210.9,270.17,2019-01-28,210.9,SL,27,-15.92,CLOSED
CHENNPETRO,2022-04,118.76,2022-05-02,242.46,106.26,530.41,2023-10-17,530.41,TARGET,533,118.46,CLOSED
CHOICEIN,2022-10,19.79,2022-11-01,138.0,109.5,165.31,2023-04-28,165.31,TARGET,178,19.49,CLOSED
CHOICEIN,2023-09,15.78,2023-10-03,212.27,181.25,245.77,2024-01-08,245.77,TARGET,97,15.48,CLOSED
CHOICEIN,2024-08,12.95,2024-09-02,453.3,378.3,512.0,2024-10-31,512.0,TARGET,59,12.65,CLOSED
CHOICEIN,2024-10,11.32,2024-11-01,524.9,443.1,584.33,2025-03-03,443.1,SL,122,-15.88,CLOSED
CHOICEIN,2025-10,9.0,2025-11-03,837.8,760.0,913.23,2025-12-08,760.0,SL,35,-9.59,CLOSED
CHOICEIN,2026-06,12.03,2026-07-01,757.45,632.05,848.6,2026-08-10,848.6,TARGET,40,11.73,CLOSED
CHOLAHLDNG,2005-08,15.31,2005-09-01,37.93,32.37,43.74,2005-11-24,43.88,TARGET,84,15.37,CLOSED
CHOLAHLDNG,2007-04,28.54,2007-05-03,36.2,26.05,46.54,2007-12-31,46.54,TARGET,242,28.24,CLOSED
CHOLAHLDNG,2012-02,20.44,2012-03-01,83.72,69.84,100.83,2012-07-20,100.83,TARGET,141,20.14,CLOSED
CHOLAHLDNG,2016-05,7.57,2016-06-01,297.27,260.27,319.78,2016-07-07,319.78,TARGET,36,7.27,CLOSED
CHOLAHLDNG,2016-07,14.36,2016-08-01,356.39,308.24,407.58,2016-10-14,407.58,TARGET,74,14.06,CLOSED
CHOLAHLDNG,2017-02,8.49,2017-03-01,404.79,371.06,439.18,2017-04-11,439.18,TARGET,41,8.19,CLOSED
CHOLAHLDNG,2021-08,3.38,2021-09-01,687.74,618.52,711.02,2021-09-16,711.02,TARGET,15,3.08,CLOSED
CHOLAHLDNG,2023-08,1.01,2023-09-01,973.51,883.48,983.38,2023-09-04,983.38,TARGET,3,0.71,CLOSED
CHOLAHLDNG,2024-01,13.43,2024-02-01,1173.85,996.42,1331.52,2024-03-20,996.42,SL,48,-15.41,CLOSED
CHOLAFIN,2007-05,8.56,2007-06-01,21.11,17.75,22.91,2007-06-04,22.91,TARGET,3,8.26,CLOSED
CHOLAFIN,2012-03,11.99,2012-04-02,34.46,29.68,38.6,2012-05-31,26.44,SL,59,-23.58,CLOSED
CHOLAFIN,2016-03,11.96,2016-04-01,138.48,120.95,155.04,2016-04-12,155.04,TARGET,11,11.66,CLOSED
CHOLAFIN,2018-02,14.69,2018-03-01,284.86,234.12,326.72,2018-04-23,326.72,TARGET,53,14.39,CLOSED
CHOLAFIN,2019-03,17.79,2019-04-01,285.25,240.1,336.0,2019-07-23,240.1,SL,113,-16.13,CLOSED
CHOLAFIN,2021-08,16.46,2021-09-01,548.85,465.63,639.19,2021-11-09,639.19,TARGET,69,16.16,CLOSED
CHOLAFIN,2023-04,14.42,2023-05-02,870.6,760.38,996.17,2023-05-08,996.17,TARGET,6,14.12,CLOSED
CIPLA,2005-12,12.79,2006-01-02,155.24,133.44,175.09,2006-02-07,175.09,TARGET,36,12.49,CLOSED
CIPLA,2006-03,19.94,2006-04-03,225.64,189.91,270.63,2006-05-22,189.91,SL,49,-16.13,CLOSED
CIPLA,2010-09,6.58,2010-10-01,293.13,273.72,312.41,2010-10-21,312.41,TARGET,20,6.28,CLOSED
CIPLA,2011-11,11.05,2011-12-01,302.68,258.72,336.13,2012-08-23,336.13,TARGET,266,10.75,CLOSED
CIPLA,2012-11,14.13,2012-12-03,382.05,334.58,436.05,2013-02-26,334.58,SL,85,-12.73,CLOSED
CIPLA,2013-06,5.78,2013-07-01,358.36,333.57,379.06,2013-07-18,379.06,TARGET,17,5.48,CLOSED
CIPLA,2014-08,13.15,2014-09-01,477.71,397.86,540.55,2014-09-12,540.55,TARGET,11,12.85,CLOSED
CIPLA,2014-10,6.34,2014-11-03,619.93,527.58,659.24,2015-03-02,659.24,TARGET,119,6.04,CLOSED
CIPLA,2017-06,7.6,2017-07-03,520.46,477.68,560.03,2017-09-22,560.03,TARGET,81,7.3,CLOSED
CIPLA,2018-04,11.36,2018-05-02,569.97,510.08,634.7,2018-05-17,510.08,SL,15,-10.81,CLOSED
CIPLA,2018-06,17.5,2018-07-02,579.31,483.21,680.7,2018-11-15,483.21,SL,136,-16.89,CLOSED
CIPLA,2019-02,7.2,2019-03-01,521.1,470.58,558.62,2019-08-06,470.58,SL,158,-9.99,CLOSED
CIPLA,2020-05,9.93,2020-06-01,619.31,539.72,680.81,2020-07-31,680.81,TARGET,60,9.63,CLOSED
CIPLA,2020-07,12.48,2020-08-03,690.87,592.64,777.09,2020-08-10,777.09,TARGET,7,12.18,CLOSED
CIPLA,2021-05,4.28,2021-06-01,908.44,829.24,947.36,2021-06-30,947.36,TARGET,29,3.98,CLOSED
CIPLA,2021-08,3.58,2021-09-01,910.58,850.18,943.22,2021-09-24,943.22,TARGET,23,3.28,CLOSED
CIPLA,2022-01,0.1,2022-02-01,909.62,825.18,910.48,2022-02-01,910.48,TARGET,0,-0.2,CLOSED
CIPLA,2024-02,9.57,2024-03-01,1452.16,1314.18,1591.19,2024-04-18,1314.18,SL,48,-9.8,CLOSED
CIPLA,2024-08,8.07,2024-09-02,1636.01,1442.91,1768.04,2024-10-28,1442.91,SL,56,-12.1,CLOSED
CIPLA,2025-11,2.0,2025-12-01,1517.76,1476.45,1548.09,2025-12-09,1476.45,SL,8,-3.02,CLOSED
CUB,2011-10,3.39,2011-11-01,21.34,19.93,22.07,2011-11-08,22.59,TARGET,7,5.55,CLOSED
CUB,2013-12,5.08,2014-01-01,29.35,26.95,30.84,2014-02-17,26.95,SL,47,-8.48,CLOSED
CUB,2014-03,16.18,2014-04-01,30.51,25.93,35.45,2014-05-08,35.45,TARGET,37,15.88,CLOSED
CUB,2016-03,13.6,2016-04-01,55.26,48.67,62.78,2016-05-27,62.78,TARGET,56,13.3,CLOSED
CUB,2016-07,11.55,2016-08-01,76.68,68.62,85.54,2016-09-09,85.54,TARGET,39,11.25,CLOSED
CUB,2016-10,12.91,2016-11-01,87.51,77.21,98.8,2016-11-17,77.21,SL,16,-12.07,CLOSED
CUB,2017-03,5.06,2017-04-03,88.62,80.11,93.11,2017-04-26,93.11,TARGET,23,4.76,CLOSED
CUB,2017-04,8.71,2017-05-02,96.81,86.25,105.24,2017-05-15,105.24,TARGET,13,8.41,CLOSED
CUB,2017-11,3.65,2017-12-01,108.67,102.66,112.64,2017-12-01,112.64,TARGET,0,3.35,CLOSED
CUB,2018-12,11.87,2019-01-01,138.98,119.77,155.48,2019-05-28,155.48,TARGET,147,11.57,CLOSED
CUB,2019-08,5.09,2019-09-03,142.9,129.46,150.18,2019-09-20,150.18,TARGET,17,4.79,CLOSED
CUB,2019-11,6.09,2019-12-02,160.05,145.19,169.79,2020-01-15,169.79,TARGET,44,5.79,CLOSED
CUB,2022-05,2.19,2022-06-01,100.79,84.57,103.0,2022-06-01,103.0,TARGET,0,1.89,CLOSED
CUB,2023-06,1.72,2023-07-03,92.8,86.5,94.4,2023-07-05,94.4,TARGET,2,1.42,CLOSED
CUB,2025-09,9.02,2025-10-01,158.27,143.78,172.54,2025-10-23,172.54,TARGET,22,8.72,CLOSED
CUB,2026-01,3.77,2026-02-02,211.1,193.93,219.05,2026-02-03,240.74,TARGET,1,13.74,CLOSED
CUB,2026-06,8.88,2026-07-01,206.07,177.59,224.37,2026-07-07,224.37,TARGET,6,8.58,CLOSED
CUB,2026-08,10.99,2026-09-01,228.01,200.74,253.06,2026-09-30,226.05,OPEN,29,-1.16,OPEN
COALINDIA,2011-04,9.83,2011-05-02,118.63,112.27,130.29,2011-05-17,130.29,TARGET,15,9.53,CLOSED
COALINDIA,2014-10,8.55,2014-11-03,145.5,129.6,157.94,2015-04-08,157.94,TARGET,156,8.25,CLOSED
COALINDIA,2015-05,7.8,2015-06-01,161.81,145.36,174.43,2015-06-30,174.43,TARGET,29,7.5,CLOSED
COALINDIA,2015-06,7.72,2015-07-01,174.42,157.43,187.89,2015-08-12,157.43,SL,42,-10.04,CLOSED
COALINDIA,2017-09,14.09,2017-10-03,131.05,114.27,149.51,2018-02-15,149.51,TARGET,135,13.79,CLOSED
COALINDIA,2019-02,1.62,2019-03-01,119.8,110.69,121.74,2019-03-01,121.74,TARGET,0,1.32,CLOSED
COALINDIA,2019-12,2.97,2020-01-01,113.46,99.31,116.83,2020-01-31,99.31,SL,30,-12.77,CLOSED
COALINDIA,2022-02,9.37,2022-03-02,123.09,107.25,134.62,2022-03-03,136.48,TARGET,1,10.58,CLOSED
COALINDIA,2022-07,13.82,2022-08-01,152.96,127.12,174.1,2022-09-07,174.1,TARGET,37,13.52,CLOSED
COALINDIA,2022-10,15.88,2022-11-01,180.25,154.93,208.87,2023-09-07,208.87,TARGET,310,15.58,CLOSED
COALINDIA,2023-09,28.32,2023-10-03,240.57,186.8,308.7,2023-12-19,308.7,TARGET,77,28.02,CLOSED
COALINDIA,2024-07,10.37,2024-08-01,458.38,398.02,505.9,2024-10-23,398.02,SL,83,-13.47,CLOSED
COALINDIA,2025-01,4.58,2025-02-01,360.46,324.12,376.96,2025-02-12,324.12,SL,11,-10.38,CLOSED
COCHINSHIP,2019-03,13.84,2019-04-01,154.71,139.14,176.13,2019-08-05,139.14,SL,126,-10.36,CLOSED
COCHINSHIP,2020-09,5.81,2020-10-01,147.24,131.51,155.79,2020-10-22,155.79,TARGET,21,5.51,CLOSED
COCHINSHIP,2020-11,8.96,2020-12-01,160.71,144.44,175.1,2021-02-23,175.1,TARGET,84,8.66,CLOSED
COCHINSHIP,2022-07,6.95,2022-08-01,156.9,144.29,167.8,2022-08-25,167.8,TARGET,24,6.65,CLOSED
COCHINSHIP,2022-09,18.16,2022-10-03,208.09,174.38,245.88,2022-10-06,245.88,TARGET,3,17.86,CLOSED
COCHINSHIP,2024-11,5.67,2024-12-02,1615.63,1252.7,1707.32,2024-12-03,1707.32,TARGET,1,5.37,CLOSED
COCHINSHIP,2026-01,2.46,2026-02-02,1554.54,1404.16,1592.73,2026-03-04,1404.16,SL,30,-9.97,CLOSED
COFORGE,2012-03,10.57,2012-04-02,42.37,35.31,46.85,2012-05-31,46.85,TARGET,59,10.27,CLOSED
COFORGE,2017-03,4.66,2017-04-03,77.23,71.58,80.83,2017-04-26,80.83,TARGET,23,4.36,CLOSED
COFORGE,2018-08,14.65,2018-09-03,256.98,222.5,294.65,2018-09-21,222.5,SL,18,-13.72,CLOSED
COFORGE,2019-01,14.05,2019-02-01,240.67,203.78,274.48,2019-08-28,274.48,TARGET,208,13.75,CLOSED
COFORGE,2020-12,12.68,2021-01-01,506.37,431.77,570.6,2021-02-24,431.77,SL,54,-15.03,CLOSED
COFORGE,2021-06,17.79,2021-07-01,782.25,659.27,921.42,2021-07-29,921.42,TARGET,28,17.49,CLOSED
COFORGE,2021-12,8.45,2022-01-03,1119.14,945.41,1213.66,2022-01-24,945.41,SL,21,-15.82,CLOSED
COFORGE,2022-07,11.73,2022-08-01,753.28,633.77,841.61,2022-09-16,633.77,SL,46,-16.16,CLOSED
COFORGE,2022-11,6.31,2022-12-01,782.55,697.13,831.94,2023-01-23,831.94,TARGET,53,6.01,CLOSED
COFORGE,2023-04,9.71,2023-05-02,805.71,721.68,883.96,2023-05-31,883.96,TARGET,29,9.41,CLOSED
COFORGE,2023-06,3.43,2023-07-03,915.74,837.93,947.14,2023-07-14,947.14,TARGET,11,3.13,CLOSED
COFORGE,2023-08,16.68,2023-09-01,1058.31,906.57,1234.86,2023-12-15,1234.86,TARGET,105,16.38,CLOSED
COFORGE,2024-08,0.92,2024-09-02,1248.29,1131.03,1259.72,2024-09-02,1259.72,TARGET,0,0.62,CLOSED
COFORGE,2024-11,13.93,2024-12-02,1713.32,1473.24,1951.92,2024-12-30,1951.92,TARGET,28,13.63,CLOSED
COHANCE,2021-03,3.63,2021-04-01,484.99,439.3,502.59,2021-04-12,502.59,TARGET,11,3.33,CLOSED
COHANCE,2023-05,1.08,2023-06-01,476.55,468.6,481.7,2023-06-02,481.7,TARGET,1,0.78,CLOSED
COHANCE,2023-07,1.84,2023-08-01,495.0,477.65,504.12,2023-08-10,504.12,TARGET,9,1.54,CLOSED
COHANCE,2023-09,9.5,2023-10-03,578.95,505.2,633.95,2023-11-24,633.95,TARGET,52,9.2,CLOSED
COHANCE,2023-12,9.56,2024-01-01,728.0,655.3,797.63,2024-01-17,655.3,SL,16,-10.29,CLOSED
COHANCE,2024-10,11.97,2024-11-01,1309.0,1140.1,1465.68,2024-12-23,1140.1,SL,52,-13.2,CLOSED
COLPAL,2005-06,12.09,2005-07-01,79.86,71.27,89.51,2005-11-24,89.51,TARGET,146,11.79,CLOSED
COLPAL,2009-06,27.69,2009-07-01,213.34,160.65,272.41,2010-02-15,272.41,TARGET,229,27.39,CLOSED
COLPAL,2012-12,9.21,2013-01-01,604.48,531.67,660.18,2013-01-29,527.47,SL,28,-13.04,CLOSED
COLPAL,2013-11,2.68,2013-12-02,495.31,474.6,508.56,2013-12-18,508.56,TARGET,16,2.38,CLOSED
COLPAL,2014-09,14.0,2014-10-01,695.33,602.13,792.65,2014-11-13,792.65,TARGET,43,13.7,CLOSED
COLPAL,2015-06,1.79,2015-07-01,813.85,746.0,828.45,2015-07-01,828.45,TARGET,0,1.49,CLOSED
COLPAL,2015-11,1.56,2015-12-01,784.21,731.79,796.46,2015-12-07,796.46,TARGET,6,1.26,CLOSED
COLPAL,2016-05,2.44,2016-06-01,699.54,638.09,716.59,2016-06-21,716.59,TARGET,20,2.14,CLOSED
COLPAL,2016-06,6.63,2016-07-01,746.59,686.97,796.13,2016-08-02,796.13,TARGET,32,6.33,CLOSED
COLPAL,2017-08,3.06,2017-09-01,913.25,841.59,941.17,2017-09-07,941.17,TARGET,6,2.76,CLOSED
COLPAL,2017-12,6.51,2018-01-01,904.06,840.26,962.9,2018-01-22,962.9,TARGET,21,6.21,CLOSED
COLPAL,2018-03,2.01,2018-04-02,881.42,842.5,899.14,2018-04-03,899.14,TARGET,1,1.71,CLOSED
COLPAL,2018-04,6.27,2018-05-02,939.38,870.93,998.31,2018-05-18,998.31,TARGET,16,5.97,CLOSED
COLPAL,2018-05,13.14,2018-06-01,1053.26,899.37,1191.7,2018-07-27,899.37,SL,56,-14.91,CLOSED
COLPAL,2018-12,10.16,2019-01-01,1137.44,1002.78,1252.99,2019-05-02,1002.78,SL,121,-12.14,CLOSED
COLPAL,2019-08,7.13,2019-09-03,1084.19,993.45,1161.47,2019-09-20,1161.47,TARGET,17,6.83,CLOSED
COLPAL,2021-12,3.27,2022-01-03,1338.09,1257.6,1381.89,2022-01-25,1257.6,SL,22,-6.32,CLOSED
COLPAL,2022-04,7.28,2022-05-02,1498.81,1341.7,1607.94,2023-01-25,1341.7,SL,268,-10.78,CLOSED
COLPAL,2023-02,1.41,2023-03-01,1368.12,1328.43,1387.37,2023-03-02,1387.37,TARGET,1,1.11,CLOSED
COLPAL,2023-04,5.82,2023-05-02,1469.31,1384.81,1554.85,2023-05-15,1554.85,TARGET,13,5.52,CLOSED
COLPAL,2023-06,6.07,2023-07-03,1581.85,1493.06,1677.92,2023-07-05,1677.92,TARGET,2,5.77,CLOSED
COLPAL,2023-10,5.4,2023-11-01,1980.75,1845.21,2087.67,2023-11-29,2087.67,TARGET,28,5.1,CLOSED
COLPAL,2023-12,15.19,2024-01-01,2386.33,2071.28,2748.7,2024-05-07,2748.7,TARGET,127,14.89,CLOSED
COLPAL,2024-07,20.01,2024-08-01,3215.37,2718.05,3858.81,2024-11-12,2718.05,SL,103,-15.77,CLOSED
CAMS,2022-07,8.85,2022-08-01,460.46,401.83,501.23,2022-10-13,501.23,TARGET,73,8.55,CLOSED
CAMS,2023-05,7.55,2023-06-01,418.58,385.19,450.18,2023-07-31,450.18,TARGET,60,7.25,CLOSED
CONCORDBIO,2023-09,11.3,2023-10-03,1070.65,941.68,1191.63,2023-10-17,1191.63,TARGET,14,11.0,CLOSED
CONCORDBIO,2024-11,16.24,2024-12-02,2118.72,1773.01,2462.75,2025-02-14,1773.01,SL,74,-16.62,CLOSED
CONCORDBIO,2026-07,11.65,2026-08-03,1444.4,1238.0,1612.63,2026-08-20,1612.63,TARGET,17,11.35,CLOSED
CONCOR,2006-10,21.29,2006-11-01,172.21,138.88,208.88,2007-06-01,208.88,TARGET,212,20.99,CLOSED
CONCOR,2010-06,4.86,2010-07-01,235.57,210.89,247.02,2010-07-02,247.02,TARGET,1,4.56,CLOSED
CONCOR,2014-02,4.78,2014-03-03,214.79,196.81,225.07,2014-03-05,225.07,TARGET,2,4.48,CLOSED
CONCOR,2016-07,4.85,2016-08-01,429.4,396.89,450.21,2016-08-12,396.89,SL,11,-7.87,CLOSED
CONCOR,2019-06,7.55,2019-07-01,518.05,473.0,557.15,2019-07-09,473.0,SL,8,-9.0,CLOSED
CONCOR,2019-08,0.79,2019-09-03,467.44,422.79,471.11,2019-09-05,471.11,TARGET,2,0.49,CLOSED
CONCOR,2022-07,19.93,2022-08-01,671.06,550.83,804.81,2023-03-13,550.83,SL,224,-18.22,CLOSED
CONCOR,2023-11,13.12,2023-12-01,745.75,644.77,843.57,2023-12-14,843.57,TARGET,13,12.82,CLOSED
CONCOR,2025-05,16.43,2025-06-02,613.69,504.9,714.53,2025-11-18,504.9,SL,169,-18.03,CLOSED
CONCOR,2025-12,2.68,2026-01-01,521.4,484.83,535.37,2026-01-21,484.83,SL,20,-7.31,CLOSED
CONCOR,2026-07,10.57,2026-08-03,524.35,446.2,579.79,2026-09-29,446.2,SL,57,-15.21,CLOSED
COROMANDEL,2005-12,13.55,2006-01-02,22.7,21.11,25.77,2006-02-01,21.11,SL,30,-7.31,CLOSED
COROMANDEL,2009-09,23.63,2009-10-01,77.04,62.8,95.24,2010-01-05,95.24,TARGET,96,23.33,CLOSED
COROMANDEL,2017-07,8.46,2017-08-01,405.97,362.63,440.33,2017-08-10,362.63,SL,9,-10.98,CLOSED
COROMANDEL,2017-12,11.66,2018-01-01,523.29,446.52,584.32,2018-03-14,446.52,SL,72,-14.97,CLOSED
COROMANDEL,2018-10,4.32,2018-11-01,386.07,310.41,402.75,2018-12-14,402.75,TARGET,43,4.02,CLOSED
COROMANDEL,2019-05,0.47,2019-06-03,401.99,362.73,403.89,2019-06-03,403.89,TARGET,0,0.17,CLOSED
COROMANDEL,2019-12,12.04,2020-01-01,495.52,437.92,555.2,2020-01-20,555.2,TARGET,19,11.74,CLOSED
COROMANDEL,2021-07,2.59,2021-08-02,881.84,817.33,904.67,2021-08-05,817.33,SL,3,-7.62,CLOSED
COROMANDEL,2023-07,9.25,2023-08-01,1015.1,907.0,1108.96,2023-09-04,1108.96,TARGET,34,8.95,CLOSED
COROMANDEL,2023-09,5.07,2023-10-03,1132.11,1054.92,1189.55,2023-10-26,1054.92,SL,23,-7.12,CLOSED
COROMANDEL,2024-04,12.35,2024-05-02,1189.16,1055.31,1336.06,2024-06-05,1336.06,TARGET,34,12.05,CLOSED
COROMANDEL,2024-12,5.08,2025-01-01,1870.91,1710.13,1966.02,2025-01-27,1710.13,SL,26,-8.89,CLOSED
CREDITACC,2018-11,23.78,2018-12-03,386.93,304.14,478.94,2019-03-06,478.94,TARGET,93,23.48,CLOSED
CREDITACC,2020-04,45.84,2020-05-04,463.72,302.8,676.31,2020-08-27,676.31,TARGET,115,45.54,CLOSED
CREDITACC,2025-08,12.14,2025-09-01,1399.0,1198.0,1568.9,2026-03-02,1198.0,SL,182,-14.67,CLOSED
CREDITACC,2026-06,14.97,2026-07-01,1489.0,1229.1,1711.98,2026-09-29,1229.1,SL,90,-17.75,CLOSED
CROMPTON,2017-01,31.15,2017-02-01,175.49,133.64,230.16,2017-11-10,230.16,TARGET,282,30.85,CLOSED
CROMPTON,2020-09,7.56,2020-10-01,277.51,234.24,298.5,2020-10-23,298.5,TARGET,22,7.26,CLOSED
CROMPTON,2022-02,0.95,2022-03-02,407.85,338.75,411.74,2022-03-02,411.74,TARGET,0,0.65,CLOSED
CROMPTON,2022-04,2.89,2022-05-02,365.51,349.45,376.06,2022-05-05,349.45,SL,3,-4.69,CLOSED
CROMPTON,2024-04,19.03,2024-05-02,312.52,261.56,371.99,2024-05-17,371.99,TARGET,15,18.73,CLOSED
CROMPTON,2024-08,5.68,2024-09-02,471.09,406.5,497.86,2024-09-26,406.5,SL,24,-14.01,CLOSED
CROMPTON,2024-11,4.78,2024-12-02,401.55,362.18,420.76,2025-01-02,362.18,SL,31,-10.1,CLOSED
CUMMINSIND,2006-09,8.88,2006-10-03,108.15,92.27,117.74,2006-10-18,117.74,TARGET,15,8.58,CLOSED
CUMMINSIND,2010-07,6.56,2010-08-02,337.43,301.83,359.55,2010-08-16,359.55,TARGET,14,6.26,CLOSED
CUMMINSIND,2010-10,8.0,2010-11-01,424.6,371.05,458.57,2010-11-26,371.05,SL,25,-12.91,CLOSED
CUMMINSIND,2012-03,6.32,2012-04-02,375.82,320.25,399.58,2012-05-15,320.25,SL,43,-15.09,CLOSED
CUMMINSIND,2014-02,17.19,2014-03-03,402.1,342.21,471.21,2014-03-18,471.21,TARGET,15,16.89,CLOSED
CUMMINSIND,2014-10,8.98,2014-11-03,597.33,527.04,650.96,2014-11-07,650.96,TARGET,4,8.68,CLOSED
CUMMINSIND,2016-06,6.11,2016-07-01,702.68,638.04,745.63,2016-07-25,745.63,TARGET,24,5.81,CLOSED
CUMMINSIND,2018-04,9.89,2018-05-02,658.6,599.08,723.73,2018-05-25,599.08,SL,23,-9.34,CLOSED
CUMMINSIND,2021-03,16.74,2021-04-01,857.41,721.54,1000.98,2021-05-27,721.54,SL,56,-16.15,CLOSED
CUMMINSIND,2021-06,14.31,2021-07-01,834.77,711.9,954.22,2021-08-17,954.22,TARGET,47,14.01,CLOSED
CUMMINSIND,2022-10,12.71,2022-11-01,1275.82,1107.35,1438.04,2022-12-09,1438.04,TARGET,38,12.41,CLOSED
CUMMINSIND,2023-05,11.69,2023-06-01,1678.24,1483.72,1874.49,2023-07-28,1874.49,TARGET,57,11.39,CLOSED
CUMMINSIND,2023-07,1.98,2023-08-01,1895.88,1765.73,1933.39,2023-08-04,1765.73,SL,3,-7.16,CLOSED
CUMMINSIND,2023-11,13.87,2023-12-01,1834.78,1592.75,2089.27,2024-01-24,2089.27,TARGET,54,13.57,CLOSED
CUMMINSIND,2024-01,16.8,2024-02-01,2208.09,1849.99,2579.0,2024-02-22,2579.0,TARGET,21,16.5,CLOSED
CUMMINSIND,2024-03,9.77,2024-04-01,2924.13,2563.57,3209.86,2024-04-29,3209.86,TARGET,28,9.47,CLOSED
CUMMINSIND,2025-05,12.87,2025-06-02,3195.32,2646.63,3606.62,2025-08-06,3606.62,TARGET,65,12.57,CLOSED
CUMMINSIND,2025-11,3.11,2025-12-01,4432.91,4130.11,4570.87,2026-01-06,4130.11,SL,36,-7.13,CLOSED
CUPID,2023-08,28.61,2023-09-01,3.67,2.6,4.72,2023-10-12,4.72,TARGET,41,28.31,CLOSED
CUPID,2023-12,32.18,2024-01-01,11.74,8.25,15.52,2024-01-11,15.98,TARGET,10,35.86,CLOSED
CUPID,2025-12,57.36,2026-01-01,104.31,64.8,164.14,2026-06-15,164.14,TARGET,165,57.06,CLOSED
CUPID,2026-06,47.16,2026-07-01,192.33,124.7,283.04,2026-08-12,283.04,TARGET,42,46.86,CLOSED
CYIENT,2006-11,29.04,2006-12-01,110.59,85.74,142.7,2007-02-06,142.7,TARGET,67,28.74,CLOSED
CYIENT,2007-11,10.18,2007-12-03,105.0,87.1,115.69,2007-12-28,115.69,TARGET,25,9.88,CLOSED
CYIENT,2012-02,10.85,2012-03-01,116.38,95.72,129.0,2012-03-01,129.0,TARGET,0,10.55,CLOSED
CYIENT,2012-05,6.08,2012-06-01,126.03,112.95,133.69,2012-06-20,112.95,SL,19,-10.68,CLOSED
CYIENT,2013-08,2.69,2013-09-02,139.45,125.17,143.2,2013-09-25,143.2,TARGET,23,2.39,CLOSED
CYIENT,2014-07,9.35,2014-08-01,292.31,246.43,319.63,2014-08-19,319.63,TARGET,18,9.05,CLOSED
CYIENT,2018-03,9.16,2018-04-02,568.15,504.54,620.19,2018-04-25,620.19,TARGET,23,8.86,CLOSED
CYIENT,2022-07,9.19,2022-08-01,776.41,674.5,847.78,2023-01-13,847.78,TARGET,165,8.89,CLOSED
DLF,2009-08,7.05,2009-09-01,360.35,295.1,385.77,2009-10-16,385.77,TARGET,45,6.75,CLOSED
DLF,2011-05,7.25,2011-06-01,204.22,177.04,219.03,2011-06-23,177.04,SL,22,-13.61,CLOSED
DLF,2012-12,9.91,2013-01-01,202.38,181.25,222.45,2013-01-17,222.45,TARGET,16,9.61,CLOSED
DLF,2013-01,20.38,2013-02-01,240.02,198.87,288.94,2013-03-22,198.87,SL,49,-17.44,CLOSED
DLF,2016-04,12.85,2016-05-02,117.94,102.8,133.1,2016-06-29,133.1,TARGET,58,12.55,CLOSED
DLF,2016-06,15.43,2016-07-01,138.01,115.83,159.32,2016-11-09,115.83,SL,131,-16.37,CLOSED
DLF,2017-10,22.55,2017-11-01,187.6,153.41,229.9,2017-12-20,229.9,TARGET,49,22.25,CLOSED
DLF,2022-08,1.84,2022-09-01,375.28,348.3,382.21,2022-09-01,382.21,TARGET,0,1.54,CLOSED
DLF,2023-04,19.48,2023-05-02,412.91,345.69,493.36,2023-07-06,493.36,TARGET,65,19.18,CLOSED
DLF,2023-07,6.58,2023-08-01,496.69,462.67,529.39,2023-08-14,462.67,SL,13,-7.15,CLOSED
DLF,2023-12,16.07,2024-01-01,708.92,609.82,822.81,2024-02-14,822.81,TARGET,44,15.77,CLOSED
DLF,2024-07,8.42,2024-08-01,872.58,758.63,946.09,2024-10-25,758.63,SL,85,-13.36,CLOSED
DLF,2025-05,18.32,2025-06-02,781.4,605.81,924.58,2026-01-20,605.81,SL,232,-22.77,CLOSED
DLF,2026-08,4.82,2026-09-01,672.6,635.05,704.99,2026-09-11,635.05,SL,10,-5.88,CLOSED
DOMS,2025-06,2.94,2025-07-01,2514.97,2280.54,2588.84,2025-07-29,2280.54,SL,28,-9.62,CLOSED
DABUR,2005-12,21.42,2006-01-02,27.8,22.46,33.75,2006-04-04,33.75,TARGET,92,21.12,CLOSED
DABUR,2007-05,4.94,2007-06-01,40.41,33.81,42.4,2007-06-25,42.4,TARGET,24,4.64,CLOSED
DABUR,2009-03,8.83,2009-04-01,40.18,35.8,43.73,2009-04-21,43.73,TARGET,20,8.53,CLOSED
DABUR,2010-06,13.59,2010-07-01,88.43,74.14,100.45,2011-01-28,74.14,SL,211,-16.47,CLOSED
DABUR,2011-08,6.44,2011-09-02,92.35,81.3,98.3,2011-10-25,81.3,SL,53,-12.26,CLOSED
DABUR,2014-07,10.53,2014-08-01,179.95,162.63,198.91,2014-08-19,198.91,TARGET,18,10.23,CLOSED
DABUR,2015-06,4.08,2015-07-01,250.39,220.59,260.61,2015-07-14,260.61,TARGET,13,3.78,CLOSED
DABUR,2017-02,0.33,2017-03-01,250.01,237.15,250.83,2017-03-02,250.83,TARGET,1,0.03,CLOSED
DABUR,2017-06,4.34,2017-07-03,262.61,249.65,274.01,2017-07-10,274.01,TARGET,7,4.04,CLOSED
DABUR,2017-10,9.13,2017-11-01,305.93,276.23,333.86,2018-01-18,333.86,TARGET,78,8.83,CLOSED
DABUR,2018-04,12.48,2018-05-02,343.11,295.54,385.95,2018-07-31,385.95,TARGET,90,12.18,CLOSED
DABUR,2019-08,5.61,2019-09-03,415.39,388.78,438.68,2019-10-22,438.68,TARGET,49,5.31,CLOSED
DABUR,2020-07,10.22,2020-08-03,478.83,430.56,527.75,2021-04-09,527.75,TARGET,249,9.92,CLOSED
DABUR,2021-07,6.16,2021-08-02,570.13,533.53,605.24,2021-09-02,605.24,TARGET,31,5.86,CLOSED
DABUR,2022-07,18.35,2022-08-01,554.58,464.93,656.33,2025-04-03,460.8,SL,976,-17.21,CLOSED
DABUR,2025-07,10.11,2025-08-01,523.41,466.1,576.32,2026-03-09,466.1,SL,220,-11.25,CLOSED
DALBHARAT,2020-11,30.71,2020-12-01,1078.36,804.79,1409.53,2021-02-12,1409.53,TARGET,73,30.41,CLOSED
DALBHARAT,2021-08,2.84,2021-09-01,2179.73,1790.99,2241.58,2021-09-06,2241.58,TARGET,5,2.54,CLOSED
DALBHARAT,2022-11,13.99,2022-12-01,1798.62,1546.36,2050.23,2023-05-08,2050.23,TARGET,158,13.69,CLOSED
DALBHARAT,2023-09,15.31,2023-10-03,2371.09,2041.22,2734.2,2023-10-23,2041.22,SL,20,-14.21,CLOSED
DALBHARAT,2024-08,2.19,2024-09-02,1882.1,1689.38,1923.29,2024-09-05,1923.29,TARGET,3,1.89,CLOSED
DALBHARAT,2025-01,5.61,2025-02-01,1861.44,1661.4,1965.83,2025-02-28,1661.4,SL,27,-11.05,CLOSED
DALBHARAT,2025-06,9.75,2025-07-01,2189.46,1997.06,2402.96,2025-09-01,2402.96,TARGET,62,9.45,CLOSED
DATAPATTNS,2023-11,7.78,2023-12-01,2010.45,1801.96,2166.88,2024-01-24,1801.96,SL,54,-10.67,CLOSED
DEEPAKFERT,2010-03,11.75,2010-04-01,74.24,65.5,82.96,2010-05-25,65.5,SL,54,-12.08,CLOSED
DEEPAKFERT,2011-05,4.12,2011-06-01,115.22,104.83,119.96,2011-06-02,119.96,TARGET,1,3.82,CLOSED
DEEPAKFERT,2022-01,52.95,2022-02-01,569.57,354.67,871.17,2022-08-17,876.73,TARGET,197,53.63,CLOSED
DEEPAKNTR,2012-10,13.9,2012-11-01,17.88,15.4,20.36,2012-11-16,20.71,TARGET,15,15.54,CLOSED
DEEPAKNTR,2012-11,32.4,2012-12-03,23.41,17.35,30.99,2014-02-10,30.99,TARGET,434,32.1,CLOSED
DEEPAKNTR,2017-03,22.15,2017-04-03,125.29,101.66,153.04,2017-06-16,153.04,TARGET,74,21.85,CLOSED
DEEPAKNTR,2020-07,35.39,2020-08-03,633.52,464.32,857.69,2020-09-18,857.69,TARGET,46,35.09,CLOSED
DEEPAKNTR,2020-11,16.55,2020-12-01,853.98,690.52,995.33,2021-01-04,995.33,TARGET,34,16.25,CLOSED
DEEPAKNTR,2021-12,17.5,2022-01-03,2463.09,2070.86,2894.02,2022-01-27,2070.86,SL,24,-16.22,CLOSED
DEEPAKNTR,2022-10,13.65,2022-11-01,2290.92,2000.9,2603.67,2022-12-22,2000.9,SL,51,-12.96,CLOSED
DEEPAKNTR,2023-04,2.47,2023-05-02,1871.46,1757.09,1917.77,2023-05-03,1917.77,TARGET,1,2.17,CLOSED
DEEPAKNTR,2023-08,10.41,2023-09-01,2208.05,1916.55,2437.89,2023-10-26,1916.55,SL,55,-13.5,CLOSED
DEEPAKNTR,2023-12,12.98,2024-01-01,2460.15,2155.0,2779.52,2024-02-09,2155.0,SL,39,-12.7,CLOSED
DEEPAKNTR,2024-07,23.91,2024-08-01,3056.38,2481.9,3787.28,2024-11-13,2481.9,SL,104,-19.1,CLOSED
DELHIVERY,2026-01,4.73,2026-02-02,444.15,374.45,465.16,2026-04-09,465.16,TARGET,66,4.43,CLOSED
DIVISLAB,2006-09,23.16,2006-10-03,93.06,76.1,114.61,2006-10-31,114.61,TARGET,28,22.86,CLOSED
DIVISLAB,2007-01,5.77,2007-02-01,137.79,120.83,145.75,2007-02-05,145.75,TARGET,4,5.47,CLOSED
DIVISLAB,2007-03,6.07,2007-04-02,128.04,108.96,135.82,2007-04-05,135.82,TARGET,3,5.77,CLOSED
DIVISLAB,2010-05,10.37,2010-06-01,315.58,283.85,348.3,2010-11-22,283.85,SL,174,-10.35,CLOSED
DIVISLAB,2011-05,9.77,2011-06-01,340.23,290.5,373.47,2012-04-30,373.47,TARGET,334,9.47,CLOSED
DIVISLAB,2012-04,11.77,2012-05-02,376.4,327.51,420.69,2012-06-20,420.69,TARGET,49,11.47,CLOSED
DIVISLAB,2012-06,9.82,2012-07-02,450.8,393.44,495.06,2012-08-03,495.06,TARGET,32,9.52,CLOSED
DIVISLAB,2012-10,10.77,2012-11-01,532.03,480.3,589.31,2012-12-17,480.3,SL,46,-10.02,CLOSED
DIVISLAB,2014-06,14.43,2014-07-01,661.21,552.57,756.59,2014-09-05,756.59,TARGET,66,14.13,CLOSED
DIVISLAB,2014-10,4.17,2014-11-03,852.72,771.6,888.32,2014-11-07,771.6,SL,4,-9.81,CLOSED
DIVISLAB,2015-06,3.29,2015-07-01,859.97,787.84,888.3,2015-07-17,888.3,TARGET,16,2.99,CLOSED
DIVISLAB,2018-04,9.84,2018-05-02,1134.32,1016.16,1245.96,2018-05-29,1016.16,SL,27,-10.72,CLOSED
DIVISLAB,2019-04,5.58,2019-05-02,1652.3,1580.24,1744.47,2019-05-08,1580.24,SL,6,-4.66,CLOSED
DIVISLAB,2020-05,2.45,2020-06-01,2320.56,2150.44,2377.45,2020-06-01,2377.45,TARGET,0,2.15,CLOSED
DIVISLAB,2020-12,6.57,2021-01-01,3708.68,3423.5,3952.28,2021-01-22,3423.5,SL,21,-7.99,CLOSED
DIVISLAB,2021-03,7.72,2021-04-01,3495.18,3046.26,3765.08,2021-04-12,3765.08,TARGET,11,7.42,CLOSED
DIVISLAB,2021-06,5.11,2021-07-01,4267.06,4005.74,4485.04,2021-07-14,4485.04,TARGET,13,4.81,CLOSED
DIVISLAB,2021-07,11.29,2021-08-02,4727.38,4263.05,5261.28,2021-10-18,5261.28,TARGET,77,10.99,CLOSED
DIVISLAB,2023-11,11.82,2023-12-01,3743.27,3246.96,4185.56,2024-05-27,4235.69,TARGET,178,12.85,CLOSED
DIVISLAB,2024-07,7.11,2024-08-01,4857.68,4330.83,5203.01,2024-09-10,5203.01,TARGET,40,6.81,CLOSED
DIVISLAB,2024-11,4.81,2024-12-02,6131.68,5629.4,6426.36,2025-01-13,5629.4,SL,42,-8.49,CLOSED
DIVISLAB,2025-06,2.99,2025-07-01,6769.63,6399.85,6971.84,2025-07-08,6971.84,TARGET,7,2.69,CLOSED
DIVISLAB,2025-10,18.43,2025-11-03,6710.33,5651.69,7946.95,2026-04-02,5651.69,SL,150,-16.08,CLOSED
DIVISLAB,2026-04,9.34,2026-05-04,6481.27,5624.31,7086.68,2026-07-14,7086.68,TARGET,71,9.04,CLOSED
DIVISLAB,2026-07,22.96,2026-08-03,8380.0,6503.68,10303.64,2026-09-30,9291.5,OPEN,58,10.58,OPEN
DIXON,2020-11,27.75,2020-12-01,2390.95,1874.47,3054.43,2021-01-07,3054.43,TARGET,37,27.45,CLOSED
DIXON,2021-09,10.88,2021-10-01,4567.35,3981.84,5064.21,2021-10-08,5064.21,TARGET,7,10.58,CLOSED
DIXON,2022-10,3.32,2022-11-01,4520.09,4176.39,4670.01,2022-12-08,4176.39,SL,37,-7.9,CLOSED
DIXON,2023-02,7.8,2023-03-01,2885.67,2575.55,3110.69,2023-05-22,3110.69,TARGET,82,7.5,CLOSED
DIXON,2023-05,33.05,2023-06-01,3884.53,2836.63,5168.29,2023-09-05,5168.29,TARGET,96,32.75,CLOSED
DIXON,2024-05,12.64,2024-06-03,9624.76,7920.09,10841.56,2024-06-13,10841.56,TARGET,10,12.34,CLOSED
DIXON,2025-06,1.98,2025-07-01,14582.28,13263.89,14871.11,2025-07-02,14871.11,TARGET,1,1.68,CLOSED
DIXON,2025-07,12.4,2025-08-01,16848.53,14358.56,18937.87,2025-12-03,14358.56,SL,124,-15.08,CLOSED
DIXON,2026-08,5.7,2026-09-01,14768.63,13568.56,15610.66,2026-09-10,13568.56,SL,9,-8.43,CLOSED
LALPATHLAB,2021-05,0.8,2021-06-01,1423.63,1262.92,1435.02,2021-06-08,1435.02,TARGET,7,0.5,CLOSED
LALPATHLAB,2021-06,10.7,2021-07-01,1578.59,1367.54,1747.5,2021-07-27,1747.5,TARGET,26,10.4,CLOSED
LALPATHLAB,2021-08,14.1,2021-09-01,1951.58,1717.5,2226.79,2021-10-20,1717.5,SL,49,-12.29,CLOSED
LALPATHLAB,2023-04,6.91,2023-05-02,946.42,882.0,1011.86,2023-06-19,1011.86,TARGET,48,6.61,CLOSED
LALPATHLAB,2023-09,16.01,2023-10-03,1237.87,1050.18,1436.1,2024-03-11,1050.18,SL,160,-15.46,CLOSED
LALPATHLAB,2024-05,11.61,2024-06-03,1303.23,1076.83,1454.51,2024-07-09,1454.51,TARGET,36,11.31,CLOSED
LALPATHLAB,2025-07,12.68,2025-08-01,1576.45,1355.45,1776.36,2025-12-19,1355.45,SL,140,-14.32,CLOSED
LALPATHLAB,2026-07,16.04,2026-08-03,1920.0,1605.82,2228.0,2026-09-30,1987.0,OPEN,58,3.19,OPEN
DRREDDY,2005-07,11.85,2005-08-01,71.71,63.73,80.2,2005-10-05,80.2,TARGET,65,11.55,CLOSED
DRREDDY,2007-03,7.59,2007-04-02,125.79,105.0,135.33,2007-10-17,105.0,SL,198,-16.83,CLOSED
DRREDDY,2007-11,1.33,2007-12-03,111.21,102.47,112.68,2007-12-03,112.68,TARGET,0,1.03,CLOSED
DRREDDY,2008-02,10.29,2008-03-03,100.6,74.53,110.96,2008-04-03,110.96,TARGET,31,9.99,CLOSED
DRREDDY,2008-05,14.63,2008-06-02,126.49,107.69,145.0,2008-07-29,107.69,SL,57,-15.16,CLOSED
DRREDDY,2009-03,25.1,2009-04-01,87.46,62.77,109.42,2009-05-18,109.42,TARGET,47,24.8,CLOSED
DRREDDY,2010-05,11.42,2010-06-01,249.53,204.0,278.03,2010-09-23,278.03,TARGET,114,11.12,CLOSED
DRREDDY,2010-10,15.11,2010-11-01,299.24,259.39,344.47,2011-08-19,259.39,SL,291,-13.62,CLOSED
DRREDDY,2011-10,12.65,2011-11-01,297.47,260.53,335.08,2012-12-03,335.08,TARGET,398,12.35,CLOSED
DRREDDY,2013-04,14.81,2013-05-02,368.97,322.49,423.63,2013-07-12,423.63,TARGET,71,14.51,CLOSED
DRREDDY,2013-11,1.16,2013-12-02,458.76,436.38,464.07,2013-12-23,464.07,TARGET,21,0.86,CLOSED
DRREDDY,2013-12,2.0,2014-01-01,467.21,438.96,476.57,2014-01-09,476.57,TARGET,8,1.7,CLOSED
DRREDDY,2014-06,6.64,2014-07-01,482.08,420.61,514.09,2014-07-28,514.09,TARGET,27,6.34,CLOSED
DRREDDY,2014-08,4.96,2014-09-01,545.44,501.1,572.48,2014-09-18,572.48,TARGET,17,4.66,CLOSED
DRREDDY,2014-11,13.82,2014-12-01,665.77,585.68,757.8,2014-12-16,585.68,SL,15,-12.33,CLOSED
DRREDDY,2015-06,0.68,2015-07-01,655.79,603.77,660.28,2015-07-01,660.28,TARGET,0,0.38,CLOSED
DRREDDY,2015-07,15.13,2015-08-03,760.06,653.46,875.07,2015-11-09,653.46,SL,98,-14.33,CLOSED
DRREDDY,2016-05,3.06,2016-06-01,592.8,524.41,610.91,2016-06-29,613.05,TARGET,28,3.12,CLOSED
DRREDDY,2016-06,6.24,2016-07-01,637.4,557.45,677.16,2016-07-20,677.16,TARGET,19,5.94,CLOSED
DRREDDY,2018-11,7.07,2018-12-03,520.06,453.67,556.83,2019-02-15,453.67,SL,74,-13.07,CLOSED
DRREDDY,2019-04,7.97,2019-05-02,555.46,519.74,599.73,2019-05-17,519.74,SL,15,-6.73,CLOSED
DRREDDY,2020-07,15.34,2020-08-03,870.71,729.84,1004.29,2020-09-18,1004.29,TARGET,46,15.04,CLOSED
DRREDDY,2021-12,4.94,2022-01-03,949.38,859.28,996.31,2022-01-21,859.28,SL,18,-9.79,CLOSED
DRREDDY,2022-06,0.55,2022-07-01,848.39,786.68,853.08,2022-07-04,853.08,TARGET,3,0.25,CLOSED
DRREDDY,2023-03,7.09,2023-04-03,905.62,837.06,969.85,2023-05-05,969.85,TARGET,32,6.79,CLOSED
DRREDDY,2023-06,14.63,2023-07-03,1005.1,876.81,1152.15,2023-08-09,1152.15,TARGET,37,14.33,CLOSED
DRREDDY,2023-11,7.84,2023-12-01,1138.68,1030.13,1227.91,2024-02-12,1227.91,TARGET,73,7.54,CLOSED
DRREDDY,2024-06,10.54,2024-07-01,1262.37,1099.42,1395.43,2024-08-21,1395.43,TARGET,51,10.24,CLOSED
DRREDDY,2024-12,15.49,2025-01-01,1371.01,1187.19,1583.33,2025-01-27,1187.19,SL,26,-13.71,CLOSED
DRREDDY,2025-05,5.68,2025-06-02,1235.28,1115.21,1305.5,2025-06-06,1305.5,TARGET,4,5.38,CLOSED
DRREDDY,2025-11,5.11,2025-12-01,1255.94,1180.41,1320.12,2026-01-13,1180.41,SL,43,-6.31,CLOSED
EIDPARRY,2007-08,6.46,2007-09-03,49.4,41.53,52.59,2007-09-07,52.59,TARGET,4,6.16,CLOSED
EIDPARRY,2009-12,9.99,2010-01-04,152.35,132.58,167.57,2010-01-15,167.57,TARGET,11,9.69,CLOSED
EIDPARRY,2017-07,8.85,2017-08-01,312.31,282.75,339.97,2017-08-09,282.75,SL,8,-9.77,CLOSED
EIHOTEL,2006-03,7.24,2006-04-03,70.13,64.78,75.21,2006-04-18,64.78,SL,15,-7.94,CLOSED
EIHOTEL,2007-09,7.32,2007-10-01,87.47,79.48,93.87,2007-10-01,93.87,TARGET,0,7.02,CLOSED
EIHOTEL,2011-06,4.91,2011-07-01,76.22,72.04,79.96,2011-07-29,79.96,TARGET,28,4.61,CLOSED
EIHOTEL,2012-06,3.68,2012-07-02,71.15,67.28,73.77,2012-07-05,73.77,TARGET,3,3.38,CLOSED
EIHOTEL,2013-04,11.06,2013-05-02,55.45,49.36,61.59,2013-06-10,49.36,SL,39,-11.28,CLOSED
EIHOTEL,2013-12,17.73,2014-01-01,58.03,48.66,68.32,2014-03-28,68.32,TARGET,86,17.43,CLOSED
EIHOTEL,2014-07,6.99,2014-08-01,92.93,75.7,99.42,2014-08-28,99.42,TARGET,27,6.69,CLOSED
EIHOTEL,2014-10,1.95,2014-11-03,94.92,88.61,96.77,2014-11-03,96.77,TARGET,0,1.65,CLOSED
EIHOTEL,2014-11,7.74,2014-12-01,103.1,94.41,111.08,2014-12-02,111.08,TARGET,1,7.44,CLOSED
EIHOTEL,2018-11,20.44,2018-12-03,185.39,154.7,223.3,2019-07-24,154.7,SL,233,-16.85,CLOSED
EIHOTEL,2024-01,31.4,2024-02-01,325.38,245.73,427.55,2024-02-20,427.55,TARGET,19,31.1,CLOSED
EIHOTEL,2024-07,2.94,2024-08-01,440.84,388.96,453.78,2024-08-06,388.96,SL,5,-12.07,CLOSED
EMBASSY,2019-05,10.5,2019-06-03,231.44,204.4,255.73,2019-09-05,255.73,TARGET,94,10.2,CLOSED
EMBASSY,2022-01,8.37,2022-02-01,275.92,252.94,299.02,2022-05-12,299.02,TARGET,100,8.07,CLOSED
EMBASSY,2022-10,1.17,2022-11-01,272.88,265.51,276.07,2022-11-04,265.51,SL,3,-3.0,CLOSED
EMBASSY,2023-04,5.61,2023-05-02,265.38,250.7,280.27,2023-05-17,250.7,SL,15,-5.83,CLOSED
EMBASSY,2023-07,6.97,2023-08-01,255.44,239.12,273.24,2023-11-30,273.24,TARGET,121,6.67,CLOSED
EMBASSY,2023-11,5.23,2023-12-01,273.17,257.12,287.45,2023-12-06,257.12,SL,5,-6.18,CLOSED
EMBASSY,2024-08,8.64,2024-09-02,343.93,320.7,373.65,2024-12-20,320.7,SL,109,-7.05,CLOSED
EMBASSY,2025-09,8.78,2025-10-01,396.78,361.02,431.62,2025-12-03,431.62,TARGET,63,8.48,CLOSED
EICHERMOT,2012-03,15.82,2012-04-02,182.39,146.21,211.24,2012-04-19,211.24,TARGET,17,15.52,CLOSED
EICHERMOT,2013-04,15.46,2013-05-02,275.22,227.47,317.77,2013-05-20,317.77,TARGET,18,15.16,CLOSED
EICHERMOT,2014-02,10.64,2014-03-03,463.3,400.28,512.58,2014-03-05,512.58,TARGET,2,10.34,CLOSED
EICHERMOT,2014-10,6.69,2014-11-03,1051.76,993.14,1122.11,2014-11-03,1122.11,TARGET,0,6.39,CLOSED
EICHERMOT,2015-12,0.76,2016-01-01,1548.42,1385.22,1560.14,2016-01-01,1560.14,TARGET,0,0.46,CLOSED
EICHERMOT,2016-06,3.98,2016-07-01,1773.02,1660.3,1843.66,2016-07-18,1843.66,TARGET,17,3.68,CLOSED
EICHERMOT,2016-07,16.85,2016-08-01,2098.42,1757.17,2451.95,2016-09-29,2451.95,TARGET,59,16.55,CLOSED
EICHERMOT,2017-03,6.04,2017-04-03,2375.16,2121.27,2518.61,2017-05-10,2518.61,TARGET,37,5.74,CLOSED
EICHERMOT,2017-07,11.63,2017-08-01,2797.29,2501.43,3122.59,2018-01-23,2501.43,SL,175,-10.88,CLOSED
EICHERMOT,2019-10,26.87,2019-11-01,2114.43,1647.02,2682.51,2020-02-25,1647.02,SL,116,-22.41,CLOSED
EICHERMOT,2021-12,9.34,2022-01-03,2487.51,2240.95,2719.9,2022-01-17,2719.9,TARGET,14,9.04,CLOSED
EICHERMOT,2022-10,4.87,2022-11-01,3717.39,3227.45,3898.47,2022-11-18,3227.45,SL,17,-13.48,CLOSED
EICHERMOT,2023-01,1.1,2023-02-01,3134.74,2924.48,3169.32,2023-02-01,3169.32,TARGET,0,0.8,CLOSED
EICHERMOT,2023-04,11.95,2023-05-02,3179.61,2792.79,3559.43,2023-05-31,3559.43,TARGET,29,11.65,CLOSED
EICHERMOT,2023-11,18.25,2023-12-01,3789.68,3164.51,4481.2,2024-04-30,4481.2,TARGET,151,17.95,CLOSED
EICHERMOT,2024-08,1.06,2024-09-02,4835.75,4401.33,4887.16,2024-09-02,4887.16,TARGET,0,0.76,CLOSED
EICHERMOT,2025-06,6.06,2025-07-01,5526.22,5099.29,5860.9,2025-08-18,5860.9,TARGET,48,5.76,CLOSED
EICHERMOT,2025-12,3.67,2026-01-01,7241.17,6940.82,7507.06,2026-01-07,7507.06,TARGET,6,3.37,CLOSED
EICHERMOT,2026-07,11.9,2026-08-03,7900.0,6980.4,8840.42,2026-09-30,7150.0,OPEN,58,-9.79,OPEN
ELECON,2007-07,17.95,2007-08-01,73.95,64.69,87.22,2007-09-03,92.27,TARGET,33,24.48,CLOSED
ELECON,2009-05,122.87,2009-06-01,40.38,17.24,89.99,2013-02-07,17.24,SL,1347,-57.61,CLOSED
ELECON,2023-08,16.55,2023-09-01,438.23,374.35,510.77,2023-09-12,374.35,SL,11,-14.88,CLOSED
ELECON,2023-10,9.27,2023-11-01,421.84,353.18,460.95,2023-11-06,460.95,TARGET,5,8.97,CLOSED
ELGIEQUIP,2012-07,6.7,2012-08-01,38.88,36.59,41.49,2012-08-21,36.59,SL,20,-6.2,CLOSED
ELGIEQUIP,2019-09,23.15,2019-10-01,147.69,116.51,181.88,2019-12-24,116.51,SL,84,-21.41,CLOSED
ELGIEQUIP,2024-01,12.92,2024-02-01,604.73,517.94,682.85,2024-02-08,682.85,TARGET,7,12.62,CLOSED
EMAMILTD,2013-04,6.56,2013-05-02,176.01,158.03,187.56,2013-05-07,187.56,TARGET,5,6.26,CLOSED
EMAMILTD,2015-06,3.52,2015-07-01,493.19,420.67,510.54,2015-07-02,510.54,TARGET,1,3.22,CLOSED
EMAMILTD,2018-07,11.73,2018-08-01,517.02,435.76,577.65,2018-09-21,435.76,SL,51,-16.02,CLOSED
EMAMILTD,2023-04,4.57,2023-05-02,356.48,334.25,372.79,2023-05-12,372.79,TARGET,10,4.27,CLOSED
EMAMILTD,2023-06,8.44,2023-07-03,403.78,350.95,437.85,2023-07-31,437.85,TARGET,28,8.14,CLOSED
EMAMILTD,2023-07,8.99,2023-08-01,436.56,387.84,475.82,2023-08-09,475.82,TARGET,8,8.69,CLOSED
EMAMILTD,2024-04,13.4,2024-05-02,468.38,411.83,531.17,2024-05-30,531.17,TARGET,28,13.1,CLOSED
EMCURE,2025-03,9.24,2025-04-01,1065.72,907.31,1164.18,2025-04-07,886.54,SL,6,-17.11,CLOSED
ENDURANCE,2017-03,8.87,2017-04-03,734.92,657.82,800.1,2017-04-10,800.1,TARGET,7,8.57,CLOSED
ENDURANCE,2017-10,16.71,2017-11-01,1114.57,929.45,1300.84,2017-12-22,1300.84,TARGET,51,16.41,CLOSED
ENDURANCE,2018-02,15.41,2018-03-01,1345.1,1039.95,1552.35,2018-10-22,1039.95,SL,235,-22.99,CLOSED
ENDURANCE,2019-04,2.47,2019-05-02,1139.19,1104.48,1167.36,2019-05-08,1104.48,SL,6,-3.35,CLOSED
ENDURANCE,2019-10,7.73,2019-11-01,1068.45,904.34,1150.99,2020-01-27,1150.99,TARGET,87,7.43,CLOSED
ENDURANCE,2020-12,16.54,2021-01-01,1325.2,1081.8,1544.37,2021-06-14,1544.37,TARGET,164,16.24,CLOSED
ENDURANCE,2022-06,7.94,2022-07-01,1390.95,1198.01,1501.46,2022-09-01,1501.46,TARGET,62,7.64,CLOSED
ENDURANCE,2023-12,14.8,2024-01-01,1923.93,1620.59,2208.71,2024-01-05,2208.71,TARGET,4,14.5,CLOSED
ENDURANCE,2025-06,13.91,2025-07-01,2757.75,2363.93,3141.39,2026-01-23,2363.93,SL,206,-14.58,CLOSED
ENGINERSIN,2005-02,4.78,2005-03-01,16.91,14.79,17.72,2005-03-23,14.79,SL,22,-12.86,CLOSED
ENGINERSIN,2009-01,2.2,2009-02-02,24.35,20.01,24.89,2009-02-06,24.89,TARGET,4,1.9,CLOSED
ENGINERSIN,2014-10,11.45,2014-11-03,96.38,80.87,107.42,2014-11-11,80.87,SL,8,-16.39,CLOSED
ENGINERSIN,2018-07,9.46,2018-08-01,104.99,89.69,114.92,2018-09-28,89.69,SL,58,-14.88,CLOSED
ENGINERSIN,2021-09,8.64,2021-10-01,68.85,62.2,74.8,2021-11-03,62.2,SL,33,-9.97,CLOSED
ENGINERSIN,2022-10,10.02,2022-11-01,64.69,57.17,71.17,2022-11-17,71.17,TARGET,16,9.72,CLOSED
ENGINERSIN,2023-07,38.02,2023-08-01,148.9,106.01,205.5,2024-01-11,205.5,TARGET,163,37.72,CLOSED
ENGINERSIN,2026-08,17.76,2026-09-01,260.85,220.56,307.17,2026-09-25,307.17,TARGET,24,17.46,CLOSED
ESCORTS,2007-04,13.8,2007-05-03,114.21,91.32,129.96,2007-07-27,90.98,SL,85,-20.64,CLOSED
ESCORTS,2017-05,26.57,2017-06-01,659.64,523.6,834.88,2017-08-11,523.6,SL,71,-20.92,CLOSED
ESCORTS,2018-04,22.76,2018-05-02,958.07,783.63,1176.13,2018-06-28,783.63,SL,57,-18.51,CLOSED
ESCORTS,2018-11,12.39,2018-12-03,684.31,604.64,769.12,2018-12-06,604.64,SL,3,-11.94,CLOSED
ESCORTS,2021-12,3.38,2022-01-03,1829.47,1725.43,1891.3,2022-02-24,1725.43,SL,52,-5.99,CLOSED
ESCORTS,2022-11,12.17,2022-12-01,2216.67,1864.32,2486.53,2023-02-09,1864.32,SL,70,-16.2,CLOSED
ESCORTS,2023-05,9.85,2023-06-01,2129.6,1901.25,2339.37,2023-07-26,2339.37,TARGET,55,9.55,CLOSED
ESCORTS,2025-01,8.73,2025-02-01,3540.52,3143.16,3849.57,2025-02-11,3121.12,SL,10,-12.15,CLOSED
ESCORTS,2025-10,9.86,2025-11-03,3735.08,3390.93,4103.43,2026-01-27,3390.93,SL,85,-9.51,CLOSED
ESCORTS,2026-07,6.3,2026-08-03,3110.0,2880.0,3305.99,2026-09-15,2880.0,SL,43,-7.7,CLOSED
ETERNAL,2025-06,10.84,2025-07-01,264.75,236.11,293.46,2025-07-22,293.46,TARGET,21,10.54,CLOSED
EXIDEIND,2007-05,10.12,2007-06-01,36.78,30.33,40.5,2007-07-02,40.5,TARGET,31,9.82,CLOSED
EXIDEIND,2007-08,13.85,2007-09-03,50.08,40.98,57.02,2007-10-12,57.02,TARGET,39,13.55,CLOSED
EXIDEIND,2012-01,26.23,2012-02-01,110.87,89.13,139.95,2012-10-19,140.34,TARGET,261,26.28,CLOSED
EXIDEIND,2013-12,7.0,2014-01-01,108.46,97.71,116.05,2014-01-10,97.71,SL,9,-10.22,CLOSED
EXIDEIND,2016-05,11.55,2016-06-01,147.63,124.9,164.68,2016-07-13,164.68,TARGET,42,11.25,CLOSED
EXIDEIND,2017-03,5.9,2017-04-03,206.83,190.19,219.03,2017-04-20,219.03,TARGET,17,5.6,CLOSED
EXIDEIND,2017-12,8.92,2018-01-01,204.71,184.52,222.98,2018-02-06,180.74,SL,36,-12.01,CLOSED
EXIDEIND,2018-07,8.63,2018-08-01,260.49,233.3,282.95,2018-09-25,233.3,SL,55,-10.74,CLOSED
EXIDEIND,2020-11,16.22,2020-12-01,178.59,150.44,207.56,2021-02-08,207.56,TARGET,69,15.92,CLOSED
EXIDEIND,2022-11,13.94,2022-12-01,185.08,160.23,210.87,2023-06-16,210.87,TARGET,197,13.64,CLOSED
EXIDEIND,2023-06,12.07,2023-07-03,233.41,199.46,261.6,2023-08-01,261.6,TARGET,29,11.77,CLOSED
EXIDEIND,2023-11,11.49,2023-12-01,282.01,248.57,314.41,2023-12-29,314.41,TARGET,28,11.19,CLOSED
EXIDEIND,2024-09,1.96,2024-10-01,502.45,449.53,512.28,2024-10-09,512.28,TARGET,8,1.66,CLOSED
NYKAA,2025-03,12.77,2025-04-01,179.0,154.9,201.86,2025-05-14,201.86,TARGET,43,12.47,CLOSED
NYKAA,2026-06,18.51,2026-07-01,310.6,257.8,368.09,2026-09-30,320.0,OPEN,91,2.73,OPEN
FEDERALBNK,2011-05,5.69,2011-06-01,36.75,32.64,38.84,2011-07-07,38.84,TARGET,36,5.39,CLOSED
FEDERALBNK,2011-10,12.85,2011-11-01,34.86,28.81,39.34,2011-11-23,28.81,SL,22,-17.68,CLOSED
FEDERALBNK,2014-10,12.87,2014-11-03,65.1,54.29,73.47,2015-08-25,54.29,SL,295,-16.89,CLOSED
FEDERALBNK,2017-02,14.86,2017-03-01,81.32,70.35,93.41,2017-04-28,93.41,TARGET,58,14.56,CLOSED
FEDERALBNK,2019-03,11.69,2019-04-01,91.15,78.6,101.8,2019-05-27,101.8,TARGET,56,11.39,CLOSED
FEDERALBNK,2022-08,9.7,2022-09-01,112.45,102.82,123.36,2022-09-05,123.36,TARGET,4,9.4,CLOSED
FEDERALBNK,2024-09,1.04,2024-10-01,196.63,180.02,198.68,2024-10-29,198.68,TARGET,28,0.74,CLOSED
FEDERALBNK,2024-10,3.65,2024-11-01,202.33,180.29,209.71,2024-11-22,209.71,TARGET,21,3.35,CLOSED
FEDERALBNK,2025-06,5.47,2025-07-01,212.33,199.81,223.96,2025-07-31,199.81,SL,30,-6.2,CLOSED
FEDERALBNK,2025-10,22.64,2025-11-03,235.81,190.95,289.2,2026-02-03,293.0,TARGET,92,23.95,CLOSED
FEDERALBNK,2026-02,4.21,2026-03-02,289.01,275.06,301.17,2026-03-09,275.06,SL,7,-5.13,CLOSED
FEDERALBNK,2026-06,14.22,2026-07-01,327.88,283.88,374.52,2026-09-30,317.4,OPEN,91,-3.5,OPEN
FACT,2007-12,17.25,2008-01-01,46.85,37.97,54.93,2008-01-08,57.31,TARGET,7,22.04,CLOSED
FACT,2022-12,155.81,2023-01-02,382.14,141.08,977.54,2024-06-20,977.54,TARGET,535,155.51,CLOSED
FINCABLES,2013-11,23.81,2013-12-02,67.63,52.1,83.74,2014-03-12,83.74,TARGET,100,23.51,CLOSED
FINCABLES,2014-06,20.04,2014-07-01,161.43,132.6,193.78,2014-07-07,193.78,TARGET,6,19.74,CLOSED
FINCABLES,2016-08,13.52,2016-09-01,407.36,335.0,462.45,2016-11-09,335.0,SL,69,-18.06,CLOSED
FINCABLES,2017-11,9.82,2017-12-01,619.25,495.86,680.05,2018-01-08,680.05,TARGET,38,9.52,CLOSED
FINCABLES,2023-07,23.28,2023-08-01,1028.71,781.97,1268.17,2024-05-24,1268.17,TARGET,297,22.98,CLOSED
FSL,2013-09,41.02,2013-10-01,14.11,9.73,19.89,2014-01-10,19.89,TARGET,101,40.72,CLOSED
FSL,2018-08,4.51,2018-09-03,59.73,46.12,62.42,2018-10-05,46.12,SL,32,-23.08,CLOSED
FSL,2020-07,36.83,2020-08-03,42.59,30.86,58.28,2020-08-26,58.28,TARGET,23,36.53,CLOSED
FSL,2023-01,5.62,2023-02-01,99.78,93.04,105.39,2023-02-03,105.39,TARGET,2,5.32,CLOSED
FSL,2023-04,10.71,2023-05-02,111.08,98.72,122.98,2023-05-09,122.98,TARGET,7,10.41,CLOSED
FSL,2025-10,7.63,2025-11-03,346.44,309.64,372.89,2026-01-12,309.64,SL,70,-10.92,CLOSED
FSL,2026-07,32.25,2026-08-03,304.0,228.7,402.03,2026-09-30,255.8,OPEN,58,-16.16,OPEN
FIVESTAR,2025-05,0.47,2025-06-02,704.99,655.34,708.28,2025-06-02,708.28,TARGET,0,0.17,CLOSED
FORCEMOT,2023-04,15.24,2023-05-02,1329.35,1154.24,1531.89,2023-05-30,1544.21,TARGET,28,15.86,CLOSED
FORCEMOT,2024-02,101.31,2024-03-01,6819.11,3327.52,13727.61,2025-06-16,13727.61,TARGET,472,101.01,CLOSED
FORTIS,2014-10,3.93,2014-11-03,121.11,113.66,125.87,2014-11-14,113.66,SL,11,-6.45,CLOSED
FORTIS,2014-12,4.08,2015-01-01,109.79,99.52,114.27,2015-01-21,114.27,TARGET,20,3.78,CLOSED
FORTIS,2015-11,8.32,2015-12-01,167.62,153.87,181.56,2015-12-28,181.56,TARGET,27,8.02,CLOSED
FORTIS,2017-11,0.66,2017-12-01,144.93,122.5,145.89,2017-12-01,145.89,TARGET,0,0.36,CLOSED
FORTIS,2022-03,18.29,2022-04-01,286.89,240.28,339.36,2022-05-10,240.28,SL,39,-16.55,CLOSED
FORTIS,2023-06,14.69,2023-07-03,316.67,269.91,363.18,2023-11-10,363.18,TARGET,130,14.39,CLOSED
FORTIS,2023-11,19.52,2023-12-01,383.3,321.62,458.13,2024-02-06,458.13,TARGET,67,19.22,CLOSED
FORTIS,2024-03,2.99,2024-04-01,424.17,373.44,436.86,2024-04-05,436.86,TARGET,4,2.69,CLOSED
FORTIS,2025-07,8.05,2025-08-01,858.89,755.45,928.04,2025-08-12,928.04,TARGET,11,7.75,CLOSED
GAIL,2005-06,6.53,2005-07-01,14.71,13.58,15.67,2005-07-14,13.58,SL,13,-8.01,CLOSED
GAIL,2006-01,12.3,2006-02-01,19.66,17.31,22.08,2006-05-16,17.31,SL,104,-12.24,CLOSED
GAIL,2006-11,4.3,2006-12-01,18.25,16.72,19.04,2006-12-13,16.72,SL,12,-8.7,CLOSED
GAIL,2010-12,4.71,2011-01-03,58.43,55.01,61.18,2011-01-06,61.18,TARGET,3,4.41,CLOSED
GAIL,2012-12,0.96,2013-01-01,42.48,40.56,42.89,2013-01-02,42.89,TARGET,1,0.66,CLOSED
GAIL,2014-01,4.67,2014-02-03,43.8,40.54,45.84,2014-02-28,45.84,TARGET,25,4.37,CLOSED
GAIL,2014-02,4.8,2014-03-03,45.69,42.42,47.88,2014-03-07,47.88,TARGET,4,4.5,CLOSED
GAIL,2014-08,3.11,2014-09-01,56.05,47.84,57.8,2014-09-01,57.8,TARGET,0,2.81,CLOSED
GAIL,2015-12,3.42,2016-01-01,47.44,42.23,49.07,2016-01-18,42.23,SL,17,-11.28,CLOSED
GAIL,2017-04,12.47,2017-05-02,73.96,65.76,83.18,2017-05-23,65.76,SL,21,-11.38,CLOSED
GAIL,2018-05,7.94,2018-06-01,83.12,71.11,89.72,2018-07-27,89.72,TARGET,56,7.64,CLOSED
GAIL,2018-12,5.03,2019-01-01,85.79,78.38,90.1,2019-01-14,78.38,SL,13,-8.94,CLOSED
GAIL,2019-02,4.96,2019-03-01,83.68,74.74,87.83,2019-03-15,87.83,TARGET,14,4.66,CLOSED
GAIL,2019-05,1.42,2019-06-03,88.4,79.58,89.66,2019-06-06,79.58,SL,3,-10.28,CLOSED
GAIL,2020-04,25.02,2020-05-04,47.74,38.58,59.69,2020-12-02,59.69,TARGET,212,24.72,CLOSED
GAIL,2022-07,8.43,2022-08-01,84.6,74.25,91.73,2022-08-11,74.25,SL,10,-12.53,CLOSED
GAIL,2022-10,4.88,2022-11-01,79.2,72.84,83.07,2022-12-14,83.07,TARGET,43,4.58,CLOSED
GAIL,2026-07,4.6,2026-08-03,181.57,166.79,189.93,2026-09-30,170.55,OPEN,58,-6.37,OPEN
GVT&D,2010-11,4.43,2010-12-01,287.71,246.57,300.45,2010-12-01,300.45,TARGET,0,4.13,CLOSED
GVT&D,2012-05,6.05,2012-06-01,158.46,130.17,168.04,2012-06-08,168.04,TARGET,7,5.75,CLOSED
GVT&D,2012-06,14.72,2012-07-02,184.87,150.96,212.09,2013-02-25,150.96,SL,238,-18.64,CLOSED
GVT&D,2013-04,12.56,2013-05-02,163.75,138.42,184.31,2013-07-30,138.42,SL,89,-15.77,CLOSED
GVT&D,2014-06,13.26,2014-07-01,335.96,285.26,380.51,2014-10-31,380.51,TARGET,122,12.96,CLOSED
GVT&D,2023-11,7.77,2023-12-01,425.51,369.12,458.56,2023-12-14,458.56,TARGET,13,7.47,CLOSED
GVT&D,2023-12,18.17,2024-01-01,501.24,399.05,592.32,2024-01-04,595.72,TARGET,3,18.55,CLOSED
GVT&D,2024-01,35.47,2024-02-01,690.2,501.24,935.03,2024-03-01,935.03,TARGET,29,35.17,CLOSED
GVT&D,2025-07,15.49,2025-08-01,2850.81,2255.28,3292.36,2025-11-03,3292.36,TARGET,94,15.19,CLOSED
GMRAIRPORT,2007-04,17.53,2007-05-03,37.36,28.55,43.91,2007-05-25,43.91,TARGET,22,17.23,CLOSED
GMRAIRPORT,2007-06,50.55,2007-07-02,66.52,42.21,100.15,2007-11-15,100.15,TARGET,136,50.25,CLOSED
GMRAIRPORT,2016-04,8.62,2016-05-02,11.44,10.14,12.43,2016-05-20,10.14,SL,18,-11.72,CLOSED
GMRAIRPORT,2018-08,18.87,2018-09-03,18.96,15.54,22.54,2018-09-21,15.54,SL,18,-18.35,CLOSED
GMRAIRPORT,2022-11,14.55,2022-12-01,43.2,35.6,49.49,2023-07-27,49.49,TARGET,238,14.25,CLOSED
GMRAIRPORT,2023-07,17.96,2023-08-01,51.75,43.15,61.05,2023-08-24,61.05,TARGET,23,17.66,CLOSED
GMRAIRPORT,2024-11,4.9,2024-12-02,83.2,74.12,87.28,2025-01-10,74.12,SL,39,-11.21,CLOSED
GMRAIRPORT,2025-11,15.3,2025-12-01,108.9,93.03,125.56,2026-01-23,93.03,SL,53,-14.87,CLOSED
GABRIEL,2007-12,26.02,2008-01-01,12.6,8.87,15.87,2008-01-23,8.8,SL,22,-30.44,CLOSED
GABRIEL,2009-05,96.97,2009-06-01,6.56,2.97,12.92,2009-12-10,12.92,TARGET,192,96.67,CLOSED
GABRIEL,2015-12,10.67,2016-01-01,89.26,75.21,98.78,2016-01-13,75.21,SL,12,-16.03,CLOSED
GABRIEL,2017-12,7.36,2018-01-01,183.63,167.83,197.13,2018-01-25,167.83,SL,24,-8.9,CLOSED
GABRIEL,2021-09,6.48,2021-10-01,144.62,131.65,153.99,2021-10-04,153.99,TARGET,3,6.18,CLOSED
GABRIEL,2023-04,13.27,2023-05-02,150.85,132.11,170.86,2023-05-11,170.86,TARGET,9,12.97,CLOSED
GABRIEL,2023-05,15.74,2023-06-01,173.63,150.41,200.96,2023-07-07,200.96,TARGET,36,15.44,CLOSED
GABRIEL,2023-07,14.77,2023-08-01,220.56,186.48,253.13,2023-08-21,253.13,TARGET,20,14.47,CLOSED
GABRIEL,2024-08,10.62,2024-09-02,542.7,452.02,600.32,2024-10-08,451.15,SL,36,-17.17,CLOSED
GABRIEL,2025-06,6.64,2025-07-01,837.48,578.56,893.12,2025-07-02,1004.98,TARGET,1,19.7,CLOSED
GALLANTT,2011-10,77.03,2011-11-01,29.84,16.46,52.82,2011-12-08,16.07,SL,37,-46.44,CLOSED
GALLANTT,2019-11,11.91,2019-12-02,27.78,25.1,31.09,2019-12-16,31.09,TARGET,14,11.61,CLOSED
GALLANTT,2023-07,55.99,2023-08-01,91.81,58.83,143.22,2023-12-26,143.45,TARGET,147,55.94,CLOSED
GALLANTT,2024-11,6.72,2024-12-02,348.15,294.45,371.56,2024-12-03,371.56,TARGET,1,6.42,CLOSED
GRSE,2023-01,3.61,2023-02-01,487.5,445.49,505.1,2023-02-01,505.1,TARGET,0,3.31,CLOSED
GRSE,2023-11,14.02,2023-12-01,828.68,711.11,944.84,2024-03-13,711.11,SL,103,-14.49,CLOSED
GICRE,2023-04,14.85,2023-05-02,137.0,118.24,157.34,2023-05-04,157.34,TARGET,2,14.55,CLOSED
GILLETTE,2010-12,2.76,2011-01-03,1536.45,1388.22,1578.9,2011-01-17,1388.22,SL,14,-9.95,CLOSED
GILLETTE,2011-03,13.19,2011-04-01,1427.41,1243.76,1615.62,2011-04-08,1615.62,TARGET,7,12.89,CLOSED
GILLETTE,2011-10,8.65,2011-11-01,1825.21,1598.76,1983.15,2011-11-23,1598.76,SL,22,-12.71,CLOSED
GILLETTE,2012-03,8.95,2012-04-02,2088.67,1814.47,2275.57,2012-08-24,1814.47,SL,144,-13.43,CLOSED
GILLETTE,2012-11,6.48,2012-12-03,1945.23,1775.62,2071.35,2013-01-01,2071.35,TARGET,29,6.18,CLOSED
GILLETTE,2014-08,12.1,2014-09-01,2135.1,1876.3,2393.52,2014-09-23,2393.52,TARGET,22,11.8,CLOSED
GILLETTE,2015-06,1.44,2015-07-01,3868.66,3578.2,3924.52,2015-07-02,3924.52,TARGET,1,1.14,CLOSED
GILLETTE,2016-11,3.57,2016-12-01,3811.71,3446.32,3947.82,2017-02-27,3446.32,SL,88,-9.89,CLOSED
GILLETTE,2017-04,2.51,2017-05-02,3671.17,3503.49,3763.14,2017-05-04,3763.14,TARGET,2,2.21,CLOSED
GILLETTE,2017-07,2.59,2017-08-01,4654.18,4401.08,4774.93,2017-08-16,4774.93,TARGET,15,2.29,CLOSED
GILLETTE,2017-08,2.94,2017-09-01,4760.71,4407.49,4900.53,2017-09-28,4900.53,TARGET,27,2.64,CLOSED
GILLETTE,2017-10,6.56,2017-11-01,5253.81,4898.27,5598.33,2017-11-23,5598.33,TARGET,22,6.26,CLOSED
GILLETTE,2018-05,0.35,2018-06-01,5768.96,5597.74,5789.35,2018-06-01,5789.35,TARGET,0,0.05,CLOSED
GILLETTE,2018-11,0.45,2018-12-03,5783.31,5598.1,5809.49,2018-12-10,5598.1,SL,7,-3.5,CLOSED
GILLETTE,2019-03,1.49,2019-04-01,5846.42,5632.42,5933.76,2019-04-01,5933.76,TARGET,0,1.19,CLOSED
GILLETTE,2019-06,0.5,2019-07-01,6648.69,6365.94,6681.89,2019-07-08,6365.94,SL,7,-4.55,CLOSED
GILLETTE,2019-08,2.0,2019-09-03,6515.72,6108.29,6646.15,2019-10-17,6646.15,TARGET,44,1.7,CLOSED
GILLETTE,2019-10,14.01,2019-11-01,7137.19,6205.44,8136.95,2019-11-21,6205.44,SL,20,-13.35,CLOSED
GILLETTE,2021-03,6.67,2021-04-01,5290.43,4878.82,5643.33,2021-04-19,4878.82,SL,18,-8.08,CLOSED
GILLETTE,2025-06,15.78,2025-07-01,10553.38,9074.23,12218.2,2025-10-15,9074.23,SL,106,-14.32,CLOSED
GILLETTE,2026-01,5.23,2026-02-02,8471.38,7541.35,8914.08,2026-03-27,7541.35,SL,53,-11.28,CLOSED
GLAND,2024-03,4.49,2024-04-01,1795.98,1622.29,1876.63,2024-05-03,1622.29,SL,32,-9.97,CLOSED
GLAND,2025-06,15.42,2025-07-01,1811.61,1544.93,2091.0,2025-07-29,2091.0,TARGET,28,15.12,CLOSED
GLAXO,2005-06,6.11,2005-07-01,247.85,228.08,263.0,2005-07-01,263.0,TARGET,0,5.81,CLOSED
GLAXO,2005-10,2.42,2005-11-02,278.46,254.6,285.19,2005-11-10,286.8,TARGET,8,2.7,CLOSED
GLAXO,2007-05,9.68,2007-06-01,418.18,373.23,458.65,2007-07-27,361.93,SL,56,-13.75,CLOSED
GLAXO,2008-04,8.27,2008-05-02,369.73,320.12,400.31,2008-07-09,400.31,TARGET,68,7.97,CLOSED
GLAXO,2010-03,5.8,2010-04-01,636.21,590.24,673.08,2010-04-21,673.08,TARGET,20,5.5,CLOSED
GLAXO,2010-04,7.59,2010-05-03,684.74,624.49,736.71,2010-05-13,736.71,TARGET,10,7.29,CLOSED
GLAXO,2011-04,9.44,2011-05-02,814.27,736.17,891.12,2011-06-14,891.12,TARGET,43,9.14,CLOSED
GLAXO,2012-10,1.21,2012-11-01,743.67,668.08,752.66,2012-11-26,760.49,TARGET,25,1.96,CLOSED
GLAXO,2013-04,4.9,2013-05-02,857.91,817.86,899.93,2013-05-07,899.93,TARGET,5,4.6,CLOSED
GLAXO,2013-11,2.65,2013-12-02,946.28,901.52,971.32,2013-12-02,971.32,TARGET,0,2.35,CLOSED
GLAXO,2013-12,20.14,2014-01-01,1138.36,919.73,1367.61,2014-05-06,919.73,SL,125,-19.51,CLOSED
GLAXO,2014-09,13.59,2014-10-01,1092.91,955.23,1241.39,2014-12-02,1241.39,TARGET,62,13.29,CLOSED
GLAXO,2015-12,0.54,2016-01-01,1305.77,1241.23,1312.82,2016-01-18,1241.23,SL,17,-5.24,CLOSED
GLAXO,2017-10,3.17,2017-11-01,1045.47,958.5,1078.61,2017-11-03,1078.61,TARGET,2,2.87,CLOSED
GLAXO,2018-05,8.67,2018-06-01,1030.45,933.01,1119.79,2018-06-13,1119.79,TARGET,12,8.37,CLOSED
GLAXO,2018-12,11.38,2019-01-01,1228.16,1083.64,1367.95,2019-02-21,1083.64,SL,51,-12.07,CLOSED
GLAXO,2019-07,2.37,2019-08-01,997.99,941.15,1021.67,2019-08-21,1021.67,TARGET,20,2.07,CLOSED
GLAXO,2021-10,1.57,2021-11-01,1349.14,1263.73,1370.28,2021-11-01,1370.28,TARGET,0,1.27,CLOSED
GLAXO,2023-06,11.66,2023-07-03,1343.91,1193.44,1500.57,2023-09-15,1500.57,TARGET,74,11.36,CLOSED
GLAXO,2026-06,10.86,2026-07-01,2476.8,2088.1,2745.86,2026-08-18,2745.86,TARGET,48,10.56,CLOSED
GLENMARK,2008-04,37.27,2008-05-02,625.24,434.69,858.27,2008-10-03,434.69,SL,154,-30.78,CLOSED
GLENMARK,2009-09,9.92,2009-10-01,229.47,201.12,252.23,2009-10-28,199.74,SL,27,-13.25,CLOSED
GLENMARK,2010-10,12.96,2010-11-01,327.05,276.9,369.44,2010-12-07,369.44,TARGET,36,12.66,CLOSED
GLENMARK,2014-01,4.76,2014-02-03,536.1,474.93,561.61,2014-03-05,561.61,TARGET,30,4.46,CLOSED
GLENMARK,2018-08,14.42,2018-09-03,649.57,551.94,743.25,2019-02-15,551.94,SL,165,-15.33,CLOSED
GLENMARK,2023-03,8.38,2023-04-03,463.82,411.03,502.71,2023-04-18,502.71,TARGET,15,8.08,CLOSED
GLENMARK,2023-04,21.25,2023-05-02,558.63,461.09,677.34,2023-06-30,677.34,TARGET,59,20.95,CLOSED
GLENMARK,2023-12,9.49,2024-01-01,849.85,768.64,930.48,2024-02-15,767.25,SL,45,-10.02,CLOSED
GLENMARK,2024-07,19.36,2024-08-01,1465.64,1226.11,1749.41,2024-09-13,1749.41,TARGET,43,19.06,CLOSED
GLENMARK,2024-12,5.26,2025-01-01,1603.57,1441.53,1687.96,2025-01-17,1441.53,SL,16,-10.41,CLOSED
GLENMARK,2025-03,20.49,2025-04-01,1534.7,1272.91,1849.22,2025-07-07,1849.22,TARGET,97,20.19,CLOSED
GLENMARK,2025-11,2.91,2025-12-01,1948.06,1799.61,2004.72,2025-12-22,2004.72,TARGET,21,2.61,CLOSED
GODFRYPHLP,2005-11,38.98,2005-12-01,71.71,51.3,99.66,2006-06-15,51.3,SL,196,-28.77,CLOSED
GODFRYPHLP,2006-11,34.23,2006-12-01,71.25,49.05,95.64,2008-01-07,95.64,TARGET,402,33.93,CLOSED
GODFRYPHLP,2010-03,10.16,2010-04-01,103.37,87.11,113.87,2010-11-08,113.87,TARGET,221,9.86,CLOSED
GODFRYPHLP,2014-10,4.85,2014-11-03,167.86,153.87,176.01,2014-11-07,176.26,TARGET,4,4.7,CLOSED
GODFRYPHLP,2022-07,7.72,2022-08-01,368.75,319.1,397.23,2022-10-07,401.0,TARGET,67,8.44,CLOSED
GODFRYPHLP,2023-09,1.22,2023-10-03,695.5,644.5,703.99,2023-10-03,703.99,TARGET,0,0.92,CLOSED
GODFRYPHLP,2024-08,55.47,2024-09-02,2115.58,1268.08,3289.0,2025-08-06,3289.0,TARGET,338,55.17,CLOSED
GODREJCP,2005-03,12.27,2005-04-01,19.49,17.31,21.89,2005-04-12,17.2,SL,11,-12.07,CLOSED
GODREJCP,2008-02,17.37,2008-03-03,36.19,29.36,42.47,2008-10-08,29.36,SL,219,-19.18,CLOSED
GODREJCP,2012-01,15.84,2012-02-01,131.56,108.81,152.41,2012-04-18,152.41,TARGET,77,15.54,CLOSED
GODREJCP,2012-04,12.28,2012-05-02,161.08,141.86,180.85,2012-07-24,180.85,TARGET,83,11.98,CLOSED
GODREJCP,2016-06,8.4,2016-07-01,491.15,445.06,532.43,2016-11-09,441.42,SL,131,-10.43,CLOSED
GODREJCP,2016-12,3.62,2017-01-02,460.5,429.89,477.19,2017-01-10,477.19,TARGET,8,3.32,CLOSED
GODREJCP,2018-06,7.6,2018-07-02,759.63,695.62,817.34,2018-07-11,817.34,TARGET,9,7.3,CLOSED
GODREJCP,2019-05,5.89,2019-06-03,654.21,587.97,692.75,2019-07-15,587.97,SL,42,-10.42,CLOSED
GODREJCP,2019-10,7.72,2019-11-01,700.66,618.87,754.74,2019-12-10,618.87,SL,39,-11.97,CLOSED
GODREJCP,2020-05,16.68,2020-06-01,603.39,459.81,704.02,2020-10-05,704.02,TARGET,126,16.38,CLOSED
GODREJCP,2021-03,6.3,2021-04-01,694.1,613.79,737.84,2021-05-12,737.84,TARGET,41,6.0,CLOSED
GODREJCP,2021-08,11.29,2021-09-01,1050.41,909.12,1168.98,2021-10-22,909.12,SL,51,-13.75,CLOSED
GODREJCP,2021-12,4.9,2022-01-03,925.12,827.56,970.47,2022-01-24,827.56,SL,21,-10.85,CLOSED
GODREJCP,2022-11,6.29,2022-12-01,841.58,754.09,894.5,2023-01-20,894.5,TARGET,50,5.99,CLOSED
GODREJCP,2023-03,4.86,2023-04-03,921.42,849.41,966.18,2023-05-16,966.18,TARGET,43,4.56,CLOSED
GODREJCP,2023-05,16.62,2023-06-01,1014.79,856.82,1183.48,2024-02-01,1183.48,TARGET,245,16.32,CLOSED
GODREJCP,2025-03,15.33,2025-04-01,1119.78,953.18,1291.46,2026-08-12,917.43,SL,498,-18.37,CLOSED
GODREJIND,2006-04,20.56,2006-05-02,120.79,73.55,145.62,2006-06-08,70.12,SL,37,-42.25,CLOSED
GODREJIND,2006-10,68.34,2006-11-01,152.7,84.32,257.06,2007-11-20,257.06,TARGET,384,68.04,CLOSED
GODREJIND,2007-11,34.57,2007-12-03,276.92,184.13,372.65,2007-12-12,389.82,TARGET,9,40.47,CLOSED
GODREJIND,2009-05,89.87,2009-06-01,137.73,70.53,261.5,2012-04-02,261.5,TARGET,1036,89.57,CLOSED
GODREJIND,2013-06,5.2,2013-07-01,300.72,276.66,316.36,2013-07-24,276.66,SL,23,-8.3,CLOSED
GODREJIND,2013-10,10.48,2013-11-01,289.94,253.91,320.32,2013-12-13,253.91,SL,42,-12.73,CLOSED
GODREJIND,2014-03,13.67,2014-04-01,308.6,268.56,350.78,2014-06-30,351.66,TARGET,90,13.66,CLOSED
GODREJIND,2014-06,23.91,2014-07-01,358.79,290.58,444.57,2014-10-08,290.58,SL,99,-19.31,CLOSED
GODREJIND,2018-06,4.52,2018-07-02,625.4,577.41,653.7,2018-07-16,577.41,SL,14,-7.97,CLOSED
GODREJIND,2018-07,4.0,2018-08-01,650.57,562.54,676.6,2018-09-19,562.54,SL,49,-13.83,CLOSED
GODREJIND,2018-11,17.55,2018-12-03,551.6,458.04,648.43,2019-05-13,458.04,SL,161,-17.26,CLOSED
GODREJIND,2020-05,20.45,2020-06-01,320.0,233.4,385.44,2020-06-08,385.44,TARGET,7,20.15,CLOSED
GODREJIND,2022-11,7.71,2022-12-01,464.8,401.45,500.63,2023-03-17,401.45,SL,106,-13.93,CLOSED
GODREJIND,2023-06,7.93,2023-07-03,521.85,462.55,563.23,2023-09-08,563.23,TARGET,67,7.63,CLOSED
GODREJIND,2024-01,20.88,2024-02-01,899.9,750.0,1087.81,2024-03-14,750.0,SL,42,-16.96,CLOSED
GODREJIND,2024-04,22.77,2024-05-02,970.0,769.4,1190.85,2024-06-04,769.4,SL,33,-20.98,CLOSED
GODREJIND,2026-06,6.09,2026-07-01,1181.0,1005.0,1252.89,2026-07-09,1252.89,TARGET,8,5.79,CLOSED
GODREJPROP,2013-04,17.46,2013-05-02,277.12,233.9,325.5,2013-06-24,233.9,SL,53,-15.9,CLOSED
GODREJPROP,2014-03,27.82,2014-04-01,211.23,159.07,270.0,2014-12-04,270.0,TARGET,247,27.52,CLOSED
GODREJPROP,2017-08,10.98,2017-09-01,577.21,485.25,640.61,2017-09-12,640.61,TARGET,11,10.68,CLOSED
GODREJPROP,2019-12,8.75,2020-01-01,986.23,865.81,1072.51,2020-01-27,1072.51,TARGET,26,8.45,CLOSED
GODREJPROP,2020-05,1.59,2020-06-01,688.67,572.23,699.65,2020-06-01,699.65,TARGET,0,1.29,CLOSED
GODREJPROP,2020-11,12.66,2020-12-01,1178.25,901.19,1327.47,2020-12-16,1327.47,TARGET,15,12.36,CLOSED
GODREJPROP,2020-12,22.88,2021-01-01,1425.11,1158.5,1751.23,2021-09-22,1751.23,TARGET,264,22.58,CLOSED
GODREJPROP,2022-03,11.32,2022-04-01,1665.15,1344.05,1853.65,2022-05-10,1344.05,SL,39,-19.58,CLOSED
GODREJPROP,2022-07,27.44,2022-08-01,1505.72,1161.39,1918.95,2022-09-26,1161.39,SL,56,-23.17,CLOSED
GODREJPROP,2022-10,5.79,2022-11-01,1261.9,1145.96,1334.94,2022-12-02,1334.94,TARGET,31,5.49,CLOSED
GODREJPROP,2024-06,15.45,2024-07-01,3274.17,2480.11,3779.9,2025-01-09,2480.11,SL,192,-24.55,CLOSED
GRANULES,2014-12,6.06,2015-01-01,77.41,66.22,82.1,2015-03-13,82.1,TARGET,71,5.76,CLOSED
GRANULES,2017-04,9.51,2017-05-02,145.38,129.32,159.2,2017-05-24,129.32,SL,22,-11.35,CLOSED
GRANULES,2022-09,12.82,2022-10-03,343.67,298.09,387.73,2023-01-25,298.09,SL,114,-13.56,CLOSED
GRANULES,2023-09,19.2,2023-10-03,355.22,295.93,423.44,2024-01-15,423.44,TARGET,104,18.9,CLOSED
GRANULES,2024-07,28.2,2024-08-01,627.77,480.79,804.81,2025-02-28,480.79,SL,211,-23.71,CLOSED
GRANULES,2026-06,5.09,2026-07-01,815.95,734.97,857.49,2026-07-06,857.49,TARGET,5,4.79,CLOSED
GRAPHITE,2011-03,7.93,2011-04-01,58.32,51.17,62.95,2011-04-11,62.95,TARGET,10,7.63,CLOSED
GRAPHITE,2013-01,1.38,2013-02-01,57.7,52.95,58.49,2013-02-14,58.49,TARGET,13,1.08,CLOSED
GRAPHITE,2015-12,16.14,2016-01-01,64.27,54.12,74.64,2016-02-03,54.12,SL,33,-16.09,CLOSED
GRAPHITE,2017-10,33.68,2017-11-01,405.24,294.91,541.74,2017-12-29,541.74,TARGET,58,33.38,CLOSED
GRAPHITE,2018-07,22.17,2018-08-01,806.88,674.4,985.8,2018-09-26,674.4,SL,56,-16.72,CLOSED
GRAPHITE,2022-07,11.12,2022-08-01,398.82,348.5,443.15,2022-09-23,348.5,SL,53,-12.92,CLOSED
GRAPHITE,2023-04,13.03,2023-05-02,278.74,245.33,315.05,2023-05-15,315.05,TARGET,13,12.73,CLOSED
GRAPHITE,2025-12,15.62,2026-01-01,637.01,510.59,736.52,2026-02-27,736.52,TARGET,57,15.32,CLOSED
GRASIM,2006-02,19.83,2006-03-01,221.4,184.12,265.3,2006-04-03,265.3,TARGET,33,19.53,CLOSED
GRASIM,2006-06,9.11,2006-07-03,247.77,184.87,270.34,2006-07-28,270.34,TARGET,25,8.81,CLOSED
GRASIM,2006-09,12.13,2006-10-03,327.97,287.54,367.75,2007-01-15,367.75,TARGET,104,11.83,CLOSED
GRASIM,2009-12,3.96,2010-01-04,337.68,317.04,351.04,2010-01-05,351.04,TARGET,1,3.66,CLOSED
GRASIM,2012-07,8.68,2012-08-01,402.36,360.69,437.3,2012-09-14,437.3,TARGET,44,8.38,CLOSED
GRASIM,2013-10,6.39,2013-11-01,402.8,374.48,428.52,2013-11-13,374.48,SL,12,-7.33,CLOSED
GRASIM,2015-09,2.77,2015-10-01,513.7,482.77,527.92,2015-10-05,527.92,TARGET,4,2.47,CLOSED
GRASIM,2015-11,0.8,2015-12-01,545.06,516.55,549.41,2015-12-03,549.41,TARGET,2,0.5,CLOSED
GRASIM,2015-12,0.35,2016-01-01,543.78,520.97,545.69,2016-01-01,545.69,TARGET,0,0.05,CLOSED
GRASIM,2016-03,15.52,2016-04-01,553.63,481.0,639.56,2016-05-30,639.56,TARGET,59,15.22,CLOSED
GRASIM,2016-06,7.09,2016-07-01,676.39,615.95,724.31,2016-08-01,724.31,TARGET,31,6.79,CLOSED
GRASIM,2017-08,11.67,2017-09-01,1141.72,980.84,1275.02,2018-02-06,980.84,SL,158,-14.39,CLOSED
GRASIM,2019-10,5.29,2019-11-01,739.88,609.84,779.05,2019-11-25,779.05,TARGET,24,4.99,CLOSED
GRASIM,2020-09,10.28,2020-10-01,725.42,630.38,799.96,2020-11-12,799.96,TARGET,42,9.98,CLOSED
GRASIM,2021-03,20.8,2021-04-01,1413.65,1164.04,1707.67,2021-10-14,1707.67,TARGET,196,20.5,CLOSED
GRASIM,2022-03,4.1,2022-04-01,1618.16,1370.74,1684.46,2022-04-08,1684.46,TARGET,7,3.8,CLOSED
GRASIM,2022-07,19.1,2022-08-01,1535.56,1271.48,1828.83,2023-08-08,1828.83,TARGET,372,18.8,CLOSED
GRASIM,2023-12,6.45,2024-01-01,2114.03,1979.0,2250.38,2024-03-28,2250.38,TARGET,87,6.15,CLOSED
GRASIM,2024-03,4.38,2024-04-01,2275.8,2106.2,2375.39,2024-04-30,2379.7,TARGET,29,4.27,CLOSED
GRASIM,2024-06,15.29,2024-07-01,2638.15,2148.75,3041.57,2026-05-21,3051.19,TARGET,689,15.36,CLOSED
GRAVITA,2023-05,21.0,2023-06-01,606.2,499.38,733.49,2023-08-14,733.49,TARGET,74,20.7,CLOSED
GESHIP,2006-09,14.21,2006-10-03,116.7,97.4,133.28,2006-10-16,92.15,SL,13,-21.34,CLOSED
GESHIP,2009-03,13.18,2009-04-01,112.49,82.78,127.32,2009-04-15,127.32,TARGET,14,12.88,CLOSED
GESHIP,2015-02,2.25,2015-03-02,243.82,222.04,249.31,2015-03-02,249.31,TARGET,0,1.95,CLOSED
GESHIP,2017-08,1.97,2017-09-01,297.77,270.16,303.63,2017-09-08,303.63,TARGET,7,1.67,CLOSED
GESHIP,2018-07,7.11,2018-08-01,225.2,199.76,241.22,2018-08-03,241.22,TARGET,2,6.81,CLOSED
GESHIP,2023-04,5.13,2023-05-02,610.77,552.04,642.09,2023-05-15,642.09,TARGET,13,4.83,CLOSED
GESHIP,2023-11,11.14,2023-12-01,807.3,669.3,897.27,2023-12-19,897.27,TARGET,18,10.84,CLOSED
GESHIP,2025-12,2.0,2026-01-01,1107.08,1031.1,1129.19,2026-01-28,1129.19,TARGET,27,1.7,CLOSED
GESHIP,2026-04,11.46,2026-05-01,1549.38,1297.05,1726.91,2026-05-19,1726.91,TARGET,18,11.16,CLOSED
FLUOROCHEM,2021-09,8.63,2021-10-01,1902.51,1623.44,2066.7,2021-10-04,2066.7,TARGET,3,8.33,CLOSED
FLUOROCHEM,2022-05,2.97,2022-06-01,2908.7,2104.08,2995.17,2022-06-01,2995.17,TARGET,0,2.67,CLOSED
FLUOROCHEM,2023-08,11.88,2023-09-01,3039.33,2703.64,3400.47,2023-10-23,2703.64,SL,52,-11.35,CLOSED
FLUOROCHEM,2023-12,29.75,2024-01-01,3691.23,2806.65,4789.21,2024-06-04,2806.65,SL,155,-24.26,CLOSED
FLUOROCHEM,2026-04,18.94,2026-05-01,3599.62,3030.99,4281.55,2026-07-20,4281.55,TARGET,80,18.64,CLOSED
GMDCLTD,2022-11,11.33,2022-12-01,143.22,125.4,159.44,2022-12-22,125.4,SL,21,-12.74,CLOSED
HBLENGINE,2011-05,1.02,2011-06-01,17.47,15.52,17.65,2011-06-01,17.65,TARGET,0,0.72,CLOSED
HBLENGINE,2023-07,23.71,2023-08-01,192.02,149.89,237.55,2023-08-16,237.55,TARGET,15,23.41,CLOSED
HBLENGINE,2024-01,23.11,2024-02-01,538.78,426.35,663.29,2024-03-11,426.35,SL,39,-21.17,CLOSED
HBLENGINE,2025-05,24.56,2025-06-02,600.61,449.68,748.09,2025-08-13,748.09,TARGET,72,24.26,CLOSED
HCLTECH,2006-01,16.99,2006-02-01,45.92,38.9,53.72,2006-05-18,38.9,SL,106,-15.58,CLOSED
HCLTECH,2010-04,10.34,2010-05-03,65.22,56.71,71.97,2010-09-22,71.97,TARGET,142,10.04,CLOSED
HCLTECH,2010-12,13.0,2011-01-03,77.38,68.43,87.45,2011-04-20,87.45,TARGET,107,12.7,CLOSED
HCLTECH,2011-04,9.47,2011-05-02,88.68,77.71,97.08,2011-06-20,77.71,SL,49,-12.67,CLOSED
HCLTECH,2012-01,13.35,2012-02-01,75.66,66.09,85.77,2012-02-17,85.77,TARGET,16,13.05,CLOSED
HCLTECH,2012-07,8.84,2012-08-01,89.59,81.43,97.51,2012-09-04,97.51,TARGET,34,8.54,CLOSED
HCLTECH,2012-11,7.98,2012-12-03,113.88,104.68,122.96,2013-01-17,122.96,TARGET,45,7.68,CLOSED
HCLTECH,2013-08,10.98,2013-09-02,180.1,152.42,199.86,2013-10-11,199.86,TARGET,39,10.68,CLOSED
HCLTECH,2013-12,16.86,2014-01-01,223.41,189.61,261.07,2014-02-11,261.07,TARGET,41,16.56,CLOSED
HCLTECH,2014-02,7.75,2014-03-03,278.27,240.84,299.84,2014-04-10,240.84,SL,38,-13.75,CLOSED
HCLTECH,2014-06,5.75,2014-07-01,264.71,230.46,279.93,2014-07-24,279.93,TARGET,23,5.45,CLOSED
HCLTECH,2015-07,8.53,2015-08-03,344.26,329.73,373.64,2015-08-25,329.73,SL,22,-4.52,CLOSED
HCLTECH,2016-01,1.98,2016-02-01,318.71,291.67,325.01,2016-02-01,325.01,TARGET,0,1.68,CLOSED
HCLTECH,2016-07,3.08,2016-08-01,279.46,263.6,288.07,2016-08-01,288.07,TARGET,0,2.78,CLOSED
HCLTECH,2016-09,2.74,2016-10-03,300.97,280.6,309.23,2016-10-18,309.23,TARGET,15,2.44,CLOSED
HCLTECH,2017-05,6.9,2017-06-01,329.84,306.73,352.6,2017-07-27,352.6,TARGET,56,6.6,CLOSED
HCLTECH,2018-08,8.65,2018-09-03,406.83,368.2,442.03,2018-10-23,368.2,SL,50,-9.8,CLOSED
HCLTECH,2019-03,2.75,2019-04-01,422.79,387.9,434.43,2019-04-01,434.43,TARGET,0,2.45,CLOSED
HCLTECH,2019-04,9.28,2019-05-02,453.82,417.59,495.92,2019-05-10,417.59,SL,8,-8.28,CLOSED
HCLTECH,2019-10,7.79,2019-11-01,451.99,404.97,487.2,2020-02-14,487.2,TARGET,105,7.49,CLOSED
HCLTECH,2020-05,1.23,2020-06-01,435.93,393.2,441.31,2020-06-01,441.31,TARGET,0,0.93,CLOSED
HCLTECH,2020-12,15.09,2021-01-01,745.0,644.64,857.42,2021-08-05,857.42,TARGET,216,14.79,CLOSED
HCLTECH,2021-08,15.35,2021-09-01,967.38,831.66,1115.89,2021-09-24,1115.89,TARGET,23,15.05,CLOSED
HCLTECH,2021-12,15.85,2022-01-03,1078.84,927.26,1249.81,2022-01-24,927.26,SL,21,-14.35,CLOSED
HCLTECH,2023-05,7.61,2023-06-01,1011.13,923.32,1088.1,2023-09-04,1088.1,TARGET,95,7.31,CLOSED
HCLTECH,2023-10,4.32,2023-11-01,1147.99,1073.65,1197.63,2023-11-21,1197.85,TARGET,20,4.04,CLOSED
HCLTECH,2023-11,5.09,2023-12-01,1207.18,1121.67,1268.58,2023-12-14,1268.58,TARGET,13,4.79,CLOSED
HCLTECH,2024-07,13.4,2024-08-01,1513.67,1332.66,1716.51,2024-10-14,1716.51,TARGET,74,13.1,CLOSED
HDFCAMC,2018-10,5.5,2018-11-01,612.96,542.71,646.69,2018-11-26,646.69,TARGET,25,5.2,CLOSED
HDFCAMC,2019-02,0.57,2019-03-01,596.94,566.63,600.36,2019-03-01,600.36,TARGET,0,0.27,CLOSED
HDFCAMC,2019-05,4.56,2019-06-03,778.73,678.93,814.22,2019-06-12,814.22,TARGET,9,4.26,CLOSED
HDFCAMC,2019-06,16.32,2019-07-01,912.68,770.67,1061.66,2019-08-27,1061.66,TARGET,57,16.02,CLOSED
HDFCAMC,2021-05,7.41,2021-06-01,1328.99,1201.94,1427.5,2021-07-16,1427.5,TARGET,45,7.11,CLOSED
HDFCAMC,2021-08,7.71,2021-09-01,1385.34,1275.97,1492.2,2021-09-09,1492.2,TARGET,8,7.41,CLOSED
HDFCAMC,2022-11,5.42,2022-12-01,1008.74,935.03,1063.44,2022-12-20,1063.44,TARGET,19,5.12,CLOSED
HDFCAMC,2023-05,11.27,2023-06-01,902.67,801.35,1004.36,2023-06-30,1014.61,TARGET,29,12.1,CLOSED
HDFCAMC,2024-01,11.75,2024-02-01,1690.15,1501.38,1888.69,2024-02-27,1888.69,TARGET,26,11.45,CLOSED
HDFCAMC,2025-07,8.83,2025-08-01,2761.6,2438.66,3005.32,2026-01-12,2438.66,SL,164,-11.99,CLOSED
HDFCBANK,2009-09,12.2,2009-10-01,70.89,61.59,79.54,2010-03-22,79.54,TARGET,172,11.9,CLOSED
HDFCBANK,2010-04,3.46,2010-05-03,85.8,81.71,88.77,2010-05-05,81.71,SL,2,-5.06,CLOSED
HDFCBANK,2010-07,10.83,2010-08-02,92.66,82.43,102.69,2010-09-15,102.69,TARGET,44,10.53,CLOSED
HDFCBANK,2010-09,16.64,2010-10-01,108.4,92.22,126.44,2011-01-12,92.22,SL,103,-15.23,CLOSED
HDFCBANK,2011-05,4.53,2011-06-01,103.97,96.04,108.68,2011-06-29,108.68,TARGET,28,4.23,CLOSED
HDFCBANK,2011-06,5.56,2011-07-01,111.26,99.52,117.44,2011-08-09,98.55,SL,39,-11.72,CLOSED
HDFCBANK,2012-06,12.21,2012-07-02,124.5,106.23,139.69,2012-09-24,139.69,TARGET,84,11.91,CLOSED
HDFCBANK,2012-11,11.0,2012-12-03,154.52,138.51,171.51,2013-02-28,138.51,SL,87,-10.66,CLOSED
HDFCBANK,2014-09,3.45,2014-10-01,194.39,188.24,201.09,2014-10-20,201.09,TARGET,19,3.15,CLOSED
HDFCBANK,2014-10,4.49,2014-11-03,205.43,191.71,214.66,2014-11-25,214.66,TARGET,22,4.19,CLOSED
HDFCBANK,2014-11,4.97,2014-12-01,215.1,200.45,225.79,2015-01-16,225.79,TARGET,46,4.67,CLOSED
HDFCBANK,2015-05,6.24,2015-06-01,235.45,211.94,250.16,2015-07-16,250.16,TARGET,45,5.94,CLOSED
HDFCBANK,2015-09,4.02,2015-10-01,243.16,220.95,252.94,2015-10-28,252.94,TARGET,27,3.72,CLOSED
HDFCBANK,2015-12,0.41,2016-01-01,244.79,235.22,245.79,2016-01-01,245.79,TARGET,0,0.11,CLOSED
HDFCBANK,2016-03,10.22,2016-04-01,241.71,219.78,266.41,2016-05-26,266.41,TARGET,55,9.92,CLOSED
HDFCBANK,2016-06,0.36,2016-07-01,269.05,258.77,270.01,2016-07-01,270.01,TARGET,0,0.06,CLOSED
HDFCBANK,2016-07,5.93,2016-08-01,284.78,264.69,301.67,2016-11-24,264.69,SL,115,-7.35,CLOSED
HDFCBANK,2016-12,0.55,2017-01-02,275.76,265.31,277.28,2017-01-10,277.28,TARGET,8,0.25,CLOSED
HDFCBANK,2017-05,5.8,2017-06-01,373.7,347.16,395.38,2017-07-10,395.38,TARGET,39,5.5,CLOSED
HDFCBANK,2017-07,8.01,2017-08-01,408.97,377.56,441.74,2018-01-18,441.74,TARGET,170,7.71,CLOSED
HDFCBANK,2018-01,7.12,2018-02-01,460.42,424.73,493.2,2018-02-06,424.73,SL,5,-8.05,CLOSED
HDFCBANK,2018-03,0.1,2018-04-02,433.91,419.68,434.35,2018-04-02,434.35,TARGET,0,-0.2,CLOSED
HDFCBANK,2018-05,10.74,2018-06-01,488.77,446.65,541.26,2018-09-21,446.65,SL,112,-8.92,CLOSED
HDFCBANK,2018-11,11.34,2018-12-03,492.24,437.95,548.03,2019-05-03,548.03,TARGET,151,11.04,CLOSED
HDFCBANK,2019-11,3.62,2019-12-02,593.51,571.92,615.03,2020-01-27,571.92,SL,56,-3.94,CLOSED
HDFCBANK,2021-05,7.33,2021-06-01,708.28,641.66,760.21,2021-09-27,760.21,TARGET,118,7.03,CLOSED
HDFCBANK,2022-07,6.39,2022-08-01,681.13,629.56,724.69,2022-09-14,724.69,TARGET,44,6.09,CLOSED
HDFCBANK,2022-10,5.3,2022-11-01,711.67,655.1,749.39,2022-11-11,749.39,TARGET,10,5.0,CLOSED
HDFCBANK,2023-06,5.62,2023-07-03,819.89,755.97,865.98,2023-08-23,755.97,SL,51,-8.1,CLOSED
HDFCBANK,2023-11,5.57,2023-12-01,745.87,700.08,787.45,2023-12-08,787.45,TARGET,7,5.27,CLOSED
HDFCBANK,2023-12,9.65,2024-01-01,816.78,743.09,895.61,2024-01-17,743.09,SL,16,-9.32,CLOSED
HDFCBANK,2024-05,2.13,2024-06-03,776.0,691.96,792.52,2024-06-19,792.52,TARGET,16,1.83,CLOSED
HDFCBANK,2025-03,5.53,2025-04-01,874.52,810.48,922.88,2025-04-17,922.88,TARGET,16,5.23,CLOSED
HDFCBANK,2025-05,1.03,2025-06-02,936.69,915.67,946.37,2025-06-03,946.37,TARGET,1,0.73,CLOSED
HDFCBANK,2025-06,4.04,2025-07-01,983.74,925.96,1023.51,2025-09-03,925.96,SL,64,-6.17,CLOSED
HDFCBANK,2025-11,2.06,2025-12-01,1000.94,958.15,1021.53,2025-12-18,957.46,SL,17,-4.64,CLOSED
HDFCLIFE,2019-05,9.17,2019-06-03,433.79,367.3,473.57,2019-07-03,473.57,TARGET,30,8.87,CLOSED
HDFCLIFE,2020-06,4.93,2020-07-01,545.23,477.22,572.12,2020-07-03,572.12,TARGET,2,4.63,CLOSED
HDFCLIFE,2021-08,8.09,2021-09-01,708.71,645.72,766.02,2021-12-17,645.72,SL,107,-9.19,CLOSED
HDFCLIFE,2022-11,9.28,2022-12-01,582.97,518.27,637.06,2023-02-01,518.27,SL,62,-11.4,CLOSED
HDFCLIFE,2023-11,11.71,2023-12-01,687.34,607.27,767.82,2024-01-15,607.27,SL,45,-11.95,CLOSED
HDFCLIFE,2024-07,20.24,2024-08-01,710.5,582.81,854.32,2025-01-15,582.81,SL,167,-18.27,CLOSED
HDFCLIFE,2025-03,12.69,2025-04-01,678.7,603.18,764.8,2025-05-23,764.8,TARGET,52,12.39,CLOSED
HDFCLIFE,2025-06,5.11,2025-07-01,811.41,735.59,852.87,2025-07-18,735.59,SL,17,-9.64,CLOSED
HFCL,2007-12,71.61,2008-01-01,48.29,27.14,82.87,2008-01-30,26.65,SL,29,-45.12,CLOSED
HFCL,2008-07,22.48,2008-08-01,17.91,12.47,21.94,2008-09-18,12.47,SL,48,-30.71,CLOSED
HFCL,2008-12,49.26,2009-01-02,13.01,6.38,19.41,2011-04-29,19.41,TARGET,847,48.96,CLOSED
HFCL,2022-10,13.52,2022-11-01,82.63,72.69,93.8,2022-12-22,72.69,SL,51,-12.33,CLOSED
HFCL,2023-08,19.44,2023-09-01,76.91,63.35,91.86,2023-10-25,63.35,SL,54,-17.94,CLOSED
HAVELLS,2007-08,1.99,2007-09-03,43.83,30.25,44.7,2007-09-03,44.7,TARGET,0,1.69,CLOSED
HAVELLS,2012-01,24.86,2012-02-01,84.2,67.49,105.13,2012-02-29,105.13,TARGET,28,24.56,CLOSED
HAVELLS,2012-06,4.32,2012-07-02,103.03,90.03,107.48,2012-07-20,107.48,TARGET,18,4.02,CLOSED
HAVELLS,2014-03,22.18,2014-04-01,169.34,136.28,206.91,2014-06-05,206.91,TARGET,65,21.88,CLOSED
HAVELLS,2014-10,7.76,2014-11-03,259.99,232.85,280.16,2014-11-11,280.16,TARGET,8,7.46,CLOSED
HAVELLS,2014-11,11.93,2014-12-01,291.76,253.53,326.57,2014-12-11,253.53,SL,10,-13.4,CLOSED
HAVELLS,2016-07,8.27,2016-08-01,366.5,329.14,396.79,2016-08-30,396.79,TARGET,29,7.97,CLOSED
HAVELLS,2018-07,17.62,2018-08-01,604.87,500.23,711.47,2019-02-07,711.47,TARGET,190,17.32,CLOSED
HAVELLS,2022-08,11.38,2022-09-01,1350.23,1217.07,1503.86,2022-10-12,1217.07,SL,41,-10.16,CLOSED
HAVELLS,2022-11,3.06,2022-12-01,1227.01,1152.9,1264.59,2022-12-09,1152.9,SL,8,-6.34,CLOSED
HAVELLS,2023-04,3.51,2023-05-02,1204.56,1131.43,1246.82,2023-05-05,1246.82,TARGET,3,3.21,CLOSED
HAVELLS,2023-11,4.53,2023-12-01,1289.02,1208.49,1347.46,2023-12-19,1347.46,TARGET,18,4.23,CLOSED
HEROMOTOCO,2008-07,16.11,2008-08-01,430.73,347.06,500.14,2008-10-03,500.14,TARGET,63,15.81,CLOSED
HEROMOTOCO,2010-05,1.15,2010-06-01,1153.42,1075.34,1166.7,2010-06-02,1166.7,TARGET,1,0.85,CLOSED
HEROMOTOCO,2011-06,1.21,2011-07-01,1183.94,1070.24,1198.27,2011-07-04,1198.27,TARGET,3,0.91,CLOSED
HEROMOTOCO,2011-08,17.02,2011-09-02,1345.72,1077.45,1574.79,2013-02-13,1077.45,SL,530,-20.24,CLOSED
HEROMOTOCO,2014-11,2.71,2014-12-01,2208.33,1996.07,2268.25,2014-12-01,2268.25,TARGET,0,2.41,CLOSED
HEROMOTOCO,2015-05,15.8,2015-06-01,1888.36,1569.82,2186.71,2016-04-12,2186.71,TARGET,316,15.5,CLOSED
HEROMOTOCO,2016-05,6.95,2016-06-01,2234.21,2017.24,2389.59,2016-08-05,2389.59,TARGET,65,6.65,CLOSED
HEROMOTOCO,2017-05,12.86,2017-06-01,2744.9,2395.0,3097.96,2018-07-23,2395.0,SL,417,-13.05,CLOSED
HEROMOTOCO,2020-01,2.41,2020-02-03,1874.09,1811.03,1919.19,2020-02-03,1919.19,TARGET,0,2.11,CLOSED
HEROMOTOCO,2021-05,6.68,2021-06-01,2503.33,2295.99,2670.58,2021-08-17,2295.99,SL,77,-8.58,CLOSED
HEROMOTOCO,2022-11,6.54,2022-12-01,2482.94,2238.08,2645.31,2023-02-09,2238.08,SL,70,-10.16,CLOSED
HEROMOTOCO,2023-04,9.0,2023-05-02,2266.57,2116.74,2470.55,2023-05-29,2470.55,TARGET,27,8.7,CLOSED
HEROMOTOCO,2023-07,11.33,2023-08-01,2910.23,2554.32,3239.89,2023-11-28,3239.89,TARGET,119,11.03,CLOSED
HEROMOTOCO,2024-01,11.64,2024-02-01,4170.67,3546.33,4656.29,2024-05-14,4656.29,TARGET,103,11.34,CLOSED
HEROMOTOCO,2025-01,4.29,2025-02-01,4022.38,3713.5,4194.99,2025-02-01,4194.99,TARGET,0,3.99,CLOSED
HEROMOTOCO,2025-09,7.56,2025-10-01,5290.06,4939.16,5690.16,2025-11-19,5690.16,TARGET,49,7.26,CLOSED
HEROMOTOCO,2026-07,13.99,2026-08-03,5425.0,4704.8,6184.19,2026-09-30,5241.0,OPEN,58,-3.69,OPEN
HEXT,2025-11,10.09,2025-12-01,745.86,638.93,821.1,2026-02-05,638.93,SL,66,-14.64,CLOSED
HSCL,2007-12,5.87,2008-01-01,69.08,58.33,73.13,2008-01-02,74.92,TARGET,1,8.16,CLOSED
HSCL,2017-06,30.78,2017-07-03,77.15,57.64,100.9,2017-08-31,100.9,TARGET,59,30.48,CLOSED
HSCL,2017-08,21.5,2017-09-01,103.59,71.35,125.86,2017-09-18,125.86,TARGET,17,21.2,CLOSED
HSCL,2018-07,9.69,2018-08-01,138.07,111.16,151.45,2018-08-02,152.33,TARGET,1,10.03,CLOSED
HSCL,2023-11,14.64,2023-12-01,273.87,235.18,313.97,2024-01-01,313.97,TARGET,31,14.34,CLOSED
HINDALCO,2006-01,14.92,2006-02-01,124.54,108.66,143.13,2006-04-07,143.13,TARGET,65,14.62,CLOSED
HINDALCO,2007-09,9.06,2007-10-01,133.51,117.54,145.6,2007-10-15,145.6,TARGET,14,8.76,CLOSED
HINDALCO,2010-12,19.58,2011-01-03,218.44,182.24,261.22,2011-02-11,182.24,SL,39,-16.87,CLOSED
HINDALCO,2012-09,16.23,2012-10-01,108.86,90.34,126.52,2013-02-27,90.34,SL,149,-17.31,CLOSED
HINDALCO,2014-03,34.55,2014-04-01,129.98,95.84,174.89,2014-07-23,174.89,TARGET,113,34.25,CLOSED
HINDALCO,2014-10,4.43,2014-11-03,150.19,127.22,156.85,2014-11-27,156.85,TARGET,24,4.13,CLOSED
HINDALCO,2021-08,6.01,2021-09-01,458.22,386.2,485.76,2021-09-30,485.76,TARGET,29,5.71,CLOSED
HINDALCO,2021-12,15.22,2022-01-03,459.72,402.24,529.66,2022-02-10,529.66,TARGET,38,14.92,CLOSED
HINDALCO,2022-07,22.56,2022-08-01,406.01,315.77,497.61,2023-09-14,497.61,TARGET,409,22.26,CLOSED
HINDALCO,2023-12,19.24,2024-01-01,603.4,504.72,719.48,2024-02-13,504.72,SL,43,-16.65,CLOSED
HINDALCO,2025-12,9.69,2026-01-01,883.49,796.79,969.06,2026-01-27,979.89,TARGET,26,10.61,CLOSED
HAL,2018-07,14.71,2018-08-01,399.57,314.61,458.35,2018-10-09,314.61,SL,69,-21.56,CLOSED
HAL,2020-11,19.12,2020-12-01,368.34,293.5,438.78,2021-01-14,456.05,TARGET,44,23.51,CLOSED
HAL,2022-03,7.0,2022-04-01,707.03,618.2,756.53,2022-04-07,756.53,TARGET,6,6.7,CLOSED
HAL,2022-11,9.67,2022-12-01,1323.46,1147.58,1451.45,2023-02-01,1147.58,SL,62,-13.59,CLOSED
HAL,2023-04,6.92,2023-05-02,1419.85,1289.52,1518.15,2023-05-17,1518.15,TARGET,15,6.62,CLOSED
HAL,2023-07,4.46,2023-08-01,1915.92,1782.14,2001.3,2023-08-24,2004.52,TARGET,23,4.32,CLOSED
HAL,2026-07,6.06,2026-08-03,4650.98,4297.09,4932.61,2026-08-06,4932.61,TARGET,3,5.76,CLOSED
HINDCOPPER,2022-07,18.31,2022-08-01,100.54,80.88,118.95,2022-09-13,118.95,TARGET,43,18.01,CLOSED
HINDCOPPER,2023-05,11.69,2023-06-01,112.55,98.57,125.7,2023-07-27,125.7,TARGET,56,11.39,CLOSED
HINDPETRO,2013-10,4.79,2013-11-01,16.53,15.07,17.33,2013-11-05,17.54,TARGET,4,5.76,CLOSED
HINDPETRO,2014-01,2.93,2014-02-03,20.06,17.61,20.64,2014-02-21,20.64,TARGET,18,2.63,CLOSED
HINDPETRO,2014-02,8.39,2014-03-03,21.7,19.05,23.52,2014-03-07,23.52,TARGET,4,8.09,CLOSED
HINDPETRO,2015-05,7.95,2015-06-01,57.6,47.46,62.18,2015-06-19,62.18,TARGET,18,7.65,CLOSED
HINDPETRO,2016-06,9.91,2016-07-01,89.66,79.76,98.54,2016-07-12,98.54,TARGET,11,9.61,CLOSED
HINDPETRO,2017-03,3.29,2017-04-03,151.88,142.78,156.87,2017-04-07,156.87,TARGET,4,2.99,CLOSED
HINDPETRO,2017-08,27.44,2017-09-01,214.15,166.06,272.92,2018-01-29,166.06,SL,150,-22.76,CLOSED
HINDPETRO,2021-09,12.53,2021-10-01,163.84,144.18,184.37,2021-10-18,184.37,TARGET,17,12.23,CLOSED
HINDPETRO,2022-11,11.81,2022-12-01,138.09,116.08,154.39,2023-05-15,154.39,TARGET,165,11.51,CLOSED
HINDPETRO,2025-09,17.96,2025-10-01,417.42,354.46,492.38,2026-03-09,354.46,SL,159,-15.38,CLOSED
HINDUNILVR,2008-02,8.98,2008-03-03,155.64,132.61,169.62,2008-03-19,169.62,TARGET,16,8.68,CLOSED
HINDUNILVR,2008-07,15.69,2008-08-01,168.34,134.85,194.76,2008-10-27,134.85,SL,87,-20.19,CLOSED
HINDUNILVR,2010-12,4.91,2011-01-03,233.97,213.06,245.46,2011-01-04,245.46,TARGET,1,4.61,CLOSED
HINDUNILVR,2011-10,10.33,2011-11-01,283.21,243.45,312.48,2011-12-22,312.48,TARGET,51,10.03,CLOSED
HINDUNILVR,2013-05,1.49,2013-06-03,467.55,453.32,474.52,2013-06-17,474.52,TARGET,14,1.19,CLOSED
HINDUNILVR,2014-03,10.25,2014-04-01,490.07,439.04,540.31,2014-07-25,540.31,TARGET,115,9.95,CLOSED
HINDUNILVR,2014-08,8.13,2014-09-01,609.73,555.72,659.33,2014-11-28,659.33,TARGET,88,7.83,CLOSED
HINDUNILVR,2015-06,7.77,2015-07-01,765.56,666.18,825.07,2015-09-08,666.18,SL,69,-13.28,CLOSED
HINDUNILVR,2016-06,7.11,2016-07-01,765.07,703.16,819.43,2016-10-27,703.16,SL,118,-8.39,CLOSED
HINDUNILVR,2017-02,1.23,2017-03-01,745.59,719.06,754.75,2017-03-01,754.75,TARGET,0,0.93,CLOSED
HINDUNILVR,2017-05,14.12,2017-06-01,916.11,792.13,1045.5,2017-08-08,1045.5,TARGET,68,13.82,CLOSED
HINDUNILVR,2017-08,5.54,2017-09-01,1053.63,990.65,1111.98,2017-09-18,1111.98,TARGET,17,5.24,CLOSED
HINDUNILVR,2018-03,1.18,2018-04-02,1146.59,1117.03,1160.16,2018-04-02,1160.16,TARGET,0,0.88,CLOSED
HINDUNILVR,2018-04,13.17,2018-05-02,1318.36,1146.59,1491.94,2018-07-10,1491.94,TARGET,69,12.87,CLOSED
HINDUNILVR,2019-04,4.38,2019-05-02,1551.91,1457.81,1619.92,2019-06-03,1619.92,TARGET,32,4.08,CLOSED
HINDUNILVR,2019-08,8.99,2019-09-03,1657.9,1518.19,1806.97,2019-09-23,1806.97,TARGET,20,8.69,CLOSED
HINDUNILVR,2019-10,10.33,2019-11-01,1936.76,1715.43,2136.8,2019-12-18,1715.43,SL,47,-11.73,CLOSED
HINDUNILVR,2020-03,5.69,2020-04-01,2051.35,1571.97,2168.07,2020-04-07,2168.07,TARGET,6,5.39,CLOSED
HINDUNILVR,2020-06,6.68,2020-07-01,1966.1,1837.42,2097.52,2020-07-17,2097.52,TARGET,16,6.38,CLOSED
HINDUNILVR,2020-12,12.03,2021-01-01,2180.64,1930.02,2442.95,2021-02-26,1930.02,SL,56,-11.79,CLOSED
HINDUNILVR,2021-03,14.05,2021-04-01,2227.43,1937.22,2540.28,2021-09-01,2540.28,TARGET,153,13.75,CLOSED
HINDUNILVR,2022-07,18.24,2022-08-01,2454.76,2050.92,2902.44,2024-09-23,2902.44,TARGET,784,17.94,CLOSED
HINDUNILVR,2025-01,6.1,2025-02-01,2405.67,2190.72,2552.43,2025-02-19,2190.72,SL,18,-9.24,CLOSED
HINDUNILVR,2025-11,0.83,2025-12-01,2441.76,2367.91,2462.06,2025-12-01,2462.06,TARGET,0,0.53,CLOSED
HINDZINC,2012-06,6.14,2012-07-02,44.06,39.93,46.77,2012-08-21,46.77,TARGET,50,5.84,CLOSED
HINDZINC,2014-03,10.5,2014-04-01,47.54,42.15,52.54,2014-05-19,52.54,TARGET,48,10.2,CLOSED
HINDZINC,2016-06,5.74,2016-07-01,80.73,74.0,85.37,2016-07-12,85.37,TARGET,11,5.44,CLOSED
HINDZINC,2017-06,9.69,2017-07-03,129.9,113.4,142.49,2017-08-08,142.49,TARGET,36,9.39,CLOSED
HINDZINC,2025-09,15.07,2025-10-01,476.4,416.39,548.21,2025-12-12,548.21,TARGET,72,14.77,CLOSED
POWERINDIA,2021-05,7.65,2021-06-01,1950.07,1669.44,2099.29,2021-08-26,2099.29,TARGET,86,7.35,CLOSED
POWERINDIA,2026-02,35.52,2026-03-02,24494.15,18268.64,33194.76,2026-04-29,33194.76,TARGET,58,35.22,CLOSED
POWERINDIA,2026-04,38.44,2026-05-01,33541.99,24174.23,46434.24,2026-09-30,30630.0,OPEN,152,-8.98,OPEN
HOMEFIRST,2025-05,4.02,2025-06-02,1224.38,1111.65,1273.63,2025-06-02,1273.63,TARGET,0,3.72,CLOSED
HONAUT,2006-07,4.55,2006-08-01,1219.42,953.8,1274.9,2006-08-02,1274.9,TARGET,1,4.25,CLOSED
HONAUT,2013-12,6.39,2014-01-01,2700.69,2408.75,2873.26,2014-03-28,2873.26,TARGET,86,6.09,CLOSED
HONAUT,2018-11,11.88,2018-12-03,21775.35,19661.08,24362.8,2019-05-27,24362.8,TARGET,175,11.58,CLOSED
HONAUT,2019-08,7.42,2019-09-03,24591.6,22058.57,26416.52,2019-09-09,26416.52,TARGET,6,7.12,CLOSED
HONAUT,2020-01,2.52,2020-02-03,27426.53,26021.91,28116.54,2020-02-04,28822.56,TARGET,1,4.79,CLOSED
HONAUT,2021-09,15.43,2021-10-01,44961.0,38785.89,51896.86,2021-11-18,38785.89,SL,48,-14.03,CLOSED
HONAUT,2023-03,5.5,2023-04-03,36035.17,34012.96,38018.3,2023-05-18,39119.95,TARGET,45,8.26,CLOSED
HONAUT,2024-01,4.99,2024-02-01,38511.92,36229.04,40435.58,2024-03-13,36229.04,SL,41,-6.23,CLOSED
HONAUT,2024-03,1.99,2024-04-01,38710.38,36001.69,39482.54,2024-04-02,39482.54,TARGET,1,1.69,CLOSED
HONAUT,2026-06,11.87,2026-07-01,39737.65,34143.46,44453.13,2026-09-09,34143.46,SL,70,-14.38,CLOSED
HUDCO,2022-08,10.49,2022-09-01,33.24,29.88,36.72,2022-11-07,36.72,TARGET,67,10.19,CLOSED
ICICIBANK,2007-09,19.59,2007-10-01,155.38,128.32,185.82,2007-10-30,185.82,TARGET,29,19.29,CLOSED
ICICIBANK,2009-04,44.53,2009-05-04,72.59,47.94,104.91,2009-05-18,104.91,TARGET,14,44.23,CLOSED
ICICIBANK,2011-06,2.11,2011-07-01,171.74,155.06,175.36,2011-08-03,155.06,SL,33,-10.01,CLOSED
ICICIBANK,2012-01,31.77,2012-02-01,140.32,105.87,184.9,2013-01-02,184.9,TARGET,336,31.47,CLOSED
ICICIBANK,2013-10,26.85,2013-11-01,179.57,141.76,227.8,2014-05-13,227.8,TARGET,193,26.55,CLOSED
ICICIBANK,2014-08,5.81,2014-09-01,257.88,233.68,272.88,2014-11-03,272.88,TARGET,63,5.51,CLOSED
ICICIBANK,2017-05,17.22,2017-06-01,279.66,233.05,327.81,2018-01-17,327.81,TARGET,230,16.92,CLOSED
ICICIBANK,2018-10,16.18,2018-11-01,341.56,282.05,396.84,2019-05-23,396.84,TARGET,203,15.88,CLOSED
ICICIBANK,2020-12,13.03,2021-01-01,513.65,452.89,580.6,2021-02-01,580.6,TARGET,31,12.73,CLOSED
ICICIBANK,2021-05,10.37,2021-06-01,637.37,560.79,703.44,2021-09-01,703.44,TARGET,92,10.07,CLOSED
ICICIBANK,2022-05,1.28,2022-06-01,719.51,649.29,728.75,2022-06-17,645.68,SL,16,-10.56,CLOSED
ICICIBANK,2022-07,15.75,2022-08-01,789.44,667.66,913.79,2022-11-29,913.79,TARGET,120,15.45,CLOSED
ICICIBANK,2022-11,4.86,2022-12-01,925.1,862.45,970.1,2022-12-21,862.45,SL,20,-7.07,CLOSED
ICICIBANK,2023-03,2.62,2023-04-03,851.75,784.11,874.07,2023-04-17,887.66,TARGET,14,3.91,CLOSED
ICICIBANK,2023-04,4.61,2023-05-02,894.14,836.46,935.32,2023-07-17,935.32,TARGET,76,4.31,CLOSED
ICICIBANK,2024-08,2.05,2024-09-02,1219.23,1130.68,1244.2,2024-09-16,1244.2,TARGET,14,1.75,CLOSED
ICICIBANK,2025-04,5.83,2025-05-02,1404.14,1244.82,1486.04,2026-03-09,1244.82,SL,311,-11.65,CLOSED
ICICIBANK,2026-08,2.15,2026-09-01,1442.9,1391.5,1473.92,2026-09-09,1391.5,SL,8,-3.86,CLOSED
ICICIGI,2019-02,5.78,2019-03-01,888.39,811.33,939.76,2019-03-05,939.76,TARGET,4,5.48,CLOSED
ICICIGI,2019-08,4.18,2019-09-03,1195.78,1067.78,1245.74,2019-09-16,1067.78,SL,13,-11.0,CLOSED
ICICIGI,2021-08,8.35,2021-09-01,1542.88,1357.97,1671.67,2021-12-15,1357.97,SL,105,-12.28,CLOSED
ICICIGI,2022-11,3.52,2022-12-01,1181.86,1087.99,1223.48,2022-12-07,1223.48,TARGET,6,3.22,CLOSED
ICICIGI,2023-06,14.25,2023-07-03,1322.03,1143.46,1510.43,2024-02-06,1510.43,TARGET,218,13.95,CLOSED
ICICIGI,2024-07,12.2,2024-08-01,1997.25,1758.03,2240.83,2024-09-05,2240.83,TARGET,35,11.9,CLOSED
ICICIGI,2025-06,9.19,2025-07-01,2025.9,1827.22,2212.17,2025-08-29,1827.22,SL,59,-10.11,CLOSED
ICICIPRULI,2019-03,10.26,2019-04-01,344.37,306.91,379.72,2019-05-24,379.72,TARGET,53,9.96,CLOSED
ICICIPRULI,2019-08,5.69,2019-09-03,416.56,361.23,440.26,2019-09-11,440.26,TARGET,8,5.39,CLOSED
ICICIPRULI,2020-04,15.81,2020-05-04,386.86,313.44,448.04,2020-07-27,448.04,TARGET,84,15.51,CLOSED
ICICIPRULI,2022-03,4.54,2022-04-01,496.08,426.63,518.59,2022-04-07,518.59,TARGET,6,4.24,CLOSED
ICICIPRULI,2022-07,13.21,2022-08-01,551.22,480.9,624.04,2022-11-14,480.9,SL,105,-13.06,CLOSED
ICICIPRULI,2023-03,6.55,2023-04-03,432.88,378.11,461.26,2023-05-29,461.26,TARGET,56,6.25,CLOSED
ICICIPRULI,2024-03,14.27,2024-04-01,606.46,530.85,692.99,2024-06-04,530.85,SL,64,-12.77,CLOSED
ICICIPRULI,2024-07,21.5,2024-08-01,732.19,598.33,889.63,2025-01-22,598.33,SL,174,-18.58,CLOSED
ICICIPRULI,2025-12,7.83,2026-01-01,666.99,604.3,719.18,2026-03-09,604.3,SL,67,-9.7,CLOSED
IDBI,2010-04,9.61,2010-05-03,99.36,90.76,108.91,2010-05-17,90.76,SL,14,-8.95,CLOSED
IDBI,2011-06,1.34,2011-07-01,110.3,98.18,111.77,2011-07-05,111.77,TARGET,4,1.04,CLOSED
IDBI,2012-11,16.54,2012-12-03,93.5,79.74,108.97,2013-02-27,79.74,SL,86,-15.02,CLOSED
IDBI,2014-10,16.02,2014-11-03,66.88,55.74,77.59,2015-03-04,77.87,TARGET,121,16.15,CLOSED
IDBI,2017-04,3.99,2017-05-02,74.29,67.34,77.26,2017-05-04,77.26,TARGET,2,3.69,CLOSED
IDBI,2020-06,116.18,2020-07-01,43.44,22.29,93.9,2024-02-05,93.9,TARGET,1314,115.88,CLOSED
IDFCFIRSTB,2019-03,22.12,2019-04-01,55.55,44.87,67.84,2019-05-13,44.87,SL,42,-19.53,CLOSED
IDFCFIRSTB,2019-10,11.07,2019-11-01,44.27,35.98,49.18,2020-03-06,34.78,SL,126,-21.74,CLOSED
IDFCFIRSTB,2022-07,19.4,2022-08-01,38.76,30.41,46.28,2022-08-24,46.28,TARGET,23,19.1,CLOSED
IDFCFIRSTB,2023-04,11.63,2023-05-02,63.11,53.02,70.44,2023-05-30,70.44,TARGET,28,11.33,CLOSED
IDFCFIRSTB,2023-05,16.6,2023-06-01,71.06,62.61,82.85,2023-06-19,82.85,TARGET,18,16.3,CLOSED
IDFCFIRSTB,2025-06,7.16,2025-07-01,72.8,66.03,78.01,2025-10-23,78.01,TARGET,114,6.86,CLOSED
IDFCFIRSTB,2025-12,6.84,2026-01-01,85.37,78.11,91.21,2026-02-23,74.94,SL,53,-12.52,CLOSED
IFCI,2010-05,2.83,2010-06-01,44.51,39.59,45.77,2010-06-15,45.77,TARGET,14,2.53,CLOSED
IFCI,2010-06,4.4,2010-07-01,46.3,41.95,48.34,2010-07-08,48.34,TARGET,7,4.1,CLOSED
IFCI,2012-01,31.35,2012-02-01,24.52,17.05,32.2,2012-02-10,32.2,TARGET,9,31.05,CLOSED
IFCI,2012-11,12.79,2012-12-03,27.61,24.0,31.14,2012-12-18,31.14,TARGET,15,12.49,CLOSED
IFCI,2014-10,2.94,2014-11-03,34.38,29.5,35.39,2014-11-03,35.39,TARGET,0,2.64,CLOSED
IIFL,2015-12,0.92,2016-01-01,96.93,87.67,97.82,2016-01-01,97.82,TARGET,0,0.62,CLOSED
IIFL,2021-01,29.1,2021-02-01,147.17,99.15,189.99,2021-02-03,203.7,TARGET,2,38.11,CLOSED
IIFL,2023-07,16.71,2023-08-01,585.06,490.71,682.83,2023-10-16,682.83,TARGET,76,16.41,CLOSED
IIFL,2024-06,29.64,2024-07-01,510.22,338.3,661.47,2025-01-28,338.3,SL,211,-34.0,CLOSED
IIFL,2025-05,21.34,2025-06-02,432.2,334.52,524.43,2025-07-15,524.43,TARGET,43,21.04,CLOSED
IIFL,2025-11,8.25,2025-12-01,576.78,512.46,624.36,2026-01-02,624.36,TARGET,32,7.95,CLOSED
IRB,2012-01,35.7,2012-02-01,6.79,4.71,9.21,2012-05-07,4.71,SL,96,-30.95,CLOSED
IRB,2014-03,30.84,2014-04-01,4.48,3.3,5.86,2014-05-12,5.86,TARGET,41,30.54,CLOSED
IRB,2015-09,1.61,2015-10-01,10.37,8.84,10.54,2015-10-05,10.54,TARGET,4,1.31,CLOSED
IRB,2021-05,8.13,2021-06-01,5.66,4.97,6.12,2021-06-02,6.12,TARGET,1,7.83,CLOSED
IRB,2022-01,11.79,2022-02-01,12.46,10.23,13.93,2022-02-03,13.93,TARGET,2,11.49,CLOSED
IRB,2024-11,3.17,2024-12-02,26.36,22.27,27.2,2024-12-02,27.2,TARGET,0,2.87,CLOSED
IRCON,2023-03,8.32,2023-04-03,53.16,48.84,57.58,2023-04-18,57.58,TARGET,15,8.02,CLOSED
ITC,2005-05,11.24,2005-06-01,18.46,15.6,20.54,2005-07-14,20.54,TARGET,43,10.94,CLOSED
ITC,2006-06,10.28,2006-07-03,32.26,24.77,35.58,2007-03-14,24.77,SL,254,-23.52,CLOSED
ITC,2008-04,6.62,2008-05-02,40.63,36.44,43.31,2008-06-10,36.44,SL,39,-10.61,CLOSED
ITC,2009-01,4.89,2009-02-02,33.33,30.32,34.96,2009-02-26,34.96,TARGET,24,4.59,CLOSED
ITC,2010-06,11.87,2010-07-01,60.26,52.8,67.42,2010-07-22,52.67,SL,21,-12.9,CLOSED
ITC,2010-12,1.6,2011-01-03,69.58,64.91,70.69,2011-01-05,70.69,TARGET,2,1.3,CLOSED
ITC,2011-02,3.94,2011-03-01,67.54,58.92,70.2,2011-03-25,70.2,TARGET,24,3.64,CLOSED
ITC,2011-05,0.52,2011-06-01,77.11,70.21,77.51,2011-06-02,77.51,TARGET,1,0.22,CLOSED
ITC,2011-06,7.51,2011-07-01,83.64,73.72,89.92,2012-03-16,89.92,TARGET,259,7.21,CLOSED
ITC,2012-03,9.27,2012-04-02,92.11,82.38,100.64,2012-04-26,100.64,TARGET,24,8.97,CLOSED
ITC,2012-06,15.13,2012-07-02,107.06,91.13,123.26,2012-10-05,91.13,SL,95,-15.17,CLOSED
ITC,2012-11,5.65,2012-12-03,122.9,112.78,129.84,2013-01-11,112.78,SL,39,-8.54,CLOSED
ITC,2013-01,7.27,2013-02-01,127.13,112.41,136.38,2013-04-30,136.38,TARGET,88,6.97,CLOSED
ITC,2013-12,0.45,2014-01-01,135.23,129.04,135.84,2014-01-02,135.84,TARGET,1,0.15,CLOSED
ITC,2015-07,3.44,2015-08-03,142.26,130.91,147.15,2015-10-06,147.15,TARGET,64,3.14,CLOSED
ITC,2016-06,4.94,2016-07-01,163.26,154.63,171.33,2016-07-01,171.33,TARGET,0,4.64,CLOSED
ITC,2016-08,3.01,2016-09-01,175.14,164.94,180.41,2016-09-27,164.94,SL,26,-6.12,CLOSED
ITC,2016-12,3.94,2017-01-02,162.39,148.97,168.78,2017-01-17,168.78,TARGET,15,3.64,CLOSED
ITC,2017-06,5.43,2017-07-03,235.82,203.89,248.63,2017-07-18,199.46,SL,15,-15.72,CLOSED
ITC,2018-04,10.16,2018-05-02,192.27,174.11,211.8,2018-07-27,211.8,TARGET,86,9.86,CLOSED
ITC,2018-08,7.44,2018-09-03,224.48,205.82,241.18,2018-09-11,205.82,SL,8,-8.61,CLOSED
ITC,2019-03,8.68,2019-04-01,206.44,191.88,224.35,2019-07-05,191.88,SL,95,-7.35,CLOSED
ITC,2019-09,5.78,2019-10-01,183.68,165.93,194.3,2020-01-08,165.89,SL,99,-9.99,CLOSED
ITC,2020-05,8.4,2020-06-01,142.5,111.37,154.47,2020-08-11,154.47,TARGET,71,8.1,CLOSED
ITC,2021-05,6.91,2021-06-01,166.83,152.36,178.36,2021-09-16,178.36,TARGET,107,6.61,CLOSED
ITC,2022-06,1.05,2022-07-01,225.9,213.55,228.28,2022-07-01,228.28,TARGET,0,0.75,CLOSED
ITC,2022-07,10.8,2022-08-01,251.09,224.0,278.22,2022-09-14,278.22,TARGET,44,10.5,CLOSED
ITC,2023-01,6.27,2023-02-01,291.56,269.26,309.86,2023-02-02,309.86,TARGET,1,5.97,CLOSED
ITC,2023-04,10.96,2023-05-02,357.63,317.75,396.84,2023-07-03,396.84,TARGET,62,10.66,CLOSED
ITC,2024-12,1.45,2025-01-01,431.33,400.85,437.58,2025-01-16,400.85,SL,15,-7.37,CLOSED
ITC,2026-04,9.45,2026-05-01,306.55,280.75,335.53,2026-06-01,280.75,SL,31,-8.72,CLOSED
ITI,2009-09,15.69,2009-10-01,46.1,37.35,53.33,2009-11-03,37.35,SL,33,-19.28,CLOSED
INDIACEM,2015-12,8.88,2016-01-01,93.1,75.09,101.37,2016-01-20,75.09,SL,19,-19.64,CLOSED
INDIACEM,2016-05,5.55,2016-06-01,90.33,79.3,95.34,2016-06-13,95.34,TARGET,12,5.25,CLOSED
INDIACEM,2022-07,25.78,2022-08-01,196.17,154.12,246.75,2022-09-14,246.75,TARGET,44,25.48,CLOSED
INDIACEM,2023-05,9.05,2023-06-01,202.35,183.55,220.67,2023-06-05,220.67,TARGET,4,8.75,CLOSED
INDIACEM,2024-11,0.52,2024-12-02,367.25,351.25,369.17,2024-12-02,369.17,TARGET,0,0.22,CLOSED
INDIAMART,2020-12,25.82,2021-01-01,3009.72,2305.53,3786.79,2021-01-11,3786.79,TARGET,10,25.52,CLOSED
INDIAMART,2022-10,3.0,2022-11-01,2165.07,2007.87,2229.96,2022-11-04,2229.96,TARGET,3,2.7,CLOSED
INDIAMART,2023-02,6.84,2023-03-01,2287.44,2095.27,2443.86,2023-03-22,2443.86,TARGET,21,6.54,CLOSED
INDIANB,2014-03,30.36,2014-04-01,90.63,68.57,118.15,2014-05-16,118.15,TARGET,45,30.06,CLOSED
INDIANB,2022-10,28.98,2022-11-01,230.9,170.55,297.81,2023-05-02,297.81,TARGET,182,28.68,CLOSED
INDIANB,2023-06,11.76,2023-07-03,275.42,244.39,307.81,2023-07-20,307.81,TARGET,17,11.46,CLOSED
INDIANB,2023-07,18.58,2023-08-01,324.9,274.11,385.26,2023-08-18,385.26,TARGET,17,18.28,CLOSED
INDIANB,2024-07,11.6,2024-08-01,577.66,501.04,644.69,2024-09-05,501.04,SL,35,-13.56,CLOSED
INDIANB,2024-10,13.07,2024-11-01,565.77,465.29,639.73,2025-01-10,465.29,SL,70,-18.06,CLOSED
INDIANB,2025-01,4.87,2025-02-01,529.88,452.45,555.67,2025-04-21,555.67,TARGET,79,4.57,CLOSED
INDIANB,2025-06,7.02,2025-07-01,632.23,588.35,676.63,2025-09-10,676.63,TARGET,71,6.72,CLOSED
INDIANB,2026-02,8.64,2026-03-02,939.98,789.38,1021.22,2026-05-13,789.38,SL,72,-16.32,CLOSED
INDIANB,2026-08,7.44,2026-09-01,889.0,837.3,955.16,2026-09-11,837.3,SL,10,-6.12,CLOSED
IEX,2020-11,13.8,2020-12-01,66.66,54.97,75.86,2021-01-18,75.86,TARGET,48,13.5,CLOSED
IEX,2023-04,22.35,2023-05-02,147.02,120.32,179.88,2023-06-09,119.48,SL,38,-19.03,CLOSED
INDHOTEL,2012-09,14.07,2012-10-01,58.2,50.31,66.38,2013-02-25,50.31,SL,147,-13.86,CLOSED
INDHOTEL,2014-11,6.4,2014-12-01,97.54,90.19,103.79,2014-12-03,103.79,TARGET,2,6.1,CLOSED
INDHOTEL,2015-10,15.22,2015-11-02,86.03,74.69,99.12,2015-12-17,99.12,TARGET,45,14.92,CLOSED
INDHOTEL,2018-08,3.2,2018-09-03,130.42,115.19,134.59,2018-09-21,115.19,SL,18,-11.98,CLOSED
INDHOTEL,2018-11,12.0,2018-12-03,136.08,120.75,152.4,2019-06-26,152.4,TARGET,205,11.7,CLOSED
INDHOTEL,2021-05,24.93,2021-06-01,134.12,101.93,167.57,2021-09-22,167.57,TARGET,113,24.63,CLOSED
INDHOTEL,2022-08,8.6,2022-09-01,281.02,259.7,305.18,2022-09-05,305.18,TARGET,4,8.3,CLOSED
INDHOTEL,2024-03,0.76,2024-04-01,593.8,525.56,598.31,2024-04-01,598.31,TARGET,0,0.46,CLOSED
INDHOTEL,2025-11,0.34,2025-12-01,746.67,669.62,749.19,2025-12-02,749.19,TARGET,1,0.04,CLOSED
IOC,2006-03,4.83,2006-04-03,19.51,14.95,20.45,2006-04-03,20.45,TARGET,0,4.53,CLOSED
IOC,2007-04,10.36,2007-05-03,15.26,12.46,16.84,2007-05-16,16.84,TARGET,13,10.06,CLOSED
IOC,2008-12,3.59,2009-01-02,15.49,13.4,16.05,2009-01-19,13.4,SL,17,-13.82,CLOSED
IOC,2010-05,19.81,2010-06-01,25.95,21.2,31.1,2010-09-01,31.1,TARGET,92,19.51,CLOSED
IOC,2012-01,13.81,2012-02-01,22.47,19.25,25.58,2012-05-25,18.3,SL,114,-18.86,CLOSED
IOC,2012-12,2.33,2013-01-01,21.51,20.37,22.01,2013-01-04,22.01,TARGET,3,2.03,CLOSED
IOC,2014-01,14.57,2014-02-03,20.04,15.85,22.96,2014-03-13,22.96,TARGET,38,14.27,CLOSED
IOC,2016-06,5.98,2016-07-01,38.27,35.28,40.57,2016-07-01,40.57,TARGET,0,5.68,CLOSED
IOC,2016-12,5.98,2017-01-02,57.61,51.0,61.06,2017-01-03,61.06,TARGET,1,5.68,CLOSED
IOC,2021-08,9.02,2021-09-01,54.91,50.41,59.86,2021-09-28,59.86,TARGET,27,8.72,CLOSED
IOC,2022-11,12.31,2022-12-01,63.38,56.1,71.18,2023-05-16,71.18,TARGET,166,12.01,CLOSED
IOC,2023-11,30.94,2023-12-01,100.7,76.79,131.85,2024-01-19,131.85,TARGET,49,30.64,CLOSED
IOC,2025-09,9.64,2025-10-01,142.84,129.88,156.61,2025-10-30,156.61,TARGET,29,9.34,CLOSED
IOC,2025-10,10.76,2025-11-03,158.6,141.17,175.66,2026-02-06,175.66,TARGET,95,10.46,CLOSED
IOC,2026-02,14.84,2026-03-02,177.47,155.68,203.81,2026-03-09,154.65,SL,7,-13.16,CLOSED
IOB,2007-11,22.63,2007-12-03,129.44,101.15,158.73,2008-01-02,158.73,TARGET,30,22.33,CLOSED
IOB,2011-10,10.58,2011-11-01,90.39,77.24,99.96,2011-12-09,77.24,SL,38,-14.85,CLOSED
IOB,2016-03,24.74,2016-04-01,31.0,24.15,38.67,2016-11-09,24.15,SL,222,-22.4,CLOSED
IOB,2017-04,8.82,2017-05-02,29.2,26.7,31.77,2017-05-04,31.77,TARGET,2,8.52,CLOSED
IOB,2019-10,13.83,2019-11-01,10.85,9.2,12.35,2019-12-27,12.35,TARGET,56,13.53,CLOSED
IOB,2023-04,14.92,2023-05-02,26.15,22.25,30.05,2023-08-11,30.05,TARGET,101,14.62,CLOSED
IRCTC,2021-08,18.05,2021-09-01,525.81,462.32,620.69,2021-09-07,620.69,TARGET,6,17.75,CLOSED
IRCTC,2022-07,10.57,2022-08-01,619.13,533.54,684.57,2022-08-18,684.57,TARGET,17,10.27,CLOSED
IRCTC,2023-04,7.86,2023-05-02,598.48,544.95,645.5,2023-06-16,645.5,TARGET,45,7.56,CLOSED
IRCTC,2023-07,0.87,2023-08-01,619.72,593.02,625.13,2023-08-01,625.13,TARGET,0,0.57,CLOSED
IRCTC,2025-01,4.5,2025-02-01,815.76,722.24,852.46,2025-02-12,722.24,SL,11,-11.77,CLOSED
IRFC,2023-07,16.82,2023-08-01,36.95,30.65,43.16,2023-08-04,44.34,TARGET,3,19.7,CLOSED
IGL,2007-08,2.71,2007-09-03,8.6,7.6,8.83,2007-09-14,8.83,TARGET,11,2.41,CLOSED
IGL,2012-03,2.03,2012-04-02,30.22,27.48,30.84,2012-04-02,30.84,TARGET,0,1.73,CLOSED
IGL,2014-03,18.09,2014-04-01,24.84,20.75,29.33,2014-06-09,29.33,TARGET,69,17.79,CLOSED
IGL,2016-07,3.31,2016-08-01,55.59,50.76,57.43,2016-08-04,57.43,TARGET,3,3.01,CLOSED
IGL,2016-08,23.57,2016-09-01,68.6,54.98,84.76,2017-02-03,84.76,TARGET,155,23.27,CLOSED
IGL,2017-05,1.57,2017-06-01,93.07,83.81,94.54,2017-06-02,94.54,TARGET,1,1.27,CLOSED
IGL,2017-12,2.82,2018-01-01,145.61,132.22,149.71,2018-01-01,149.71,TARGET,0,2.52,CLOSED
IGL,2018-10,10.02,2018-11-01,117.83,94.3,129.63,2019-02-04,129.63,TARGET,95,9.72,CLOSED
IGL,2019-05,7.66,2019-06-03,146.9,128.12,158.15,2019-09-24,158.15,TARGET,113,7.36,CLOSED
IGL,2019-10,11.97,2019-11-01,172.89,151.17,193.58,2019-11-21,193.58,TARGET,20,11.67,CLOSED
IGL,2021-05,3.91,2021-06-01,236.67,220.28,245.93,2021-06-29,245.93,TARGET,28,3.61,CLOSED
IGL,2021-06,5.46,2021-07-01,248.49,225.79,262.07,2021-09-13,262.07,TARGET,74,5.16,CLOSED
IGL,2022-10,7.93,2022-11-01,193.83,164.96,209.2,2023-04-06,210.98,TARGET,156,8.55,CLOSED
IGL,2023-12,7.52,2024-01-01,198.25,183.68,213.16,2024-02-05,213.16,TARGET,35,7.22,CLOSED
IGL,2024-12,27.09,2025-01-01,200.52,157.32,254.84,2026-03-04,157.32,SL,427,-21.84,CLOSED
INDUSTOWER,2017-03,18.89,2017-04-03,231.51,195.24,275.24,2017-05-17,275.24,TARGET,44,18.59,CLOSED
INDUSTOWER,2024-02,13.9,2024-03-01,243.63,198.87,277.49,2024-03-28,277.49,TARGET,27,13.6,CLOSED
INDUSTOWER,2024-03,15.17,2024-04-01,284.2,219.01,327.32,2024-04-18,327.32,TARGET,17,14.87,CLOSED
INDUSTOWER,2024-08,5.85,2024-09-02,443.32,386.12,469.26,2024-09-19,386.12,SL,17,-13.2,CLOSED
INDUSTOWER,2025-06,9.62,2025-07-01,409.44,360.68,448.82,2025-07-31,360.68,SL,30,-12.21,CLOSED
INDUSTOWER,2026-08,3.15,2026-09-01,386.0,363.5,398.17,2026-09-28,363.5,SL,27,-6.13,CLOSED
INDUSINDBK,2011-05,1.64,2011-06-01,241.76,214.34,245.72,2011-06-03,245.72,TARGET,2,1.34,CLOSED
INDUSINDBK,2011-10,9.32,2011-11-01,261.01,217.2,285.34,2011-12-20,217.2,SL,49,-17.08,CLOSED
INDUSINDBK,2012-03,3.01,2012-04-02,297.16,265.62,306.11,2012-04-03,306.11,TARGET,1,2.71,CLOSED
INDUSINDBK,2012-09,12.24,2012-10-01,333.08,285.98,373.86,2012-11-29,373.86,TARGET,59,11.94,CLOSED
INDUSINDBK,2012-11,14.46,2012-12-03,376.94,335.13,431.45,2013-04-22,431.45,TARGET,140,14.16,CLOSED
INDUSINDBK,2014-08,4.64,2014-09-01,551.44,503.26,577.02,2014-09-01,577.02,TARGET,0,4.34,CLOSED
INDUSINDBK,2014-10,15.86,2014-11-03,681.51,558.91,789.57,2015-01-13,794.42,TARGET,71,16.27,CLOSED
INDUSINDBK,2015-05,6.09,2015-06-01,817.92,738.95,867.71,2015-06-12,738.95,SL,11,-9.96,CLOSED
INDUSINDBK,2015-11,2.56,2015-12-01,887.46,830.82,910.19,2015-12-30,910.19,TARGET,29,2.26,CLOSED
INDUSINDBK,2015-12,3.6,2016-01-01,913.9,853.24,946.83,2016-01-18,853.24,SL,17,-6.94,CLOSED
INDUSINDBK,2016-03,16.58,2016-04-01,912.62,787.39,1063.92,2016-06-03,1066.84,TARGET,63,16.6,CLOSED
INDUSINDBK,2016-12,1.96,2017-01-02,1052.26,983.1,1072.83,2017-01-06,1073.16,TARGET,4,1.69,CLOSED
INDUSINDBK,2017-03,8.57,2017-04-03,1351.64,1220.62,1467.54,2017-07-10,1467.54,TARGET,98,8.27,CLOSED
INDUSINDBK,2017-07,11.7,2017-08-01,1574.57,1396.2,1758.83,2018-04-09,1758.83,TARGET,251,11.4,CLOSED
INDUSINDBK,2018-04,5.64,2018-05-02,1803.34,1701.04,1904.96,2018-06-27,1904.96,TARGET,56,5.34,CLOSED
INDUSINDBK,2018-07,3.67,2018-08-01,1922.94,1800.66,1993.44,2018-08-30,1800.66,SL,29,-6.66,CLOSED
INDUSINDBK,2019-03,23.56,2019-04-01,1723.45,1414.58,2129.51,2019-05-09,1414.58,SL,38,-18.22,CLOSED
INDUSINDBK,2019-11,19.49,2019-12-02,1534.91,1263.03,1834.02,2020-01-24,1263.03,SL,53,-18.01,CLOSED
INDUSINDBK,2022-07,31.37,2022-08-01,1007.65,758.65,1323.71,2023-06-13,1323.71,TARGET,316,31.07,CLOSED
INDUSINDBK,2023-06,8.02,2023-07-03,1362.59,1222.35,1471.81,2023-11-08,1475.16,TARGET,128,7.96,CLOSED
INDUSINDBK,2026-04,21.74,2026-05-01,914.57,752.78,1113.42,2026-09-30,901.4,OPEN,152,-1.74,OPEN
NAUKRI,2012-01,10.14,2012-02-01,59.06,52.07,65.05,2012-03-12,65.05,TARGET,40,9.84,CLOSED
NAUKRI,2012-11,4.17,2012-12-03,69.46,62.74,72.35,2012-12-07,73.8,TARGET,4,5.95,CLOSED
NAUKRI,2013-03,3.17,2013-04-01,65.16,61.44,67.23,2013-04-01,67.23,TARGET,0,2.87,CLOSED
NAUKRI,2015-11,19.38,2015-12-01,170.63,134.61,203.7,2016-02-25,134.61,SL,86,-21.41,CLOSED
NAUKRI,2017-02,3.99,2017-03-01,164.22,158.13,170.77,2017-03-08,157.95,SL,7,-4.12,CLOSED
NAUKRI,2017-05,9.4,2017-06-01,177.45,158.73,194.13,2017-06-06,194.13,TARGET,5,9.1,CLOSED
NAUKRI,2021-08,18.55,2021-09-01,1209.4,1013.94,1433.79,2021-10-19,1433.79,TARGET,48,18.25,CLOSED
NAUKRI,2022-07,15.37,2022-08-01,855.21,706.55,986.63,2023-02-01,706.55,SL,184,-17.68,CLOSED
NAUKRI,2023-06,10.06,2023-07-03,881.63,802.72,970.32,2023-08-04,970.32,TARGET,32,9.76,CLOSED
NAUKRI,2024-03,6.16,2024-04-01,1105.8,981.31,1173.86,2024-04-08,1173.86,TARGET,7,5.86,CLOSED
NAUKRI,2024-06,19.11,2024-07-01,1332.9,1036.68,1587.62,2024-09-19,1587.62,TARGET,80,18.81,CLOSED
INFY,2005-02,8.29,2005-03-01,87.58,78.98,94.84,2005-04-12,77.57,SL,42,-11.73,CLOSED
INFY,2005-05,19.27,2005-06-01,88.43,74.17,105.47,2005-10-11,105.47,TARGET,132,18.97,CLOSED
INFY,2006-08,9.11,2006-09-01,144.25,128.31,157.39,2006-10-11,159.39,TARGET,40,10.2,CLOSED
INFY,2008-05,13.58,2008-06-02,161.52,136.32,183.45,2008-07-11,136.32,SL,39,-15.9,CLOSED
INFY,2008-08,10.46,2008-09-01,142.75,126.03,157.69,2008-09-15,126.03,SL,14,-12.01,CLOSED
INFY,2009-01,17.14,2009-02-02,106.19,91.97,124.39,2009-02-18,91.97,SL,16,-13.69,CLOSED
INFY,2009-04,14.0,2009-05-04,124.94,106.86,142.43,2009-05-18,142.43,TARGET,14,13.7,CLOSED
INFY,2009-07,16.2,2009-08-03,171.05,137.98,198.76,2009-09-22,198.76,TARGET,50,15.9,CLOSED
INFY,2009-12,9.32,2010-01-04,217.26,196.03,237.5,2010-02-05,196.03,SL,32,-10.07,CLOSED
INFY,2010-09,12.4,2010-10-01,255.48,226.78,287.17,2010-12-27,287.17,TARGET,87,12.1,CLOSED
INFY,2010-12,12.84,2011-01-03,292.26,257.3,329.78,2011-02-04,257.3,SL,32,-12.26,CLOSED
INFY,2011-03,8.15,2011-04-01,274.53,246.46,296.9,2011-04-18,246.46,SL,17,-10.52,CLOSED
INFY,2011-06,4.48,2011-07-01,250.86,226.72,262.1,2011-08-05,225.96,SL,35,-10.23,CLOSED
INFY,2013-05,9.14,2013-06-03,223.98,196.07,244.45,2013-07-12,246.71,TARGET,39,9.84,CLOSED
INFY,2013-07,18.84,2013-08-01,265.05,212.24,314.99,2013-12-19,314.99,TARGET,140,18.54,CLOSED
INFY,2014-02,3.34,2014-03-03,341.34,315.99,352.75,2014-03-13,305.2,SL,10,-10.89,CLOSED
INFY,2014-10,8.93,2014-11-03,371.66,323.2,404.86,2015-01-23,404.86,TARGET,81,8.63,CLOSED
INFY,2015-09,6.17,2015-10-01,433.07,389.54,459.8,2015-11-18,388.9,SL,48,-10.5,CLOSED
INFY,2015-12,1.61,2016-01-01,410.94,382.01,417.55,2016-01-14,417.55,TARGET,13,1.31,CLOSED
INFY,2016-01,5.38,2016-02-01,437.09,385.11,460.62,2016-03-28,460.62,TARGET,56,5.08,CLOSED
INFY,2017-12,6.76,2018-01-01,408.08,376.36,435.65,2018-01-16,435.65,TARGET,15,6.46,CLOSED
INFY,2018-06,8.72,2018-07-02,529.4,476.63,575.58,2018-08-16,575.58,TARGET,45,8.42,CLOSED
INFY,2018-08,5.57,2018-09-03,583.79,542.9,616.3,2018-10-11,542.9,SL,38,-7.3,CLOSED
INFY,2019-01,14.37,2019-02-01,615.39,530.28,703.85,2019-10-22,530.28,SL,263,-14.13,CLOSED
INFY,2019-12,5.0,2020-01-01,618.18,579.12,649.08,2020-01-13,649.08,TARGET,12,4.7,CLOSED
INFY,2020-04,11.54,2020-05-04,580.17,489.63,647.09,2020-07-02,647.09,TARGET,59,11.24,CLOSED
INFY,2020-12,14.16,2021-01-01,1083.9,952.19,1237.42,2021-04-08,1237.42,TARGET,97,13.86,CLOSED
INFY,2021-05,4.02,2021-06-01,1219.36,1129.91,1268.38,2021-06-14,1281.2,TARGET,13,4.77,CLOSED
INFY,2021-06,13.42,2021-07-01,1373.39,1188.88,1557.71,2021-10-18,1557.71,TARGET,109,13.12,CLOSED
INFY,2022-03,11.15,2022-04-01,1657.96,1477.08,1842.78,2022-04-18,1410.74,SL,17,-15.21,CLOSED
INFY,2022-07,6.01,2022-08-01,1388.83,1252.65,1472.24,2022-09-16,1252.65,SL,46,-10.1,CLOSED
INFY,2022-10,9.98,2022-11-01,1394.18,1230.76,1533.26,2023-03-23,1230.76,SL,142,-12.02,CLOSED
INFY,2023-06,2.67,2023-07-03,1209.99,1148.35,1242.25,2023-07-13,1242.25,TARGET,10,2.37,CLOSED
INFY,2023-08,5.88,2023-09-01,1301.83,1226.78,1378.41,2023-09-15,1381.03,TARGET,14,5.78,CLOSED
INFY,2023-11,6.34,2023-12-01,1345.36,1245.6,1430.65,2023-12-15,1430.65,TARGET,14,6.04,CLOSED
INFY,2024-08,4.04,2024-09-02,1826.71,1615.4,1900.49,2024-12-13,1900.49,TARGET,102,3.74,CLOSED
INOXWIND,2023-12,78.16,2024-01-01,126.0,70.0,224.49,2024-08-13,224.49,TARGET,225,77.86,CLOSED
INTELLECT,2018-04,20.45,2018-05-02,194.79,159.24,234.63,2018-08-07,234.63,TARGET,97,20.15,CLOSED
INTELLECT,2020-09,16.46,2020-10-01,228.3,176.68,265.87,2020-11-26,265.87,TARGET,56,16.16,CLOSED
INTELLECT,2021-03,70.49,2021-04-01,734.37,410.48,1252.01,2022-11-03,410.48,SL,581,-44.4,CLOSED
INTELLECT,2022-11,6.45,2022-12-01,452.06,398.3,481.23,2023-01-25,398.3,SL,55,-12.19,CLOSED
INTELLECT,2023-05,31.42,2023-06-01,573.86,433.73,754.17,2023-12-01,754.17,TARGET,183,31.12,CLOSED
INTELLECT,2023-12,13.91,2024-01-01,819.47,723.34,933.44,2024-01-19,933.44,TARGET,18,13.61,CLOSED
INTELLECT,2025-05,48.51,2025-06-02,1157.97,762.58,1719.69,2026-02-05,762.58,SL,248,-34.45,CLOSED
INDIGO,2015-12,11.35,2016-01-01,1177.31,929.36,1310.97,2016-01-01,1310.97,TARGET,0,11.05,CLOSED
INDIGO,2016-04,23.22,2016-05-02,968.25,815.79,1193.07,2016-07-05,815.79,SL,64,-16.05,CLOSED
INDIGO,2017-10,13.77,2017-11-01,1279.43,1064.28,1455.63,2018-04-09,1455.63,TARGET,159,13.47,CLOSED
INDIGO,2019-01,1.95,2019-02-01,1179.31,1041.62,1202.33,2019-02-06,1202.33,TARGET,5,1.65,CLOSED
INDIGO,2019-08,8.9,2019-09-03,1685.15,1404.87,1835.08,2019-09-26,1835.08,TARGET,23,8.6,CLOSED
INDIGO,2019-09,11.78,2019-10-01,1874.83,1595.25,2095.76,2019-10-25,1595.25,SL,24,-15.21,CLOSED
INDIGO,2021-10,7.59,2021-11-01,2164.34,1846.88,2328.67,2021-11-15,2328.67,TARGET,14,7.29,CLOSED
INDIGO,2022-03,7.43,2022-04-01,2014.1,1552.48,2163.68,2022-06-20,1552.48,SL,80,-23.22,CLOSED
INDIGO,2023-03,2.93,2023-04-03,1896.79,1807.6,1952.28,2023-04-18,1952.28,TARGET,15,2.63,CLOSED
INDIGO,2023-04,5.77,2023-05-02,2027.57,1857.86,2144.62,2023-05-03,2144.62,TARGET,1,5.47,CLOSED
INDIGO,2023-11,10.25,2023-12-01,2700.79,2410.68,2977.59,2023-12-13,2977.59,TARGET,12,9.95,CLOSED
INDIGO,2024-03,12.46,2024-04-01,3563.93,3014.91,4008.15,2024-05-02,4012.22,TARGET,31,12.28,CLOSED
INDIGO,2024-11,8.05,2024-12-02,4375.11,3823.54,4727.49,2024-12-26,4727.49,TARGET,24,7.75,CLOSED
INDIGO,2025-06,12.13,2025-07-01,5952.44,5167.27,6674.44,2025-12-08,5110.0,SL,160,-14.45,CLOSED
IGIL,2025-05,12.03,2025-06-02,391.92,315.47,439.05,2025-11-18,315.47,SL,169,-19.81,CLOSED
IKS,2026-04,24.56,2026-05-01,1654.7,1302.5,2061.15,2026-09-30,1747.5,OPEN,152,5.31,OPEN
IPCALAB,2007-06,15.67,2007-07-02,65.16,55.51,75.37,2007-10-08,55.51,SL,98,-15.12,CLOSED
IPCALAB,2009-10,12.45,2009-11-03,86.33,70.33,97.08,2009-12-02,97.08,TARGET,29,12.15,CLOSED
IPCALAB,2011-05,9.97,2011-06-01,156.63,133.72,172.25,2011-09-15,133.72,SL,106,-14.92,CLOSED
IPCALAB,2012-06,4.59,2012-07-02,177.76,157.82,185.93,2012-07-20,185.93,TARGET,18,4.29,CLOSED
IPCALAB,2012-07,12.08,2012-08-01,191.83,168.83,215.01,2012-09-03,215.01,TARGET,33,11.78,CLOSED
IPCALAB,2014-01,14.45,2014-02-03,399.72,335.62,457.49,2014-07-30,335.62,SL,177,-16.34,CLOSED
IPCALAB,2016-07,5.55,2016-08-01,252.29,222.26,266.28,2016-08-25,266.57,TARGET,24,5.36,CLOSED
IPCALAB,2019-03,18.49,2019-04-01,479.74,393.11,568.45,2019-11-18,568.45,TARGET,231,18.19,CLOSED
IPCALAB,2022-09,1.08,2022-10-03,902.87,840.75,912.64,2022-10-03,912.64,TARGET,0,0.78,CLOSED
IPCALAB,2023-03,0.3,2023-04-03,802.65,760.2,805.03,2023-04-03,805.03,TARGET,0,-0.0,CLOSED
IPCALAB,2023-11,15.38,2023-12-01,1124.32,957.21,1297.25,2024-04-05,1297.25,TARGET,126,15.08,CLOSED
IPCALAB,2024-12,9.9,2025-01-01,1695.75,1463.38,1863.56,2025-01-27,1463.38,SL,26,-14.0,CLOSED
IPCALAB,2025-03,10.81,2025-04-01,1486.42,1271.81,1647.14,2025-04-07,1162.54,SL,6,-22.09,CLOSED
IPCALAB,2026-08,13.39,2026-09-01,1985.0,1674.4,2250.71,2026-09-30,1927.0,OPEN,29,-3.22,OPEN
JKCEMENT,2009-11,17.19,2009-12-01,114.08,98.72,133.69,2010-01-05,133.69,TARGET,35,16.89,CLOSED
JKCEMENT,2015-06,5.56,2015-07-01,625.29,515.05,660.08,2015-11-27,660.08,TARGET,149,5.26,CLOSED
JKCEMENT,2016-06,14.47,2016-07-01,617.8,533.85,707.18,2016-08-02,707.18,TARGET,32,14.17,CLOSED
JKCEMENT,2017-03,5.52,2017-04-03,879.61,784.71,928.21,2017-05-02,928.21,TARGET,29,5.22,CLOSED
JKCEMENT,2017-10,5.07,2017-11-01,943.47,890.7,991.33,2017-11-13,1013.93,TARGET,12,7.17,CLOSED
JKCEMENT,2017-12,11.12,2018-01-01,1056.8,923.07,1174.32,2018-04-09,923.07,SL,98,-12.95,CLOSED
JKCEMENT,2022-07,18.74,2022-08-01,2451.15,2055.56,2910.48,2022-09-08,2910.48,TARGET,38,18.44,CLOSED
JKCEMENT,2022-11,13.53,2022-12-01,3032.69,2650.25,3443.04,2023-01-24,2650.25,SL,54,-12.91,CLOSED
JKCEMENT,2023-11,15.52,2023-12-01,3604.15,3046.69,4163.56,2024-01-25,4163.56,TARGET,55,15.22,CLOSED
JKCEMENT,2024-02,3.47,2024-03-01,4485.01,4051.7,4640.74,2024-03-13,4051.7,SL,12,-9.96,CLOSED
JKCEMENT,2025-07,8.54,2025-08-01,6595.45,6023.03,7158.51,2025-08-18,7158.51,TARGET,17,8.24,CLOSED
JBMA,2009-12,4.5,2010-01-04,2.33,2.02,2.43,2010-01-05,2.43,TARGET,1,4.2,CLOSED
JBMA,2013-07,29.93,2013-08-01,2.38,1.93,3.1,2014-01-02,3.12,TARGET,154,30.56,CLOSED
JBMA,2014-02,54.88,2014-03-03,4.69,2.75,7.26,2014-04-03,7.58,TARGET,31,61.47,CLOSED
JBMA,2014-08,63.05,2014-09-01,30.74,17.42,50.12,2014-09-23,50.12,TARGET,22,62.75,CLOSED
JBMA,2020-11,12.55,2020-12-01,54.0,45.46,60.78,2020-12-22,45.46,SL,21,-16.11,CLOSED
JBMA,2023-12,17.81,2024-01-01,746.38,617.83,879.28,2024-01-08,879.28,TARGET,7,17.51,CLOSED
JKTYRE,2012-01,24.86,2012-02-01,11.97,9.32,14.95,2012-06-26,14.95,TARGET,146,24.56,CLOSED
JKTYRE,2014-11,35.52,2014-12-01,114.43,83.46,155.07,2015-03-26,83.46,SL,115,-27.36,CLOSED
JKTYRE,2017-02,3.36,2017-03-01,110.22,98.36,113.92,2017-03-15,113.92,TARGET,14,3.06,CLOSED
JKTYRE,2017-04,25.65,2017-05-02,146.19,115.82,183.7,2017-12-14,115.82,SL,226,-21.08,CLOSED
JKTYRE,2023-07,13.32,2023-08-01,259.16,219.52,293.68,2023-10-11,293.68,TARGET,71,13.02,CLOSED
JKTYRE,2024-01,32.27,2024-02-01,512.98,374.39,678.55,2024-05-10,374.39,SL,99,-27.32,CLOSED
JKTYRE,2024-06,6.05,2024-07-01,423.48,349.1,449.08,2024-07-02,449.08,TARGET,1,5.75,CLOSED
JMFINANCIL,2007-12,21.36,2008-01-01,79.07,62.35,95.96,2008-01-02,95.96,TARGET,1,21.06,CLOSED
JMFINANCIL,2008-08,3.84,2008-09-01,36.25,32.78,37.64,2008-09-01,37.64,TARGET,0,3.54,CLOSED
JMFINANCIL,2010-05,3.39,2010-06-01,26.9,18.95,27.81,2010-06-01,27.81,TARGET,0,3.09,CLOSED
JMFINANCIL,2018-12,6.59,2019-01-01,81.3,70.08,86.66,2019-01-24,68.65,SL,23,-15.86,CLOSED
JSWENERGY,2014-06,14.53,2014-07-01,73.09,60.95,83.71,2014-07-14,60.95,SL,13,-16.91,CLOSED
JSWENERGY,2014-11,17.06,2014-12-01,83.09,65.67,97.26,2015-01-19,97.26,TARGET,49,16.76,CLOSED
JSWENERGY,2015-01,17.81,2015-02-02,107.39,82.51,126.52,2015-07-06,82.51,SL,154,-23.47,CLOSED
JSWENERGY,2015-09,23.87,2015-10-01,85.7,59.72,106.15,2016-02-11,59.72,SL,133,-30.62,CLOSED
JSWENERGY,2017-12,10.33,2018-01-01,86.24,72.13,95.15,2018-03-07,72.13,SL,65,-16.66,CLOSED
JSWENERGY,2018-08,10.62,2018-09-03,67.9,60.17,75.11,2018-09-21,60.17,SL,18,-11.69,CLOSED
JSWENERGY,2021-08,4.79,2021-09-01,261.51,208.44,274.04,2021-09-13,285.58,TARGET,12,8.91,CLOSED
JSWENERGY,2024-03,4.05,2024-04-01,527.36,447.42,548.74,2024-04-03,548.74,TARGET,2,3.75,CLOSED
JSWSTEEL,2007-03,8.3,2007-04-02,40.15,31.9,43.49,2007-04-10,43.49,TARGET,8,8.0,CLOSED
JSWSTEEL,2011-05,2.96,2011-06-01,82.06,71.74,84.49,2011-06-20,71.74,SL,19,-12.87,CLOSED
JSWSTEEL,2012-01,37.91,2012-02-01,59.49,42.7,82.04,2013-08-16,42.7,SL,562,-28.52,CLOSED
JSWSTEEL,2014-10,9.23,2014-11-03,111.61,94.86,121.91,2014-12-16,94.86,SL,43,-15.3,CLOSED
JSWSTEEL,2016-03,13.92,2016-04-01,113.52,100.54,129.32,2016-06-30,130.0,TARGET,90,14.22,CLOSED
JSWSTEEL,2016-06,5.41,2016-07-01,131.71,118.76,138.84,2016-07-12,138.84,TARGET,11,5.11,CLOSED
JSWSTEEL,2017-07,8.78,2017-08-01,201.57,184.69,219.26,2017-08-21,219.26,TARGET,20,8.48,CLOSED
JSWSTEEL,2018-07,2.15,2018-08-01,303.49,269.2,310.03,2018-08-03,310.03,TARGET,2,1.85,CLOSED
JSWSTEEL,2019-04,6.97,2019-05-02,283.41,261.36,303.17,2019-05-09,261.36,SL,7,-8.08,CLOSED
JSWSTEEL,2020-07,17.55,2020-08-03,208.01,175.61,244.51,2020-08-13,244.51,TARGET,10,17.25,CLOSED
JSWSTEEL,2022-11,10.3,2022-12-01,732.05,656.46,807.48,2023-02-27,656.46,SL,88,-10.63,CLOSED
JSWSTEEL,2023-03,3.13,2023-04-03,676.44,635.93,697.63,2023-04-11,697.63,TARGET,8,2.83,CLOSED
JSWSTEEL,2023-06,12.71,2023-07-03,772.07,677.18,870.2,2023-12-28,870.2,TARGET,178,12.41,CLOSED
JSWSTEEL,2024-09,9.45,2024-10-01,1020.38,904.06,1116.82,2024-10-28,904.06,SL,27,-11.7,CLOSED
JPPOWER,2014-10,6.83,2014-11-03,13.4,11.5,14.31,2014-11-03,14.31,TARGET,0,6.53,CLOSED
JPPOWER,2017-01,25.32,2017-02-01,5.2,3.9,6.52,2017-02-06,6.52,TARGET,5,25.02,CLOSED
JPPOWER,2017-12,35.0,2018-01-01,9.9,6.45,13.36,2018-02-02,6.45,SL,32,-35.15,CLOSED
JPPOWER,2019-12,34.78,2020-01-01,1.6,1.25,2.16,2020-01-21,2.2,TARGET,20,37.2,CLOSED
JPPOWER,2020-01,48.39,2020-02-03,2.2,1.6,3.26,2020-02-18,1.6,SL,15,-27.57,CLOSED
JPPOWER,2020-06,129.41,2020-07-01,2.0,0.9,4.59,2021-06-10,4.59,TARGET,344,129.11,CLOSED
JPPOWER,2024-01,32.97,2024-02-01,18.65,13.95,24.8,2025-02-12,13.95,SL,377,-25.5,CLOSED
J&KBANK,2010-02,6.3,2010-03-02,49.89,46.0,53.03,2010-03-02,53.03,TARGET,0,6.0,CLOSED
J&KBANK,2010-10,13.07,2010-11-01,75.29,60.72,85.14,2010-12-09,60.72,SL,38,-19.66,CLOSED
J&KBANK,2012-01,22.78,2012-02-01,69.86,56.12,85.78,2012-05-22,85.78,TARGET,111,22.48,CLOSED
J&KBANK,2012-06,6.43,2012-07-02,83.55,74.25,88.92,2012-08-27,74.25,SL,56,-11.44,CLOSED
J&KBANK,2012-09,1.4,2012-10-01,82.54,76.46,83.7,2012-10-01,83.7,TARGET,0,1.1,CLOSED
J&KBANK,2014-03,15.34,2014-04-01,140.13,119.87,161.62,2014-04-10,161.62,TARGET,9,15.04,CLOSED
J&KBANK,2015-08,1.35,2015-09-01,149.22,147.24,151.23,2017-02-27,74.41,SL,545,-50.43,CLOSED
J&KBANK,2018-07,15.51,2018-08-01,55.4,41.7,64.0,2018-09-27,41.7,SL,57,-25.04,CLOSED
J&KBANK,2022-10,43.32,2022-11-01,37.45,26.17,53.67,2022-12-07,53.67,TARGET,36,43.02,CLOSED
J&KBANK,2023-04,18.65,2023-05-02,56.36,45.95,66.87,2023-07-06,66.87,TARGET,65,18.35,CLOSED
J&KBANK,2025-06,11.61,2025-07-01,113.85,98.41,127.07,2025-08-06,98.41,SL,36,-13.86,CLOSED
JINDALSAW,2006-01,4.37,2006-02-01,31.37,27.9,32.74,2006-02-14,32.74,TARGET,13,4.07,CLOSED
JINDALSAW,2009-11,33.65,2009-12-01,73.71,50.44,98.51,2011-08-05,50.44,SL,612,-31.87,CLOSED
JINDALSAW,2012-06,6.94,2012-07-02,53.37,47.63,57.08,2012-07-31,47.63,SL,29,-11.05,CLOSED
JINDALSAW,2017-07,22.26,2017-08-01,44.18,35.11,54.01,2017-10-12,54.01,TARGET,72,21.96,CLOSED
JINDALSAW,2023-01,20.86,2023-02-01,60.15,49.92,72.7,2023-02-15,72.7,TARGET,14,20.56,CLOSED
JINDALSAW,2024-07,19.21,2024-08-01,315.8,258.62,376.48,2024-10-09,376.48,TARGET,69,18.91,CLOSED
JSL,2020-10,41.15,2020-11-02,61.35,41.96,86.59,2021-01-05,86.59,TARGET,64,40.85,CLOSED
JSL,2022-03,4.41,2022-04-01,199.76,171.16,208.56,2022-04-19,208.56,TARGET,18,4.11,CLOSED
JSL,2023-07,21.35,2023-08-01,395.98,326.85,480.54,2023-09-04,480.54,TARGET,34,21.05,CLOSED
JSL,2024-08,7.44,2024-09-02,785.83,623.29,844.27,2025-01-09,623.29,SL,129,-20.98,CLOSED
JSL,2025-11,2.3,2025-12-01,771.66,711.63,789.42,2025-12-11,789.42,TARGET,10,2.0,CLOSED
JINDALSTEL,2005-12,11.39,2006-01-02,49.62,44.07,55.27,2006-03-06,55.27,TARGET,63,11.09,CLOSED
JINDALSTEL,2006-09,16.24,2006-10-03,54.73,47.05,63.62,2006-11-07,63.62,TARGET,35,15.94,CLOSED
JINDALSTEL,2006-11,19.42,2006-12-01,69.09,57.29,82.5,2007-02-02,82.5,TARGET,63,19.12,CLOSED
JINDALSTEL,2011-03,6.01,2011-04-01,674.23,617.19,714.78,2011-05-02,617.19,SL,31,-8.76,CLOSED
JINDALSTEL,2012-06,6.81,2012-07-02,458.35,397.93,489.57,2012-07-25,395.11,SL,23,-14.1,CLOSED
JINDALSTEL,2012-11,3.79,2012-12-03,393.99,355.08,408.91,2012-12-11,408.91,TARGET,8,3.49,CLOSED
JINDALSTEL,2013-11,7.63,2013-12-02,253.12,227.9,272.44,2013-12-03,272.44,TARGET,1,7.33,CLOSED
JINDALSTEL,2016-06,7.27,2016-07-01,67.87,59.4,72.8,2016-07-05,72.8,TARGET,4,6.97,CLOSED
JINDALSTEL,2017-12,19.25,2018-01-01,201.29,155.27,240.04,2018-01-04,240.04,TARGET,3,18.95,CLOSED
JINDALSTEL,2019-12,4.16,2020-01-01,165.17,129.93,172.04,2020-01-08,172.04,TARGET,7,3.86,CLOSED
JINDALSTEL,2020-05,27.95,2020-06-01,121.27,82.04,155.16,2020-06-24,155.16,TARGET,23,27.65,CLOSED
JINDALSTEL,2022-08,11.39,2022-09-01,419.9,367.07,467.71,2022-11-02,467.71,TARGET,62,11.09,CLOSED
JINDALSTEL,2022-11,16.51,2022-12-01,535.18,450.29,623.51,2023-07-05,623.51,TARGET,216,16.21,CLOSED
JINDALSTEL,2023-07,15.09,2023-08-01,664.02,575.96,764.24,2024-02-01,764.24,TARGET,184,14.79,CLOSED
JINDALSTEL,2025-09,12.47,2025-10-01,1061.9,941.61,1194.33,2026-02-09,1194.33,TARGET,131,12.17,CLOSED
JINDALSTEL,2026-08,8.4,2026-09-01,1175.7,1084.06,1274.5,2026-09-11,1084.06,SL,10,-8.09,CLOSED
JIOFIN,2026-07,8.47,2026-08-03,259.39,228.46,281.36,2026-09-11,228.46,SL,39,-12.22,CLOSED
JUBLFOOD,2011-06,13.14,2011-07-01,92.99,74.75,105.21,2011-08-05,74.75,SL,35,-19.91,CLOSED
JUBLFOOD,2012-01,25.09,2012-02-01,91.44,71.12,114.38,2012-03-30,114.38,TARGET,58,24.79,CLOSED
JUBLFOOD,2015-05,20.07,2015-06-01,173.15,134.92,207.9,2015-11-05,134.92,SL,157,-22.38,CLOSED
JUBLFOOD,2016-03,28.35,2016-04-01,124.9,96.08,160.3,2016-05-24,96.08,SL,53,-23.37,CLOSED
JUBLFOOD,2018-04,9.22,2018-05-02,249.87,224.59,272.9,2018-06-18,272.9,TARGET,47,8.92,CLOSED
JUBLFOOD,2019-03,15.03,2019-04-01,285.31,247.15,328.18,2019-05-08,247.15,SL,37,-13.68,CLOSED
JUBLFOOD,2019-10,17.77,2019-11-01,313.86,246.13,369.62,2020-01-31,369.62,TARGET,91,17.47,CLOSED
JUBLFOOD,2020-01,14.4,2020-02-03,369.09,325.17,422.24,2020-03-02,325.17,SL,28,-12.2,CLOSED
JUBLFOOD,2024-07,6.53,2024-08-01,598.25,546.24,637.33,2024-08-12,637.33,TARGET,11,6.23,CLOSED
JUBLFOOD,2024-12,11.41,2025-01-01,714.72,635.98,796.27,2025-01-27,635.98,SL,26,-11.32,CLOSED
JUBLINGREA,2023-04,17.09,2023-05-02,409.24,351.51,479.16,2023-08-24,479.16,TARGET,114,16.79,CLOSED
JUBLINGREA,2023-08,24.92,2023-09-01,504.89,402.88,630.69,2023-11-01,402.88,SL,61,-20.5,CLOSED
JUBLINGREA,2024-11,9.47,2024-12-02,783.14,633.22,857.32,2024-12-12,857.32,TARGET,10,9.17,CLOSED
JWL,2013-12,15.68,2014-01-01,11.12,8.29,12.86,2014-01-07,13.4,TARGET,6,20.24,CLOSED
JWL,2020-05,1.82,2020-06-01,8.94,7.4,9.1,2020-06-02,9.1,TARGET,1,1.52,CLOSED
JWL,2023-01,34.1,2023-02-01,124.05,91.68,166.35,2023-03-24,91.68,SL,51,-26.39,CLOSED
JYOTICNC,2024-04,3.45,2024-05-02,859.9,708.0,889.58,2024-05-15,889.58,TARGET,13,3.15,CLOSED
JYOTICNC,2025-05,20.34,2025-06-02,1305.9,1071.6,1571.54,2025-06-30,1071.6,SL,28,-18.24,CLOSED
KPRMILL,2009-05,72.58,2009-06-01,4.17,2.3,7.19,2009-12-01,7.19,TARGET,183,72.28,CLOSED
KPRMILL,2016-03,31.08,2016-04-01,79.07,61.26,103.65,2016-07-01,103.65,TARGET,91,30.78,CLOSED
KPRMILL,2024-11,4.75,2024-12-02,980.32,862.92,1026.9,2024-12-13,1026.9,TARGET,11,4.45,CLOSED
KEI,2009-05,62.82,2009-06-01,21.51,11.52,35.02,2010-01-06,35.02,TARGET,219,62.52,CLOSED
KEI,2016-06,4.72,2016-07-01,109.86,91.19,115.04,2016-07-04,115.04,TARGET,3,4.42,CLOSED
KEI,2022-08,18.9,2022-09-01,1472.58,1214.88,1750.92,2023-04-05,1750.92,TARGET,216,18.6,CLOSED
KEI,2023-08,11.44,2023-09-01,2703.82,2215.84,3013.15,2023-12-07,3013.15,TARGET,97,11.14,CLOSED
KEI,2025-04,5.9,2025-05-02,3059.98,2421.13,3240.59,2025-05-06,3240.59,TARGET,4,5.6,CLOSED
KEI,2025-12,7.59,2026-01-01,4484.09,3924.35,4824.38,2026-01-21,3924.35,SL,20,-12.78,CLOSED
KEI,2026-02,26.34,2026-03-02,4920.5,3928.4,6216.73,2026-09-30,4455.0,OPEN,212,-9.76,OPEN
KPITTECH,2020-04,58.16,2020-05-04,51.17,33.74,80.93,2020-08-10,80.93,TARGET,98,57.86,CLOSED
KSB,2006-07,15.84,2006-08-01,37.63,27.02,43.6,2006-10-11,43.6,TARGET,71,15.54,CLOSED
KSB,2008-07,26.74,2008-08-01,23.29,17.7,29.52,2008-10-10,17.7,SL,70,-24.3,CLOSED
KSB,2014-02,4.05,2014-03-03,45.09,41.91,46.92,2014-03-06,46.92,TARGET,3,3.75,CLOSED
KSB,2015-06,7.81,2015-07-01,115.09,99.92,124.08,2015-09-08,99.92,SL,69,-13.48,CLOSED
KSB,2015-10,2.64,2015-11-02,111.43,104.08,114.37,2015-11-16,104.08,SL,14,-6.89,CLOSED
KSB,2015-12,8.78,2016-01-01,110.71,100.83,120.44,2016-01-15,100.83,SL,14,-9.23,CLOSED
KSB,2016-06,8.76,2016-07-01,136.63,120.03,148.6,2016-08-03,120.03,SL,33,-12.45,CLOSED
KSB,2019-10,0.4,2019-11-01,131.6,118.2,132.12,2019-11-04,132.12,TARGET,3,0.1,CLOSED
KSB,2022-03,20.27,2022-04-01,259.98,199.84,312.68,2022-07-11,312.68,TARGET,101,19.97,CLOSED
KSB,2023-07,5.26,2023-08-01,451.53,397.01,475.3,2023-08-03,475.3,TARGET,2,4.96,CLOSED
KSB,2024-03,5.36,2024-04-01,765.62,654.19,806.69,2024-04-09,806.69,TARGET,8,5.06,CLOSED
KSB,2026-06,21.38,2026-07-01,959.1,750.0,1164.12,2026-09-30,856.1,OPEN,91,-11.04,OPEN
KAJARIACER,2012-11,21.33,2012-12-03,115.5,94.0,140.14,2013-01-21,94.0,SL,49,-18.92,CLOSED
KAJARIACER,2013-04,9.74,2013-05-02,97.89,79.29,107.43,2013-05-30,107.43,TARGET,28,9.44,CLOSED
KAJARIACER,2013-12,24.91,2014-01-01,141.64,112.61,176.92,2014-04-16,176.92,TARGET,105,24.61,CLOSED
KAJARIACER,2014-04,28.19,2014-05-02,207.76,156.52,266.32,2014-05-22,266.32,TARGET,20,27.89,CLOSED
KAJARIACER,2014-07,18.9,2014-08-01,285.32,236.02,339.24,2015-01-21,339.24,TARGET,173,18.6,CLOSED
KAJARIACER,2015-09,16.13,2015-10-01,369.89,310.15,429.56,2015-11-20,429.56,TARGET,50,15.83,CLOSED
KAJARIACER,2016-03,10.73,2016-04-01,441.06,392.86,488.37,2016-04-26,488.37,TARGET,25,10.43,CLOSED
KAJARIACER,2016-07,5.29,2016-08-01,583.48,544.49,614.37,2016-09-07,614.37,TARGET,37,4.99,CLOSED
KAJARIACER,2017-12,0.73,2018-01-01,676.62,621.89,681.53,2018-01-01,681.53,TARGET,0,0.43,CLOSED
KAJARIACER,2020-11,13.79,2020-12-01,614.1,522.98,698.77,2021-01-11,698.77,TARGET,41,13.49,CLOSED
KAJARIACER,2021-05,5.78,2021-06-01,927.59,822.31,981.24,2021-06-11,981.24,TARGET,10,5.48,CLOSED
KAJARIACER,2021-12,13.04,2022-01-03,1246.55,1054.61,1409.15,2022-02-28,1054.61,SL,56,-15.7,CLOSED
KAJARIACER,2022-07,24.1,2022-08-01,1143.5,902.14,1419.03,2023-07-20,1419.03,TARGET,353,23.8,CLOSED
KAJARIACER,2023-11,6.58,2023-12-01,1318.62,1207.84,1405.38,2023-12-20,1405.38,TARGET,19,6.28,CLOSED
KPIL,2015-09,2.71,2015-10-01,238.19,196.97,244.64,2015-11-27,244.64,TARGET,57,2.41,CLOSED
KPIL,2018-02,12.93,2018-03-01,455.75,361.11,514.68,2018-06-05,361.11,SL,96,-21.06,CLOSED
KPIL,2020-11,28.29,2020-12-01,296.12,226.42,379.9,2021-03-03,379.9,TARGET,92,27.99,CLOSED
KPIL,2022-07,5.74,2022-08-01,358.14,334.73,378.71,2022-08-26,378.71,TARGET,25,5.44,CLOSED
KPIL,2023-02,2.85,2023-03-01,515.23,463.49,529.92,2023-03-01,529.92,TARGET,0,2.55,CLOSED
KPIL,2024-01,12.14,2024-02-01,781.87,679.11,876.79,2024-02-07,876.79,TARGET,6,11.84,CLOSED
KPIL,2025-12,0.23,2026-01-01,1209.31,1108.12,1212.03,2026-01-01,1212.03,TARGET,0,-0.07,CLOSED
KPIL,2026-02,8.4,2026-03-02,1185.4,1066.46,1284.98,2026-03-09,1066.46,SL,7,-10.33,CLOSED
KARURVYSYA,2006-10,5.66,2006-11-01,12.29,11.34,12.98,2006-11-01,12.98,TARGET,0,5.36,CLOSED
KARURVYSYA,2007-04,5.6,2007-05-03,14.13,12.22,14.93,2007-05-21,14.93,TARGET,18,5.3,CLOSED
KARURVYSYA,2007-06,7.6,2007-07-02,16.26,14.76,17.5,2007-07-04,17.5,TARGET,2,7.3,CLOSED
KARURVYSYA,2008-04,12.0,2008-05-02,19.8,17.44,22.17,2008-06-23,17.44,SL,52,-12.19,CLOSED
KARURVYSYA,2009-09,9.1,2009-10-01,20.87,17.8,22.77,2009-10-20,22.77,TARGET,19,8.8,CLOSED
KARURVYSYA,2010-12,7.2,2011-01-03,45.28,40.48,48.54,2011-03-11,40.48,SL,67,-10.91,CLOSED
KARURVYSYA,2011-10,5.29,2011-11-01,42.86,37.98,45.13,2011-11-24,37.98,SL,23,-11.69,CLOSED
KARURVYSYA,2012-06,3.88,2012-07-02,46.1,43.08,47.88,2012-09-11,43.08,SL,71,-6.84,CLOSED
KARURVYSYA,2012-12,19.77,2013-01-01,62.56,51.68,74.93,2013-03-04,51.68,SL,62,-17.7,CLOSED
KARURVYSYA,2013-04,3.95,2013-05-02,51.57,48.5,53.61,2013-05-16,53.61,TARGET,14,3.65,CLOSED
KARURVYSYA,2014-03,19.16,2014-04-01,42.95,35.72,51.18,2014-05-22,51.18,TARGET,51,18.86,CLOSED
KARURVYSYA,2014-10,2.84,2014-11-03,64.18,60.55,66.0,2014-12-03,66.0,TARGET,30,2.54,CLOSED
KARURVYSYA,2015-11,7.31,2015-12-01,55.14,50.09,59.17,2015-12-29,59.17,TARGET,28,7.01,CLOSED
KARURVYSYA,2015-12,8.52,2016-01-01,59.51,52.48,64.58,2016-01-18,52.48,SL,17,-12.11,CLOSED
KARURVYSYA,2016-03,12.27,2016-04-01,53.96,47.75,60.58,2016-04-05,60.58,TARGET,4,11.97,CLOSED
KARURVYSYA,2017-03,11.78,2017-04-03,70.3,60.3,78.58,2017-06-05,78.58,TARGET,63,11.48,CLOSED
KARURVYSYA,2018-04,8.41,2018-05-02,75.15,68.6,81.48,2018-05-10,68.6,SL,8,-9.03,CLOSED
KARURVYSYA,2018-12,12.66,2019-01-01,66.9,57.64,75.37,2019-02-14,52.91,SL,44,-21.2,CLOSED
KARURVYSYA,2022-10,27.61,2022-11-01,83.27,62.5,106.25,2023-07-03,106.25,TARGET,244,27.31,CLOSED
KARURVYSYA,2024-07,11.63,2024-08-01,186.25,154.87,207.92,2025-03-13,154.87,SL,224,-17.15,CLOSED
KARURVYSYA,2025-06,20.68,2025-07-01,219.74,181.5,265.18,2025-12-26,265.18,TARGET,178,20.38,CLOSED
KEC,2008-12,33.56,2009-01-02,29.18,18.25,38.97,2009-05-08,38.97,TARGET,126,33.26,CLOSED
KEC,2012-11,2.36,2012-12-03,56.4,51.74,57.73,2012-12-03,57.73,TARGET,0,2.06,CLOSED
KEC,2013-10,33.95,2013-11-01,33.14,24.48,44.39,2013-12-04,44.39,TARGET,33,33.65,CLOSED
KEC,2016-03,22.34,2016-04-01,117.74,91.79,144.04,2017-01-31,144.04,TARGET,305,22.04,CLOSED
KFINTECH,2023-08,16.16,2023-09-01,436.74,358.77,507.32,2023-11-09,507.32,TARGET,69,15.86,CLOSED
KIRLOSBROS,2006-11,8.05,2006-12-01,349.91,301.88,378.08,2007-02-07,301.88,SL,68,-14.03,CLOSED
KIRLOSBROS,2007-08,6.24,2007-09-03,383.48,334.62,407.39,2007-09-10,407.39,TARGET,7,5.94,CLOSED
KIRLOSBROS,2019-02,13.81,2019-03-01,149.5,126.42,170.14,2019-03-06,170.14,TARGET,5,13.51,CLOSED
KIRLOSBROS,2019-05,9.32,2019-06-03,172.77,136.98,188.87,2019-08-23,136.98,SL,81,-21.02,CLOSED
KIRLOSBROS,2021-09,4.49,2021-10-01,384.44,331.72,401.7,2021-10-01,401.7,TARGET,0,4.19,CLOSED
KIRLOSBROS,2022-07,10.47,2022-08-01,333.57,295.53,368.49,2022-08-10,295.53,SL,9,-11.7,CLOSED
KIRLOSBROS,2023-11,8.62,2023-12-01,979.15,795.29,1063.6,2024-03-05,1063.6,TARGET,95,8.32,CLOSED
KIRLOSBROS,2024-09,2.67,2024-10-01,1855.53,1565.98,1905.06,2024-10-31,1905.06,TARGET,30,2.37,CLOSED
KIRLOSBROS,2024-10,4.19,2024-11-01,1926.02,1592.44,2006.8,2024-11-05,2006.8,TARGET,4,3.89,CLOSED
KIRLOSENG,2012-03,2.74,2012-04-02,109.93,103.2,112.95,2012-04-03,112.95,TARGET,1,2.44,CLOSED
KIRLOSENG,2012-06,2.72,2012-07-02,118.12,112.18,121.34,2012-07-18,112.18,SL,16,-5.33,CLOSED
KIRLOSENG,2012-09,11.4,2012-10-01,132.44,114.4,147.54,2012-10-25,147.54,TARGET,24,11.1,CLOSED
KIRLOSENG,2017-07,2.19,2017-08-01,339.9,323.02,347.34,2017-08-21,323.02,SL,20,-5.27,CLOSED
KIRLOSENG,2026-05,13.53,2026-06-01,1926.13,1532.86,2186.77,2026-06-22,2195.36,TARGET,21,13.68,CLOSED
KOTAKBANK,2006-07,16.67,2006-08-01,13.95,11.25,16.27,2006-08-17,16.34,TARGET,16,16.88,CLOSED
KOTAKBANK,2007-03,12.83,2007-04-02,22.59,19.74,25.49,2007-04-17,25.49,TARGET,15,12.53,CLOSED
KOTAKBANK,2007-04,13.37,2007-05-03,27.01,21.7,30.62,2007-05-22,30.62,TARGET,19,13.07,CLOSED
KOTAKBANK,2007-06,17.74,2007-07-02,33.33,27.01,39.25,2007-08-07,39.25,TARGET,36,17.44,CLOSED
KOTAKBANK,2009-09,8.84,2009-10-01,38.16,31.2,41.54,2009-11-18,41.54,TARGET,48,8.54,CLOSED
KOTAKBANK,2011-05,2.64,2011-06-01,43.55,39.77,44.7,2011-06-27,44.7,TARGET,26,2.34,CLOSED
KOTAKBANK,2011-06,8.59,2011-07-01,47.68,42.1,51.78,2011-08-08,41.83,SL,38,-12.58,CLOSED
KOTAKBANK,2012-01,15.75,2012-02-01,49.22,41.32,56.97,2012-02-16,56.97,TARGET,15,15.45,CLOSED
KOTAKBANK,2012-06,5.11,2012-07-02,58.63,52.58,61.62,2012-07-27,52.58,SL,25,-10.62,CLOSED
KOTAKBANK,2012-09,13.0,2012-10-01,64.15,55.69,72.49,2012-10-05,55.69,SL,4,-13.49,CLOSED
KOTAKBANK,2012-11,11.05,2012-12-03,66.28,59.07,73.6,2013-05-15,73.6,TARGET,163,10.75,CLOSED
KOTAKBANK,2014-03,14.11,2014-04-01,77.39,65.9,88.3,2014-05-16,88.3,TARGET,45,13.81,CLOSED
KOTAKBANK,2014-10,10.38,2014-11-03,110.93,97.17,122.45,2014-11-21,122.45,TARGET,18,10.08,CLOSED
KOTAKBANK,2015-10,6.1,2015-11-02,136.47,126.45,144.8,2015-11-09,126.45,SL,7,-7.65,CLOSED
KOTAKBANK,2015-12,4.0,2016-01-01,142.82,131.12,148.54,2016-01-20,130.92,SL,19,-8.63,CLOSED
KOTAKBANK,2016-04,5.36,2016-05-02,141.67,130.03,149.27,2016-05-30,149.27,TARGET,28,5.06,CLOSED
KOTAKBANK,2016-08,5.68,2016-09-01,161.37,148.47,170.55,2016-11-24,148.47,SL,84,-8.3,CLOSED
KOTAKBANK,2017-07,6.96,2017-08-01,203.38,186.62,217.54,2017-10-16,217.54,TARGET,76,6.66,CLOSED
KOTAKBANK,2018-01,9.78,2018-02-01,219.49,197.13,240.95,2018-04-30,240.95,TARGET,88,9.48,CLOSED
KOTAKBANK,2018-04,15.59,2018-05-02,244.7,208.36,282.83,2018-10-01,208.36,SL,152,-15.15,CLOSED
KOTAKBANK,2018-11,10.26,2018-12-03,246.41,218.81,271.69,2019-04-10,271.69,TARGET,128,9.96,CLOSED
KOTAKBANK,2019-04,3.42,2019-05-02,277.01,261.72,286.47,2019-05-17,286.47,TARGET,15,3.12,CLOSED
KOTAKBANK,2021-05,3.37,2021-06-01,360.87,335.02,373.02,2021-07-26,335.02,SL,55,-7.46,CLOSED
KOTAKBANK,2023-04,11.84,2023-05-02,381.76,344.98,426.97,2023-09-28,344.98,SL,149,-9.94,CLOSED
KOTAKBANK,2023-12,8.7,2024-01-01,380.29,348.26,413.36,2024-02-08,348.26,SL,38,-8.72,CLOSED
KOTAKBANK,2025-11,1.06,2025-12-01,426.06,411.13,430.56,2025-12-01,430.56,TARGET,0,0.76,CLOSED
KOTAKBANK,2025-12,3.61,2026-01-01,441.24,421.05,457.17,2026-01-12,421.05,SL,11,-4.87,CLOSED
KOTAKBANK,2026-04,8.46,2026-05-01,382.64,344.9,415.01,2026-08-26,415.01,TARGET,117,8.16,CLOSED
KIMS,2022-07,4.85,2022-08-01,250.0,233.4,262.11,2022-09-21,262.11,TARGET,51,4.55,CLOSED
KIMS,2022-12,3.33,2023-01-02,309.0,278.0,319.29,2023-02-20,278.0,SL,49,-10.33,CLOSED
KIMS,2024-01,7.93,2024-02-01,427.2,380.65,461.07,2024-02-28,461.07,TARGET,27,7.63,CLOSED
KIMS,2025-05,4.17,2025-06-02,686.0,608.85,714.62,2025-07-10,714.62,TARGET,38,3.87,CLOSED
LTF,2013-10,27.83,2013-11-01,67.76,52.28,86.62,2014-04-30,52.28,SL,180,-23.15,CLOSED
LTF,2014-10,5.0,2014-11-03,57.66,52.71,60.54,2014-11-12,60.54,TARGET,9,4.7,CLOSED
LTF,2016-10,16.69,2016-11-01,91.21,76.12,106.44,2016-11-15,76.12,SL,14,-16.85,CLOSED
LTF,2017-07,21.28,2017-08-01,147.59,119.0,179.0,2017-09-18,179.0,TARGET,48,20.98,CLOSED
LTF,2018-11,12.88,2018-12-03,123.66,108.84,139.58,2019-01-28,108.84,SL,56,-12.29,CLOSED
LTF,2019-03,23.67,2019-04-01,130.43,106.07,161.31,2019-05-06,106.07,SL,35,-18.98,CLOSED
LTF,2021-05,7.64,2021-06-01,88.19,79.22,94.92,2021-06-15,94.92,TARGET,14,7.34,CLOSED
LTF,2023-04,12.8,2023-05-02,86.24,77.87,97.28,2023-05-24,97.28,TARGET,22,12.5,CLOSED
LTF,2023-05,12.53,2023-06-01,98.59,85.63,110.95,2023-06-15,110.95,TARGET,14,12.23,CLOSED
LTF,2023-06,22.61,2023-07-03,123.05,98.3,150.87,2023-12-06,150.87,TARGET,156,22.31,CLOSED
LTF,2023-12,11.33,2024-01-01,158.53,140.52,176.5,2024-03-14,140.52,SL,73,-11.66,CLOSED
LTF,2025-06,20.27,2025-07-01,205.39,168.72,247.02,2025-09-18,247.02,TARGET,79,19.97,CLOSED
LTF,2025-11,15.48,2025-12-01,310.55,267.15,358.61,2026-02-02,267.15,SL,63,-14.28,CLOSED
LTF,2026-06,8.43,2026-07-01,312.7,256.1,339.05,2026-09-30,265.0,OPEN,91,-15.55,OPEN
LTTS,2016-11,4.31,2016-12-01,766.98,666.42,800.02,2017-04-19,666.42,SL,139,-13.41,CLOSED
LTTS,2017-08,1.58,2017-09-01,693.9,650.15,704.86,2017-09-04,704.86,TARGET,3,1.28,CLOSED
LTTS,2018-08,21.08,2018-09-03,1610.72,1265.39,1950.32,2018-10-11,1265.39,SL,38,-21.74,CLOSED
LTTS,2022-03,12.65,2022-04-01,4830.9,4196.85,5441.95,2022-04-18,4196.85,SL,17,-13.42,CLOSED
LTTS,2023-11,13.91,2023-12-01,4637.95,4014.91,5282.96,2024-01-12,5282.96,TARGET,42,13.61,CLOSED
LTTS,2024-01,6.26,2024-02-01,5391.67,4890.19,5729.23,2024-04-26,4735.59,SL,85,-12.47,CLOSED
LTTS,2024-07,6.25,2024-08-01,5117.53,4599.42,5437.46,2024-08-28,5437.46,TARGET,27,5.95,CLOSED
LTTS,2025-11,7.81,2025-12-01,4439.93,3977.25,4786.61,2026-01-16,3977.25,SL,46,-10.72,CLOSED
LGEINDIA,2026-02,8.64,2026-03-02,1501.0,1392.0,1630.72,2026-04-01,1392.0,SL,30,-7.56,CLOSED
LICHSGFIN,2006-09,2.8,2006-10-03,23.65,21.09,24.32,2006-10-06,24.32,TARGET,3,2.5,CLOSED
LICHSGFIN,2006-10,10.54,2006-11-01,24.95,22.68,27.58,2006-12-11,22.68,SL,40,-9.39,CLOSED
LICHSGFIN,2007-06,24.52,2007-07-02,30.24,23.35,37.65,2007-10-23,37.65,TARGET,113,24.22,CLOSED
LICHSGFIN,2011-06,5.35,2011-07-01,189.44,165.06,199.57,2011-07-28,164.28,SL,27,-13.58,CLOSED
LICHSGFIN,2012-06,13.9,2012-07-02,212.32,179.77,241.84,2013-03-05,179.29,SL,246,-15.86,CLOSED
LICHSGFIN,2013-10,19.47,2013-11-01,182.38,152.22,217.89,2014-02-04,152.22,SL,95,-16.83,CLOSED
LICHSGFIN,2014-10,11.23,2014-11-03,299.67,250.07,333.32,2014-11-12,333.32,TARGET,9,10.93,CLOSED
LICHSGFIN,2015-02,3.5,2015-03-02,399.28,365.53,413.26,2015-03-04,414.92,TARGET,2,3.62,CLOSED
LICHSGFIN,2015-09,6.22,2015-10-01,394.83,331.99,419.38,2015-10-28,419.38,TARGET,27,5.92,CLOSED
LICHSGFIN,2015-12,5.24,2016-01-01,423.92,372.84,446.14,2016-02-02,372.84,SL,32,-12.35,CLOSED
LICHSGFIN,2016-03,16.9,2016-04-01,406.63,352.02,475.36,2016-08-25,475.36,TARGET,146,16.6,CLOSED
LICHSGFIN,2017-05,9.75,2017-06-01,616.47,556.87,676.56,2017-08-10,556.87,SL,70,-9.97,CLOSED
LICHSGFIN,2019-02,5.94,2019-03-01,408.96,373.95,433.25,2019-03-11,433.25,TARGET,10,5.64,CLOSED
LICHSGFIN,2019-10,9.49,2019-11-01,361.73,308.43,396.06,2019-11-07,396.06,TARGET,6,9.19,CLOSED
LICHSGFIN,2022-07,17.96,2022-08-01,351.59,292.14,414.74,2023-08-07,414.74,TARGET,371,17.66,CLOSED
LICHSGFIN,2023-11,6.96,2023-12-01,469.24,419.23,501.89,2023-12-08,501.89,TARGET,7,6.66,CLOSED
LICHSGFIN,2024-01,16.69,2024-02-01,594.49,511.73,693.73,2024-06-14,693.73,TARGET,134,16.39,CLOSED
LICHSGFIN,2024-11,1.23,2024-12-02,615.58,578.35,623.14,2024-12-06,623.14,TARGET,4,0.93,CLOSED
LICHSGFIN,2026-08,4.99,2026-09-01,538.4,485.45,565.27,2026-09-04,565.27,TARGET,3,4.69,CLOSED
LTFOODS,2024-08,29.75,2024-09-02,377.39,284.43,489.67,2025-06-27,489.67,TARGET,298,29.45,CLOSED
LTM,2016-11,0.53,2016-12-01,560.02,515.91,563.01,2016-12-01,563.01,TARGET,0,0.23,CLOSED
LTM,2016-12,5.63,2017-01-02,586.98,552.2,620.03,2017-02-21,620.03,TARGET,50,5.33,CLOSED
LTM,2017-02,6.38,2017-03-01,617.37,570.72,656.75,2017-05-12,656.75,TARGET,72,6.08,CLOSED
LTM,2017-05,12.84,2017-06-01,696.03,613.07,785.4,2017-11-09,785.4,TARGET,161,12.54,CLOSED
LTM,2017-12,10.41,2018-01-01,985.59,852.06,1088.2,2018-01-02,1088.2,TARGET,1,10.11,CLOSED
LTM,2018-07,12.06,2018-08-01,1657.5,1453.05,1857.33,2018-10-25,1453.05,SL,85,-12.63,CLOSED
LTM,2019-10,14.81,2019-11-01,1565.63,1331.39,1797.47,2020-01-15,1797.47,TARGET,75,14.51,CLOSED
LTM,2021-07,16.02,2021-08-02,4441.7,3714.49,5153.2,2021-09-03,5153.2,TARGET,32,15.72,CLOSED
LTM,2021-12,7.67,2022-01-03,6896.36,6075.06,7425.31,2022-01-21,6075.06,SL,18,-12.21,CLOSED
LTM,2023-06,3.98,2023-07-03,4970.13,4542.26,5167.81,2023-09-05,5167.81,TARGET,64,3.68,CLOSED
LTM,2023-12,13.69,2024-01-01,6070.7,5248.16,6902.08,2024-01-18,5248.16,SL,17,-13.85,CLOSED
LTM,2024-08,8.8,2024-09-02,5924.08,5103.77,6445.38,2024-12-10,6445.38,TARGET,99,8.5,CLOSED
LTM,2025-11,7.25,2025-12-01,6041.04,5435.65,6478.88,2026-02-06,5435.65,SL,67,-10.32,CLOSED
LT,2005-12,9.49,2006-01-02,158.37,142.54,173.41,2006-01-25,173.41,TARGET,23,9.19,CLOSED
LT,2007-03,9.49,2007-04-02,276.72,237.67,302.97,2007-05-03,302.97,TARGET,31,9.19,CLOSED
LT,2007-06,9.36,2007-07-02,388.1,323.71,424.42,2007-07-13,424.42,TARGET,11,9.06,CLOSED
LT,2009-09,7.77,2009-10-01,596.66,531.54,643.0,2009-11-05,531.54,SL,35,-11.21,CLOSED
LT,2011-06,11.05,2011-07-01,658.19,580.49,730.89,2011-08-05,576.34,SL,35,-12.74,CLOSED
LT,2012-06,19.21,2012-07-02,503.18,397.32,599.82,2012-10-11,599.82,TARGET,101,18.91,CLOSED
LT,2013-11,7.42,2013-12-02,576.89,504.97,619.7,2013-12-09,622.29,TARGET,7,7.57,CLOSED
LT,2014-02,12.55,2014-03-03,609.3,534.31,685.78,2014-03-10,685.78,TARGET,7,12.25,CLOSED
LT,2014-10,13.52,2014-11-03,928.48,783.14,1054.03,2015-03-04,1054.03,TARGET,121,13.22,CLOSED
LT,2015-05,1.42,2015-06-01,935.74,862.85,949.02,2015-06-01,949.02,TARGET,0,1.12,CLOSED
LT,2018-04,6.87,2018-05-02,1247.59,1133.55,1333.24,2018-06-21,1133.55,SL,50,-9.44,CLOSED
LT,2018-08,6.51,2018-09-03,1223.48,1090.9,1303.09,2018-10-01,1090.9,SL,28,-11.14,CLOSED
LT,2018-10,2.0,2018-11-01,1190.07,1052.19,1213.83,2018-11-01,1213.83,TARGET,0,1.7,CLOSED
LT,2018-11,10.4,2018-12-03,1276.91,1175.96,1409.77,2019-01-18,1175.96,SL,46,-8.21,CLOSED
LT,2020-01,5.48,2020-02-03,1162.69,1156.7,1226.37,2020-02-03,1156.7,SL,0,-0.82,CLOSED
LT,2020-05,3.87,2020-06-01,863.35,723.56,896.73,2020-06-08,896.73,TARGET,7,3.57,CLOSED
LT,2021-08,4.42,2021-09-01,1589.31,1485.24,1659.52,2021-09-23,1659.52,TARGET,22,4.12,CLOSED
LT,2021-12,7.43,2022-01-03,1801.01,1674.65,1934.85,2022-01-14,1934.85,TARGET,11,7.13,CLOSED
LT,2022-10,9.49,2022-11-01,1955.95,1746.1,2141.62,2023-01-18,2141.62,TARGET,78,9.19,CLOSED
LT,2023-04,9.25,2023-05-02,2284.37,2074.34,2495.69,2023-07-21,2495.69,TARGET,80,8.95,CLOSED
LT,2023-07,8.31,2023-08-01,2580.99,2329.42,2795.56,2023-09-08,2811.54,TARGET,38,8.63,CLOSED
LT,2023-11,6.15,2023-12-01,3047.08,2795.03,3234.49,2023-12-04,3234.49,TARGET,3,5.85,CLOSED
LT,2023-12,13.41,2024-01-01,3444.33,3038.42,3906.05,2025-04-07,2991.66,SL,462,-13.44,CLOSED
LT,2025-05,10.0,2025-06-02,3605.92,3222.28,3966.51,2025-10-29,3966.51,TARGET,149,9.7,CLOSED
LT,2025-10,10.16,2025-11-03,3991.02,3580.03,4396.66,2026-02-24,4396.66,TARGET,113,9.86,CLOSED
LAURUSLABS,2019-03,21.55,2019-04-01,78.25,64.41,95.11,2019-06-13,64.41,SL,73,-17.99,CLOSED
LAURUSLABS,2019-09,13.87,2019-10-01,72.22,62.49,82.24,2019-10-11,62.49,SL,10,-13.78,CLOSED
LAURUSLABS,2021-05,15.87,2021-06-01,517.89,448.5,600.08,2021-06-08,600.08,TARGET,7,15.57,CLOSED
LAURUSLABS,2023-11,5.4,2023-12-01,381.11,354.5,401.68,2023-12-22,401.68,TARGET,21,5.1,CLOSED
LAURUSLABS,2024-08,1.35,2024-09-02,468.52,416.03,474.83,2024-09-04,474.83,TARGET,2,1.05,CLOSED
LAURUSLABS,2024-10,5.96,2024-11-01,491.23,425.34,520.53,2024-11-25,520.53,TARGET,24,5.66,CLOSED
LAURUSLABS,2024-11,15.54,2024-12-02,562.21,472.54,649.6,2025-04-22,649.6,TARGET,141,15.24,CLOSED
LAURUSLABS,2025-06,18.91,2025-07-01,728.67,605.1,866.43,2025-07-28,866.43,TARGET,27,18.61,CLOSED
LAURUSLABS,2025-11,8.15,2025-12-01,1033.97,954.75,1118.21,2026-01-06,1132.87,TARGET,36,9.27,CLOSED
LAURUSLABS,2026-06,11.41,2026-07-01,1525.0,1342.9,1699.0,2026-07-27,1699.0,TARGET,26,11.11,CLOSED
LAURUSLABS,2026-07,19.69,2026-08-03,1821.0,1448.2,2179.58,2026-09-30,1980.0,OPEN,58,8.43,OPEN
LICI,2023-07,1.7,2023-08-01,307.64,292.03,312.88,2023-08-02,312.88,TARGET,1,1.4,CLOSED
LICI,2024-11,6.77,2024-12-02,474.92,420.44,507.05,2025-01-07,420.44,SL,36,-11.77,CLOSED
LICI,2025-05,19.94,2025-06-02,459.98,366.44,551.71,2026-03-23,366.44,SL,294,-20.64,CLOSED
LINDEINDIA,2014-03,8.89,2014-04-01,304.45,262.29,331.52,2014-05-30,331.52,TARGET,59,8.59,CLOSED
LINDEINDIA,2014-10,9.75,2014-11-03,404.59,359.58,444.05,2014-11-14,444.05,TARGET,11,9.45,CLOSED
LINDEINDIA,2016-05,5.96,2016-06-01,273.11,244.35,289.39,2016-06-07,289.39,TARGET,6,5.66,CLOSED
LINDEINDIA,2021-02,72.07,2021-03-01,1576.94,873.29,2713.52,2021-08-26,2713.52,TARGET,178,71.77,CLOSED
LINDEINDIA,2022-03,37.63,2022-04-01,3738.9,2473.36,5145.85,2023-08-07,5145.85,TARGET,493,37.33,CLOSED
LINDEINDIA,2023-08,25.99,2023-09-01,6253.39,4784.33,7878.64,2024-04-24,7878.64,TARGET,236,25.69,CLOSED
LLOYDSME,2024-04,23.29,2024-05-02,743.02,595.76,916.06,2024-06-04,595.76,SL,33,-20.12,CLOSED
LLOYDSME,2024-12,18.5,2025-01-01,1236.64,1040.1,1465.46,2025-01-10,1465.46,TARGET,9,18.2,CLOSED
LLOYDSME,2025-06,14.05,2025-07-01,1597.05,1329.21,1821.51,2025-08-26,1329.21,SL,56,-17.07,CLOSED
LODHA,2023-07,11.7,2023-08-01,752.51,651.82,840.57,2023-08-25,651.82,SL,24,-13.68,CLOSED
LODHA,2023-12,16.09,2024-01-01,1006.36,869.78,1168.26,2024-01-05,1168.26,TARGET,4,15.79,CLOSED
LUPIN,2006-11,3.31,2006-12-01,91.85,84.42,94.89,2006-12-01,94.89,TARGET,0,3.01,CLOSED
LUPIN,2008-12,5.46,2009-01-02,114.45,94.96,120.7,2009-01-02,120.7,TARGET,0,5.16,CLOSED
LUPIN,2009-03,5.43,2009-04-01,122.48,101.04,129.13,2009-04-16,129.13,TARGET,15,5.13,CLOSED
LUPIN,2010-05,9.02,2010-06-01,336.92,307.73,367.3,2010-09-23,367.3,TARGET,114,8.72,CLOSED
LUPIN,2011-05,6.59,2011-06-01,433.52,370.92,462.09,2012-02-15,462.09,TARGET,259,6.29,CLOSED
LUPIN,2012-07,12.52,2012-08-01,560.13,488.97,630.26,2012-10-05,488.97,SL,65,-13.0,CLOSED
LUPIN,2012-11,4.33,2012-12-03,549.04,514.93,572.84,2012-12-19,572.84,TARGET,16,4.03,CLOSED
LUPIN,2013-04,11.78,2013-05-02,647.11,559.67,723.35,2013-05-15,723.35,TARGET,13,11.48,CLOSED
LUPIN,2014-02,13.25,2014-03-03,929.87,819.08,1053.06,2014-07-25,1053.06,TARGET,144,12.95,CLOSED
LUPIN,2014-11,8.14,2014-12-01,1383.19,1266.96,1495.74,2014-12-17,1266.96,SL,16,-8.7,CLOSED
LUPIN,2015-01,11.02,2015-02-02,1482.74,1275.65,1646.13,2015-03-02,1646.13,TARGET,28,10.72,CLOSED
LUPIN,2015-06,2.88,2015-07-01,1768.64,1564.96,1819.58,2015-07-15,1819.58,TARGET,14,2.58,CLOSED
LUPIN,2015-08,14.08,2015-09-01,1791.63,1532.83,2043.85,2016-02-04,1532.83,SL,156,-14.75,CLOSED
LUPIN,2016-04,8.65,2016-05-02,1515.85,1346.07,1647.02,2016-06-06,1346.07,SL,35,-11.5,CLOSED
LUPIN,2016-07,13.5,2016-08-01,1642.22,1446.49,1863.92,2016-08-23,1446.25,SL,22,-12.23,CLOSED
LUPIN,2018-08,12.99,2018-09-03,893.66,764.36,1009.71,2019-02-14,756.77,SL,164,-15.62,CLOSED
LUPIN,2019-10,4.11,2019-11-01,724.17,620.73,753.92,2019-11-06,753.92,TARGET,5,3.81,CLOSED
LUPIN,2020-07,1.62,2020-08-03,884.53,795.63,898.84,2020-08-03,898.84,TARGET,0,1.32,CLOSED
LUPIN,2022-09,1.61,2022-10-03,664.15,609.38,674.82,2022-10-03,674.82,TARGET,0,1.31,CLOSED
LUPIN,2022-11,9.6,2022-12-01,750.77,673.01,822.84,2023-02-13,673.01,SL,74,-10.66,CLOSED
LUPIN,2023-04,9.42,2023-05-02,693.45,629.92,758.79,2023-05-12,758.79,TARGET,10,9.12,CLOSED
LUPIN,2023-06,12.21,2023-07-03,881.4,787.2,989.04,2023-08-03,989.04,TARGET,31,11.91,CLOSED
LUPIN,2023-11,13.54,2023-12-01,1258.3,1108.1,1428.67,2024-01-23,1428.67,TARGET,53,13.24,CLOSED
LUPIN,2024-01,13.79,2024-02-01,1487.29,1285.56,1692.35,2024-05-22,1692.35,TARGET,111,13.49,CLOSED
LUPIN,2024-07,18.43,2024-08-01,1885.52,1570.05,2233.1,2024-09-02,2233.1,TARGET,32,18.13,CLOSED
LUPIN,2024-12,14.87,2025-01-01,2322.61,2010.82,2667.98,2025-01-28,2010.82,SL,27,-13.72,CLOSED
LUPIN,2025-11,6.05,2025-12-01,2079.82,1930.11,2205.55,2026-01-07,2205.55,TARGET,37,5.75,CLOSED
LUPIN,2026-06,6.67,2026-07-01,2410.52,2203.82,2571.35,2026-08-19,2203.82,SL,49,-8.87,CLOSED
MMTC,2023-07,20.6,2023-08-01,38.15,31.3,46.01,2023-09-04,46.01,TARGET,34,20.3,CLOSED
MRF,2007-10,116.83,2007-11-01,7834.91,3451.83,16988.43,2008-03-17,3451.83,SL,137,-56.24,CLOSED
MRF,2012-01,13.55,2012-02-01,7732.79,6699.9,8780.9,2012-02-10,8780.9,TARGET,9,13.25,CLOSED
MRF,2012-04,15.55,2012-05-02,11261.82,9678.21,13012.94,2012-05-07,9678.21,SL,5,-14.36,CLOSED
MRF,2012-11,7.7,2012-12-03,10662.97,9556.72,11484.41,2012-12-05,11484.41,TARGET,2,7.4,CLOSED
MRF,2012-12,17.14,2013-01-01,12644.74,10565.16,14811.46,2013-05-15,14811.46,TARGET,134,16.84,CLOSED
MRF,2014-09,36.0,2014-10-01,32042.0,23631.41,43576.93,2015-08-04,43576.93,TARGET,307,35.7,CLOSED
MRF,2015-09,3.82,2015-10-01,41268.83,37033.17,42846.09,2016-01-15,37033.17,SL,106,-10.56,CLOSED
MRF,2017-03,17.59,2017-04-03,60052.27,50346.64,70617.32,2017-06-08,70617.32,TARGET,66,17.29,CLOSED
MRF,2018-02,7.75,2018-03-01,72390.51,63124.31,78003.53,2018-04-17,78003.53,TARGET,47,7.45,CLOSED
MRF,2018-10,1.42,2018-11-01,63662.0,58827.98,64562.9,2018-11-02,64562.9,TARGET,1,1.12,CLOSED
MRF,2019-10,3.76,2019-11-01,65206.33,59567.64,67660.59,2020-01-17,67660.59,TARGET,77,3.46,CLOSED
MRF,2020-06,13.81,2020-07-01,66012.62,58665.85,75126.59,2020-08-20,58665.85,SL,50,-11.43,CLOSED
MRF,2020-09,2.9,2020-10-01,58961.41,54735.04,60669.07,2020-10-21,60669.07,TARGET,20,2.6,CLOSED
MRF,2021-05,3.62,2021-06-01,82795.0,75179.65,85790.95,2021-06-07,85790.95,TARGET,6,3.32,CLOSED
MRF,2022-04,11.85,2022-05-02,71402.57,64559.76,79865.73,2022-07-18,79865.73,TARGET,77,11.55,CLOSED
MRF,2022-07,18.6,2022-08-01,83452.93,69716.67,98974.16,2023-05-08,98974.16,TARGET,280,18.3,CLOSED
MRF,2023-06,4.16,2023-07-03,100421.55,95448.36,104604.04,2023-08-03,104604.04,TARGET,31,3.86,CLOSED
MRF,2023-12,16.02,2024-01-01,128950.53,110326.21,149613.77,2024-02-21,149613.77,TARGET,51,15.72,CLOSED
MRF,2024-07,10.03,2024-08-01,141983.92,125624.65,156232.0,2024-10-23,125624.65,SL,83,-11.82,CLOSED
MRF,2024-11,2.23,2024-12-02,124683.71,117007.49,127461.77,2024-12-05,127461.77,TARGET,3,1.93,CLOSED
MRF,2025-04,19.37,2025-05-02,134355.11,107644.56,160381.57,2025-10-20,160381.57,TARGET,171,19.07,CLOSED
MTARTECH,2023-01,7.42,2023-02-01,1770.0,1586.4,1901.37,2023-03-27,1586.4,SL,54,-10.67,CLOSED
MTARTECH,2023-04,14.62,2023-05-02,1830.0,1586.35,2097.58,2023-07-12,2097.58,TARGET,71,14.32,CLOSED
MTARTECH,2025-10,37.63,2025-11-03,2529.0,1835.0,3480.69,2026-02-10,3480.69,TARGET,99,37.33,CLOSED
MGL,2018-02,2.98,2018-03-01,840.72,731.28,865.76,2018-04-11,731.28,SL,41,-13.32,CLOSED
MGL,2018-12,8.66,2019-01-01,739.87,681.8,803.96,2019-03-19,803.96,TARGET,77,8.36,CLOSED
MGL,2019-03,15.65,2019-04-01,867.68,717.75,1003.46,2019-05-13,717.75,SL,42,-17.58,CLOSED
MGL,2019-10,11.85,2019-11-01,850.13,725.46,950.88,2020-01-16,950.88,TARGET,76,11.55,CLOSED
MGL,2020-11,30.56,2020-12-01,919.94,699.62,1201.04,2022-02-09,699.62,SL,435,-24.25,CLOSED
MGL,2024-01,23.22,2024-02-01,1388.4,1092.48,1710.79,2024-07-02,1710.79,TARGET,152,22.92,CLOSED
MGL,2025-01,7.43,2025-02-01,1304.28,1156.75,1401.2,2025-03-04,1156.75,SL,31,-11.61,CLOSED
M&MFIN,2006-07,10.86,2006-08-01,18.33,16.16,20.32,2006-08-11,20.32,TARGET,10,10.56,CLOSED
M&MFIN,2012-06,1.6,2012-07-02,64.27,56.05,65.29,2012-07-04,65.29,TARGET,2,1.3,CLOSED
M&MFIN,2012-07,12.27,2012-08-01,71.8,61.95,80.61,2012-08-13,80.61,TARGET,12,11.97,CLOSED
M&MFIN,2014-10,7.36,2014-11-03,152.64,138.67,163.88,2014-11-12,163.88,TARGET,9,7.06,CLOSED
M&MFIN,2017-05,6.44,2017-06-01,189.49,153.9,201.69,2017-06-02,201.69,TARGET,1,6.14,CLOSED
M&MFIN,2018-11,9.84,2018-12-03,245.06,220.15,269.17,2018-12-06,220.15,SL,3,-10.46,CLOSED
M&MFIN,2021-08,5.78,2021-09-01,143.5,125.04,151.79,2021-09-06,154.33,TARGET,5,7.25,CLOSED
M&MFIN,2022-08,10.12,2022-09-01,187.27,169.83,206.23,2022-09-09,206.23,TARGET,8,9.82,CLOSED
M&MFIN,2025-01,7.55,2025-02-01,271.97,246.21,292.5,2025-04-07,227.07,SL,65,-16.81,CLOSED
M&MFIN,2025-11,17.84,2025-12-01,367.14,297.02,432.64,2026-03-23,297.02,SL,112,-19.4,CLOSED
M&M,2006-01,9.15,2006-02-01,108.71,97.5,118.65,2006-02-14,118.65,TARGET,13,8.85,CLOSED
M&M,2006-09,5.24,2006-10-03,134.83,119.88,141.89,2006-10-26,141.89,TARGET,23,4.94,CLOSED
M&M,2006-12,10.63,2007-01-02,179.7,146.66,198.81,2007-03-05,146.6,SL,62,-18.72,CLOSED
M&M,2007-12,18.15,2008-01-01,172.41,145.86,203.7,2008-01-16,145.86,SL,15,-15.7,CLOSED
M&M,2010-05,8.85,2010-06-01,237.5,208.68,258.51,2010-06-16,258.51,TARGET,15,8.55,CLOSED
M&M,2010-07,7.08,2010-08-02,281.68,248.54,301.62,2010-09-28,301.62,TARGET,57,6.78,CLOSED
M&M,2011-06,4.43,2011-07-01,300.13,260.03,313.44,2011-07-25,313.44,TARGET,24,4.13,CLOSED
M&M,2011-08,2.41,2011-09-02,320.52,271.07,328.26,2011-09-02,328.26,TARGET,0,2.11,CLOSED
M&M,2012-06,8.37,2012-07-02,303.81,272.64,329.25,2012-08-16,329.25,TARGET,45,8.07,CLOSED
M&M,2012-09,13.31,2012-10-01,376.68,323.64,426.8,2013-05-15,426.8,TARGET,226,13.01,CLOSED
M&M,2014-02,9.47,2014-03-03,430.33,374.54,471.08,2014-04-25,471.08,TARGET,53,9.17,CLOSED
M&M,2014-11,1.34,2014-12-01,593.86,547.04,601.83,2014-12-16,547.04,SL,15,-8.18,CLOSED
M&M,2015-02,1.22,2015-03-02,579.6,493.18,586.66,2015-06-19,586.66,TARGET,109,0.92,CLOSED
M&M,2015-11,15.37,2015-12-01,618.89,542.11,714.0,2015-12-17,542.11,SL,16,-12.71,CLOSED
M&M,2016-06,8.14,2016-07-01,647.35,594.04,700.05,2016-10-25,594.04,SL,116,-8.53,CLOSED
M&M,2018-04,18.19,2018-05-02,808.83,677.97,955.95,2018-10-11,677.97,SL,162,-16.48,CLOSED
M&M,2022-03,1.99,2022-04-01,774.27,640.75,789.64,2022-04-01,789.64,TARGET,0,1.69,CLOSED
M&M,2022-05,12.17,2022-06-01,988.12,815.03,1108.41,2022-07-08,1131.28,TARGET,37,14.19,CLOSED
M&M,2022-08,12.39,2022-09-01,1234.53,1142.18,1387.46,2023-03-13,1142.18,SL,193,-7.78,CLOSED
M&M,2023-04,5.89,2023-05-02,1186.31,1107.51,1256.13,2023-05-29,1274.56,TARGET,27,7.14,CLOSED
M&M,2023-06,10.2,2023-07-03,1417.78,1266.17,1562.46,2023-09-01,1562.46,TARGET,60,9.9,CLOSED
M&M,2023-11,12.97,2023-12-01,1613.91,1413.15,1823.2,2024-02-21,1823.2,TARGET,82,12.67,CLOSED
M&M,2024-04,12.23,2024-05-02,2110.07,1843.72,2368.16,2024-05-17,2368.16,TARGET,15,11.93,CLOSED
M&M,2025-11,7.75,2025-12-01,3750.61,3474.51,4041.12,2026-01-27,3401.48,SL,57,-9.61,CLOSED
MANAPPURAM,2011-10,13.43,2011-11-01,34.13,28.94,38.71,2011-11-24,28.94,SL,23,-15.5,CLOSED
MANAPPURAM,2012-01,23.64,2012-02-01,32.89,26.07,40.67,2012-02-07,26.07,SL,6,-21.03,CLOSED
MANAPPURAM,2016-06,28.52,2016-07-01,57.51,43.07,73.91,2016-08-02,73.91,TARGET,32,28.22,CLOSED
MANAPPURAM,2018-10,10.36,2018-11-01,69.78,57.4,77.01,2018-12-12,77.01,TARGET,41,10.06,CLOSED
MANAPPURAM,2019-03,11.63,2019-04-01,109.81,97.76,122.59,2019-06-04,122.59,TARGET,64,11.33,CLOSED
MANAPPURAM,2019-10,19.94,2019-11-01,150.28,116.56,180.24,2020-03-12,116.56,SL,132,-22.74,CLOSED
MANAPPURAM,2020-04,41.58,2020-05-04,113.45,80.66,160.62,2020-07-23,160.62,TARGET,80,41.28,CLOSED
MANAPPURAM,2020-11,16.16,2020-12-01,160.94,137.57,186.94,2021-01-27,137.57,SL,57,-14.82,CLOSED
MANAPPURAM,2022-10,8.06,2022-11-01,98.0,88.54,105.89,2022-11-14,105.89,TARGET,13,7.76,CLOSED
MANAPPURAM,2023-03,20.45,2023-04-03,117.88,97.1,141.99,2023-05-05,97.1,SL,32,-17.93,CLOSED
MANAPPURAM,2023-06,20.05,2023-07-03,126.48,104.13,151.84,2023-11-16,151.84,TARGET,136,19.75,CLOSED
MRPL,2011-03,13.36,2011-04-01,53.0,45.38,60.08,2011-04-18,60.08,TARGET,17,13.06,CLOSED
MRPL,2015-01,25.5,2015-02-02,48.79,38.34,61.23,2015-04-06,61.23,TARGET,63,25.2,CLOSED
MANKIND,2024-08,22.66,2024-09-02,2520.01,1900.3,3091.14,2026-09-30,2503.8,OPEN,758,-0.94,OPEN
MARICO,2005-12,17.9,2006-01-02,14.51,11.49,17.11,2006-01-27,17.11,TARGET,25,17.6,CLOSED
MARICO,2006-10,1.63,2006-11-01,20.9,19.75,21.25,2006-11-17,19.75,SL,16,-5.83,CLOSED
MARICO,2011-03,17.14,2011-04-01,56.73,48.57,66.45,2011-07-08,66.45,TARGET,98,16.84,CLOSED
MARICO,2012-06,4.85,2012-07-02,75.76,67.75,79.43,2012-07-25,79.43,TARGET,23,4.55,CLOSED
MARICO,2012-08,1.99,2012-09-03,81.94,75.2,83.57,2012-09-03,83.57,TARGET,0,1.69,CLOSED
MARICO,2013-11,3.25,2013-12-02,90.42,84.41,93.36,2013-12-20,93.36,TARGET,18,2.95,CLOSED
MARICO,2014-07,4.75,2014-08-01,106.88,98.68,111.96,2014-08-01,111.96,TARGET,0,4.45,CLOSED
MARICO,2016-12,3.09,2017-01-02,226.08,207.0,233.06,2017-02-07,233.06,TARGET,36,2.79,CLOSED
MARICO,2017-02,10.12,2017-03-01,246.15,219.6,271.05,2017-04-25,271.05,TARGET,55,9.82,CLOSED
MARICO,2017-07,6.47,2017-08-01,293.19,274.0,312.17,2017-08-16,274.0,SL,15,-6.84,CLOSED
MARICO,2017-12,5.39,2018-01-01,284.09,258.15,299.41,2018-02-06,254.58,SL,36,-10.69,CLOSED
MARICO,2018-04,1.99,2018-05-02,295.73,278.14,301.62,2018-05-02,278.14,SL,0,-6.25,CLOSED
MARICO,2019-05,3.49,2019-06-03,336.66,303.85,348.41,2019-08-09,348.41,TARGET,67,3.19,CLOSED
MARICO,2020-06,2.36,2020-07-01,326.28,289.51,333.96,2020-07-28,333.96,TARGET,27,2.06,CLOSED
MARICO,2021-03,4.63,2021-04-01,385.42,355.25,403.27,2021-05-03,403.27,TARGET,32,4.33,CLOSED
MARICO,2023-04,3.46,2023-05-02,477.4,445.44,493.91,2023-05-08,493.91,TARGET,6,3.16,CLOSED
MARICO,2023-11,0.96,2023-12-01,522.79,499.6,527.8,2023-12-06,527.8,TARGET,5,0.66,CLOSED
MARICO,2023-12,1.83,2024-01-01,532.47,504.25,542.21,2024-01-08,504.25,SL,7,-5.6,CLOSED
MARICO,2025-12,4.63,2026-01-01,751.56,704.03,786.34,2026-02-18,786.34,TARGET,48,4.33,CLOSED
MARICO,2026-06,1.77,2026-07-01,832.44,791.23,847.18,2026-07-01,847.18,TARGET,0,1.47,CLOSED
MARUTI,2005-05,14.53,2005-06-01,397.34,335.1,455.08,2005-09-14,455.08,TARGET,105,14.23,CLOSED
MARUTI,2006-08,9.79,2006-09-01,739.58,650.73,811.97,2006-09-08,811.97,TARGET,7,9.49,CLOSED
MARUTI,2006-09,13.93,2006-10-03,844.54,697.4,962.14,2007-03-05,697.4,SL,153,-17.72,CLOSED
MARUTI,2007-08,3.35,2007-09-03,758.35,614.85,783.73,2007-09-19,783.73,TARGET,16,3.05,CLOSED
MARUTI,2010-06,15.11,2010-07-01,1244.71,1075.82,1432.79,2010-07-26,1075.82,SL,25,-13.87,CLOSED
MARUTI,2010-08,5.42,2010-09-01,1108.21,1050.61,1168.3,2010-09-08,1168.3,TARGET,7,5.12,CLOSED
MARUTI,2012-06,6.32,2012-07-02,1042.96,928.94,1108.84,2012-09-14,1108.84,TARGET,74,6.02,CLOSED
MARUTI,2012-10,6.46,2012-11-01,1279.98,1121.83,1362.71,2012-12-07,1362.71,TARGET,36,6.16,CLOSED
MARUTI,2014-03,24.09,2014-04-01,1767.88,1386.75,2193.72,2014-05-26,2193.72,TARGET,55,23.79,CLOSED
MARUTI,2014-10,8.96,2014-11-03,2992.23,2607.64,3260.3,2015-01-15,3260.3,TARGET,73,8.66,CLOSED
MARUTI,2015-07,7.66,2015-08-03,3935.72,3510.7,4237.11,2015-09-29,4237.11,TARGET,57,7.36,CLOSED
MARUTI,2016-05,9.67,2016-06-01,3770.1,3391.25,4134.67,2016-07-26,4135.7,TARGET,55,9.4,CLOSED
MARUTI,2016-08,6.96,2016-09-01,4618.53,4313.87,4940.05,2016-09-08,4940.05,TARGET,7,6.66,CLOSED
MARUTI,2017-01,10.8,2017-02-01,5370.39,4794.94,5950.58,2017-04-28,5950.58,TARGET,86,10.5,CLOSED
MARUTI,2017-04,8.46,2017-05-02,6076.73,5480.53,6591.05,2017-05-31,6591.05,TARGET,29,8.16,CLOSED
MARUTI,2017-05,10.52,2017-06-01,6591.92,6009.37,7285.13,2017-09-07,7285.13,TARGET,98,10.22,CLOSED
MARUTI,2017-10,2.92,2017-11-01,7585.47,7069.72,7807.05,2017-11-22,7807.05,TARGET,21,2.62,CLOSED
MARUTI,2018-11,15.8,2018-12-03,7131.17,6121.57,8257.69,2019-01-25,6121.57,SL,53,-14.46,CLOSED
MARUTI,2019-12,1.69,2020-01-01,6937.69,6455.33,7055.22,2020-01-15,7055.22,TARGET,14,1.39,CLOSED
MARUTI,2020-05,4.7,2020-06-01,5351.15,4361.33,5602.79,2020-06-22,5602.79,TARGET,21,4.4,CLOSED
MARUTI,2021-05,9.77,2021-06-01,6744.41,6073.01,7403.27,2021-10-11,7403.27,TARGET,132,9.47,CLOSED
MARUTI,2022-08,4.2,2022-09-01,8603.1,8232.1,8964.44,2022-09-19,8964.44,TARGET,18,3.9,CLOSED
MARUTI,2023-01,5.96,2023-02-01,8590.65,7929.46,9103.04,2023-03-20,7929.46,SL,47,-8.0,CLOSED
MARUTI,2023-06,4.5,2023-07-03,9364.5,8864.6,9785.7,2023-09-01,9785.7,TARGET,60,4.2,CLOSED
MARUTI,2023-11,2.08,2023-12-01,10292.85,9885.96,10507.18,2023-12-07,10507.18,TARGET,6,1.78,CLOSED
MARUTI,2024-03,11.62,2024-04-01,12238.62,10932.85,13661.07,2024-10-29,10932.85,SL,211,-10.97,CLOSED
MARUTI,2025-01,13.37,2025-02-01,12066.9,10578.32,13680.77,2025-08-18,13680.77,TARGET,198,13.07,CLOSED
MARUTI,2025-08,18.58,2025-09-01,14642.94,12103.44,17364.21,2026-03-30,12103.44,SL,210,-17.64,CLOSED
MARUTI,2026-06,7.53,2026-07-01,14010.29,12573.72,15064.78,2026-09-09,12573.72,SL,70,-10.55,CLOSED
MFSL,2008-05,11.66,2008-06-02,166.53,135.6,185.95,2008-06-27,135.6,SL,25,-18.88,CLOSED
MFSL,2011-08,6.55,2011-09-02,177.61,151.93,189.24,2011-09-09,189.24,TARGET,7,6.25,CLOSED
MFSL,2014-10,10.95,2014-11-03,348.55,300.73,386.73,2014-11-05,386.73,TARGET,2,10.65,CLOSED
MFSL,2018-07,14.95,2018-08-01,499.7,403.25,574.39,2018-09-28,403.25,SL,58,-19.6,CLOSED
MFSL,2023-05,10.44,2023-06-01,706.65,630.5,780.44,2023-06-22,780.44,TARGET,21,10.14,CLOSED
MFSL,2023-11,11.5,2023-12-01,1022.0,869.05,1139.51,2024-01-23,869.05,SL,53,-15.27,CLOSED
MFSL,2025-04,13.71,2025-05-02,1300.0,1085.0,1478.17,2025-05-26,1478.17,TARGET,24,13.41,CLOSED
MFSL,2025-05,15.15,2025-06-02,1502.7,1248.6,1730.35,2025-11-26,1730.35,TARGET,177,14.85,CLOSED
MAXHEALTH,2022-10,11.87,2022-11-01,455.02,386.65,509.01,2023-05-12,509.01,TARGET,192,11.57,CLOSED
MAXHEALTH,2024-03,3.35,2024-04-01,829.53,703.17,857.29,2024-04-10,857.29,TARGET,9,3.05,CLOSED
MAXHEALTH,2024-10,3.23,2024-11-01,1022.0,886.3,1055.02,2024-11-06,1055.02,TARGET,5,2.93,CLOSED
MAZDOCK,2025-01,12.15,2025-02-01,2486.83,1986.77,2789.0,2025-02-18,1986.77,SL,17,-20.41,CLOSED
MINDACORP,2012-06,20.0,2012-07-02,4.23,3.52,5.08,2012-07-25,5.14,TARGET,23,21.14,CLOSED
MINDACORP,2012-07,21.44,2012-08-01,5.14,4.23,6.24,2012-11-29,6.53,TARGET,120,26.78,CLOSED
MINDACORP,2012-11,15.71,2012-12-03,7.19,5.92,8.32,2012-12-07,8.73,TARGET,4,21.14,CLOSED
MINDACORP,2012-12,117.49,2013-01-01,15.65,7.19,34.03,2014-07-22,34.07,TARGET,567,117.48,CLOSED
MINDACORP,2014-12,13.23,2015-01-01,82.21,66.4,93.09,2015-01-06,95.43,TARGET,5,15.77,CLOSED
MINDACORP,2015-12,5.85,2016-01-01,92.47,79.48,97.88,2016-03-23,97.88,TARGET,82,5.55,CLOSED
MINDACORP,2020-11,20.4,2020-12-01,79.55,63.72,95.77,2021-01-06,95.77,TARGET,36,20.1,CLOSED
MINDACORP,2023-03,11.53,2023-04-03,213.83,183.06,238.5,2023-04-05,238.5,TARGET,2,11.23,CLOSED
MINDACORP,2024-01,6.8,2024-02-01,411.74,370.26,439.72,2024-02-20,441.95,TARGET,19,7.04,CLOSED
MINDACORP,2026-06,11.6,2026-07-01,701.26,610.11,782.57,2026-09-30,692.85,OPEN,91,-1.5,OPEN
MSUMI,2023-04,11.4,2023-05-02,34.17,30.25,38.07,2023-07-25,38.07,TARGET,84,11.1,CLOSED
MSUMI,2023-08,7.22,2023-09-01,40.08,37.15,42.97,2023-09-04,42.97,TARGET,3,6.92,CLOSED
MSUMI,2023-11,2.75,2023-12-01,39.66,37.01,40.75,2024-01-05,40.75,TARGET,35,2.45,CLOSED
MOTILALOFS,2026-08,22.41,2026-09-01,1047.0,852.7,1281.67,2026-09-30,994.0,OPEN,29,-5.36,OPEN
MPHASIS,2006-12,15.6,2007-01-02,183.29,131.35,211.89,2008-01-21,131.35,SL,384,-28.64,CLOSED
MPHASIS,2009-09,19.77,2009-10-01,410.28,343.39,491.41,2009-11-17,491.41,TARGET,47,19.47,CLOSED
MPHASIS,2010-04,9.72,2010-05-03,419.77,384.17,460.57,2010-05-21,384.17,SL,18,-8.78,CLOSED
MPHASIS,2017-02,6.41,2017-03-01,464.34,433.64,494.1,2017-04-07,433.64,SL,37,-6.91,CLOSED
MPHASIS,2021-06,9.76,2021-07-01,1863.59,1635.15,2045.55,2021-07-14,2045.55,TARGET,13,9.46,CLOSED
MPHASIS,2021-12,17.32,2022-01-03,3023.75,2541.48,3547.58,2022-01-24,2541.48,SL,21,-16.25,CLOSED
MCX,2018-07,20.63,2018-08-01,158.65,127.56,191.38,2018-09-21,127.56,SL,51,-19.89,CLOSED
MCX,2019-04,6.42,2019-05-02,158.51,139.18,168.68,2019-08-28,168.68,TARGET,118,6.12,CLOSED
MCX,2019-08,20.19,2019-09-03,176.8,142.61,212.5,2019-10-23,212.5,TARGET,50,19.89,CLOSED
MCX,2022-10,26.06,2022-11-01,302.19,239.57,380.94,2023-09-25,380.94,TARGET,328,25.76,CLOSED
MCX,2023-11,37.09,2023-12-01,637.15,464.04,873.45,2024-08-09,873.45,TARGET,252,36.79,CLOSED
MCX,2024-08,20.82,2024-09-02,1034.11,819.78,1249.4,2024-10-11,1249.4,TARGET,39,20.52,CLOSED
MCX,2025-12,10.55,2026-01-01,2226.54,1945.23,2461.39,2026-01-16,2461.39,TARGET,15,10.25,CLOSED
MCX,2026-04,24.36,2026-05-01,2964.24,2354.23,3686.38,2026-09-30,3300.4,OPEN,152,11.04,OPEN
MUTHOOTFIN,2012-09,42.56,2012-10-01,128.31,90.8,182.91,2013-04-15,90.8,SL,196,-29.53,CLOSED
MUTHOOTFIN,2016-01,7.04,2016-02-01,160.81,139.53,172.14,2016-04-27,172.14,TARGET,86,6.74,CLOSED
MUTHOOTFIN,2016-06,26.1,2016-07-01,248.77,195.63,313.69,2016-08-01,313.69,TARGET,31,25.8,CLOSED
MUTHOOTFIN,2017-05,4.65,2017-06-01,352.47,305.36,368.87,2017-06-02,368.87,TARGET,1,4.35,CLOSED
MUTHOOTFIN,2018-12,14.01,2019-01-01,451.54,340.67,514.79,2019-03-11,514.79,TARGET,69,13.71,CLOSED
MUTHOOTFIN,2019-03,15.52,2019-04-01,540.8,459.41,624.73,2019-10-29,624.73,TARGET,211,15.22,CLOSED
MUTHOOTFIN,2021-05,13.32,2021-06-01,1227.14,1056.59,1390.63,2021-06-03,1390.63,TARGET,2,13.02,CLOSED
MUTHOOTFIN,2023-03,0.76,2023-04-03,927.32,861.43,934.33,2023-04-03,934.33,TARGET,0,0.46,CLOSED
MUTHOOTFIN,2023-07,8.93,2023-08-01,1312.42,1194.76,1429.67,2023-08-14,1194.76,SL,13,-9.26,CLOSED
MUTHOOTFIN,2025-01,5.74,2025-02-01,2213.96,2044.77,2341.07,2025-03-19,2341.07,TARGET,46,5.44,CLOSED
MUTHOOTFIN,2025-11,17.79,2025-12-01,3747.31,3118.83,4413.97,2026-03-09,3064.19,SL,98,-18.53,CLOSED
NATCOPHARM,2009-02,7.33,2009-03-02,8.82,7.74,9.47,2009-03-03,7.74,SL,1,-12.53,CLOSED
NATCOPHARM,2015-06,3.17,2015-07-01,422.01,357.71,435.38,2015-07-02,435.4,TARGET,1,2.87,CLOSED
NATCOPHARM,2017-03,5.61,2017-04-03,793.22,707.39,837.71,2017-04-13,837.71,TARGET,10,5.31,CLOSED
NATCOPHARM,2020-07,24.0,2020-08-03,760.51,598.73,943.06,2020-09-28,943.06,TARGET,56,23.7,CLOSED
NATCOPHARM,2022-07,4.98,2022-08-01,666.39,609.88,699.57,2022-08-02,699.57,TARGET,1,4.68,CLOSED
NATCOPHARM,2023-08,10.45,2023-09-01,905.03,767.13,999.58,2023-11-01,767.13,SL,61,-15.54,CLOSED
NBCC,2014-06,15.0,2014-07-01,13.78,11.31,15.85,2014-07-04,15.85,TARGET,3,14.7,CLOSED
NBCC,2014-10,22.5,2014-11-03,33.66,25.02,41.23,2015-03-04,41.23,TARGET,121,22.2,CLOSED
NBCC,2023-07,16.54,2023-08-01,29.94,25.07,34.89,2023-09-04,34.89,TARGET,34,16.24,CLOSED
NBCC,2023-11,16.01,2023-12-01,50.15,41.55,58.18,2024-01-04,58.18,TARGET,34,15.71,CLOSED
NBCC,2025-01,7.4,2025-02-01,98.03,76.85,105.29,2025-02-18,76.85,SL,17,-21.91,CLOSED
NCC,2013-10,44.41,2013-11-01,13.79,9.44,19.91,2014-03-28,19.91,TARGET,147,44.11,CLOSED
NCC,2015-09,4.32,2015-10-01,65.99,46.48,68.84,2015-10-13,68.84,TARGET,12,4.02,CLOSED
NCC,2017-11,13.05,2017-12-01,109.53,83.95,123.82,2018-01-09,123.82,TARGET,39,12.75,CLOSED
NCC,2022-08,23.26,2022-09-01,66.25,54.53,81.66,2022-12-09,81.66,TARGET,99,22.96,CLOSED
NCC,2023-04,12.91,2023-05-02,115.41,100.04,130.32,2023-05-23,100.04,SL,21,-13.62,CLOSED
NHPC,2010-06,8.28,2010-07-01,15.41,13.73,16.68,2010-09-15,16.68,TARGET,76,7.98,CLOSED
NHPC,2011-03,9.29,2011-04-01,12.73,11.15,13.91,2011-12-12,11.15,SL,255,-12.7,CLOSED
NHPC,2012-08,1.98,2012-09-03,9.64,9.09,9.83,2012-09-18,9.83,TARGET,15,1.68,CLOSED
NHPC,2013-01,13.95,2013-02-01,15.49,13.25,17.65,2013-03-01,13.25,SL,28,-14.78,CLOSED
NHPC,2014-10,6.17,2014-11-03,11.69,10.62,12.41,2014-12-12,10.62,SL,39,-9.43,CLOSED
NHPC,2015-02,10.39,2015-03-02,11.98,10.84,13.22,2015-03-25,10.84,SL,23,-9.78,CLOSED
NHPC,2015-11,6.34,2015-12-01,11.25,9.97,11.96,2015-12-31,11.96,TARGET,30,6.04,CLOSED
NHPC,2016-08,11.26,2016-09-01,17.19,14.57,19.12,2017-01-12,19.12,TARGET,133,10.96,CLOSED
NHPC,2017-03,5.57,2017-04-03,21.33,19.48,22.52,2017-05-24,19.48,SL,51,-8.97,CLOSED
NHPC,2021-09,12.17,2021-10-01,25.17,22.23,28.23,2021-10-18,28.23,TARGET,17,11.87,CLOSED
NHPC,2023-07,12.08,2023-08-01,47.77,41.61,53.54,2023-12-01,53.54,TARGET,122,11.78,CLOSED
NHPC,2024-04,7.25,2024-05-02,92.62,82.54,99.33,2024-05-22,99.79,TARGET,20,7.45,CLOSED
NHPC,2025-12,3.23,2026-01-01,77.45,72.88,79.95,2026-01-02,79.95,TARGET,1,2.93,CLOSED
NHPC,2026-06,3.12,2026-07-01,81.11,71.42,83.64,2026-09-30,72.81,OPEN,91,-10.53,OPEN
NLCINDIA,2013-04,9.8,2013-05-02,39.3,35.79,43.15,2013-05-23,35.79,SL,21,-9.23,CLOSED
NLCINDIA,2014-03,11.55,2014-04-01,35.1,31.09,39.15,2014-04-04,39.15,TARGET,3,11.25,CLOSED
NLCINDIA,2019-12,3.91,2020-01-01,43.08,34.51,44.77,2020-01-14,44.77,TARGET,13,3.61,CLOSED
NLCINDIA,2022-10,13.23,2022-11-01,72.01,61.79,81.53,2022-11-28,81.53,TARGET,27,12.93,CLOSED
NLCINDIA,2023-11,27.13,2023-12-01,165.76,126.39,210.72,2023-12-14,210.72,TARGET,13,26.83,CLOSED
NMDC,2008-07,20.92,2008-08-01,30.1,18.27,36.4,2008-09-18,18.27,SL,48,-39.6,CLOSED
NMDC,2010-12,14.2,2011-01-03,25.51,21.15,29.13,2011-07-29,21.15,SL,207,-17.4,CLOSED
NMDC,2012-06,12.21,2012-07-02,17.48,15.23,19.61,2012-11-27,15.23,SL,148,-13.15,CLOSED
NMDC,2017-02,4.45,2017-03-01,21.13,18.5,22.07,2017-04-18,18.5,SL,48,-12.72,CLOSED
NMDC,2019-02,3.92,2019-03-01,15.69,14.03,16.31,2019-03-05,16.31,TARGET,4,3.62,CLOSED
NMDC,2022-03,13.55,2022-04-01,35.56,30.99,40.38,2022-05-10,30.99,SL,39,-13.15,CLOSED
NMDC,2023-07,12.04,2023-08-01,34.46,30.85,38.6,2023-09-01,38.6,TARGET,31,11.74,CLOSED
NMDC,2024-09,10.75,2024-10-01,75.47,62.75,83.59,2024-12-30,62.75,SL,90,-17.16,CLOSED
NTPC,2005-08,8.8,2005-09-01,44.53,40.49,48.45,2005-10-28,40.49,SL,57,-9.37,CLOSED
NTPC,2007-03,7.4,2007-04-02,67.89,58.99,72.91,2007-04-04,72.91,TARGET,2,7.1,CLOSED
NTPC,2009-09,1.05,2009-10-01,101.76,96.87,102.83,2009-10-14,102.83,TARGET,13,0.75,CLOSED
NTPC,2010-03,3.59,2010-04-01,100.25,95.04,103.85,2010-05-21,95.04,SL,50,-5.5,CLOSED
NTPC,2011-03,13.69,2011-04-01,95.3,84.29,108.35,2011-05-17,84.29,SL,46,-11.85,CLOSED
NTPC,2011-06,11.08,2011-07-01,92.34,83.72,102.58,2011-08-08,83.6,SL,38,-9.77,CLOSED
NTPC,2012-06,8.62,2012-07-02,81.04,71.62,88.02,2012-08-21,88.02,TARGET,50,8.32,CLOSED
NTPC,2013-04,10.85,2013-05-02,81.53,72.51,90.37,2013-06-20,72.51,SL,49,-11.35,CLOSED
NTPC,2013-10,1.12,2013-11-01,78.04,74.2,78.91,2013-11-06,78.91,TARGET,5,0.82,CLOSED
NTPC,2014-10,7.91,2014-11-03,82.76,75.99,89.31,2014-12-09,75.99,SL,36,-8.49,CLOSED
NTPC,2014-12,0.91,2015-01-01,79.75,70.07,80.48,2015-01-30,80.48,TARGET,29,0.61,CLOSED
NTPC,2015-02,10.88,2015-03-02,86.73,76.03,96.16,2015-05-13,76.03,SL,72,-12.64,CLOSED
NTPC,2016-06,9.19,2016-07-01,88.78,80.92,96.94,2016-08-19,96.94,TARGET,49,8.89,CLOSED
NTPC,2017-03,1.87,2017-04-03,97.43,90.8,99.25,2017-04-07,99.25,TARGET,4,1.57,CLOSED
NTPC,2019-06,6.08,2019-07-01,107.43,99.27,113.96,2019-07-08,99.27,SL,7,-7.89,CLOSED
NTPC,2019-12,2.32,2020-01-01,91.79,84.58,93.92,2020-01-01,93.92,TARGET,0,2.02,CLOSED
NTPC,2022-03,1.12,2022-04-01,120.38,110.7,121.73,2022-04-01,121.73,TARGET,0,0.82,CLOSED
NTPC,2022-07,7.03,2022-08-01,133.38,118.72,142.76,2022-08-17,142.76,TARGET,16,6.73,CLOSED
NTPC,2022-08,9.28,2022-09-01,143.58,131.72,156.91,2022-11-01,156.91,TARGET,61,8.98,CLOSED
NTPC,2023-01,2.82,2023-02-01,153.14,145.81,157.47,2023-02-21,157.47,TARGET,20,2.52,CLOSED
NTPC,2023-07,15.44,2023-08-01,200.3,168.55,231.22,2023-09-29,231.22,TARGET,59,15.14,CLOSED
NTPC,2023-11,11.88,2023-12-01,245.03,214.71,274.16,2023-12-13,274.16,TARGET,12,11.58,CLOSED
NTPC,2024-07,9.95,2024-08-01,396.02,340.98,435.42,2024-11-21,340.98,SL,112,-14.2,CLOSED
NTPC,2025-12,0.95,2026-01-01,323.83,309.84,326.91,2026-01-01,326.91,TARGET,0,0.65,CLOSED
NH,2017-09,1.76,2017-10-03,297.3,285.63,302.54,2017-10-18,302.54,TARGET,15,1.46,CLOSED
NH,2018-07,11.1,2018-08-01,254.78,224.57,283.05,2018-10-04,224.57,SL,64,-12.16,CLOSED
NH,2019-05,17.51,2019-06-03,235.26,180.77,276.47,2019-11-05,276.47,TARGET,155,17.21,CLOSED
NH,2022-10,9.93,2022-11-01,786.81,684.01,864.94,2023-05-24,864.94,TARGET,204,9.63,CLOSED
NH,2023-05,17.27,2023-06-01,884.4,741.27,1037.17,2023-06-15,1037.17,TARGET,14,16.97,CLOSED
NH,2023-08,2.87,2023-09-01,1041.78,965.87,1071.68,2023-09-14,1071.68,TARGET,13,2.57,CLOSED
NATIONALUM,2006-01,26.63,2006-02-01,29.71,23.58,37.62,2006-05-22,23.58,SL,110,-20.91,CLOSED
NATIONALUM,2009-12,10.72,2010-01-04,48.89,41.75,54.13,2010-01-05,54.13,TARGET,1,10.42,CLOSED
NATIONALUM,2010-05,1.85,2010-06-01,48.49,45.26,49.38,2010-06-01,49.38,TARGET,0,1.55,CLOSED
NATIONALUM,2010-12,11.47,2011-01-03,46.38,40.31,51.7,2011-02-24,51.7,TARGET,52,11.17,CLOSED
NATIONALUM,2014-03,25.27,2014-04-01,20.68,16.25,25.91,2014-05-20,25.91,TARGET,49,24.97,CLOSED
NATIONALUM,2015-11,5.19,2015-12-01,22.13,19.25,23.28,2015-12-21,23.28,TARGET,20,4.89,CLOSED
NATIONALUM,2016-10,16.5,2016-11-01,31.03,25.93,36.15,2016-11-09,25.93,SL,8,-16.72,CLOSED
NATIONALUM,2024-01,12.81,2024-02-01,135.16,109.43,152.47,2024-03-04,152.47,TARGET,32,12.51,CLOSED
NAVA,2006-04,48.98,2006-05-02,20.51,11.98,30.56,2006-06-15,11.98,SL,44,-41.88,CLOSED
NAVA,2012-07,8.24,2012-08-01,37.24,34.1,40.31,2012-08-24,34.1,SL,23,-8.73,CLOSED
NAVA,2013-07,5.2,2013-08-01,33.89,31.67,35.66,2013-10-01,31.67,SL,61,-6.86,CLOSED
NAVA,2023-07,23.88,2023-08-01,181.84,144.96,225.25,2023-09-21,225.25,TARGET,51,23.58,CLOSED
NAVA,2025-05,8.23,2025-06-02,481.18,410.7,520.79,2025-06-04,520.79,TARGET,2,7.93,CLOSED
NAVA,2025-06,23.22,2025-07-01,592.59,465.33,730.21,2026-05-11,730.21,TARGET,314,22.92,CLOSED
NAVINFLUOR,2013-10,35.26,2013-11-01,42.86,30.88,57.97,2014-03-27,57.97,TARGET,146,34.96,CLOSED
NAVINFLUOR,2015-05,9.41,2015-06-01,168.1,142.61,183.92,2015-07-01,183.92,TARGET,30,9.11,CLOSED
NAVINFLUOR,2015-07,32.28,2015-08-03,240.81,173.63,318.53,2015-11-02,318.53,TARGET,91,31.98,CLOSED
NAVINFLUOR,2017-07,15.68,2017-08-01,665.06,568.43,769.36,2017-12-22,769.36,TARGET,143,15.38,CLOSED
NAVINFLUOR,2019-03,21.96,2019-04-01,688.36,571.66,839.55,2019-07-22,571.66,SL,112,-17.25,CLOSED
NAVINFLUOR,2023-04,13.57,2023-05-02,4814.03,4149.4,5467.39,2023-09-29,3963.05,SL,150,-17.98,CLOSED
NAVINFLUOR,2024-07,6.55,2024-08-01,3770.57,3407.34,4017.41,2024-08-13,3407.34,SL,12,-9.93,CLOSED
NAVINFLUOR,2025-04,7.38,2025-05-02,4467.4,3657.01,4797.09,2025-06-27,4797.09,TARGET,56,7.08,CLOSED
NAVINFLUOR,2026-06,7.96,2026-07-01,7730.0,6777.85,8345.07,2026-08-06,8345.07,TARGET,36,7.66,CLOSED
NESTLEIND,2010-09,9.85,2010-10-01,138.81,126.34,152.49,2010-11-04,152.49,TARGET,34,9.55,CLOSED
NESTLEIND,2012-12,5.11,2013-01-01,213.56,197.83,224.47,2013-01-23,197.83,SL,22,-7.67,CLOSED
NESTLEIND,2013-02,0.61,2013-03-01,203.82,194.6,205.07,2013-03-11,205.07,TARGET,10,0.31,CLOSED
NESTLEIND,2013-05,6.44,2013-06-03,223.73,203.92,238.14,2013-07-15,238.14,TARGET,42,6.14,CLOSED
NESTLEIND,2013-10,7.23,2013-11-01,241.12,214.91,258.56,2013-12-13,214.57,SL,42,-11.31,CLOSED
NESTLEIND,2014-03,3.38,2014-04-01,218.49,199.66,225.87,2014-05-16,199.66,SL,45,-8.92,CLOSED
NESTLEIND,2014-10,4.83,2014-11-03,272.57,245.32,285.75,2015-01-13,285.75,TARGET,71,4.53,CLOSED
NESTLEIND,2015-09,6.74,2015-10-01,278.45,255.96,297.23,2015-12-02,255.96,SL,62,-8.38,CLOSED
NESTLEIND,2016-10,8.59,2016-11-01,305.88,284.14,332.17,2016-11-07,284.14,SL,6,-7.41,CLOSED
NESTLEIND,2017-03,6.82,2017-04-03,292.79,269.63,312.76,2017-08-28,312.76,TARGET,147,6.52,CLOSED
NESTLEIND,2017-08,5.47,2017-09-01,316.95,291.59,334.28,2017-11-06,334.28,TARGET,66,5.17,CLOSED
NESTLEIND,2018-03,5.69,2018-04-02,367.58,339.17,388.51,2018-04-12,388.51,TARGET,10,5.39,CLOSED
NESTLEIND,2018-04,14.54,2018-05-02,421.6,366.24,482.92,2018-08-01,482.92,TARGET,91,14.24,CLOSED
NESTLEIND,2018-10,4.62,2018-11-01,461.91,408.14,483.26,2018-11-16,483.26,TARGET,15,4.32,CLOSED
NESTLEIND,2019-01,3.73,2019-02-01,521.16,482.98,540.58,2019-02-12,482.98,SL,11,-7.63,CLOSED
NESTLEIND,2019-03,4.07,2019-04-01,497.68,454.7,517.95,2019-05-31,517.95,TARGET,60,3.77,CLOSED
NESTLEIND,2019-05,5.67,2019-06-03,523.53,460.76,553.2,2019-08-09,553.2,TARGET,67,5.37,CLOSED
NESTLEIND,2019-08,12.2,2019-09-03,594.33,515.51,666.81,2019-10-16,666.81,TARGET,43,11.9,CLOSED
NESTLEIND,2020-11,4.24,2020-12-01,850.03,775.09,886.06,2020-12-28,886.55,TARGET,27,4.0,CLOSED
NESTLEIND,2021-03,6.61,2021-04-01,807.57,756.04,860.91,2021-07-23,860.91,TARGET,113,6.31,CLOSED
NESTLEIND,2021-12,2.89,2022-01-03,937.14,885.04,964.2,2022-01-19,885.04,SL,16,-5.86,CLOSED
NESTLEIND,2022-07,10.81,2022-08-01,929.67,828.73,1030.2,2023-04-28,1030.2,TARGET,270,10.51,CLOSED
NESTLEIND,2023-04,10.99,2023-05-02,1053.88,931.5,1169.72,2023-10-19,1169.72,TARGET,170,10.69,CLOSED
NESTLEIND,2023-12,9.67,2024-01-01,1295.83,1173.72,1421.16,2024-02-08,1173.72,SL,38,-9.72,CLOSED
NESTLEIND,2024-02,3.89,2024-03-01,1265.94,1171.4,1315.21,2024-05-30,1171.4,SL,90,-7.77,CLOSED
NESTLEIND,2025-06,2.88,2025-07-01,1217.37,1138.51,1252.48,2025-07-25,1138.51,SL,24,-6.78,CLOSED
NESTLEIND,2025-12,2.13,2026-01-01,1279.9,1192.8,1307.21,2026-01-06,1307.21,TARGET,5,1.83,CLOSED
NESTLEIND,2026-01,3.45,2026-02-02,1284.36,1249.51,1328.63,2026-03-04,1249.51,SL,30,-3.01,CLOSED
NESTLEIND,2026-04,24.16,2026-05-01,1451.62,1153.85,1802.29,2026-09-30,1310.0,OPEN,152,-10.06,OPEN
NETWEB,2024-05,39.43,2024-06-03,2453.58,1759.66,3421.09,2025-01-27,1759.66,SL,238,-28.58,CLOSED
NEULANDLAB,2008-12,15.69,2009-01-02,85.13,65.92,98.49,2009-03-02,65.07,SL,59,-23.87,CLOSED
NEULANDLAB,2010-09,20.28,2010-10-01,91.34,75.03,109.87,2010-10-21,109.87,TARGET,20,19.98,CLOSED
NEULANDLAB,2021-06,2.07,2021-07-01,2153.75,1889.27,2198.35,2021-07-08,2198.35,TARGET,7,1.77,CLOSED
NEULANDLAB,2024-11,14.4,2024-12-02,16693.65,12781.77,19096.79,2025-01-28,12781.77,SL,57,-23.73,CLOSED
NAM-INDIA,2019-06,0.45,2019-07-01,182.53,177.42,183.36,2019-07-09,183.36,TARGET,8,0.15,CLOSED
NAM-INDIA,2019-07,2.76,2019-08-01,187.44,181.21,192.6,2019-08-06,192.6,TARGET,5,2.46,CLOSED
NAM-INDIA,2021-08,6.26,2021-09-01,362.93,320.22,385.66,2021-09-09,385.66,TARGET,8,5.96,CLOSED
NAM-INDIA,2022-11,1.8,2022-12-01,245.85,226.94,250.28,2022-12-22,226.94,SL,21,-7.99,CLOSED
NAM-INDIA,2023-04,13.4,2023-05-02,214.78,189.34,243.57,2023-06-30,243.57,TARGET,59,13.1,CLOSED
NUVOCO,2023-07,6.02,2023-08-01,372.9,346.0,395.37,2023-08-14,346.0,SL,13,-7.51,CLOSED
OBEROIRLTY,2015-09,21.48,2015-10-01,262.82,200.16,319.27,2016-10-06,319.27,TARGET,371,21.18,CLOSED
OBEROIRLTY,2023-07,13.68,2023-08-01,1092.52,965.45,1242.01,2023-11-09,1242.01,TARGET,100,13.38,CLOSED
OBEROIRLTY,2024-07,5.47,2024-08-01,1847.64,1626.95,1948.78,2024-09-26,1948.78,TARGET,56,5.17,CLOSED
OBEROIRLTY,2025-10,12.53,2025-11-03,1784.94,1551.56,2008.66,2026-01-20,1551.56,SL,78,-13.37,CLOSED
OBEROIRLTY,2026-06,3.64,2026-07-01,1781.07,1573.4,1845.86,2026-07-02,1845.86,TARGET,1,3.34,CLOSED
ONGC,2005-02,4.17,2005-03-01,38.55,36.08,40.15,2005-03-03,40.15,TARGET,2,3.87,CLOSED
ONGC,2005-05,13.75,2005-06-01,41.54,36.79,47.25,2005-09-16,47.25,TARGET,107,13.45,CLOSED
ONGC,2006-10,4.6,2006-11-01,57.49,53.52,60.13,2006-11-02,60.13,TARGET,1,4.3,CLOSED
ONGC,2007-03,11.77,2007-04-02,64.02,54.96,71.56,2007-04-25,71.56,TARGET,23,11.47,CLOSED
ONGC,2009-11,6.0,2009-12-01,95.49,87.66,101.23,2010-01-28,87.66,SL,58,-8.51,CLOSED
ONGC,2010-05,10.7,2010-06-01,94.24,81.51,104.32,2010-06-28,104.32,TARGET,27,10.4,CLOSED
ONGC,2010-06,13.11,2010-07-01,106.38,91.82,120.33,2011-02-09,91.82,SL,223,-13.99,CLOSED
ONGC,2011-03,7.75,2011-04-01,97.64,87.46,105.21,2011-04-28,105.21,TARGET,27,7.45,CLOSED
ONGC,2012-06,12.5,2012-07-02,98.25,84.22,110.53,2013-01-17,110.53,TARGET,199,12.2,CLOSED
ONGC,2013-11,1.84,2013-12-02,104.93,94.72,106.86,2013-12-06,106.86,TARGET,4,1.54,CLOSED
ONGC,2014-02,5.73,2014-03-03,105.82,96.54,111.89,2014-03-06,111.89,TARGET,3,5.43,CLOSED
ONGC,2015-12,3.25,2016-01-01,93.25,82.11,96.28,2016-01-20,82.11,SL,19,-12.24,CLOSED
ONGC,2016-11,2.36,2016-12-01,118.58,100.49,121.37,2016-12-08,121.37,TARGET,7,2.06,CLOSED
ONGC,2017-07,7.69,2017-08-01,103.82,95.07,111.81,2017-10-27,111.81,TARGET,87,7.39,CLOSED
ONGC,2017-10,11.79,2017-11-01,117.65,102.79,131.51,2018-01-24,131.51,TARGET,84,11.49,CLOSED
ONGC,2018-07,4.61,2018-08-01,104.17,96.1,108.97,2018-08-08,108.97,TARGET,7,4.31,CLOSED
ONGC,2020-05,4.13,2020-06-01,60.9,51.88,63.42,2020-06-05,63.42,TARGET,4,3.83,CLOSED
ONGC,2021-08,4.55,2021-09-01,88.77,79.08,92.81,2021-09-14,92.81,TARGET,13,4.25,CLOSED
ONGC,2022-08,5.78,2022-09-01,107.21,102.43,113.41,2022-09-22,102.43,SL,21,-4.76,CLOSED
ONGC,2022-11,10.52,2022-12-01,117.95,106.5,130.36,2023-02-16,130.36,TARGET,77,10.22,CLOSED
ONGC,2023-06,3.49,2023-07-03,137.22,130.58,142.0,2023-07-07,142.0,TARGET,4,3.19,CLOSED
ONGC,2023-07,10.45,2023-08-01,150.06,136.96,165.74,2023-11-06,165.74,TARGET,97,10.15,CLOSED
ONGC,2025-10,6.63,2025-11-03,242.15,226.45,258.19,2025-12-15,226.45,SL,42,-6.78,CLOSED
ONGC,2026-02,6.44,2026-03-02,286.78,240.88,305.25,2026-04-29,305.25,TARGET,58,6.14,CLOSED
OIL,2011-12,4.71,2012-01-02,76.21,71.41,79.8,2012-01-30,79.8,TARGET,28,4.41,CLOSED
OIL,2013-11,1.96,2013-12-02,84.82,79.2,86.49,2013-12-30,86.49,TARGET,28,1.66,CLOSED
OIL,2013-12,1.08,2014-01-01,85.59,79.56,86.51,2014-01-01,86.51,TARGET,0,0.78,CLOSED
OIL,2014-03,8.56,2014-04-01,89.53,80.5,97.19,2014-05-13,97.19,TARGET,42,8.26,CLOSED
OIL,2014-08,8.92,2014-09-01,114.03,102.05,124.2,2014-12-12,102.05,SL,102,-10.8,CLOSED
OIL,2016-12,7.81,2017-01-02,91.36,85.4,98.5,2017-01-11,98.5,TARGET,9,7.51,CLOSED
OIL,2017-09,25.87,2017-10-03,99.13,79.22,124.77,2018-12-07,79.22,SL,430,-20.39,CLOSED
OIL,2022-01,20.49,2022-02-01,129.25,102.71,155.73,2022-06-06,155.73,TARGET,125,20.19,CLOSED
OIL,2023-07,12.55,2023-08-01,166.88,146.57,187.83,2023-10-09,187.83,TARGET,69,12.25,CLOSED
OIL,2025-04,6.21,2025-05-02,396.33,315.71,420.93,2025-05-20,420.93,TARGET,18,5.91,CLOSED
OIL,2025-10,4.72,2025-11-03,422.53,394.89,442.5,2025-12-08,394.89,SL,35,-6.84,CLOSED
OLECTRA,2005-12,14.56,2006-01-02,14.54,9.17,16.66,2006-04-12,16.81,TARGET,100,15.31,CLOSED
OLECTRA,2006-04,105.69,2006-05-02,31.45,13.66,64.68,2006-10-06,13.48,SL,157,-57.44,CLOSED
OLECTRA,2007-03,32.74,2007-04-02,23.34,16.67,30.98,2007-07-17,33.35,TARGET,106,42.56,CLOSED
OLECTRA,2007-12,40.95,2008-01-01,51.24,34.59,72.22,2008-02-14,34.59,SL,44,-32.78,CLOSED
OLECTRA,2008-04,36.16,2008-05-02,53.62,31.09,73.01,2008-09-10,31.09,SL,131,-42.32,CLOSED
OLECTRA,2013-03,2.53,2013-04-01,9.78,9.28,10.03,2013-04-01,10.03,TARGET,0,2.23,CLOSED
OLECTRA,2015-06,1.67,2015-07-01,15.22,14.02,15.47,2015-07-01,15.47,TARGET,0,1.37,CLOSED
OLECTRA,2017-08,131.59,2017-09-01,173.61,70.56,402.05,2020-03-13,70.36,SL,924,-59.77,CLOSED
OLECTRA,2021-07,35.67,2021-08-02,317.87,220.77,431.25,2021-09-23,438.14,TARGET,52,37.53,CLOSED
PAYTM,2025-05,2.97,2025-06-02,888.9,808.0,915.32,2025-06-02,915.32,TARGET,0,2.67,CLOSED
PAYTM,2026-08,27.86,2026-09-01,1689.0,1344.4,2159.48,2026-09-30,1678.0,OPEN,29,-0.95,OPEN
ONESOURCE,2025-03,41.52,2025-04-01,1730.0,1209.95,2448.23,2026-01-27,1209.95,SL,301,-30.36,CLOSED
OFSS,2007-03,8.15,2007-04-02,1066.55,953.28,1153.43,2007-04-10,1153.43,TARGET,8,7.85,CLOSED
OFSS,2007-04,21.17,2007-05-03,1323.26,1066.55,1603.44,2007-08-02,1066.55,SL,91,-19.7,CLOSED
OFSS,2010-06,9.68,2010-07-01,1190.94,1068.53,1306.2,2010-08-31,1068.53,SL,61,-10.58,CLOSED
OFSS,2010-12,12.21,2011-01-03,1242.81,1091.85,1394.52,2011-02-09,1091.85,SL,37,-12.45,CLOSED
OFSS,2014-06,10.66,2014-07-01,1657.7,1488.56,1834.42,2014-08-08,1852.04,TARGET,38,11.42,CLOSED
OFSS,2015-07,7.05,2015-08-03,2425.84,2278.07,2596.8,2015-08-04,2596.8,TARGET,1,6.75,CLOSED
OFSS,2017-02,12.66,2017-03-01,2430.44,2130.05,2738.21,2017-12-19,2738.21,TARGET,293,12.36,CLOSED
OFSS,2018-08,10.9,2018-09-03,2952.47,2590.97,3274.26,2018-09-17,3274.26,TARGET,14,10.6,CLOSED
OFSS,2018-12,7.82,2019-01-01,2601.05,2376.63,2804.48,2019-03-14,2376.63,SL,72,-8.93,CLOSED
OFSS,2019-07,7.06,2019-08-01,2383.03,2196.78,2551.35,2019-08-13,2196.78,SL,12,-8.12,CLOSED
OFSS,2022-11,6.69,2022-12-01,2638.78,2457.59,2815.43,2023-04-21,2815.43,TARGET,141,6.39,CLOSED
OFSS,2023-04,9.13,2023-05-02,3061.75,2724.13,3341.4,2023-06-13,3341.4,TARGET,42,8.83,CLOSED
OFSS,2023-08,5.75,2023-09-01,3695.92,3412.93,3908.3,2023-09-08,3908.3,TARGET,7,5.45,CLOSED
OFSS,2026-08,12.1,2026-09-01,12350.0,11160.0,13844.9,2026-09-21,11160.0,SL,20,-9.94,CLOSED
POLICYBZR,2026-08,17.08,2026-09-01,1845.0,1578.4,2160.08,2026-09-24,1578.4,SL,23,-14.75,CLOSED
PCBL,2009-07,75.42,2009-08-03,7.04,3.68,12.35,2010-01-18,12.35,TARGET,168,75.12,CLOSED
PCBL,2012-03,4.04,2012-04-02,7.75,6.9,8.06,2012-05-07,6.9,SL,35,-11.32,CLOSED
PCBL,2017-04,28.6,2017-05-02,32.33,24.98,41.57,2017-06-15,41.57,TARGET,44,28.3,CLOSED
PCBL,2022-11,11.76,2022-12-01,128.22,109.39,143.3,2022-12-23,109.39,SL,22,-14.99,CLOSED
PCBL,2023-04,10.51,2023-05-02,122.12,106.07,134.96,2023-06-12,134.96,TARGET,41,10.21,CLOSED
PCBL,2023-08,10.45,2023-09-01,164.33,142.36,181.51,2023-10-06,181.51,TARGET,35,10.15,CLOSED
PGEL,2012-12,32.73,2013-01-01,36.2,27.17,48.04,2013-02-27,21.82,SL,57,-40.01,CLOSED
PGEL,2017-10,12.12,2017-11-01,43.65,37.28,48.94,2017-11-15,37.28,SL,14,-14.88,CLOSED
PGEL,2020-09,75.37,2020-10-01,8.3,4.6,14.55,2020-11-14,14.57,TARGET,44,75.21,CLOSED
PGEL,2021-01,23.55,2021-02-01,17.29,13.06,21.36,2021-02-05,22.09,TARGET,4,27.49,CLOSED
PGEL,2021-02,74.22,2021-03-01,31.68,17.08,55.19,2021-10-11,55.19,TARGET,224,73.92,CLOSED
PIIND,2014-03,9.2,2014-04-01,261.79,236.18,285.87,2014-04-16,236.18,SL,15,-10.08,CLOSED
PIIND,2020-04,35.85,2020-05-04,1518.43,1129.52,2062.84,2020-08-07,2062.84,TARGET,95,35.55,CLOSED
PIIND,2021-08,15.04,2021-09-01,3360.82,2901.12,3866.39,2021-10-25,2901.12,SL,54,-13.98,CLOSED
PIIND,2023-05,6.86,2023-06-01,3591.92,3119.01,3838.45,2023-06-16,3838.45,TARGET,15,6.56,CLOSED
PIIND,2023-11,10.87,2023-12-01,3739.07,3310.84,4145.44,2023-12-13,3310.84,SL,12,-11.75,CLOSED
PIIND,2024-03,5.31,2024-04-01,3842.59,3492.18,4046.45,2024-05-07,3492.18,SL,36,-9.42,CLOSED
PIIND,2024-07,16.64,2024-08-01,4389.05,3684.93,5119.26,2024-12-27,3684.93,SL,148,-16.34,CLOSED
PNBHOUSING,2021-05,41.17,2021-06-01,515.74,292.31,728.07,2021-06-08,735.65,TARGET,7,42.34,CLOSED
PNBHOUSING,2023-05,13.31,2023-06-01,509.41,440.2,577.21,2023-06-20,577.21,TARGET,19,13.01,CLOSED
PTCIL,2024-01,32.77,2024-02-01,8150.0,6097.0,10821.1,2024-06-06,10821.1,TARGET,126,32.47,CLOSED
PVRINOX,2007-12,25.0,2008-01-01,325.64,227.89,407.05,2008-01-23,226.44,SL,22,-30.76,CLOSED
PVRINOX,2016-04,14.71,2016-05-02,808.46,701.96,927.4,2016-06-13,927.4,TARGET,42,14.41,CLOSED
PVRINOX,2018-12,11.74,2019-01-01,1565.6,1409.98,1749.36,2019-02-14,1409.98,SL,44,-10.24,CLOSED
PVRINOX,2019-04,7.71,2019-05-02,1730.86,1585.66,1864.24,2019-06-17,1585.66,SL,46,-8.69,CLOSED
PVRINOX,2019-11,1.94,2019-12-02,1777.73,1660.38,1812.25,2019-12-19,1812.25,TARGET,17,1.64,CLOSED
PVRINOX,2021-05,15.29,2021-06-01,1314.5,1092.0,1515.42,2021-09-21,1515.42,TARGET,112,14.99,CLOSED
PVRINOX,2022-07,15.23,2022-08-01,2167.0,1828.9,2497.03,2022-08-19,1828.9,SL,18,-15.9,CLOSED
PVRINOX,2023-08,15.02,2023-09-01,1791.95,1542.35,2061.07,2024-01-10,1542.35,SL,131,-14.23,CLOSED
PAGEIND,2009-08,6.25,2009-09-01,527.3,458.63,560.25,2009-10-27,560.25,TARGET,56,5.95,CLOSED
PAGEIND,2011-03,3.47,2011-04-01,1372.56,1147.19,1420.2,2011-04-04,1420.2,TARGET,3,3.17,CLOSED
PAGEIND,2012-03,7.61,2012-04-02,2317.71,2130.58,2494.08,2012-04-19,2494.08,TARGET,17,7.31,CLOSED
PAGEIND,2014-05,11.03,2014-06-02,5665.04,5026.57,6290.02,2014-06-26,6290.02,TARGET,24,10.73,CLOSED
PAGEIND,2015-12,1.06,2016-01-01,12022.08,11125.93,12149.8,2016-01-01,12149.8,TARGET,0,0.76,CLOSED
PAGEIND,2016-07,2.32,2016-08-01,12902.19,11741.97,13201.49,2016-08-01,13201.49,TARGET,0,2.02,CLOSED
PAGEIND,2017-08,8.52,2017-09-01,15958.42,13660.5,17318.46,2017-09-18,17318.46,TARGET,17,8.22,CLOSED
PAGEIND,2017-12,14.28,2018-01-01,23016.06,19233.75,26303.43,2018-02-01,19233.75,SL,31,-16.73,CLOSED
PAGEIND,2018-03,3.64,2018-04-02,20259.46,18219.92,20997.03,2018-04-04,20997.03,TARGET,2,3.34,CLOSED
PAGEIND,2018-05,4.37,2018-06-01,22784.9,20622.95,23781.73,2018-06-13,23781.73,TARGET,12,4.07,CLOSED
PAGEIND,2019-08,2.97,2019-09-03,17085.15,15838.39,17593.23,2019-09-16,17593.23,TARGET,13,2.67,CLOSED
PAGEIND,2021-12,5.29,2022-01-03,38073.36,33993.44,40087.21,2022-01-07,40087.21,TARGET,4,4.99,CLOSED
PAGEIND,2022-03,2.21,2022-04-01,40779.18,36836.6,41679.73,2022-04-05,41679.73,TARGET,4,1.91,CLOSED
PAGEIND,2022-07,21.68,2022-08-01,46254.8,37945.89,56281.01,2023-01-16,37945.89,SL,168,-18.26,CLOSED
PAGEIND,2023-12,3.36,2024-01-01,36777.07,34880.3,38014.21,2024-01-09,34880.3,SL,8,-5.46,CLOSED
PAGEIND,2024-08,1.04,2024-09-02,41145.89,38023.84,41573.03,2024-09-12,41573.03,TARGET,10,0.74,CLOSED
PARADEEP,2022-07,33.0,2022-08-01,51.53,37.42,68.53,2022-09-15,68.53,TARGET,45,32.7,CLOSED
PARADEEP,2023-01,6.62,2023-02-01,61.65,54.79,65.73,2023-02-16,54.79,SL,15,-11.43,CLOSED
PATANJALI,2020-02,201.7,2020-03-02,21.03,7.3,63.45,2020-04-07,64.32,TARGET,36,205.54,CLOSED
PATANJALI,2020-04,140.37,2020-05-04,140.28,58.36,337.18,2020-06-17,348.95,TARGET,44,148.46,CLOSED
PATANJALI,2022-07,6.78,2022-08-01,368.3,323.4,393.26,2022-08-30,393.26,TARGET,29,6.48,CLOSED
PATANJALI,2022-08,7.71,2022-09-01,395.44,344.07,425.95,2022-09-05,425.95,TARGET,4,7.41,CLOSED
PATANJALI,2023-05,11.09,2023-06-01,336.2,297.59,373.49,2023-06-19,373.49,TARGET,18,10.79,CLOSED
PATANJALI,2023-10,10.39,2023-11-01,455.94,388.45,503.32,2023-12-06,503.32,TARGET,35,10.09,CLOSED
PATANJALI,2024-06,11.28,2024-07-01,530.27,382.72,590.08,2024-08-07,590.08,TARGET,37,10.98,CLOSED
PATANJALI,2024-08,12.91,2024-09-02,637.55,534.49,719.85,2024-10-04,534.49,SL,32,-16.47,CLOSED
PATANJALI,2024-10,6.52,2024-11-01,587.19,521.36,625.49,2024-11-07,625.49,TARGET,6,6.22,CLOSED
PATANJALI,2025-03,2.72,2025-04-01,593.08,556.41,609.2,2025-04-03,609.2,TARGET,2,2.42,CLOSED
PERSISTENT,2012-09,12.82,2012-10-01,91.2,80.2,102.89,2012-10-19,102.89,TARGET,18,12.52,CLOSED
PERSISTENT,2013-08,13.01,2013-09-02,125.09,109.3,141.36,2013-10-04,141.36,TARGET,32,12.71,CLOSED
PERSISTENT,2014-11,17.11,2014-12-01,328.03,278.08,384.15,2014-12-03,384.15,TARGET,2,16.81,CLOSED
PERSISTENT,2015-02,5.29,2015-03-02,401.72,353.19,422.95,2015-03-13,353.19,SL,11,-12.38,CLOSED
PERSISTENT,2016-01,3.32,2016-02-01,294.07,258.98,303.83,2016-02-01,303.83,TARGET,0,3.02,CLOSED
PERSISTENT,2017-09,7.62,2017-10-03,303.5,271.61,326.61,2017-12-29,326.61,TARGET,87,7.32,CLOSED
PERSISTENT,2017-12,9.74,2018-01-01,327.02,289.78,358.89,2018-01-15,358.89,TARGET,14,9.44,CLOSED
PERSISTENT,2018-11,6.91,2018-12-03,279.69,244.83,299.02,2019-02-04,299.02,TARGET,63,6.61,CLOSED
PERSISTENT,2020-06,20.84,2020-07-01,304.09,251.92,367.47,2020-07-15,367.47,TARGET,14,20.54,CLOSED
PERSISTENT,2021-05,24.76,2021-06-01,1221.7,954.32,1524.17,2021-07-26,1524.17,TARGET,55,24.46,CLOSED
PERSISTENT,2021-12,18.5,2022-01-03,2378.4,1978.79,2818.34,2022-01-24,1978.79,SL,21,-17.1,CLOSED
PERSISTENT,2022-11,12.5,2022-12-01,2029.31,1755.95,2282.98,2023-01-27,2282.98,TARGET,57,12.2,CLOSED
PERSISTENT,2023-04,2.77,2023-05-02,2323.06,1934.85,2387.44,2023-05-19,2387.44,TARGET,17,2.47,CLOSED
PERSISTENT,2023-05,8.47,2023-06-01,2518.88,2254.69,2732.18,2023-09-01,2732.18,TARGET,92,8.17,CLOSED
PERSISTENT,2023-10,6.27,2023-11-01,3029.57,2736.08,3219.54,2023-11-21,3219.54,TARGET,20,5.97,CLOSED
PETRONET,2009-08,4.51,2009-09-01,22.77,19.74,23.8,2009-09-07,23.92,TARGET,6,4.73,CLOSED
PETRONET,2013-11,6.52,2013-12-02,44.33,39.7,47.22,2013-12-17,39.7,SL,15,-10.75,CLOSED
PETRONET,2014-02,10.05,2014-03-03,40.38,36.1,44.44,2014-03-19,44.44,TARGET,16,9.75,CLOSED
PETRONET,2015-12,9.26,2016-01-01,87.48,79.95,95.58,2016-02-17,79.95,SL,47,-8.91,CLOSED
PETRONET,2016-06,7.55,2016-07-01,101.23,90.46,108.87,2016-08-11,108.87,TARGET,41,7.25,CLOSED
PETRONET,2016-08,18.07,2016-09-01,120.27,101.55,142.01,2017-02-27,142.01,TARGET,179,17.77,CLOSED
PETRONET,2018-08,8.25,2018-09-03,172.2,149.92,186.4,2018-10-04,149.92,SL,31,-13.24,CLOSED
PETRONET,2018-10,0.42,2018-11-01,159.93,145.01,160.61,2018-11-01,160.61,TARGET,0,0.12,CLOSED
PETRONET,2019-08,15.0,2019-09-03,197.1,165.64,226.67,2020-03-11,164.27,SL,190,-16.95,CLOSED
PETRONET,2020-04,21.68,2020-05-04,176.33,145.47,214.56,2020-12-08,215.62,TARGET,218,21.98,CLOSED
PETRONET,2022-11,6.98,2022-12-01,188.37,176.01,201.52,2023-01-24,201.52,TARGET,54,6.68,CLOSED
PETRONET,2023-04,3.52,2023-05-02,209.72,199.84,217.1,2023-05-04,199.84,SL,2,-5.01,CLOSED
PETRONET,2023-07,4.87,2023-08-01,208.97,196.35,219.15,2023-08-14,196.35,SL,13,-6.34,CLOSED
PETRONET,2023-11,5.29,2023-12-01,189.97,172.91,200.02,2023-12-15,200.02,TARGET,14,4.99,CLOSED
PETRONET,2024-12,3.93,2025-01-01,331.05,312.73,344.07,2025-01-02,312.73,SL,1,-5.83,CLOSED
PETRONET,2025-12,4.51,2026-01-01,281.65,260.49,294.34,2026-01-07,294.34,TARGET,6,4.21,CLOSED
PETRONET,2026-02,11.61,2026-03-02,311.41,277.8,347.57,2026-03-04,277.8,SL,2,-11.09,CLOSED
PETRONET,2026-08,7.07,2026-09-01,294.1,273.0,314.89,2026-09-30,284.5,OPEN,29,-3.56,OPEN
PHOENIXLTD,2009-04,63.6,2009-05-04,48.88,31.31,79.97,2009-09-07,79.97,TARGET,126,63.3,CLOSED
PHOENIXLTD,2014-03,8.77,2014-04-01,113.47,108.3,123.43,2014-04-17,123.43,TARGET,16,8.47,CLOSED
PHOENIXLTD,2015-01,8.74,2015-02-02,193.32,168.25,210.22,2015-03-24,168.25,SL,50,-13.27,CLOSED
PHOENIXLTD,2019-05,8.53,2019-06-03,323.58,278.58,351.19,2019-08-27,351.19,TARGET,85,8.23,CLOSED
PHOENIXLTD,2022-03,14.69,2022-04-01,542.68,438.63,622.41,2022-07-07,622.41,TARGET,97,14.39,CLOSED
PHOENIXLTD,2023-04,11.13,2023-05-02,717.88,626.45,797.75,2023-06-07,797.75,TARGET,36,10.83,CLOSED
PHOENIXLTD,2023-08,3.99,2023-09-01,895.81,820.2,931.57,2023-09-04,931.57,TARGET,3,3.69,CLOSED
PHOENIXLTD,2025-12,6.72,2026-01-01,1851.05,1696.25,1975.42,2026-01-12,1975.42,TARGET,11,6.42,CLOSED
PIDILITIND,2006-07,5.49,2006-08-01,19.97,17.83,21.07,2006-08-14,21.07,TARGET,13,5.19,CLOSED
PIDILITIND,2013-10,14.98,2013-11-01,133.76,116.57,153.79,2014-04-21,153.79,TARGET,171,14.68,CLOSED
PIDILITIND,2014-06,7.61,2014-07-01,153.23,132.96,164.89,2014-07-18,164.89,TARGET,17,7.31,CLOSED
PIDILITIND,2014-07,14.27,2014-08-01,174.68,149.17,199.61,2014-11-17,199.61,TARGET,108,13.97,CLOSED
PIDILITIND,2014-11,11.13,2014-12-01,218.01,185.67,242.28,2014-12-29,242.28,TARGET,28,10.83,CLOSED
PIDILITIND,2014-12,17.98,2015-01-01,255.12,192.22,300.98,2016-02-22,300.98,TARGET,417,17.68,CLOSED
PIDILITIND,2016-05,17.11,2016-06-01,338.69,276.66,396.65,2016-12-22,276.66,SL,204,-18.61,CLOSED
PIDILITIND,2017-08,5.64,2017-09-01,401.04,368.03,423.68,2017-11-01,368.03,SL,61,-8.53,CLOSED
PIDILITIND,2019-05,4.46,2019-06-03,622.86,525.57,650.66,2019-08-09,650.66,TARGET,67,4.16,CLOSED
PIDILITIND,2020-12,14.46,2021-01-01,859.16,743.56,983.42,2021-05-24,983.42,TARGET,143,14.16,CLOSED
PIDILITIND,2021-08,0.07,2021-09-01,1113.86,1057.95,1114.62,2021-09-01,1114.62,TARGET,0,-0.23,CLOSED
PIDILITIND,2022-07,17.8,2022-08-01,1207.47,1013.08,1422.34,2022-09-15,1422.34,TARGET,45,17.5,CLOSED
PIDILITIND,2023-05,7.8,2023-06-01,1278.89,1172.47,1378.59,2023-10-04,1172.47,SL,125,-8.62,CLOSED
PIDILITIND,2023-11,3.84,2023-12-01,1260.73,1175.01,1309.13,2023-12-20,1309.13,TARGET,19,3.54,CLOSED
PIDILITIND,2024-02,8.01,2024-03-01,1350.97,1227.99,1459.21,2024-03-26,1462.75,TARGET,25,7.97,CLOSED
PIDILITIND,2024-03,10.19,2024-04-01,1492.72,1319.6,1644.77,2024-09-27,1644.77,TARGET,179,9.89,CLOSED
PIDILITIND,2025-12,0.86,2026-01-01,1473.29,1427.32,1485.92,2026-01-05,1485.92,TARGET,4,0.56,CLOSED
PPLPHARMA,2023-11,21.15,2023-12-01,126.28,95.17,152.98,2024-05-03,152.98,TARGET,154,20.85,CLOSED
PPLPHARMA,2024-07,12.04,2024-08-01,176.39,145.16,197.63,2024-09-04,197.63,TARGET,34,11.74,CLOSED
POLYMED,2013-04,9.38,2013-05-02,53.41,49.91,58.42,2013-05-02,58.42,TARGET,0,9.08,CLOSED
POLYMED,2025-10,2.65,2025-11-03,2000.9,1830.55,2053.9,2025-11-10,1830.55,SL,7,-8.81,CLOSED
POLYCAB,2019-06,2.36,2019-07-01,602.16,555.63,616.34,2019-07-01,616.34,TARGET,0,2.06,CLOSED
POLYCAB,2019-08,9.7,2019-09-03,586.4,504.83,643.27,2019-09-23,643.27,TARGET,20,9.4,CLOSED
POLYCAB,2022-07,5.28,2022-08-01,2288.44,2061.17,2409.3,2022-08-11,2409.3,TARGET,10,4.98,CLOSED
POLYCAB,2023-01,13.71,2023-02-01,2888.96,2494.22,3284.96,2023-05-08,3284.96,TARGET,96,13.41,CLOSED
POLYCAB,2023-08,6.36,2023-09-01,5063.7,4424.3,5385.65,2023-10-17,5385.65,TARGET,46,6.06,CLOSED
POLYCAB,2024-07,2.23,2024-08-01,6829.2,5869.2,6981.47,2024-09-27,6981.47,TARGET,57,1.93,CLOSED
POLYCAB,2024-11,12.61,2024-12-02,7233.01,6193.29,8145.46,2025-01-13,6193.29,SL,42,-14.67,CLOSED
POLYCAB,2025-06,9.96,2025-07-01,6529.52,5700.9,7179.81,2025-09-03,7179.81,TARGET,64,9.66,CLOSED
POLYCAB,2025-12,1.99,2026-01-01,7579.04,6899.26,7730.21,2026-01-02,7730.21,TARGET,1,1.69,CLOSED
POLYCAB,2026-08,3.72,2026-09-01,9200.0,8906.0,9541.98,2026-09-01,8906.0,SL,0,-3.5,CLOSED
POONAWALLA,2005-06,40.46,2005-07-01,23.93,15.47,33.62,2005-08-17,33.69,TARGET,47,40.48,CLOSED
POONAWALLA,2023-07,15.56,2023-08-01,392.24,335.28,453.27,2023-11-03,335.28,SL,94,-14.82,CLOSED
POONAWALLA,2023-11,16.01,2023-12-01,410.26,334.88,475.96,2024-01-10,475.96,TARGET,40,15.71,CLOSED
POONAWALLA,2025-05,7.59,2025-06-02,404.35,362.15,435.06,2025-06-23,435.06,TARGET,21,7.29,CLOSED
POONAWALLA,2025-06,15.43,2025-07-01,464.1,396.7,535.71,2025-10-06,535.71,TARGET,97,15.13,CLOSED
POONAWALLA,2026-06,15.2,2026-07-01,441.1,370.05,508.16,2026-08-14,508.16,TARGET,44,14.9,CLOSED
PFC,2012-06,20.05,2012-07-02,32.72,26.43,39.28,2013-02-04,39.28,TARGET,217,19.75,CLOSED
PFC,2013-11,18.42,2013-12-02,30.3,25.55,35.88,2014-01-27,25.55,SL,56,-15.96,CLOSED
PFC,2014-02,28.32,2014-03-03,33.53,24.78,43.02,2014-05-12,43.02,TARGET,70,28.02,CLOSED
PFC,2016-08,13.77,2016-09-01,55.86,47.71,63.56,2016-11-09,47.71,SL,69,-14.89,CLOSED
PFC,2017-03,11.05,2017-04-03,68.41,58.42,75.97,2017-04-11,75.97,TARGET,8,10.75,CLOSED
PFC,2018-07,12.94,2018-08-01,43.39,33.44,49.0,2018-11-06,49.0,TARGET,97,12.64,CLOSED
PFC,2018-12,24.18,2019-01-01,52.9,41.16,65.69,2019-06-06,65.69,TARGET,156,23.88,CLOSED
PFC,2019-10,9.81,2019-11-01,53.99,44.8,59.29,2019-11-20,59.29,TARGET,19,9.51,CLOSED
PFC,2019-12,2.97,2020-01-01,58.28,53.1,60.01,2020-01-03,60.01,TARGET,2,2.67,CLOSED
PFC,2022-07,11.01,2022-08-01,74.97,66.38,83.22,2022-10-17,66.38,SL,77,-11.75,CLOSED
PFC,2022-10,10.18,2022-11-01,75.39,66.11,83.06,2022-11-24,83.06,TARGET,23,9.88,CLOSED
PFC,2023-04,11.96,2023-05-02,117.71,104.33,131.79,2023-06-05,131.79,TARGET,34,11.66,CLOSED
PFC,2023-07,21.07,2023-08-01,184.48,151.66,223.36,2023-09-27,223.36,TARGET,57,20.77,CLOSED
PFC,2023-09,21.01,2023-10-03,220.8,176.32,267.19,2023-11-13,267.19,TARGET,41,20.71,CLOSED
PFC,2023-11,37.74,2023-12-01,303.34,209.23,417.83,2024-02-07,417.83,TARGET,68,37.44,CLOSED
POWERGRID,2011-03,2.98,2011-04-01,32.38,30.57,33.34,2011-04-01,33.34,TARGET,0,2.68,CLOSED
POWERGRID,2012-01,4.0,2012-02-01,33.78,31.81,35.13,2012-02-06,35.13,TARGET,5,3.7,CLOSED
POWERGRID,2012-06,6.97,2012-07-02,37.04,33.29,39.62,2012-08-10,39.62,TARGET,39,6.67,CLOSED
POWERGRID,2013-04,6.05,2013-05-02,37.24,34.4,39.5,2013-06-25,34.4,SL,54,-7.94,CLOSED
POWERGRID,2014-10,7.8,2014-11-03,50.78,45.93,54.74,2014-12-16,45.93,SL,43,-9.86,CLOSED
POWERGRID,2015-02,6.15,2015-03-02,54.68,48.53,58.04,2015-05-07,48.53,SL,66,-11.55,CLOSED
POWERGRID,2015-07,2.08,2015-08-03,49.11,47.49,50.14,2015-08-11,47.49,SL,8,-3.6,CLOSED
POWERGRID,2015-11,5.79,2015-12-01,47.9,44.57,50.67,2016-01-04,50.67,TARGET,34,5.49,CLOSED
POWERGRID,2016-01,4.75,2016-02-01,52.05,45.94,54.52,2016-02-29,45.94,SL,28,-12.03,CLOSED
POWERGRID,2016-06,8.73,2016-07-01,58.03,52.41,63.1,2016-07-28,63.1,TARGET,27,8.43,CLOSED
POWERGRID,2016-08,4.37,2016-09-01,64.93,61.02,67.77,2016-11-09,60.65,SL,69,-6.89,CLOSED
POWERGRID,2017-01,12.92,2017-02-01,74.42,65.15,84.03,2018-07-20,65.15,SL,534,-12.76,CLOSED
POWERGRID,2018-08,10.53,2018-09-03,74.83,66.46,82.71,2018-12-10,66.46,SL,98,-11.49,CLOSED
POWERGRID,2018-12,10.27,2019-01-01,73.9,66.11,81.49,2019-02-14,66.11,SL,44,-10.83,CLOSED
POWERGRID,2022-08,8.37,2022-09-01,141.96,133.77,153.84,2022-09-23,133.77,SL,22,-6.07,CLOSED
POWERGRID,2022-10,7.52,2022-11-01,145.5,128.68,156.43,2023-04-17,156.43,TARGET,167,7.22,CLOSED
POWERGRID,2023-07,4.27,2023-08-01,173.22,156.49,180.62,2023-09-12,182.44,TARGET,42,5.03,CLOSED
POWERGRID,2024-01,9.32,2024-02-01,237.29,207.1,259.4,2024-02-05,259.4,TARGET,4,9.02,CLOSED
POWERGRID,2024-04,9.01,2024-05-02,281.26,250.01,306.61,2024-06-03,312.05,TARGET,32,10.65,CLOSED
POWERGRID,2025-06,3.5,2025-07-01,290.12,271.62,300.28,2025-08-26,271.62,SL,56,-6.68,CLOSED
PRESTIGE,2023-04,21.7,2023-05-02,483.69,405.2,588.66,2023-06-14,588.66,TARGET,43,21.4,CLOSED
PRESTIGE,2024-04,17.97,2024-05-02,1371.32,1156.15,1617.75,2024-05-21,1617.75,TARGET,19,17.67,CLOSED
PFOCUS,2007-08,5.02,2007-09-03,90.0,74.61,94.52,2007-09-07,94.52,TARGET,4,4.72,CLOSED
PFOCUS,2007-10,29.34,2007-11-01,134.8,87.11,174.35,2008-01-22,86.4,SL,82,-36.21,CLOSED
PFOCUS,2010-06,16.83,2010-07-01,31.33,25.7,36.6,2010-07-15,36.6,TARGET,14,16.53,CLOSED
PFOCUS,2010-07,21.49,2010-08-02,38.4,29.8,46.65,2010-08-04,46.65,TARGET,2,21.19,CLOSED
PFOCUS,2014-12,5.45,2015-01-01,51.7,48.5,54.52,2015-01-02,48.5,SL,1,-6.49,CLOSED
PFOCUS,2022-01,8.9,2022-02-01,80.3,64.1,87.44,2022-02-03,88.5,TARGET,2,9.91,CLOSED
PRIVISCL,2018-07,8.19,2018-08-01,300.75,270.68,325.39,2018-08-10,329.43,TARGET,9,9.24,CLOSED
PRIVISCL,2019-03,11.75,2019-04-01,350.97,302.42,392.22,2019-05-20,407.94,TARGET,49,15.93,CLOSED
PRIVISCL,2021-07,43.18,2021-08-02,1620.77,1107.53,2320.57,2022-05-11,1107.53,SL,282,-31.97,CLOSED
PRIVISCL,2026-02,8.07,2026-03-02,2941.74,2674.59,3179.05,2026-04-22,3179.05,TARGET,51,7.77,CLOSED
PRIVISCL,2026-04,15.95,2026-05-01,3350.7,2828.16,3885.25,2026-09-30,3586.6,OPEN,152,6.74,OPEN
PNB,2005-09,12.13,2005-10-03,63.16,55.75,70.82,2005-10-20,55.75,SL,17,-12.03,CLOSED
PNB,2007-09,12.03,2007-10-01,75.55,69.23,84.63,2007-10-19,69.07,SL,18,-8.87,CLOSED
PNB,2010-03,12.4,2010-04-01,159.18,141.26,178.93,2010-05-06,179.71,TARGET,35,12.6,CLOSED
PNB,2011-06,1.11,2011-07-01,177.27,167.55,179.25,2011-07-04,179.25,TARGET,3,0.81,CLOSED
PNB,2012-06,9.96,2012-07-02,136.38,115.56,149.97,2012-08-27,115.56,SL,56,-15.57,CLOSED
PNB,2012-11,6.3,2012-12-03,131.07,120.74,139.32,2012-12-10,139.32,TARGET,7,6.0,CLOSED
PNB,2012-12,11.01,2013-01-01,146.51,129.41,162.63,2013-02-28,129.41,SL,58,-11.97,CLOSED
PNB,2013-10,17.98,2013-11-01,95.17,78.95,112.28,2014-01-02,112.28,TARGET,62,17.68,CLOSED
PNB,2014-11,15.2,2014-12-01,189.95,161.81,218.81,2015-02-03,161.81,SL,64,-15.11,CLOSED
PNB,2016-06,34.05,2016-07-01,95.66,68.03,128.24,2016-09-07,128.24,TARGET,68,33.75,CLOSED
PNB,2019-03,31.88,2019-04-01,86.65,65.55,114.27,2019-07-08,65.55,SL,98,-24.65,CLOSED
PNB,2023-04,12.12,2023-05-02,48.42,42.8,54.29,2023-07-05,54.29,TARGET,64,11.82,CLOSED
PNB,2024-01,19.48,2024-02-01,107.34,87.13,128.24,2024-04-05,128.24,TARGET,64,19.18,CLOSED
PNB,2025-05,5.6,2025-06-02,100.58,84.47,106.21,2025-06-09,106.21,TARGET,7,5.3,CLOSED
PNB,2025-06,7.45,2025-07-01,107.52,96.85,115.53,2025-10-20,115.53,TARGET,111,7.15,CLOSED
PNB,2025-10,8.92,2025-11-03,119.62,108.06,130.29,2026-01-19,130.29,TARGET,77,8.62,CLOSED
PNB,2026-07,5.64,2026-08-03,113.01,100.45,119.39,2026-08-12,119.39,TARGET,9,5.34,CLOSED
RRKABEL,2026-02,13.75,2026-03-02,1521.17,1311.29,1730.34,2026-03-23,1311.29,SL,21,-14.1,CLOSED
RBLBANK,2016-10,28.66,2016-11-01,380.77,283.51,489.88,2017-03-22,489.88,TARGET,141,28.36,CLOSED
RBLBANK,2017-08,1.84,2017-09-01,524.6,458.01,534.26,2018-02-05,458.01,SL,157,-12.99,CLOSED
RBLBANK,2019-03,18.42,2019-04-01,660.06,559.54,781.65,2019-07-16,559.54,SL,106,-15.53,CLOSED
RBLBANK,2021-09,15.35,2021-10-01,184.4,162.28,212.7,2021-11-09,212.7,TARGET,39,15.05,CLOSED
RBLBANK,2023-04,14.67,2023-05-02,156.2,136.84,179.12,2023-05-19,136.84,SL,17,-12.7,CLOSED
RBLBANK,2023-06,12.25,2023-07-03,179.15,159.34,201.09,2023-07-14,201.09,TARGET,11,11.95,CLOSED
RBLBANK,2025-06,16.62,2025-07-01,245.47,204.23,286.26,2025-10-08,286.26,TARGET,99,16.32,CLOSED
RBLBANK,2025-12,1.09,2026-01-01,313.14,293.24,316.55,2026-01-02,316.55,TARGET,1,0.79,CLOSED
RECLTD,2009-11,22.44,2009-12-01,32.77,25.96,40.13,2010-06-22,40.13,TARGET,203,22.14,CLOSED
RECLTD,2012-06,16.52,2012-07-02,27.63,22.55,32.2,2012-09-21,32.2,TARGET,81,16.22,CLOSED
RECLTD,2013-11,16.78,2013-12-02,34.26,29.0,40.01,2014-01-17,29.0,SL,46,-15.65,CLOSED
RECLTD,2014-02,12.19,2014-03-03,30.36,26.29,34.06,2014-03-18,34.06,TARGET,15,11.89,CLOSED
RECLTD,2014-10,20.82,2014-11-03,47.7,37.1,57.63,2015-03-02,57.63,TARGET,119,20.52,CLOSED
RECLTD,2016-06,8.34,2016-07-01,30.63,27.21,33.18,2016-07-05,33.18,TARGET,4,8.04,CLOSED
RECLTD,2016-08,14.8,2016-09-01,42.8,37.14,49.13,2016-10-19,49.13,TARGET,48,14.5,CLOSED
RECLTD,2018-07,11.75,2018-08-01,47.22,35.65,52.77,2019-02-21,52.77,TARGET,204,11.45,CLOSED
RECLTD,2019-02,9.34,2019-03-01,56.29,47.01,61.55,2019-03-15,61.55,TARGET,14,9.04,CLOSED
RECLTD,2019-10,13.52,2019-11-01,61.62,52.65,69.95,2020-03-09,52.65,SL,129,-14.86,CLOSED
RECLTD,2022-06,3.86,2022-07-01,69.23,61.81,71.9,2022-07-04,71.9,TARGET,3,3.56,CLOSED
RECLTD,2022-07,9.9,2022-08-01,77.25,67.7,84.9,2022-08-26,84.98,TARGET,25,9.7,CLOSED
RECLTD,2022-08,10.69,2022-09-01,84.28,76.93,93.28,2022-09-26,76.93,SL,25,-9.02,CLOSED
RECLTD,2022-10,9.1,2022-11-01,80.37,71.05,87.69,2022-11-25,87.69,TARGET,24,8.8,CLOSED
RECLTD,2023-04,14.47,2023-05-02,112.8,97.42,129.11,2023-06-12,129.11,TARGET,41,14.17,CLOSED
RECLTD,2023-07,26.59,2023-08-01,175.63,137.69,222.33,2023-09-08,222.33,TARGET,38,26.29,CLOSED
RECLTD,2023-11,22.56,2023-12-01,314.59,239.52,385.57,2023-12-13,385.57,TARGET,12,22.26,CLOSED
RECLTD,2024-04,12.45,2024-05-02,459.37,371.44,516.57,2024-05-27,516.57,TARGET,25,12.15,CLOSED
RECLTD,2026-07,3.69,2026-08-03,372.33,340.25,386.07,2026-08-11,340.25,SL,8,-8.91,CLOSED
RHIM,2013-02,3.19,2013-03-01,32.7,31.6,33.74,2013-04-09,31.43,SL,39,-4.2,CLOSED
RHIM,2014-06,35.07,2014-07-01,80.15,57.8,108.25,2015-02-09,108.75,TARGET,223,35.39,CLOSED
RHIM,2016-10,10.0,2016-11-01,121.55,101.48,133.71,2016-11-09,101.3,SL,8,-16.96,CLOSED
RHIM,2018-07,23.02,2018-08-01,205.72,156.4,253.09,2018-08-27,253.09,TARGET,26,22.72,CLOSED
RHIM,2021-07,9.87,2021-08-02,344.56,307.97,378.58,2021-08-04,378.58,TARGET,2,9.57,CLOSED
RHIM,2022-08,14.02,2022-09-01,580.31,486.76,661.68,2022-09-21,661.68,TARGET,20,13.72,CLOSED
RITES,2023-01,6.54,2023-02-01,158.59,139.21,168.97,2023-02-22,139.21,SL,21,-12.52,CLOSED
RADICO,2013-09,11.92,2013-10-01,128.52,105.16,143.84,2013-10-11,143.84,TARGET,10,11.62,CLOSED
RADICO,2015-12,5.1,2016-01-01,115.1,95.5,120.97,2016-01-11,120.97,TARGET,10,4.8,CLOSED
RADICO,2022-06,8.47,2022-07-01,862.74,764.1,935.78,2022-07-19,946.84,TARGET,18,9.45,CLOSED
RADICO,2023-01,11.35,2023-02-01,1123.84,1000.22,1251.45,2023-07-03,1251.45,TARGET,152,11.05,CLOSED
RADICO,2024-03,10.06,2024-04-01,1732.6,1465.4,1906.93,2024-06-04,1465.4,SL,64,-15.72,CLOSED
RADICO,2024-11,3.31,2024-12-02,2439.09,2178.1,2519.93,2024-12-18,2519.93,TARGET,16,3.01,CLOSED
RADICO,2024-12,6.02,2025-01-01,2596.37,2310.42,2752.76,2025-01-10,2310.42,SL,9,-11.31,CLOSED
RADICO,2025-03,17.17,2025-04-01,2420.16,1980.13,2835.65,2025-08-01,2835.65,TARGET,122,16.87,CLOSED
RADICO,2026-06,12.13,2026-07-01,3937.26,3418.91,4414.96,2026-07-29,4414.96,TARGET,28,11.83,CLOSED
RAILTEL,2022-08,3.85,2022-09-01,95.34,89.28,99.01,2022-09-08,99.01,TARGET,7,3.55,CLOSED
RAILTEL,2023-08,27.83,2023-09-01,204.4,157.9,261.29,2023-11-17,261.29,TARGET,77,27.53,CLOSED
RAINBOW,2023-05,25.01,2023-06-01,972.2,766.17,1215.38,2024-01-01,1215.38,TARGET,214,24.71,CLOSED
RAINBOW,2024-08,7.0,2024-09-02,1273.56,1124.11,1362.75,2024-09-19,1362.75,TARGET,17,6.7,CLOSED
RAINBOW,2026-05,10.22,2026-06-01,1391.73,1233.6,1533.98,2026-07-30,1533.98,TARGET,59,9.92,CLOSED
RKFORGE,2008-04,10.67,2008-05-02,39.13,32.31,43.31,2008-06-03,32.31,SL,32,-17.73,CLOSED
RKFORGE,2009-05,73.2,2009-06-01,11.92,6.69,20.64,2010-01-08,20.99,TARGET,221,75.86,CLOSED
RKFORGE,2014-07,26.72,2014-08-01,42.29,36.31,53.59,2014-11-05,53.59,TARGET,96,26.42,CLOSED
RKFORGE,2019-12,5.41,2020-01-01,74.8,60.09,78.84,2020-01-16,79.13,TARGET,15,5.5,CLOSED
RKFORGE,2026-07,15.27,2026-08-03,659.7,550.05,760.42,2026-08-10,760.42,TARGET,7,14.97,CLOSED
REDINGTON,2014-03,13.38,2014-04-01,26.81,21.96,30.39,2014-04-28,30.39,TARGET,27,13.08,CLOSED
REDINGTON,2014-11,15.9,2014-12-01,41.12,32.81,47.66,2014-12-05,47.66,TARGET,4,15.6,CLOSED
REDINGTON,2015-07,24.24,2015-08-03,41.04,32.78,50.99,2016-11-09,32.78,SL,464,-20.44,CLOSED
REDINGTON,2017-03,3.24,2017-04-03,40.69,37.55,42.01,2017-04-07,42.01,TARGET,4,2.94,CLOSED
REDINGTON,2021-05,47.16,2021-06-01,108.12,71.86,159.11,2022-11-25,159.11,TARGET,542,46.86,CLOSED
REDINGTON,2024-10,5.3,2024-11-01,187.61,151.82,197.56,2024-12-04,197.56,TARGET,33,5.0,CLOSED
RELIANCE,2006-06,12.35,2006-07-03,105.18,79.95,118.17,2006-09-27,118.17,TARGET,86,12.05,CLOSED
RELIANCE,2007-03,2.24,2007-04-02,135.46,123.66,138.49,2007-04-09,138.49,TARGET,7,1.94,CLOSED
RELIANCE,2007-08,3.56,2007-09-03,196.04,168.28,203.02,2007-09-13,203.02,TARGET,10,3.26,CLOSED
RELIANCE,2010-06,4.23,2010-07-01,220.93,202.81,230.28,2010-08-09,202.81,SL,39,-8.5,CLOSED
RELIANCE,2011-03,8.8,2011-04-01,213.81,196.47,232.62,2011-05-02,196.47,SL,31,-8.41,CLOSED
RELIANCE,2012-06,4.57,2012-07-02,153.28,140.34,160.29,2012-08-06,160.29,TARGET,35,4.27,CLOSED
RELIANCE,2013-10,11.22,2013-11-01,191.96,172.47,213.5,2014-02-04,171.8,SL,95,-10.8,CLOSED
RELIANCE,2014-03,16.35,2014-04-01,197.42,168.14,229.7,2014-05-16,232.19,TARGET,45,17.31,CLOSED
RELIANCE,2014-10,5.8,2014-11-03,213.86,194.16,226.26,2014-12-11,194.16,SL,38,-9.51,CLOSED
RELIANCE,2015-12,4.91,2016-01-01,217.8,196.89,228.5,2016-01-11,228.5,TARGET,10,4.61,CLOSED
RELIANCE,2016-12,9.33,2017-01-02,236.44,215.17,258.49,2017-02-22,258.49,TARGET,51,9.03,CLOSED
RELIANCE,2017-07,17.97,2017-08-01,356.76,299.04,420.88,2017-10-26,420.88,TARGET,86,17.67,CLOSED
RELIANCE,2018-07,21.96,2018-08-01,526.92,423.6,642.63,2019-10-27,642.63,TARGET,452,21.66,CLOSED
RELIANCE,2022-10,7.23,2022-11-01,1181.43,1064.69,1266.82,2023-01-27,1064.69,SL,87,-10.18,CLOSED
RELIANCE,2023-04,3.84,2023-05-02,1107.0,1049.0,1149.48,2023-05-29,1149.48,TARGET,27,3.54,CLOSED
RELIANCE,2024-06,9.44,2024-07-01,1543.91,1343.1,1689.62,2024-10-15,1343.1,SL,106,-13.31,CLOSED
RELIANCE,2025-04,10.19,2025-05-02,1401.89,1105.3,1544.71,2025-11-21,1544.71,TARGET,203,9.89,CLOSED
RELIANCE,2025-11,5.46,2025-12-01,1567.75,1463.33,1653.29,2026-01-08,1463.33,SL,38,-6.96,CLOSED
RELIANCE,2026-04,6.47,2026-05-01,1424.22,1284.06,1516.31,2026-06-08,1277.0,SL,38,-10.64,CLOSED
RPOWER,2011-10,24.43,2011-11-01,92.58,74.36,115.19,2011-12-15,73.47,SL,44,-20.93,CLOSED
RPOWER,2014-03,14.14,2014-04-01,69.75,58.88,79.61,2014-05-19,79.61,TARGET,48,13.84,CLOSED
RPOWER,2014-10,8.61,2014-11-03,75.38,66.91,81.87,2014-11-25,66.91,SL,22,-11.54,CLOSED
RPOWER,2017-02,6.03,2017-03-01,47.6,42.65,50.47,2017-04-05,50.47,TARGET,35,5.73,CLOSED
RPOWER,2020-04,84.0,2020-05-04,2.25,1.25,4.14,2020-06-30,4.25,TARGET,57,88.59,CLOSED
RPOWER,2020-06,123.68,2020-07-01,4.45,1.9,9.95,2021-06-07,10.2,TARGET,341,128.91,CLOSED
RPOWER,2024-03,16.74,2024-04-01,28.85,19.4,33.68,2024-04-05,33.9,TARGET,4,17.2,CLOSED
RPOWER,2024-07,13.52,2024-08-01,33.39,25.75,37.9,2024-08-22,37.94,TARGET,21,13.33,CLOSED
RPOWER,2024-09,59.23,2024-10-01,51.09,29.21,81.35,2026-01-23,29.21,SL,479,-43.13,CLOSED
SBICARD,2021-07,6.84,2021-08-02,1020.96,908.74,1090.77,2021-08-27,1090.77,TARGET,25,6.54,CLOSED
SBICARD,2025-01,17.23,2025-02-01,769.99,659.71,902.63,2025-04-17,902.63,TARGET,75,16.93,CLOSED
SBICARD,2025-05,5.44,2025-06-02,917.83,858.99,967.74,2025-06-06,967.74,TARGET,4,5.14,CLOSED
SBICARD,2026-07,11.29,2026-08-03,661.0,579.9,735.6,2026-09-30,579.9,SL,58,-12.57,CLOSED
SBILIFE,2019-04,4.18,2019-05-02,632.24,574.45,658.7,2019-05-06,658.7,TARGET,4,3.88,CLOSED
SBILIFE,2019-09,0.92,2019-10-01,835.81,767.74,843.48,2019-10-16,843.48,TARGET,15,0.62,CLOSED
SBILIFE,2020-07,13.19,2020-08-03,900.02,792.34,1018.77,2020-09-22,792.34,SL,50,-12.26,CLOSED
SBILIFE,2020-12,6.88,2021-01-01,892.12,815.26,953.49,2021-03-09,953.49,TARGET,67,6.58,CLOSED
SBILIFE,2021-08,8.51,2021-09-01,1178.01,1084.68,1278.21,2022-01-17,1278.21,TARGET,138,8.21,CLOSED
SBILIFE,2022-05,6.21,2022-06-01,1153.4,1025.55,1225.02,2022-07-29,1253.35,TARGET,58,8.37,CLOSED
SBILIFE,2022-07,19.67,2022-08-01,1290.38,1067.04,1544.25,2023-02-01,1067.04,SL,184,-17.61,CLOSED
SBILIFE,2023-05,8.32,2023-06-01,1235.2,1128.55,1338.02,2023-08-08,1338.02,TARGET,68,8.02,CLOSED
SBILIFE,2023-10,4.78,2023-11-01,1364.1,1257.94,1429.35,2023-11-22,1429.35,TARGET,21,4.48,CLOSED
SBILIFE,2023-11,4.93,2023-12-01,1430.76,1313.7,1501.26,2024-02-16,1501.26,TARGET,77,4.63,CLOSED
SBILIFE,2024-06,7.61,2024-07-01,1487.05,1303.4,1600.26,2024-07-15,1600.26,TARGET,14,7.31,CLOSED
SBILIFE,2025-04,14.08,2025-05-02,1758.56,1428.56,2006.17,2025-11-10,2006.17,TARGET,192,13.78,CLOSED
SBILIFE,2025-12,3.5,2026-01-01,2032.08,1948.49,2103.29,2026-01-07,2103.29,TARGET,6,3.2,CLOSED
SJVN,2011-03,9.63,2011-04-01,9.83,8.69,10.78,2011-09-02,11.12,TARGET,154,12.87,CLOSED
SJVN,2013-01,5.39,2013-02-01,11.02,9.87,11.61,2013-02-28,9.87,SL,27,-10.7,CLOSED
SJVN,2013-04,5.82,2013-05-02,9.75,9.24,10.32,2013-05-29,10.32,TARGET,27,5.52,CLOSED
SJVN,2015-12,11.78,2016-01-01,18.12,15.53,20.25,2016-01-18,15.53,SL,17,-14.61,CLOSED
SJVN,2016-06,3.07,2016-07-01,16.19,15.68,16.69,2016-07-01,16.69,TARGET,0,2.77,CLOSED
SHRIPISTON,2016-07,165.25,2016-08-01,1029.72,388.2,2731.32,2019-07-17,388.2,SL,1080,-62.6,CLOSED
SHRIPISTON,2021-07,19.42,2021-08-02,509.47,422.76,608.43,2021-08-26,422.76,SL,24,-17.32,CLOSED
SHRIPISTON,2026-06,23.49,2026-07-01,4204.95,3259.19,5192.51,2026-09-30,4653.7,OPEN,91,10.37,OPEN
SRF,2007-06,10.7,2007-07-02,21.01,15.66,23.26,2007-08-17,15.66,SL,46,-25.74,CLOSED
SRF,2016-06,1.21,2016-07-01,250.51,228.31,253.55,2016-07-04,253.55,TARGET,3,0.91,CLOSED
SRF,2016-07,11.65,2016-08-01,280.51,247.27,313.19,2016-08-09,313.19,TARGET,8,11.35,CLOSED
SRF,2016-08,17.89,2016-09-01,331.3,278.97,390.58,2016-11-17,278.97,SL,77,-16.1,CLOSED
SRF,2017-12,8.18,2018-01-01,382.63,339.58,413.93,2018-02-01,339.58,SL,31,-11.55,CLOSED
SRF,2018-10,12.85,2018-11-01,374.97,313.77,423.16,2018-11-30,423.16,TARGET,29,12.55,CLOSED
SRF,2018-11,12.09,2018-12-03,420.62,374.19,471.48,2018-12-26,374.19,SL,23,-11.34,CLOSED
SRF,2019-02,14.42,2019-03-01,448.06,378.39,512.67,2019-05-15,512.67,TARGET,75,14.12,CLOSED
SRF,2019-12,7.32,2020-01-01,670.11,619.81,719.18,2020-01-24,719.18,TARGET,23,7.02,CLOSED
SRF,2021-06,11.71,2021-07-01,1439.85,1270.16,1608.43,2021-07-30,1608.43,TARGET,29,11.41,CLOSED
SRF,2021-07,19.01,2021-08-02,1702.27,1425.31,2025.85,2021-08-31,2025.85,TARGET,29,18.71,CLOSED
SRF,2021-09,11.24,2021-10-01,2229.08,1933.86,2479.55,2021-10-12,2479.55,TARGET,11,10.94,CLOSED
SRF,2021-12,20.65,2022-01-03,2381.72,1962.38,2873.6,2025-01-31,2873.6,TARGET,1124,20.35,CLOSED
SRF,2025-06,13.32,2025-07-01,3233.62,2804.99,3664.36,2025-08-28,2804.99,SL,58,-13.56,CLOSED
SAGILITY,2025-07,13.13,2025-08-01,47.04,40.47,53.21,2025-10-30,53.32,TARGET,90,13.07,CLOSED
SAGILITY,2026-08,8.66,2026-09-01,47.05,41.77,51.12,2026-09-30,42.58,OPEN,29,-9.8,OPEN
SAILIFE,2026-02,19.53,2026-03-02,992.5,783.85,1186.33,2026-06-05,1186.33,TARGET,95,19.23,CLOSED
SAMMAANCAP,2015-06,4.45,2015-07-01,411.29,356.4,429.58,2015-07-02,429.58,TARGET,1,4.15,CLOSED
SAMMAANCAP,2015-09,5.17,2015-10-01,532.88,461.39,560.4,2015-11-09,461.26,SL,39,-13.74,CLOSED
SAMMAANCAP,2015-12,6.25,2016-01-01,496.81,439.6,527.87,2016-01-18,439.6,SL,17,-11.82,CLOSED
SAMMAANCAP,2017-03,14.51,2017-04-03,714.74,596.86,818.47,2017-05-08,818.47,TARGET,35,14.21,CLOSED
SAMMAANCAP,2017-05,15.08,2017-06-01,835.19,730.46,961.15,2017-09-08,963.02,TARGET,99,15.0,CLOSED
SAMMAANCAP,2023-04,10.58,2023-05-02,94.96,85.69,105.0,2023-05-29,105.0,TARGET,27,10.28,CLOSED
SAMMAANCAP,2025-09,29.77,2025-10-01,159.0,123.5,206.33,2026-09-30,136.54,OPEN,364,-14.43,OPEN
MOTHERSON,2006-03,24.71,2006-04-03,1.9,1.33,2.37,2006-06-08,1.33,SL,66,-30.03,CLOSED
MOTHERSON,2011-02,10.01,2011-03-01,5.68,4.66,6.25,2011-03-18,6.25,TARGET,17,9.71,CLOSED
MOTHERSON,2013-04,0.33,2013-05-02,8.91,7.95,8.94,2013-05-02,8.94,TARGET,0,0.03,CLOSED
MOTHERSON,2013-10,17.35,2013-11-01,12.62,10.44,14.81,2014-01-09,14.81,TARGET,69,17.05,CLOSED
MOTHERSON,2014-06,8.25,2014-07-01,22.68,20.53,24.55,2014-07-03,24.55,TARGET,2,7.95,CLOSED
MOTHERSON,2014-12,6.87,2015-01-01,32.27,27.75,34.49,2015-03-09,34.49,TARGET,67,6.57,CLOSED
MOTHERSON,2015-03,12.36,2015-04-01,36.51,32.32,41.03,2015-04-27,32.32,SL,26,-11.79,CLOSED
MOTHERSON,2015-06,6.52,2015-07-01,36.53,31.73,38.91,2015-08-04,38.91,TARGET,34,6.22,CLOSED
MOTHERSON,2016-07,14.24,2016-08-01,35.98,29.7,41.1,2017-03-29,41.1,TARGET,240,13.94,CLOSED
MOTHERSON,2017-04,7.89,2017-05-02,43.48,40.1,46.91,2017-05-22,46.91,TARGET,20,7.59,CLOSED
MOTHERSON,2017-05,12.29,2017-06-01,48.78,42.53,54.78,2017-08-04,54.78,TARGET,64,11.99,CLOSED
MOTHERSON,2017-10,8.56,2017-11-01,60.42,54.81,65.6,2018-02-16,54.81,SL,107,-9.59,CLOSED
MOTHERSON,2020-12,11.58,2021-01-01,43.43,36.72,48.46,2021-02-12,48.46,TARGET,42,11.28,CLOSED
MOTHERSON,2022-11,15.89,2022-12-01,48.9,41.79,56.67,2023-03-27,41.79,SL,116,-14.83,CLOSED
MOTHERSON,2023-04,9.39,2023-05-02,48.25,43.59,52.78,2023-05-19,52.78,TARGET,17,9.09,CLOSED
MOTHERSON,2023-12,10.76,2024-01-01,67.49,59.21,74.74,2024-01-25,74.74,TARGET,24,10.46,CLOSED
SANSERA,2023-03,2.57,2023-04-03,741.69,698.43,760.73,2023-05-11,760.73,TARGET,38,2.27,CLOSED
SANSERA,2026-08,20.05,2026-09-01,4080.79,3354.92,4899.04,2026-09-30,4537.5,OPEN,29,10.89,OPEN
SARDAEN,2023-07,37.48,2023-08-01,200.71,140.78,275.92,2024-05-03,275.92,TARGET,276,37.18,CLOSED
SCHAEFFLER,2008-03,3.44,2008-04-01,101.38,70.86,104.87,2008-06-20,70.86,SL,80,-30.41,CLOSED
SCHAEFFLER,2011-03,5.87,2011-04-01,155.88,138.6,165.03,2011-04-08,165.03,TARGET,7,5.57,CLOSED
SCHAEFFLER,2011-06,7.62,2011-07-01,219.28,198.58,235.98,2011-07-14,235.98,TARGET,13,7.32,CLOSED
SCHAEFFLER,2012-03,14.77,2012-04-02,313.8,259.65,360.14,2013-02-08,259.65,SL,312,-17.56,CLOSED
SCHAEFFLER,2014-02,11.4,2014-03-03,323.36,283.52,360.24,2014-04-04,360.24,TARGET,32,11.1,CLOSED
SCHAEFFLER,2014-10,7.71,2014-11-03,572.62,503.2,616.78,2014-11-28,616.78,TARGET,25,7.41,CLOSED
SCHAEFFLER,2015-12,11.14,2016-01-01,819.97,725.53,911.34,2016-01-12,725.53,SL,11,-11.82,CLOSED
SCHAEFFLER,2016-10,7.55,2016-11-01,828.73,756.28,891.33,2016-11-09,756.28,SL,8,-9.04,CLOSED
SCHAEFFLER,2017-01,2.71,2017-02-01,733.49,704.68,753.34,2017-02-02,753.34,TARGET,1,2.41,CLOSED
SCHAEFFLER,2018-12,7.94,2019-01-01,1068.28,986.01,1153.08,2019-01-28,986.01,SL,27,-8.0,CLOSED
SCHAEFFLER,2019-09,7.66,2019-10-01,830.91,744.99,894.53,2019-12-30,894.53,TARGET,90,7.36,CLOSED
SCHAEFFLER,2021-03,4.79,2021-04-01,1035.49,965.31,1085.14,2021-04-20,965.31,SL,19,-7.08,CLOSED
SCHAEFFLER,2021-05,1.05,2021-06-01,1015.71,927.12,1026.35,2021-06-01,1026.35,TARGET,0,0.75,CLOSED
SCHAEFFLER,2021-12,12.71,2022-01-03,1687.57,1451.78,1902.07,2022-03-14,1921.1,TARGET,70,13.54,CLOSED
SCHAEFFLER,2023-05,6.93,2023-06-01,2887.97,2661.32,3088.12,2023-06-07,3088.12,TARGET,6,6.63,CLOSED
SCHAEFFLER,2024-11,4.32,2024-12-02,3517.59,3270.19,3669.42,2024-12-10,3669.42,TARGET,8,4.02,CLOSED
SCHNEIDER,2012-11,8.37,2012-12-03,100.3,84.3,108.69,2012-12-31,84.3,SL,28,-16.25,CLOSED
SCHNEIDER,2014-06,10.51,2014-07-01,131.9,117.25,145.76,2014-07-03,146.1,TARGET,2,10.47,CLOSED
SCHNEIDER,2024-02,35.0,2024-03-01,645.0,453.3,870.75,2024-05-17,870.75,TARGET,77,34.7,CLOSED
SCHNEIDER,2025-06,10.67,2025-07-01,857.0,679.85,948.44,2025-07-30,948.44,TARGET,29,10.37,CLOSED
SCHNEIDER,2025-07,20.48,2025-08-01,1050.0,798.55,1265.07,2025-11-10,798.55,SL,101,-24.25,CLOSED
SCHNEIDER,2026-04,47.04,2026-05-01,1243.7,841.5,1828.79,2026-09-30,1203.4,OPEN,152,-3.54,OPEN
SCI,2007-03,2.9,2007-04-02,85.25,73.72,87.72,2007-04-12,87.72,TARGET,10,2.6,CLOSED
SCI,2014-10,5.89,2014-11-03,55.96,50.29,59.25,2014-11-10,59.25,TARGET,7,5.59,CLOSED
SCI,2022-10,14.19,2022-11-01,122.92,105.18,140.35,2022-12-20,140.35,TARGET,49,13.89,CLOSED
SCI,2023-07,2.98,2023-08-01,97.91,90.83,100.83,2023-08-16,100.83,TARGET,15,2.68,CLOSED
SHREECEM,2005-07,10.94,2005-08-01,330.56,296.21,366.73,2005-08-12,366.73,TARGET,11,10.64,CLOSED
SHREECEM,2007-05,17.69,2007-06-01,1149.96,903.54,1353.44,2007-07-16,1353.44,TARGET,45,17.39,CLOSED
SHREECEM,2009-03,26.2,2009-04-01,637.38,489.03,804.37,2009-04-22,804.37,TARGET,21,25.9,CLOSED
SHREECEM,2011-11,10.3,2011-12-01,1944.98,1738.26,2145.32,2012-01-24,2151.97,TARGET,54,10.34,CLOSED
SHREECEM,2012-06,26.29,2012-07-02,2843.41,2144.6,3590.82,2012-09-28,3590.82,TARGET,88,25.99,CLOSED
SHREECEM,2012-12,5.71,2013-01-01,4447.49,3941.37,4701.56,2013-03-04,3941.37,SL,62,-11.68,CLOSED
SHREECEM,2014-12,4.78,2015-01-01,8985.25,8311.14,9414.77,2015-01-15,9414.77,TARGET,14,4.48,CLOSED
SHREECEM,2018-08,11.21,2018-09-03,18531.53,16291.1,20608.87,2018-09-12,16291.1,SL,9,-12.39,CLOSED
SHREECEM,2020-04,12.66,2020-05-04,18736.5,15058.39,21108.73,2020-06-03,21108.73,TARGET,30,12.36,CLOSED
SHREECEM,2021-03,11.18,2021-04-01,28895.3,25504.47,32126.68,2021-08-16,25504.47,SL,137,-12.03,CLOSED
SHREECEM,2022-10,8.12,2022-11-01,22417.53,19811.98,24237.31,2023-01-20,24237.31,TARGET,80,7.82,CLOSED
SHREECEM,2023-11,4.24,2023-12-01,26495.41,25001.05,27617.71,2023-12-05,27617.71,TARGET,4,3.94,CLOSED
SHREECEM,2024-09,3.25,2024-10-01,26151.64,24465.37,27000.27,2024-10-10,24465.37,SL,9,-6.75,CLOSED
SHREECEM,2024-11,4.01,2024-12-02,25762.72,23285.54,26794.68,2024-12-02,26794.68,TARGET,0,3.71,CLOSED
SHREECEM,2025-01,8.18,2025-02-01,27664.16,24591.31,29927.0,2025-03-25,29927.0,TARGET,52,7.88,CLOSED
SHREECEM,2025-06,4.85,2025-07-01,30876.4,28146.61,32373.53,2025-10-31,28146.61,SL,122,-9.14,CLOSED
SHREECEM,2025-12,0.66,2026-01-01,26531.04,25294.25,26706.91,2026-01-01,26706.91,TARGET,0,0.36,CLOSED
SHRIRAMFIN,2005-08,37.17,2005-09-01,15.09,9.71,20.7,2005-10-04,20.7,TARGET,33,36.87,CLOSED
SHRIRAMFIN,2007-04,3.07,2007-05-03,18.66,17.31,19.24,2007-05-04,19.24,TARGET,1,2.77,CLOSED
SHRIRAMFIN,2010-10,13.61,2010-11-01,142.32,119.67,161.7,2010-12-08,119.67,SL,37,-16.22,CLOSED
SHRIRAMFIN,2012-06,1.37,2012-07-02,86.04,80.11,87.21,2012-07-02,87.21,TARGET,0,1.07,CLOSED
SHRIRAMFIN,2012-08,9.88,2012-09-03,102.74,90.7,112.89,2012-12-04,112.89,TARGET,92,9.58,CLOSED
SHRIRAMFIN,2013-04,7.34,2013-05-02,122.08,104.56,131.05,2013-05-20,131.05,TARGET,18,7.04,CLOSED
SHRIRAMFIN,2014-10,2.39,2014-11-03,159.5,142.36,163.32,2014-11-07,163.32,TARGET,4,2.09,CLOSED
SHRIRAMFIN,2018-10,1.2,2018-11-01,202.1,156.13,204.53,2018-11-01,204.53,TARGET,0,0.9,CLOSED
SHRIRAMFIN,2022-03,2.08,2022-04-01,211.13,184.32,215.53,2022-04-01,215.53,TARGET,0,1.78,CLOSED
SHRIRAMFIN,2023-07,9.1,2023-08-01,361.13,325.02,394.0,2023-11-16,394.0,TARGET,107,8.8,CLOSED
SHRIRAMFIN,2025-02,13.53,2025-03-03,615.26,507.71,698.48,2025-04-21,698.48,TARGET,49,13.23,CLOSED
SHRIRAMFIN,2025-12,16.97,2026-01-01,990.6,813.2,1158.73,2026-09-30,982.7,OPEN,272,-1.1,OPEN
SHYAMMETL,2023-12,33.6,2024-01-01,626.58,455.11,837.13,2024-09-12,837.13,TARGET,255,33.3,CLOSED
SHYAMMETL,2025-12,4.15,2026-01-01,838.31,773.0,873.07,2026-01-23,773.0,SL,22,-8.09,CLOSED
SIEMENS,2006-02,0.74,2006-03-01,209.95,196.56,211.5,2006-03-01,211.5,TARGET,0,0.44,CLOSED
SIEMENS,2009-08,7.37,2009-09-01,247.06,201.51,265.26,2009-09-16,277.76,TARGET,15,12.13,CLOSED
SIEMENS,2010-02,6.42,2010-03-02,334.42,297.11,355.9,2010-03-08,355.9,TARGET,6,6.12,CLOSED
SIEMENS,2010-12,6.55,2011-01-03,399.06,366.59,425.18,2011-01-11,366.59,SL,8,-8.44,CLOSED
SIEMENS,2011-03,3.98,2011-04-01,433.22,415.14,450.44,2011-04-11,415.14,SL,10,-4.47,CLOSED
SIEMENS,2012-06,8.32,2012-07-02,366.23,314.21,396.69,2013-02-07,314.21,SL,220,-14.5,CLOSED
SIEMENS,2014-02,12.27,2014-03-03,320.11,268.06,359.39,2014-03-11,359.39,TARGET,8,11.97,CLOSED
SIEMENS,2014-03,24.61,2014-04-01,397.11,315.92,494.84,2014-05-23,494.84,TARGET,52,24.31,CLOSED
SIEMENS,2014-10,5.57,2014-11-03,449.59,395.02,474.62,2014-11-14,474.62,TARGET,11,5.27,CLOSED
SIEMENS,2016-03,11.53,2016-04-01,578.73,523.23,645.46,2016-05-30,645.46,TARGET,59,11.23,CLOSED
SIEMENS,2016-06,8.76,2016-07-01,692.89,631.16,753.59,2016-11-02,631.16,SL,124,-9.21,CLOSED
SIEMENS,2019-03,9.69,2019-04-01,638.99,560.1,700.89,2019-05-21,700.89,TARGET,50,9.39,CLOSED
SIEMENS,2019-06,3.11,2019-07-01,745.08,690.39,768.25,2019-07-04,768.25,TARGET,3,2.81,CLOSED
SIEMENS,2019-09,26.1,2019-10-01,857.39,641.25,1081.17,2020-03-13,615.77,SL,164,-28.48,CLOSED
SIEMENS,2020-12,4.1,2021-01-01,896.49,820.02,933.27,2021-01-07,933.27,TARGET,6,3.8,CLOSED
SIEMENS,2023-03,2.48,2023-04-03,1940.51,1808.9,1988.65,2023-04-26,1988.65,TARGET,23,2.18,CLOSED
SIEMENS,2023-04,3.68,2023-05-02,2007.3,1878.47,2081.17,2023-05-04,2081.17,TARGET,2,3.38,CLOSED
SIEMENS,2023-11,9.81,2023-12-01,2127.78,1913.23,2336.44,2023-12-18,2336.44,TARGET,17,9.51,CLOSED
SIEMENS,2024-02,13.01,2024-03-01,2735.77,2345.46,3091.82,2024-03-27,3091.82,TARGET,26,12.71,CLOSED
SIEMENS,2024-03,14.85,2024-04-01,3130.91,2655.65,3595.81,2024-05-06,3595.81,TARGET,35,14.55,CLOSED
SIEMENS,2024-11,8.38,2024-12-02,4409.25,3813.46,4778.7,2024-12-27,3813.46,SL,25,-13.81,CLOSED
SIEMENS,2026-02,10.23,2026-03-02,3379.59,2958.06,3725.37,2026-03-23,2958.06,SL,21,-12.77,CLOSED
SIGNATURE,2023-12,15.41,2024-01-01,879.65,760.2,1015.21,2024-01-04,1015.21,TARGET,3,15.11,CLOSED
SOBHA,2012-03,17.31,2012-04-02,285.05,222.2,334.39,2012-10-04,334.39,TARGET,185,17.01,CLOSED
SOBHA,2013-04,18.92,2013-05-02,361.4,294.66,429.76,2013-06-25,294.66,SL,54,-18.77,CLOSED
SOBHA,2016-06,7.11,2016-07-01,297.95,271.28,319.15,2016-08-22,271.28,SL,52,-9.25,CLOSED
SOBHA,2019-03,9.84,2019-04-01,484.34,400.63,532.0,2019-06-04,532.0,TARGET,64,9.54,CLOSED
SOBHA,2023-11,27.27,2023-12-01,908.0,709.53,1155.62,2024-01-04,1155.62,TARGET,34,26.97,CLOSED
SOBHA,2025-04,7.95,2025-05-02,1316.89,1068.8,1421.57,2025-05-30,1439.05,TARGET,28,8.98,CLOSED
SOBHA,2025-10,5.0,2025-11-03,1613.39,1408.13,1694.08,2025-11-07,1694.08,TARGET,4,4.7,CLOSED
SOLARINDS,2007-11,79.45,2007-12-03,80.29,44.29,144.09,2008-12-05,44.29,SL,368,-45.14,CLOSED
SOLARINDS,2010-07,5.22,2010-08-02,86.8,72.33,91.33,2010-09-07,91.33,TARGET,36,4.92,CLOSED
SOLARINDS,2010-11,22.51,2010-12-01,115.59,96.6,141.61,2011-01-31,96.6,SL,61,-16.74,CLOSED
SOLARINDS,2011-05,6.71,2011-06-01,115.59,105.51,123.35,2011-07-19,123.35,TARGET,48,6.41,CLOSED
SOLARINDS,2012-04,0.98,2012-05-02,157.95,137.51,159.5,2012-05-07,159.5,TARGET,5,0.68,CLOSED
SOLARINDS,2013-01,10.61,2013-02-01,197.56,177.57,218.53,2013-03-04,177.57,SL,31,-10.42,CLOSED
SOLARINDS,2013-03,3.94,2013-04-01,193.43,174.65,201.04,2013-05-13,174.65,SL,42,-10.01,CLOSED
SOLARINDS,2017-03,10.25,2017-04-03,764.26,688.44,842.57,2017-04-05,842.57,TARGET,2,9.95,CLOSED
SOLARINDS,2018-05,10.05,2018-06-01,1124.71,982.66,1237.79,2018-08-02,1237.79,TARGET,62,9.75,CLOSED
SOLARINDS,2024-04,2.12,2024-05-02,8971.97,8240.38,9162.4,2024-05-16,8240.38,SL,14,-8.45,CLOSED
SOLARINDS,2025-03,29.08,2025-04-01,11317.13,8639.62,14608.62,2025-05-22,14608.62,TARGET,51,28.78,CLOSED
SOLARINDS,2026-06,2.46,2026-07-01,18688.96,16822.06,19148.83,2026-07-22,19148.83,TARGET,21,2.16,CLOSED
SONACOMS,2024-05,4.12,2024-06-03,664.93,556.57,692.31,2024-07-11,692.31,TARGET,38,3.82,CLOSED
SONACOMS,2026-01,3.75,2026-02-02,488.78,435.02,507.09,2026-02-03,547.86,TARGET,1,11.79,CLOSED
SONACOMS,2026-04,26.12,2026-05-01,605.49,476.91,763.62,2026-07-30,763.62,TARGET,90,25.82,CLOSED
SONACOMS,2026-07,24.12,2026-08-03,775.0,615.4,961.91,2026-09-30,830.0,OPEN,58,6.8,OPEN
STARHEALTH,2023-06,8.65,2023-07-03,590.45,507.5,641.55,2023-07-13,641.55,TARGET,10,8.35,CLOSED
STARHEALTH,2024-06,7.31,2024-07-01,558.95,491.35,599.8,2024-07-18,599.8,TARGET,17,7.01,CLOSED
SBIN,2005-02,11.14,2005-03-01,50.18,39.5,55.77,2005-07-27,55.77,TARGET,148,10.84,CLOSED
SBIN,2006-11,20.21,2006-12-01,96.3,79.75,115.76,2006-12-08,115.76,TARGET,7,19.91,CLOSED
SBIN,2007-05,22.85,2007-06-01,99.89,78.36,122.71,2007-07-06,122.71,TARGET,35,22.55,CLOSED
SBIN,2007-09,21.59,2007-10-01,144.47,116.94,175.66,2007-11-14,181.33,TARGET,44,25.21,CLOSED
SBIN,2010-04,10.71,2010-05-03,186.22,163.61,206.15,2010-06-11,215.76,TARGET,39,15.57,CLOSED
SBIN,2010-07,8.73,2010-08-02,206.73,184.87,224.77,2010-08-12,224.77,TARGET,10,8.43,CLOSED
SBIN,2012-12,9.92,2013-01-01,203.51,183.93,223.69,2013-02-28,183.93,SL,58,-9.92,CLOSED
SBIN,2013-10,11.26,2013-11-01,154.7,135.79,172.12,2014-01-29,135.79,SL,89,-12.52,CLOSED
SBIN,2014-02,0.62,2014-03-03,132.01,125.55,132.82,2014-03-03,132.82,TARGET,0,0.32,CLOSED
SBIN,2014-10,10.51,2014-11-03,236.93,205.41,261.83,2014-11-21,262.58,TARGET,18,10.53,CLOSED
SBIN,2014-11,18.91,2014-12-01,282.63,235.9,336.09,2015-03-24,235.9,SL,113,-16.84,CLOSED
SBIN,2016-05,8.44,2016-06-01,182.6,147.53,198.01,2016-06-30,198.01,TARGET,29,8.14,CLOSED
SBIN,2017-03,8.99,2017-04-03,264.81,237.36,288.61,2017-09-22,237.36,SL,172,-10.66,CLOSED
SBIN,2018-10,5.99,2018-11-01,256.51,224.24,271.87,2018-11-05,271.87,TARGET,4,5.69,CLOSED
SBIN,2022-01,16.91,2022-02-01,497.58,420.88,581.7,2022-03-04,420.88,SL,31,-15.72,CLOSED
SBIN,2023-04,10.42,2023-05-02,538.83,482.21,594.95,2023-12-15,594.95,TARGET,227,10.12,CLOSED
SBIN,2025-05,5.07,2025-06-02,798.46,727.51,838.92,2025-09-17,838.92,TARGET,107,4.77,CLOSED
SBIN,2025-09,8.72,2025-10-01,856.86,788.44,931.54,2025-11-03,931.54,TARGET,33,8.42,CLOSED
SBIN,2025-12,0.33,2026-01-01,965.79,927.73,968.95,2026-01-01,968.95,TARGET,0,0.03,CLOSED
SBIN,2026-01,9.67,2026-02-02,1001.84,962.99,1098.69,2026-02-09,1100.17,TARGET,7,9.51,CLOSED
SAIL,2006-09,7.74,2006-10-03,52.35,46.75,56.4,2006-10-13,56.4,TARGET,10,7.44,CLOSED
SAIL,2009-12,22.6,2010-01-04,171.34,140.98,210.06,2010-05-21,139.85,SL,137,-18.68,CLOSED
SAIL,2016-10,12.42,2016-11-01,43.05,38.39,48.4,2016-11-09,37.98,SL,8,-12.08,CLOSED
SAIL,2020-12,52.94,2021-01-01,61.96,40.14,94.77,2021-04-29,94.77,TARGET,118,52.64,CLOSED
SAIL,2022-07,15.99,2022-08-01,73.47,61.81,85.22,2023-01-18,85.22,TARGET,170,15.69,CLOSED
SAIL,2023-07,10.64,2023-08-01,91.0,81.73,100.68,2023-08-16,81.73,SL,15,-10.48,CLOSED
SAIL,2023-11,10.08,2023-12-01,89.26,79.28,98.26,2023-12-12,98.26,TARGET,11,9.78,CLOSED
STLTECH,2009-05,81.01,2009-06-01,28.18,15.07,51.0,2009-09-22,51.0,TARGET,113,80.71,CLOSED
STLTECH,2014-03,17.81,2014-04-01,21.22,17.32,24.99,2014-04-09,24.99,TARGET,8,17.51,CLOSED
STLTECH,2015-09,14.29,2015-10-01,82.5,66.27,94.29,2015-12-07,99.5,TARGET,67,20.31,CLOSED
STLTECH,2016-05,4.11,2016-06-01,84.51,77.0,87.99,2016-06-08,87.99,TARGET,7,3.81,CLOSED
STLTECH,2017-10,27.39,2017-11-01,270.24,206.31,344.25,2018-01-10,344.25,TARGET,70,27.09,CLOSED
STLTECH,2020-11,10.45,2020-12-01,160.34,140.13,177.1,2020-12-29,177.1,TARGET,28,10.15,CLOSED
STLTECH,2023-08,14.94,2023-09-01,173.25,144.18,199.13,2023-10-27,144.18,SL,56,-17.08,CLOSED
STLTECH,2026-05,81.87,2026-06-01,562.95,294.8,1023.83,2026-09-30,909.9,OPEN,121,61.33,OPEN
SUMICHEM,2022-03,19.08,2022-04-01,440.56,348.64,524.6,2022-09-19,524.6,TARGET,171,18.78,CLOSED
SUMICHEM,2023-11,9.03,2023-12-01,405.03,363.84,441.6,2024-03-06,363.84,SL,96,-10.47,CLOSED
SUMICHEM,2025-06,4.51,2025-07-01,529.64,484.2,553.53,2025-07-07,553.53,TARGET,6,4.21,CLOSED
SUNPHARMA,2006-01,2.08,2006-02-01,55.96,50.77,57.12,2006-02-01,57.12,TARGET,0,1.78,CLOSED
SUNPHARMA,2006-08,11.35,2006-09-01,72.11,61.97,80.3,2006-11-16,80.3,TARGET,76,11.05,CLOSED
SUNPHARMA,2007-03,14.51,2007-04-02,84.77,72.33,97.07,2007-04-20,97.07,TARGET,18,14.21,CLOSED
SUNPHARMA,2009-04,15.02,2009-05-04,113.29,92.36,130.31,2009-05-18,130.31,TARGET,14,14.72,CLOSED
SUNPHARMA,2010-05,5.92,2010-06-01,148.29,134.7,157.07,2010-06-22,157.54,TARGET,21,5.93,CLOSED
SUNPHARMA,2010-09,15.55,2010-10-01,181.17,152.38,209.34,2010-11-08,209.34,TARGET,38,15.25,CLOSED
SUNPHARMA,2010-12,8.36,2011-01-03,221.65,189.41,240.17,2011-02-01,189.41,SL,29,-14.85,CLOSED
SUNPHARMA,2011-04,5.25,2011-05-02,209.29,191.38,220.29,2011-05-10,191.38,SL,8,-8.86,CLOSED
SUNPHARMA,2011-05,2.51,2011-06-01,212.11,188.96,217.44,2011-06-07,217.44,TARGET,6,2.21,CLOSED
SUNPHARMA,2011-11,4.17,2011-12-01,239.47,219.22,249.47,2012-02-01,249.82,TARGET,62,4.02,CLOSED
SUNPHARMA,2012-04,5.82,2012-05-02,271.61,250.07,287.4,2012-06-05,250.07,SL,34,-8.23,CLOSED
SUNPHARMA,2012-07,2.8,2012-08-01,295.62,273.18,303.9,2012-08-06,303.9,TARGET,5,2.5,CLOSED
SUNPHARMA,2012-09,4.06,2012-10-01,317.67,291.05,330.57,2012-10-09,330.57,TARGET,8,3.76,CLOSED
SUNPHARMA,2012-11,2.26,2012-12-03,321.09,297.7,328.36,2012-12-11,328.36,TARGET,8,1.96,CLOSED
SUNPHARMA,2014-02,9.51,2014-03-03,591.74,530.2,648.03,2014-03-11,530.2,SL,8,-10.7,CLOSED
SUNPHARMA,2014-06,12.66,2014-07-01,625.98,540.68,705.22,2014-07-25,705.22,TARGET,24,12.36,CLOSED
SUNPHARMA,2015-12,12.43,2016-01-01,742.34,661.19,834.59,2016-06-07,661.19,SL,158,-11.23,CLOSED
SUNPHARMA,2017-06,10.79,2017-07-03,510.18,460.72,565.21,2017-08-04,460.72,SL,32,-9.99,CLOSED
SUNPHARMA,2018-04,6.73,2018-05-02,489.59,458.23,522.52,2018-05-10,458.23,SL,8,-6.71,CLOSED
SUNPHARMA,2018-08,14.84,2018-09-03,608.57,507.0,698.87,2018-11-14,507.0,SL,72,-16.99,CLOSED
SUNPHARMA,2019-03,6.81,2019-04-01,445.62,412.36,475.95,2019-05-08,412.36,SL,37,-7.76,CLOSED
SUNPHARMA,2019-08,6.23,2019-09-03,419.65,378.08,445.79,2019-09-04,378.08,SL,1,-10.21,CLOSED
SUNPHARMA,2021-12,12.22,2022-01-03,804.28,698.35,902.58,2022-04-07,902.58,TARGET,94,11.92,CLOSED
SUNPHARMA,2022-07,13.56,2022-08-01,901.72,788.47,1023.96,2022-11-02,1023.96,TARGET,93,13.26,CLOSED
SUNPHARMA,2023-06,7.82,2023-07-03,1021.09,945.46,1100.92,2023-07-27,1100.92,TARGET,24,7.52,CLOSED
SUNPHARMA,2023-07,9.11,2023-08-01,1112.68,997.58,1214.09,2023-12-06,1215.0,TARGET,127,8.9,CLOSED
SUNPHARMA,2023-12,2.74,2024-01-01,1227.12,1176.08,1260.75,2024-01-02,1260.75,TARGET,1,2.44,CLOSED
SUNPHARMA,2024-02,11.88,2024-03-01,1546.31,1361.31,1729.99,2024-06-04,1361.31,SL,95,-12.26,CLOSED
SUNPHARMA,2024-07,13.41,2024-08-01,1694.06,1466.35,1921.24,2024-09-27,1921.24,TARGET,57,13.11,CLOSED
SUNPHARMA,2025-04,5.63,2025-05-02,1809.76,1600.17,1911.58,2025-08-01,1600.17,SL,91,-11.88,CLOSED
SUNPHARMA,2025-11,8.33,2025-12-01,1824.34,1651.91,1976.37,2026-01-16,1651.91,SL,46,-9.75,CLOSED
SUNPHARMA,2026-04,2.91,2026-05-01,1803.57,1609.38,1856.02,2026-05-11,1856.02,TARGET,10,2.61,CLOSED
SUNTV,2006-07,16.09,2006-08-01,178.22,152.98,206.9,2006-08-16,206.9,TARGET,15,15.79,CLOSED
SUNTV,2012-01,11.23,2012-02-01,208.4,182.68,231.8,2012-05-17,182.68,SL,106,-12.64,CLOSED
SUNTV,2014-02,3.54,2014-03-03,263.23,230.54,272.54,2014-03-06,272.54,TARGET,3,3.24,CLOSED
SUNTV,2016-03,20.13,2016-04-01,293.43,241.93,352.5,2016-08-01,352.5,TARGET,122,19.83,CLOSED
SUNTV,2017-03,11.6,2017-04-03,617.48,543.7,689.08,2017-04-20,689.08,TARGET,17,11.3,CLOSED
SUNTV,2021-07,9.41,2021-08-02,503.85,449.21,551.26,2021-08-10,449.21,SL,8,-11.14,CLOSED
SUNTV,2023-04,3.84,2023-05-02,398.29,381.87,413.56,2023-05-15,413.56,TARGET,13,3.54,CLOSED
SUNTV,2024-07,19.81,2024-08-01,855.25,714.5,1024.66,2024-10-21,714.5,SL,81,-16.76,CLOSED
SUNTV,2025-12,5.74,2026-01-01,582.88,525.04,616.34,2026-01-19,525.04,SL,18,-10.22,CLOSED
SUNDARMFIN,2009-03,5.22,2009-04-01,51.55,46.81,54.24,2009-04-06,54.24,TARGET,5,4.92,CLOSED
SUNDARMFIN,2014-05,23.69,2014-06-02,646.64,500.28,799.8,2014-09-12,799.8,TARGET,102,23.39,CLOSED
SUNDARMFIN,2015-09,5.77,2015-10-01,1143.71,1033.41,1209.73,2015-12-04,1033.41,SL,64,-9.94,CLOSED
SUNDARMFIN,2016-06,9.68,2016-07-01,1139.26,1034.6,1249.54,2016-09-22,1034.6,SL,83,-9.49,CLOSED
SUNDARMFIN,2017-02,4.7,2017-03-01,1089.42,1002.53,1140.63,2017-03-01,1140.63,TARGET,0,4.4,CLOSED
SUNDARMFIN,2022-07,16.84,2022-08-01,1979.71,1668.92,2313.13,2022-09-19,2313.13,TARGET,49,16.54,CLOSED
SUNDARMFIN,2023-11,7.42,2023-12-01,3332.75,3035.65,3580.03,2023-12-15,3580.03,TARGET,14,7.12,CLOSED
SUNDARMFIN,2025-06,0.72,2025-07-01,5129.33,4644.35,5166.28,2025-07-01,5166.28,TARGET,0,0.42,CLOSED
SUNDARMFIN,2025-12,11.72,2026-01-01,5266.26,4591.86,5883.48,2026-03-23,4590.79,SL,81,-13.13,CLOSED
SUPREMEIND,2011-05,11.4,2011-06-01,140.45,116.55,156.46,2011-07-12,156.46,TARGET,41,11.1,CLOSED
SUPREMEIND,2012-07,12.31,2012-08-01,207.95,179.24,233.55,2012-08-21,233.55,TARGET,20,12.01,CLOSED
SUPREMEIND,2012-12,2.76,2013-01-01,251.48,241.62,258.43,2013-01-10,258.43,TARGET,9,2.46,CLOSED
SUPREMEIND,2013-04,4.64,2013-05-02,279.44,258.26,292.4,2013-05-09,292.4,TARGET,7,4.34,CLOSED
SUPREMEIND,2015-11,3.56,2015-12-01,582.96,544.99,603.73,2015-12-07,603.73,TARGET,6,3.26,CLOSED
SUPREMEIND,2016-01,8.7,2016-02-01,665.6,572.06,723.52,2016-04-20,723.52,TARGET,79,8.4,CLOSED
SUPREMEIND,2017-12,12.07,2018-01-01,1194.32,1008.25,1338.51,2018-01-19,1338.51,TARGET,18,11.77,CLOSED
SUPREMEIND,2018-04,16.04,2018-05-02,1269.39,1075.16,1473.02,2018-06-27,1075.16,SL,56,-15.6,CLOSED
SUPREMEIND,2019-06,6.24,2019-07-01,1061.3,951.14,1127.57,2019-07-30,951.14,SL,29,-10.68,CLOSED
SUPREMEIND,2020-07,14.33,2020-08-03,1218.57,1031.14,1393.19,2020-10-22,1393.19,TARGET,80,14.03,CLOSED
SUPREMEIND,2022-10,1.73,2022-11-01,2091.24,1845.81,2127.41,2022-11-01,2127.41,TARGET,0,1.43,CLOSED
SUPREMEIND,2023-04,8.29,2023-05-02,2654.08,2391.97,2873.97,2023-06-13,2873.97,TARGET,42,7.99,CLOSED
SUPREMEIND,2024-03,1.97,2024-04-01,4160.55,3525.3,4242.35,2024-04-05,4242.35,TARGET,4,1.67,CLOSED
SUZLON,2006-06,6.36,2006-07-03,191.33,139.58,203.5,2006-07-05,203.5,TARGET,2,6.06,CLOSED
SUZLON,2012-06,3.91,2012-07-02,17.26,15.61,17.94,2012-07-06,17.94,TARGET,4,3.61,CLOSED
SUZLON,2017-10,8.65,2017-11-01,15.61,13.54,16.96,2017-11-13,13.31,SL,12,-15.01,CLOSED
SUZLON,2017-12,11.47,2018-01-01,14.28,11.94,15.92,2018-02-05,11.94,SL,35,-16.7,CLOSED
SUZLON,2020-06,80.36,2020-07-01,4.87,2.62,8.78,2020-09-24,2.62,SL,85,-46.53,CLOSED
SUZLON,2020-12,85.51,2021-01-01,6.15,3.12,11.41,2022-01-17,11.43,TARGET,381,85.52,CLOSED
SUZLON,2023-05,41.57,2023-06-01,11.85,7.9,16.78,2023-07-03,16.78,TARGET,32,41.27,CLOSED
SUZLON,2024-01,20.29,2024-02-01,47.3,37.1,56.9,2024-03-14,35.5,SL,42,-25.25,CLOSED
SWANCORP,2022-10,1.34,2022-11-01,226.28,202.75,229.31,2022-11-11,229.31,TARGET,10,1.04,CLOSED
SWANCORP,2024-01,25.06,2024-02-01,659.43,496.47,824.67,2024-03-13,496.47,SL,41,-25.01,CLOSED
SWANCORP,2024-07,29.11,2024-08-01,755.29,586.99,975.16,2024-09-18,586.99,SL,48,-22.58,CLOSED
SYNGENE,2015-12,16.99,2016-01-01,205.27,172.9,240.15,2016-04-05,172.9,SL,95,-16.07,CLOSED
SYNGENE,2017-11,9.64,2017-12-01,275.34,241.15,301.88,2018-01-08,301.88,TARGET,38,9.34,CLOSED
SYNGENE,2018-06,1.72,2018-07-02,303.22,281.76,308.43,2018-07-26,281.76,SL,24,-7.38,CLOSED
SYNGENE,2019-03,1.52,2019-04-01,293.35,277.04,297.8,2019-04-22,298.54,TARGET,21,1.47,CLOSED
SYNGENE,2020-07,21.61,2020-08-03,483.17,397.72,587.6,2020-09-15,587.6,TARGET,43,21.31,CLOSED
SYNGENE,2020-12,10.67,2021-01-01,632.68,549.66,700.16,2021-02-22,549.66,SL,52,-13.42,CLOSED
SYNGENE,2022-10,12.61,2022-11-01,626.86,530.75,705.92,2023-05-09,705.92,TARGET,189,12.31,CLOSED
SYNGENE,2023-05,7.09,2023-06-01,723.07,672.29,774.34,2023-06-28,774.34,TARGET,27,6.79,CLOSED
SYNGENE,2023-11,10.57,2023-12-01,748.65,669.87,827.78,2024-01-29,658.2,SL,59,-12.38,CLOSED
SYNGENE,2024-01,6.99,2024-02-01,745.13,658.2,797.23,2024-03-14,658.2,SL,42,-11.97,CLOSED
SYNGENE,2024-11,9.36,2024-12-02,934.44,831.18,1021.93,2024-12-23,831.18,SL,21,-11.35,CLOSED
TBOTEK,2026-08,13.97,2026-09-01,1750.0,1540.4,1994.47,2026-09-30,1685.2,OPEN,29,-4.0,OPEN
TDPOWERSYS,2023-06,19.37,2023-07-03,122.64,101.98,146.4,2023-12-14,146.4,TARGET,164,19.07,CLOSED
TDPOWERSYS,2025-09,17.73,2025-10-01,294.48,249.35,346.7,2025-10-31,358.71,TARGET,30,21.51,CLOSED
TVSMOTOR,2010-06,14.79,2010-07-01,50.55,40.11,58.03,2010-07-30,58.03,TARGET,29,14.49,CLOSED
TVSMOTOR,2010-07,16.85,2010-08-02,59.34,44.08,69.34,2010-11-09,69.34,TARGET,99,16.55,CLOSED
TVSMOTOR,2013-09,20.23,2013-10-01,34.28,26.24,41.21,2013-10-07,41.21,TARGET,6,19.93,CLOSED
TVSMOTOR,2015-11,15.63,2015-12-01,290.9,246.34,336.37,2016-02-26,246.34,SL,87,-15.62,CLOSED
TVSMOTOR,2016-06,8.73,2016-07-01,296.16,264.38,322.02,2016-09-08,322.02,TARGET,69,8.43,CLOSED
TVSMOTOR,2016-09,12.21,2016-10-03,350.3,293.65,393.06,2016-10-27,393.06,TARGET,24,11.91,CLOSED
TVSMOTOR,2017-07,5.99,2017-08-01,558.14,517.64,591.58,2017-08-11,517.64,SL,10,-7.56,CLOSED
TVSMOTOR,2018-08,10.21,2018-09-03,550.62,486.46,606.84,2018-10-05,486.46,SL,32,-11.95,CLOSED
TVSMOTOR,2022-03,1.93,2022-04-01,611.14,501.5,622.94,2022-04-04,624.32,TARGET,3,1.86,CLOSED
TVSMOTOR,2022-06,14.31,2022-07-01,823.8,704.34,941.68,2022-08-08,941.68,TARGET,38,14.01,CLOSED
TVSMOTOR,2022-08,8.54,2022-09-01,967.8,893.19,1050.46,2022-09-12,1050.46,TARGET,11,8.24,CLOSED
TVSMOTOR,2024-08,11.15,2024-09-02,2837.77,2408.56,3154.29,2024-10-25,2408.56,SL,53,-15.43,CLOSED
TVSMOTOR,2025-12,5.33,2026-01-01,3723.98,3530.66,3922.55,2026-01-21,3530.66,SL,20,-5.49,CLOSED
TVSMOTOR,2026-07,24.63,2026-08-03,4336.5,3463.4,5404.77,2026-09-30,4106.0,OPEN,58,-5.62,OPEN
TATACHEM,2005-12,10.74,2006-01-02,35.31,31.51,39.1,2006-03-21,39.1,TARGET,78,10.44,CLOSED
TATACHEM,2007-09,18.49,2007-10-01,51.96,43.02,61.57,2007-12-05,61.57,TARGET,65,18.19,CLOSED
TATACHEM,2010-04,7.83,2010-05-03,73.09,66.54,78.82,2010-05-21,66.54,SL,18,-9.27,CLOSED
TATACHEM,2011-05,1.3,2011-06-01,85.18,76.78,86.29,2011-07-06,86.29,TARGET,35,1.0,CLOSED
TATACHEM,2012-01,9.21,2012-02-01,82.94,73.05,90.58,2012-05-31,73.05,SL,120,-12.22,CLOSED
TATACHEM,2012-11,3.4,2012-12-03,84.27,79.29,87.13,2012-12-04,87.13,TARGET,1,3.1,CLOSED
TATACHEM,2013-10,12.61,2013-11-01,74.56,66.46,83.96,2014-03-06,83.96,TARGET,125,12.31,CLOSED
TATACHEM,2016-07,10.26,2016-08-01,151.46,135.63,167.0,2016-08-10,167.0,TARGET,9,9.96,CLOSED
TATACHEM,2017-01,8.26,2017-02-01,182.82,166.6,197.92,2017-03-28,197.92,TARGET,55,7.96,CLOSED
TATACHEM,2017-04,9.7,2017-05-02,218.8,198.23,240.01,2017-05-23,198.23,SL,21,-9.7,CLOSED
TATACHEM,2018-07,6.22,2018-08-01,257.64,236.33,273.68,2018-08-24,273.68,TARGET,23,5.92,CLOSED
TATACHEM,2019-11,7.99,2019-12-02,264.44,244.01,285.58,2020-01-14,285.58,TARGET,43,7.69,CLOSED
TATACHEM,2022-07,14.69,2022-08-01,859.65,729.76,985.94,2022-08-10,985.94,TARGET,9,14.39,CLOSED
TATACHEM,2023-11,1.17,2023-12-01,931.91,907.81,942.84,2023-12-05,942.84,TARGET,4,0.87,CLOSED
TATACHEM,2024-07,1.5,2024-08-01,1100.09,992.27,1116.6,2024-08-14,992.27,SL,13,-10.1,CLOSED
TATACHEM,2025-03,11.26,2025-04-01,837.37,736.02,931.68,2025-06-09,931.68,TARGET,69,10.96,CLOSED
TATACOMM,2012-06,6.72,2012-07-02,116.47,99.83,124.29,2012-07-18,124.29,TARGET,16,6.42,CLOSED
TATACOMM,2013-10,40.05,2013-11-01,136.67,100.95,191.41,2014-06-06,191.41,TARGET,217,39.75,CLOSED
TATACOMM,2014-06,12.98,2014-07-01,206.28,177.57,233.06,2014-08-11,177.57,SL,41,-14.22,CLOSED
TATACOMM,2014-10,12.36,2014-11-03,213.88,186.08,240.32,2014-11-27,240.32,TARGET,24,12.06,CLOSED
TATACOMM,2014-11,13.86,2014-12-01,239.6,209.21,272.8,2014-12-17,209.21,SL,16,-12.98,CLOSED
TATACOMM,2015-06,1.5,2015-07-01,236.06,208.34,239.61,2015-07-07,239.61,TARGET,6,1.2,CLOSED
TATACOMM,2015-09,7.73,2015-10-01,224.22,191.78,241.55,2015-11-26,241.55,TARGET,56,7.43,CLOSED
TATACOMM,2017-05,1.29,2017-06-01,400.25,342.66,405.42,2017-06-02,405.42,TARGET,1,0.99,CLOSED
TATACOMM,2020-07,24.19,2020-08-03,721.17,554.12,895.64,2020-10-21,895.64,TARGET,79,23.89,CLOSED
TATACOMM,2022-03,3.83,2022-04-01,1148.8,1013.37,1192.83,2022-04-06,1192.83,TARGET,5,3.53,CLOSED
TATACOMM,2022-08,14.95,2022-09-01,1140.75,984.0,1311.28,2022-12-13,1311.28,TARGET,103,14.65,CLOSED
TATACOMM,2023-03,3.06,2023-04-03,1189.86,1104.28,1226.24,2023-04-11,1226.24,TARGET,8,2.76,CLOSED
TATACOMM,2023-05,2.26,2023-06-01,1239.31,1155.83,1267.38,2023-06-01,1267.38,TARGET,0,1.96,CLOSED
TATACOMM,2023-07,12.64,2023-08-01,1741.67,1475.67,1961.74,2024-03-07,1961.74,TARGET,219,12.34,CLOSED
TATACOMM,2024-07,8.33,2024-08-01,1945.75,1679.48,2107.74,2024-09-26,2107.74,TARGET,56,8.03,CLOSED
TCS,2005-05,17.96,2005-06-01,106.7,88.68,125.86,2005-09-12,125.86,TARGET,103,17.66,CLOSED
TCS,2006-02,1.82,2006-03-01,137.76,130.06,140.26,2006-03-01,140.26,TARGET,0,1.52,CLOSED
TCS,2006-08,6.61,2006-09-01,162.14,140.49,172.87,2006-10-11,172.87,TARGET,40,6.31,CLOSED
TCS,2006-11,10.28,2006-12-01,195.89,171.6,216.02,2007-01-12,216.02,TARGET,42,9.98,CLOSED
TCS,2008-05,12.83,2008-06-02,168.14,144.55,189.71,2008-06-10,144.55,SL,8,-14.33,CLOSED
TCS,2009-09,17.83,2009-10-01,211.34,177.52,249.01,2009-12-17,249.01,TARGET,77,17.53,CLOSED
TCS,2009-12,8.98,2010-01-04,258.93,232.25,282.19,2010-01-18,282.19,TARGET,14,8.68,CLOSED
TCS,2012-04,6.66,2012-05-02,444.2,374.66,473.77,2012-08-21,473.77,TARGET,111,6.36,CLOSED
TCS,2013-02,12.86,2013-03-01,552.72,489.63,623.8,2013-07-19,632.71,TARGET,140,14.17,CLOSED
TCS,2013-07,19.86,2013-08-01,667.73,539.22,800.31,2013-10-14,800.31,TARGET,74,19.56,CLOSED
TCS,2013-12,8.37,2014-01-01,805.84,733.01,873.27,2014-01-13,873.27,TARGET,12,8.07,CLOSED
TCS,2014-02,1.55,2014-03-03,841.24,772.1,854.26,2014-03-19,768.36,SL,16,-8.96,CLOSED
TCS,2014-06,14.35,2014-07-01,904.3,765.77,1034.09,2014-09-19,1034.09,TARGET,80,14.05,CLOSED
TCS,2016-04,0.6,2016-05-02,981.52,932.35,987.44,2016-05-12,987.44,TARGET,10,0.3,CLOSED
TCS,2016-07,2.86,2016-08-01,1034.77,942.49,1064.35,2016-08-01,1064.35,TARGET,0,2.56,CLOSED
TCS,2016-12,3.93,2017-01-02,932.92,845.82,969.61,2017-02-16,972.51,TARGET,45,3.94,CLOSED
TCS,2017-10,8.01,2017-11-01,1054.76,971.88,1139.28,2018-01-16,1139.28,TARGET,76,7.71,CLOSED
TCS,2018-04,23.97,2018-05-02,1422.51,1144.29,1763.49,2018-09-24,1763.49,TARGET,145,23.67,CLOSED
TCS,2019-01,6.62,2019-02-01,1643.06,1475.14,1751.87,2019-04-16,1751.87,TARGET,74,6.32,CLOSED
TCS,2019-04,13.0,2019-05-02,1843.79,1641.01,2083.49,2019-09-23,1641.01,SL,144,-11.3,CLOSED
TCS,2019-10,10.55,2019-11-01,1912.54,1590.41,2114.23,2020-03-12,1590.41,SL,132,-17.14,CLOSED
TCS,2020-04,10.31,2020-05-04,1676.74,1407.23,1849.68,2020-07-02,1849.68,TARGET,59,10.01,CLOSED
TCS,2021-03,9.8,2021-04-01,2752.6,2503.06,3022.27,2021-08-13,3022.27,TARGET,134,9.5,CLOSED
TCS,2021-08,19.54,2021-09-01,3297.58,2751.17,3942.01,2022-06-16,2751.17,SL,288,-16.87,CLOSED
TCS,2022-07,1.33,2022-08-01,2928.04,2598.89,2967.04,2022-08-04,2967.04,TARGET,3,1.03,CLOSED
TCS,2022-10,6.55,2022-11-01,2836.35,2617.37,3022.2,2022-11-29,3022.2,TARGET,28,6.25,CLOSED
TCS,2023-06,1.13,2023-07-03,3013.13,2869.22,3047.31,2023-07-07,3047.31,TARGET,4,0.83,CLOSED
TCS,2024-08,3.84,2024-09-02,4251.38,3818.9,4414.64,2024-10-15,3818.9,SL,43,-10.47,CLOSED
TATACONSUM,2005-05,11.72,2005-06-01,41.23,36.2,46.06,2005-07-04,46.06,TARGET,33,11.42,CLOSED
TATACONSUM,2008-04,10.5,2008-05-02,68.93,61.22,76.17,2008-06-03,61.22,SL,32,-11.48,CLOSED
TATACONSUM,2009-07,18.0,2009-08-03,67.33,55.13,79.45,2009-08-26,79.45,TARGET,23,17.7,CLOSED
TATACONSUM,2010-08,5.63,2010-09-01,99.37,88.3,104.96,2010-09-07,104.96,TARGET,6,5.33,CLOSED
TATACONSUM,2011-10,7.93,2011-11-01,76.42,67.05,82.47,2011-11-23,67.05,SL,22,-12.56,CLOSED
TATACONSUM,2012-07,9.53,2012-08-01,105.53,91.62,115.58,2012-08-13,115.58,TARGET,12,9.23,CLOSED
TATACONSUM,2012-09,10.05,2012-10-01,121.71,107.62,133.95,2012-10-11,133.95,TARGET,10,9.75,CLOSED
TATACONSUM,2013-04,15.17,2013-05-02,124.3,106.68,143.16,2013-10-24,143.16,TARGET,175,14.87,CLOSED
TATACONSUM,2015-11,3.07,2015-12-01,122.46,109.11,126.22,2015-12-17,126.22,TARGET,16,2.77,CLOSED
TATACONSUM,2016-06,11.42,2016-07-01,117.09,103.88,130.47,2016-08-09,130.47,TARGET,39,11.12,CLOSED
TATACONSUM,2017-12,10.21,2018-01-01,294.96,253.97,325.06,2018-02-02,253.97,SL,32,-14.19,CLOSED
TATACONSUM,2018-04,15.0,2018-05-02,276.07,240.75,317.46,2018-05-14,240.75,SL,12,-13.09,CLOSED
TATACONSUM,2019-05,17.9,2019-06-03,232.04,182.8,273.57,2019-10-30,273.57,TARGET,149,17.6,CLOSED
TATACONSUM,2019-10,14.86,2019-11-01,300.04,248.75,344.61,2020-01-14,344.61,TARGET,74,14.56,CLOSED
TATACONSUM,2021-08,14.37,2021-09-01,835.76,721.49,955.89,2021-11-29,721.49,SL,89,-13.97,CLOSED
TATACONSUM,2022-03,8.18,2022-04-01,748.31,623.82,809.54,2022-09-01,809.54,TARGET,153,7.88,CLOSED
TATACONSUM,2022-11,6.22,2022-12-01,794.83,731.73,844.27,2023-01-11,731.73,SL,41,-8.24,CLOSED
TATACONSUM,2023-04,7.76,2023-05-02,742.66,673.51,800.28,2023-06-07,800.28,TARGET,36,7.46,CLOSED
TATACONSUM,2023-11,4.47,2023-12-01,924.69,875.61,966.02,2023-12-20,966.02,TARGET,19,4.17,CLOSED
TATACONSUM,2023-12,15.52,2024-01-01,1069.32,918.68,1235.33,2024-03-07,1235.33,TARGET,66,15.22,CLOSED
TATACONSUM,2025-01,12.02,2025-02-01,1009.91,896.71,1131.3,2025-04-23,1131.3,TARGET,81,11.72,CLOSED
TATACONSUM,2025-12,1.67,2026-01-01,1182.0,1122.4,1201.76,2026-01-06,1201.76,TARGET,5,1.37,CLOSED
TATAELXSI,2017-12,3.64,2018-01-01,880.16,794.17,912.23,2018-01-05,912.23,TARGET,4,3.34,CLOSED
TATAELXSI,2019-06,1.53,2019-07-01,807.31,756.43,819.63,2019-07-02,819.78,TARGET,1,1.24,CLOSED
TATAELXSI,2022-07,6.36,2022-08-01,8327.35,7288.81,8856.82,2022-08-05,8856.82,TARGET,4,6.06,CLOSED
TATAELXSI,2023-04,11.49,2023-05-02,6347.64,5703.57,7076.77,2023-05-26,7076.77,TARGET,24,11.19,CLOSED
TATAINVEST,2007-04,11.67,2007-05-03,22.96,20.02,25.64,2007-05-21,25.64,TARGET,18,11.37,CLOSED
TATAINVEST,2012-09,3.29,2012-10-01,32.47,31.07,33.54,2012-10-10,33.54,TARGET,9,2.99,CLOSED
TATAINVEST,2015-05,8.73,2015-06-01,48.18,43.16,52.38,2015-08-24,43.16,SL,84,-10.71,CLOSED
TATAINVEST,2018-12,4.82,2019-01-01,77.84,73.31,81.59,2019-01-11,73.31,SL,10,-6.12,CLOSED
TATAINVEST,2020-11,11.33,2020-12-01,86.11,75.91,95.87,2020-12-07,95.87,TARGET,6,11.03,CLOSED
TATAINVEST,2022-08,8.71,2022-09-01,154.66,140.16,168.13,2022-09-06,168.13,TARGET,5,8.41,CLOSED
TATAINVEST,2023-07,7.9,2023-08-01,251.32,225.0,271.17,2023-09-20,271.17,TARGET,50,7.6,CLOSED
TATAINVEST,2024-02,29.19,2024-03-01,748.04,508.33,966.41,2025-09-30,966.41,TARGET,578,28.89,CLOSED
TMPV,2006-01,8.43,2006-02-01,114.18,98.1,123.8,2006-02-07,123.8,TARGET,6,8.13,CLOSED
TMPV,2006-02,15.21,2006-03-01,131.6,112.57,151.62,2006-03-06,151.62,TARGET,5,14.91,CLOSED
TMPV,2008-04,6.71,2008-05-02,111.79,100.78,119.3,2008-05-29,100.78,SL,27,-10.15,CLOSED
TMPV,2009-07,44.99,2009-08-03,76.36,45.22,110.71,2009-09-17,110.71,TARGET,45,44.69,CLOSED
TMPV,2009-11,16.91,2009-12-01,123.26,98.24,144.1,2009-12-31,144.1,TARGET,30,16.61,CLOSED
TMPV,2010-04,15.16,2010-05-03,157.24,126.37,181.08,2010-05-20,126.37,SL,17,-19.93,CLOSED
TMPV,2011-03,15.29,2011-04-01,227.75,201.35,262.58,2011-05-27,201.35,SL,56,-11.89,CLOSED
TMPV,2012-01,36.4,2012-02-01,228.25,167.36,311.34,2013-01-09,311.34,TARGET,343,36.1,CLOSED
TMPV,2013-04,11.46,2013-05-02,281.78,239.94,314.07,2013-09-10,314.07,TARGET,131,11.16,CLOSED
TMPV,2014-02,19.28,2014-03-03,398.15,318.62,474.92,2014-08-18,474.92,TARGET,168,18.98,CLOSED
TMPV,2014-10,6.71,2014-11-03,511.23,450.92,545.54,2015-01-22,545.54,TARGET,80,6.41,CLOSED
TMPV,2017-12,6.85,2018-01-01,419.85,379.27,448.62,2018-02-02,379.27,SL,32,-9.96,CLOSED
TMPV,2020-04,31.25,2020-05-04,84.76,63.13,111.24,2020-06-08,111.24,TARGET,35,30.95,CLOSED
TMPV,2022-11,6.46,2022-12-01,431.58,398.66,459.45,2022-12-12,398.66,SL,11,-7.93,CLOSED
TMPV,2023-01,16.54,2023-02-01,445.03,371.18,518.62,2023-05-15,518.62,TARGET,103,16.24,CLOSED
TMPV,2023-06,13.16,2023-07-03,584.54,509.38,661.45,2023-10-16,661.45,TARGET,105,12.86,CLOSED
TMPV,2025-12,2.96,2026-01-01,365.82,334.92,376.63,2026-01-20,334.92,SL,19,-8.75,CLOSED
TATAPOWER,2005-08,14.64,2005-09-01,33.25,28.75,38.12,2005-10-21,27.1,SL,50,-18.8,CLOSED
TATAPOWER,2006-09,7.59,2006-10-03,42.39,36.31,45.61,2006-12-04,45.61,TARGET,62,7.29,CLOSED
TATAPOWER,2007-07,11.09,2007-08-01,54.89,48.1,60.97,2007-09-24,60.97,TARGET,54,10.79,CLOSED
TATAPOWER,2007-12,25.8,2008-01-01,109.62,89.21,137.9,2008-01-22,86.11,SL,21,-21.75,CLOSED
TATAPOWER,2009-12,1.98,2010-01-04,107.03,101.05,109.16,2010-01-05,109.16,TARGET,1,1.68,CLOSED
TATAPOWER,2012-06,11.98,2012-07-02,83.41,69.84,93.4,2012-10-05,69.84,SL,95,-16.57,CLOSED
TATAPOWER,2012-11,1.65,2012-12-03,86.09,76.72,87.51,2012-12-04,87.51,TARGET,1,1.35,CLOSED
TATAPOWER,2014-10,13.0,2014-11-03,79.18,67.79,89.48,2014-12-16,67.79,SL,43,-14.69,CLOSED
TATAPOWER,2016-03,12.83,2016-04-01,55.96,49.24,63.14,2016-05-03,63.14,TARGET,32,12.53,CLOSED
TATAPOWER,2016-08,9.03,2016-09-01,68.76,60.74,74.97,2016-11-09,60.74,SL,69,-11.95,CLOSED
TATAPOWER,2017-03,9.38,2017-04-03,79.47,70.75,86.92,2017-05-22,70.75,SL,49,-11.27,CLOSED
TATAPOWER,2018-04,11.77,2018-05-02,79.08,70.17,88.39,2018-05-21,70.17,SL,19,-11.57,CLOSED
TATAPOWER,2018-07,3.64,2018-08-01,67.51,60.39,69.97,2018-08-29,69.97,TARGET,28,3.34,CLOSED
TATAPOWER,2020-11,24.45,2020-12-01,62.63,49.65,77.95,2021-01-05,77.95,TARGET,35,24.15,CLOSED
TATAPOWER,2023-01,2.5,2023-02-01,209.4,191.62,214.64,2023-02-01,191.62,SL,0,-8.79,CLOSED
TATAPOWER,2023-04,5.7,2023-05-02,196.78,187.13,208.0,2023-05-16,208.0,TARGET,14,5.4,CLOSED
TATAPOWER,2023-07,6.69,2023-08-01,233.48,213.17,249.1,2023-09-01,249.1,TARGET,31,6.39,CLOSED
TATAPOWER,2024-01,17.34,2024-02-01,385.62,314.32,452.49,2024-05-03,453.97,TARGET,92,17.43,CLOSED
TATAPOWER,2024-07,3.43,2024-08-01,449.5,395.21,464.91,2024-08-02,464.91,TARGET,1,3.13,CLOSED
TATASTEEL,2005-02,9.26,2005-03-01,19.84,17.92,21.68,2005-04-08,17.92,SL,38,-9.98,CLOSED
TATASTEEL,2006-01,6.45,2006-02-01,19.87,16.82,21.15,2006-02-28,21.15,TARGET,27,6.15,CLOSED
TATASTEEL,2006-09,7.94,2006-10-03,27.04,24.33,29.18,2006-11-16,24.33,SL,44,-10.32,CLOSED
TATASTEEL,2007-08,5.1,2007-09-03,31.53,24.1,33.13,2007-09-19,33.13,TARGET,16,4.8,CLOSED
TATASTEEL,2008-04,17.84,2008-05-02,48.01,37.34,56.57,2008-07-04,37.34,SL,63,-22.52,CLOSED
TATASTEEL,2009-11,22.83,2009-12-01,36.74,27.0,45.13,2010-04-08,45.13,TARGET,128,22.53,CLOSED
TATASTEEL,2010-12,16.35,2011-01-03,43.41,37.19,50.51,2011-02-10,37.19,SL,38,-14.63,CLOSED
TATASTEEL,2011-06,3.61,2011-07-01,39.07,34.75,40.48,2011-08-05,34.75,SL,35,-11.36,CLOSED
TATASTEEL,2012-06,9.36,2012-07-02,28.7,25.15,31.39,2012-08-28,25.15,SL,57,-12.66,CLOSED
TATASTEEL,2014-03,14.59,2014-04-01,27.17,22.78,31.13,2014-05-14,31.13,TARGET,43,14.29,CLOSED
TATASTEEL,2014-10,6.74,2014-11-03,34.44,30.49,36.77,2014-12-09,30.49,SL,36,-11.76,CLOSED
TATASTEEL,2017-06,8.13,2017-07-03,40.2,35.89,43.47,2017-08-04,43.47,TARGET,32,7.83,CLOSED
TATASTEEL,2017-08,12.51,2017-09-01,48.0,41.82,54.0,2017-10-24,54.0,TARGET,53,12.21,CLOSED
TATASTEEL,2019-04,10.05,2019-05-02,44.4,40.78,48.86,2019-05-10,40.78,SL,8,-8.44,CLOSED
TATASTEEL,2019-12,10.42,2020-01-01,38.89,31.98,42.94,2020-02-28,31.98,SL,58,-18.06,CLOSED
TATASTEEL,2020-11,40.63,2020-12-01,49.93,33.63,70.22,2021-04-01,70.22,TARGET,121,40.33,CLOSED
TATASTEEL,2023-06,9.32,2023-07-03,105.35,96.16,115.17,2023-07-31,115.17,TARGET,28,9.02,CLOSED
TATASTEEL,2023-07,9.96,2023-08-01,115.96,104.41,127.5,2023-12-15,127.5,TARGET,136,9.66,CLOSED
TATASTEEL,2024-09,10.34,2024-10-01,162.28,141.34,179.05,2024-10-25,141.34,SL,24,-13.2,CLOSED
TATASTEEL,2025-12,7.22,2026-01-01,176.95,156.83,189.72,2026-01-28,189.72,TARGET,27,6.92,CLOSED
TTML,2007-04,36.97,2007-05-03,24.91,17.01,34.11,2007-09-24,34.11,TARGET,144,36.67,CLOSED
TTML,2008-12,10.41,2009-01-02,19.33,16.0,21.35,2009-03-09,16.0,SL,66,-17.55,CLOSED
TTML,2017-02,32.23,2017-03-01,7.99,5.69,10.56,2017-06-21,5.69,SL,112,-29.04,CLOSED
TTML,2017-10,38.66,2017-11-01,8.28,3.54,11.48,2018-12-06,3.54,SL,400,-57.53,CLOSED
TTML,2019-05,41.38,2019-06-03,4.31,2.39,6.09,2019-08-29,2.39,SL,87,-44.74,CLOSED
TTML,2020-10,152.54,2020-11-02,7.8,2.7,19.7,2021-02-03,19.8,TARGET,93,153.55,CLOSED
TTML,2021-05,11.83,2021-06-01,16.35,12.3,18.28,2021-06-04,18.9,TARGET,3,15.3,CLOSED
TTML,2021-06,185.9,2021-07-01,46.8,16.35,133.8,2021-12-06,136.75,TARGET,158,191.9,CLOSED
TTML,2021-12,83.34,2022-01-03,216.65,118.15,397.21,2022-02-24,117.85,SL,52,-45.9,CLOSED
TECHM,2012-01,13.65,2012-02-01,111.78,96.4,127.04,2012-03-23,127.04,TARGET,51,13.35,CLOSED
TECHM,2012-09,21.72,2012-10-01,167.35,137.58,203.69,2013-07-23,203.69,TARGET,295,21.42,CLOSED
TECHM,2014-05,4.96,2014-06-02,332.55,297.32,349.04,2014-06-11,349.04,TARGET,9,4.66,CLOSED
TECHM,2014-06,11.91,2014-07-01,370.22,321.68,414.31,2014-09-02,414.31,TARGET,63,11.61,CLOSED
TECHM,2015-07,12.39,2015-08-03,372.12,318.73,418.24,2016-02-09,318.73,SL,190,-14.65,CLOSED
TECHM,2016-04,2.36,2016-05-02,341.17,311.55,349.21,2016-05-25,351.09,TARGET,23,2.61,CLOSED
TECHM,2016-12,0.76,2017-01-02,356.33,326.97,359.05,2017-01-04,359.05,TARGET,2,0.46,CLOSED
TECHM,2018-05,6.23,2018-06-01,525.2,469.47,557.9,2018-06-29,469.47,SL,28,-10.91,CLOSED
TECHM,2018-07,6.22,2018-08-01,516.29,461.97,548.38,2018-08-23,548.38,TARGET,22,5.92,CLOSED
TECHM,2018-08,12.49,2018-09-03,579.35,478.34,651.74,2019-07-31,478.34,SL,331,-17.73,CLOSED
TECHM,2023-06,1.37,2023-07-03,1009.49,942.04,1023.33,2023-07-04,1023.33,TARGET,1,1.07,CLOSED
TECHM,2024-07,10.69,2024-08-01,1459.32,1312.72,1615.26,2024-10-21,1638.26,TARGET,81,11.96,CLOSED
TECHM,2025-04,5.98,2025-05-02,1425.63,1145.62,1510.82,2025-05-13,1515.91,TARGET,11,6.03,CLOSED
TECHM,2025-11,6.52,2025-12-01,1476.92,1348.55,1573.24,2025-12-19,1573.24,TARGET,18,6.22,CLOSED
TECHNOE,2008-02,4.77,2008-03-03,220.9,193.47,231.42,2008-03-04,193.47,SL,1,-12.71,CLOSED
TECHNOE,2009-03,30.35,2009-04-01,60.52,42.88,78.88,2009-04-15,78.88,TARGET,14,30.05,CLOSED
TECHNOE,2009-12,26.88,2010-01-04,169.68,112.9,215.29,2010-04-07,215.29,TARGET,93,26.58,CLOSED
TECHNOE,2012-01,17.08,2012-02-01,92.22,77.35,107.98,2012-02-07,109.22,TARGET,6,18.13,CLOSED
TECHNOE,2014-05,54.21,2014-06-02,120.02,72.24,185.09,2014-12-29,185.09,TARGET,210,53.91,CLOSED
TECHNOE,2016-06,5.02,2016-07-01,263.35,239.58,276.58,2016-07-05,289.71,TARGET,4,9.71,CLOSED
TECHNOE,2017-03,7.52,2017-04-03,372.65,307.67,400.66,2017-06-08,400.66,TARGET,66,7.22,CLOSED
TECHNOE,2017-10,11.08,2017-11-01,337.42,292.09,374.82,2017-11-24,374.82,TARGET,23,10.78,CLOSED
TECHNOE,2022-03,3.06,2022-04-01,241.1,216.02,248.47,2022-04-01,248.47,TARGET,0,2.76,CLOSED
TECHNOE,2023-04,10.07,2023-05-02,365.58,321.3,402.4,2023-07-11,402.4,TARGET,70,9.77,CLOSED
TECHNOE,2023-07,34.9,2023-08-01,480.42,348.69,648.11,2023-11-16,648.11,TARGET,107,34.6,CLOSED
TECHNOE,2024-07,9.88,2024-08-01,1665.22,1350.84,1829.78,2025-01-13,1302.49,SL,165,-22.08,CLOSED
TEGA,2023-05,36.68,2023-06-01,911.66,648.56,1246.1,2024-02-14,1246.1,TARGET,258,36.38,CLOSED
TEGA,2025-05,22.08,2025-06-02,1636.61,1237.36,1997.93,2025-07-21,1997.93,TARGET,49,21.78,CLOSED
TEJASNET,2018-08,2.11,2018-09-03,286.88,244.39,292.93,2018-09-07,292.93,TARGET,4,1.81,CLOSED
TEJASNET,2021-07,42.45,2021-08-02,268.39,176.62,382.31,2021-08-12,382.31,TARGET,10,42.15,CLOSED
TEJASNET,2021-09,34.23,2021-10-01,503.59,357.71,675.98,2022-09-02,675.98,TARGET,336,33.93,CLOSED
TEJASNET,2023-05,5.81,2023-06-01,701.48,615.79,742.21,2023-06-20,742.21,TARGET,19,5.51,CLOSED
TEJASNET,2023-08,6.34,2023-09-01,874.56,792.8,929.96,2023-09-08,929.96,TARGET,7,6.04,CLOSED
THANGAMAYL,2023-05,30.65,2023-06-01,671.7,503.07,877.57,2023-07-17,877.57,TARGET,46,30.35,CLOSED
THANGAMAYL,2026-06,52.16,2026-07-01,6425.03,4120.47,9776.36,2026-09-30,5062.0,OPEN,91,-21.51,OPEN
NIACL,2023-11,83.8,2023-12-01,255.42,129.71,469.45,2026-03-16,129.71,SL,836,-49.52,CLOSED
RAMCOCEM,2007-08,8.83,2007-09-03,155.17,130.21,168.88,2007-09-13,168.88,TARGET,10,8.53,CLOSED
RAMCOCEM,2007-09,16.95,2007-10-01,182.37,155.17,213.29,2007-10-31,213.29,TARGET,30,16.65,CLOSED
RAMCOCEM,2012-01,13.88,2012-02-01,101.73,90.77,115.84,2012-02-02,115.84,TARGET,1,13.58,CLOSED
RAMCOCEM,2012-06,16.81,2012-07-02,150.52,125.6,175.82,2012-08-24,175.82,TARGET,53,16.51,CLOSED
RAMCOCEM,2012-10,5.81,2012-11-01,190.93,169.22,202.03,2012-11-07,202.03,TARGET,6,5.51,CLOSED
RAMCOCEM,2015-11,5.29,2015-12-01,363.83,342.8,383.08,2015-12-16,342.8,SL,15,-6.08,CLOSED
RAMCOCEM,2016-08,5.06,2016-09-01,546.46,513.58,574.09,2016-09-09,574.09,TARGET,8,4.76,CLOSED
RAMCOCEM,2020-11,11.95,2020-12-01,884.62,777.46,990.29,2020-12-21,777.46,SL,20,-12.41,CLOSED
RAMCOCEM,2021-10,8.31,2021-11-01,1062.32,915.32,1150.63,2021-11-29,915.32,SL,28,-14.14,CLOSED
RAMCOCEM,2022-07,15.24,2022-08-01,723.75,605.3,834.05,2023-05-19,834.05,TARGET,291,14.94,CLOSED
RAMCOCEM,2024-10,2.25,2024-11-01,886.05,820.24,906.03,2024-11-12,906.03,TARGET,11,1.95,CLOSED
RAMCOCEM,2024-11,14.47,2024-12-02,1014.87,851.75,1161.69,2025-01-22,851.75,SL,51,-16.37,CLOSED
RAMCOCEM,2025-06,10.17,2025-07-01,1074.21,959.72,1183.45,2025-07-17,1183.45,TARGET,16,9.87,CLOSED
RAMCOCEM,2026-01,6.1,2026-02-02,1084.74,1026.5,1150.85,2026-02-04,1150.85,TARGET,2,5.8,CLOSED
RAMCOCEM,2026-06,6.74,2026-07-01,928.47,836.02,991.08,2026-09-29,836.02,SL,90,-10.26,CLOSED
THERMAX,2013-12,10.59,2014-01-01,652.12,595.25,721.21,2014-01-24,595.25,SL,23,-9.02,CLOSED
THERMAX,2014-02,10.45,2014-03-03,650.12,576.65,718.04,2014-03-12,718.04,TARGET,9,10.15,CLOSED
THERMAX,2018-07,13.13,2018-08-01,1133.11,946.12,1281.86,2018-08-20,946.12,SL,19,-16.8,CLOSED
THERMAX,2025-12,3.51,2026-01-01,3010.8,2731.54,3116.49,2026-02-20,3116.49,TARGET,50,3.21,CLOSED
TIMKEN,2014-06,44.66,2014-07-01,304.42,205.82,440.37,2014-08-27,440.37,TARGET,57,44.36,CLOSED
TIMKEN,2017-03,5.87,2017-04-03,602.83,555.21,638.2,2017-04-07,638.2,TARGET,4,5.57,CLOSED
TIMKEN,2019-10,15.66,2019-11-01,841.38,712.34,973.16,2020-02-07,973.16,TARGET,98,15.36,CLOSED
TIMKEN,2020-04,17.59,2020-05-04,826.84,726.74,972.28,2020-05-18,726.74,SL,14,-12.41,CLOSED
TIMKEN,2020-12,10.67,2021-01-01,1307.13,1040.77,1446.6,2021-06-21,1446.6,TARGET,171,10.37,CLOSED
TIMKEN,2023-07,2.73,2023-08-01,3474.5,3161.48,3569.34,2023-08-16,3161.48,SL,15,-9.31,CLOSED
TIMKEN,2024-04,16.82,2024-05-02,3310.96,2800.48,3867.84,2024-05-15,3867.84,TARGET,13,16.52,CLOSED
TIMKEN,2025-06,11.96,2025-07-01,3481.62,3067.45,3898.02,2025-08-04,3067.45,SL,34,-12.2,CLOSED
TIMKEN,2025-11,0.33,2025-12-01,3155.55,2798.24,3165.99,2025-12-01,3165.99,TARGET,0,0.03,CLOSED
TIMKEN,2026-02,18.06,2026-03-02,3348.3,2986.99,3953.05,2026-09-30,3136.0,OPEN,212,-6.64,OPEN
TITAGARH,2011-05,4.81,2011-06-01,68.93,61.16,72.25,2011-06-08,72.25,TARGET,7,4.51,CLOSED
TITAGARH,2013-08,61.18,2013-09-02,22.34,12.63,36.01,2014-04-23,36.01,TARGET,233,60.88,CLOSED
TITAGARH,2014-10,12.06,2014-11-03,45.48,38.55,50.97,2014-11-03,50.97,TARGET,0,11.76,CLOSED
TITAGARH,2015-12,13.14,2016-01-01,158.85,127.47,179.73,2016-01-15,127.47,SL,14,-20.06,CLOSED
TITAGARH,2017-10,19.17,2017-11-01,142.98,117.01,170.39,2017-11-24,170.39,TARGET,23,18.87,CLOSED
TITAGARH,2022-12,23.26,2023-01-02,226.39,180.4,279.06,2023-04-03,279.06,TARGET,91,22.96,CLOSED
TITAN,2010-06,6.67,2010-07-01,108.53,99.56,115.77,2010-07-09,115.77,TARGET,8,6.37,CLOSED
TITAN,2012-09,18.52,2012-10-01,246.65,205.9,292.32,2012-11-30,292.32,TARGET,60,18.22,CLOSED
TITAN,2012-11,20.21,2012-12-03,278.07,243.65,334.26,2013-02-20,243.65,SL,79,-12.68,CLOSED
TITAN,2014-09,12.26,2014-10-01,390.29,345.78,438.13,2014-11-20,345.78,SL,50,-11.7,CLOSED
TITAN,2016-01,4.77,2016-02-01,349.26,313.28,365.91,2016-02-17,313.28,SL,16,-10.6,CLOSED
TITAN,2016-06,12.69,2016-07-01,399.07,339.18,449.71,2016-11-09,322.16,SL,131,-19.57,CLOSED
TITAN,2017-07,4.27,2017-08-01,529.58,504.58,552.22,2017-08-04,552.22,TARGET,3,3.97,CLOSED
TITAN,2017-10,8.67,2017-11-01,620.19,564.08,673.98,2017-11-06,703.23,TARGET,5,13.09,CLOSED
TITAN,2018-07,4.31,2018-08-01,890.55,774.89,928.92,2018-09-12,774.89,SL,42,-13.29,CLOSED
TITAN,2018-10,4.84,2018-11-01,822.03,712.73,861.83,2018-11-12,861.83,TARGET,11,4.54,CLOSED
TITAN,2018-11,9.77,2018-12-03,907.63,812.11,996.29,2019-02-04,997.61,TARGET,63,9.61,CLOSED
TITAN,2019-03,10.64,2019-04-01,1109.54,989.05,1227.56,2019-05-23,1227.56,TARGET,52,10.34,CLOSED
TITAN,2019-06,8.01,2019-07-01,1294.56,1194.7,1398.22,2019-07-09,1143.61,SL,8,-11.96,CLOSED
TITAN,2020-12,15.13,2021-01-01,1533.14,1310.25,1765.11,2021-08-03,1765.11,TARGET,214,14.83,CLOSED
TITAN,2021-08,12.08,2021-09-01,1894.05,1697.09,2122.77,2021-09-29,2122.77,TARGET,28,11.78,CLOSED
TITAN,2021-12,6.18,2022-01-03,2469.38,2169.32,2622.09,2022-01-07,2622.09,TARGET,4,5.88,CLOSED
TITAN,2022-02,7.89,2022-03-02,2508.74,2313.2,2706.7,2022-03-07,2313.2,SL,5,-8.09,CLOSED
TITAN,2022-08,10.74,2022-09-01,2560.02,2309.29,2834.95,2023-01-25,2309.29,SL,146,-10.09,CLOSED
TITAN,2023-03,5.99,2023-04-03,2493.82,2291.52,2643.17,2023-04-28,2643.17,TARGET,25,5.69,CLOSED
TITAN,2023-05,6.87,2023-06-01,2787.39,2599.95,2978.79,2023-06-19,2978.79,TARGET,18,6.57,CLOSED
TITAN,2023-06,7.95,2023-07-03,3011.36,2778.95,3250.71,2023-09-14,3250.71,TARGET,73,7.65,CLOSED
TITAN,2023-11,9.44,2023-12-01,3465.75,3138.24,3792.75,2024-01-16,3792.75,TARGET,46,9.14,CLOSED
TITAN,2024-03,4.89,2024-04-01,3786.62,3513.35,3971.96,2024-04-18,3513.35,SL,17,-7.52,CLOSED
TITAN,2025-06,3.8,2025-07-01,3675.84,3361.82,3815.64,2025-07-11,3361.82,SL,10,-8.84,CLOSED
TITAN,2025-12,3.68,2026-01-01,4050.41,3738.73,4199.46,2026-01-07,4211.18,TARGET,6,3.67,CLOSED
TITAN,2026-06,8.08,2026-07-01,4454.38,3949.84,4814.13,2026-07-28,4814.13,TARGET,27,7.78,CLOSED
TITAN,2026-07,11.06,2026-08-03,4875.2,4368.76,5414.52,2026-09-30,4587.0,OPEN,58,-6.21,OPEN
TORNTPHARM,2006-01,9.74,2006-02-01,42.45,37.71,46.58,2006-02-02,46.6,TARGET,1,9.49,CLOSED
TORNTPHARM,2010-03,24.62,2010-04-01,107.94,85.96,134.51,2011-07-11,134.51,TARGET,466,24.32,CLOSED
TORNTPHARM,2012-03,14.8,2012-04-02,126.26,111.21,144.94,2012-08-27,144.94,TARGET,147,14.5,CLOSED
TORNTPHARM,2012-12,8.38,2013-01-01,148.21,134.75,160.62,2013-05-31,160.62,TARGET,150,8.08,CLOSED
TORNTPHARM,2013-10,3.04,2013-11-01,190.14,169.49,195.92,2013-11-01,195.92,TARGET,0,2.74,CLOSED
TORNTPHARM,2017-12,10.29,2018-01-01,636.53,564.67,702.06,2018-03-19,564.67,SL,77,-11.59,CLOSED
TORNTPHARM,2018-07,9.1,2018-08-01,693.01,629.9,756.05,2018-08-07,756.05,TARGET,6,8.8,CLOSED
TORNTPHARM,2018-08,18.59,2018-09-03,828.45,683.05,982.47,2019-06-07,683.05,SL,277,-17.85,CLOSED
TORNTPHARM,2021-03,4.81,2021-04-01,1194.13,1082.7,1251.59,2021-04-12,1251.59,TARGET,11,4.51,CLOSED
TORNTPHARM,2021-12,7.77,2022-01-03,1543.92,1377.33,1663.9,2022-01-27,1377.33,SL,24,-11.09,CLOSED
TORNTPHARM,2022-07,6.9,2022-08-01,1494.33,1360.21,1597.44,2022-11-01,1597.44,TARGET,92,6.6,CLOSED
TORNTPHARM,2023-04,7.49,2023-05-02,1599.93,1474.56,1719.78,2023-05-31,1719.78,TARGET,29,7.19,CLOSED
TORNTPHARM,2023-09,4.7,2023-10-03,1872.1,1721.56,1960.09,2023-11-08,1960.09,TARGET,36,4.4,CLOSED
TORNTPHARM,2023-11,10.51,2023-12-01,2074.17,1858.84,2292.24,2024-01-03,2292.24,TARGET,33,10.21,CLOSED
TORNTPHARM,2024-01,9.78,2024-02-01,2465.21,2223.49,2706.37,2024-05-03,2706.37,TARGET,92,9.48,CLOSED
TORNTPHARM,2024-11,3.8,2024-12-02,3240.53,2996.09,3363.52,2024-12-05,3386.8,TARGET,3,4.21,CLOSED
TORNTPHARM,2025-12,3.48,2026-01-01,3826.11,3656.41,3959.18,2026-01-07,3959.18,TARGET,6,3.18,CLOSED
TORNTPHARM,2026-07,10.88,2026-08-03,5250.0,4574.3,5821.24,2026-09-30,4800.0,OPEN,58,-8.87,OPEN
TORNTPOWER,2009-07,31.69,2009-08-03,159.04,119.01,209.44,2009-09-24,209.44,TARGET,52,31.39,CLOSED
TORNTPOWER,2009-09,39.99,2009-10-01,227.7,159.04,318.76,2011-01-31,159.04,SL,487,-30.45,CLOSED
TORNTPOWER,2017-11,5.57,2017-12-01,229.47,198.65,242.24,2018-01-10,242.24,TARGET,40,5.27,CLOSED
TORNTPOWER,2022-07,16.19,2022-08-01,481.27,410.6,559.16,2023-01-27,410.6,SL,179,-14.98,CLOSED
TORNTPOWER,2023-07,10.0,2023-08-01,651.82,564.6,716.97,2023-09-28,716.97,TARGET,58,9.7,CLOSED
TARIL,2011-10,3.02,2011-11-01,9.76,9.39,10.06,2011-11-11,9.39,SL,10,-4.11,CLOSED
TARIL,2014-06,18.18,2014-07-01,10.48,8.02,12.38,2014-10-10,8.02,SL,101,-23.71,CLOSED
TARIL,2015-11,4.89,2015-12-01,9.19,8.15,9.64,2015-12-02,9.64,TARGET,1,4.59,CLOSED
TARIL,2018-07,3.24,2018-08-01,10.32,8.35,10.66,2018-08-01,10.66,TARGET,0,2.94,CLOSED
TARIL,2024-03,14.35,2024-04-01,206.16,151.8,235.74,2024-04-08,241.6,TARGET,7,16.89,CLOSED
TARIL,2024-05,11.66,2024-06-03,367.01,273.64,409.82,2024-06-13,422.29,TARGET,10,14.76,CLOSED
TARIL,2024-10,46.48,2024-11-01,466.88,306.69,683.91,2025-11-11,300.98,SL,375,-35.83,CLOSED
TRENT,2006-08,21.43,2006-09-01,61.54,50.34,74.72,2007-03-07,50.34,SL,187,-18.5,CLOSED
TRENT,2009-03,7.92,2009-04-01,25.37,22.79,27.37,2009-04-02,27.37,TARGET,1,7.62,CLOSED
TRENT,2011-03,18.53,2011-04-01,95.0,77.05,112.6,2011-06-30,112.6,TARGET,90,18.23,CLOSED
TRENT,2014-05,5.76,2014-06-02,101.78,92.52,107.64,2014-06-05,107.64,TARGET,3,5.46,CLOSED
TRENT,2019-05,10.23,2019-06-03,393.71,351.65,434.0,2019-06-25,434.0,TARGET,22,9.93,CLOSED
TRENT,2020-04,4.26,2020-05-04,487.05,428.85,507.81,2020-05-18,428.85,SL,14,-12.25,CLOSED
TRENT,2021-05,9.65,2021-06-01,852.71,732.42,934.99,2021-07-08,934.99,TARGET,37,9.35,CLOSED
TRENT,2021-08,9.1,2021-09-01,999.86,848.1,1090.86,2021-10-06,1090.86,TARGET,35,8.8,CLOSED
TRENT,2022-02,7.46,2022-03-02,1094.4,975.89,1176.06,2022-03-11,1176.06,TARGET,9,7.16,CLOSED
TRENT,2022-07,18.1,2022-08-01,1263.58,1055.41,1492.32,2022-08-18,1492.32,TARGET,17,17.8,CLOSED
TRENT,2022-10,7.6,2022-11-01,1539.57,1349.33,1656.55,2022-12-22,1349.33,SL,51,-12.66,CLOSED
TRENT,2023-10,3.58,2023-11-01,2158.27,1940.12,2235.62,2023-11-06,2235.62,TARGET,5,3.28,CLOSED
TRENT,2023-11,29.35,2023-12-01,2780.01,2143.56,3595.81,2024-02-07,3595.81,TARGET,68,29.05,CLOSED
TRENT,2024-06,20.19,2024-07-01,5488.72,4187.39,6597.14,2024-08-19,6597.14,TARGET,49,19.89,CLOSED
TRENT,2025-06,10.23,2025-07-01,6217.31,5470.25,6853.63,2025-07-04,5470.25,SL,3,-12.32,CLOSED
TRENT,2026-06,16.74,2026-07-01,3285.0,2676.05,3834.97,2026-09-25,2676.05,SL,86,-18.84,CLOSED
TRIDENT,2007-12,75.28,2008-01-01,2.65,1.47,4.64,2008-01-28,1.47,SL,27,-44.79,CLOSED
TRIDENT,2009-05,60.11,2009-06-01,0.99,0.53,1.59,2013-03-25,0.53,SL,1393,-46.79,CLOSED
TRIDENT,2015-11,32.34,2015-12-01,4.47,3.04,5.92,2016-02-12,3.04,SL,73,-32.39,CLOSED
TRIDENT,2021-07,26.3,2021-08-02,19.62,15.12,24.78,2021-09-29,24.78,TARGET,58,26.0,CLOSED
TRIDENT,2021-09,35.59,2021-10-01,25.88,18.97,35.09,2021-10-13,36.45,TARGET,12,40.56,CLOSED
TRIDENT,2023-01,0.58,2023-02-01,33.08,29.58,33.27,2023-02-22,29.58,SL,21,-10.87,CLOSED
TRITURBINE,2012-12,15.97,2013-01-01,55.13,45.93,63.94,2013-02-28,45.93,SL,58,-16.99,CLOSED
TRITURBINE,2014-03,24.12,2014-04-01,65.87,51.32,81.76,2014-05-19,81.76,TARGET,48,23.82,CLOSED
TRITURBINE,2016-06,12.37,2016-07-01,110.64,98.88,124.33,2016-08-17,124.33,TARGET,47,12.07,CLOSED
TRITURBINE,2024-02,32.97,2024-03-01,489.8,342.72,651.31,2024-06-03,663.72,TARGET,94,35.21,CLOSED
TIINDIA,2018-12,18.69,2019-01-01,350.6,287.13,416.13,2019-03-15,416.13,TARGET,73,18.39,CLOSED
TIINDIA,2019-11,18.14,2019-12-02,468.05,392.33,552.93,2020-02-27,552.93,TARGET,87,17.84,CLOSED
TIINDIA,2020-04,36.27,2020-05-04,364.37,251.5,496.54,2020-07-20,504.92,TARGET,77,38.27,CLOSED
TIINDIA,2022-06,17.25,2022-07-01,1793.88,1449.66,2103.39,2022-07-19,2103.39,TARGET,18,16.95,CLOSED
TIINDIA,2023-10,5.42,2023-11-01,3165.26,2869.15,3336.75,2023-11-22,3336.75,TARGET,21,5.12,CLOSED
TIINDIA,2025-06,1.53,2025-07-01,3099.1,2821.23,3146.56,2025-07-28,2821.23,SL,27,-9.27,CLOSED
TIINDIA,2026-02,18.01,2026-03-02,2566.0,2265.15,3028.23,2026-04-22,3028.23,TARGET,51,17.71,CLOSED
UCOBANK,2010-05,14.02,2010-06-01,63.54,54.27,72.45,2010-07-19,72.45,TARGET,48,13.72,CLOSED
UCOBANK,2013-04,24.93,2013-05-02,60.41,48.78,75.47,2013-08-06,48.78,SL,96,-19.56,CLOSED
UCOBANK,2014-10,9.66,2014-11-03,81.64,70.62,89.52,2014-12-16,70.62,SL,43,-13.79,CLOSED
UCOBANK,2016-03,22.4,2016-04-01,37.37,30.66,45.74,2016-05-24,30.66,SL,53,-18.26,CLOSED
UNOMINDA,2007-12,4.77,2008-01-01,6.62,5.67,6.93,2008-01-02,7.05,TARGET,1,6.2,CLOSED
UNOMINDA,2013-11,53.77,2013-12-02,7.48,4.78,11.5,2014-07-01,11.5,TARGET,211,53.47,CLOSED
UNOMINDA,2017-05,30.52,2017-06-01,101.95,77.11,133.07,2017-07-25,133.07,TARGET,54,30.22,CLOSED
UNOMINDA,2017-08,6.88,2017-09-01,137.07,117.32,146.5,2017-11-02,146.5,TARGET,62,6.58,CLOSED
UNOMINDA,2019-08,16.21,2019-09-03,163.05,139.04,189.48,2020-01-09,189.48,TARGET,128,15.91,CLOSED
UNOMINDA,2022-08,13.61,2022-09-01,570.49,500.72,648.14,2023-01-23,500.72,SL,144,-12.53,CLOSED
UNOMINDA,2023-04,8.36,2023-05-02,516.67,458.03,559.85,2023-05-12,559.85,TARGET,10,8.06,CLOSED
UNOMINDA,2023-12,2.14,2024-01-01,690.48,624.64,705.25,2024-01-08,705.25,TARGET,7,1.84,CLOSED
UNOMINDA,2024-03,2.26,2024-04-01,685.98,600.98,701.5,2024-04-04,701.5,TARGET,3,1.96,CLOSED
UNOMINDA,2026-07,8.52,2026-08-03,1195.0,1076.2,1296.84,2026-08-10,1296.84,TARGET,7,8.22,CLOSED
UPL,2011-07,10.21,2011-08-01,94.95,82.77,104.65,2011-08-05,82.77,SL,4,-13.12,CLOSED
UPL,2013-10,13.57,2013-11-01,96.13,83.08,109.17,2013-12-12,109.17,TARGET,41,13.27,CLOSED
UPL,2016-04,12.6,2016-05-02,324.13,268.42,364.98,2016-05-13,364.98,TARGET,11,12.3,CLOSED
UPL,2016-07,13.59,2016-08-01,378.88,324.82,430.37,2016-10-20,430.37,TARGET,80,13.29,CLOSED
UPL,2018-08,12.39,2018-09-03,442.85,368.73,497.74,2018-09-21,368.73,SL,18,-17.04,CLOSED
UPL,2018-10,1.51,2018-11-01,415.99,358.24,422.28,2018-11-01,422.28,TARGET,0,1.21,CLOSED
UPL,2019-01,3.73,2019-02-01,492.14,457.19,510.47,2019-02-18,510.47,TARGET,17,3.43,CLOSED
UPL,2019-02,11.58,2019-03-01,539.12,466.45,601.57,2019-05-15,601.57,TARGET,75,11.28,CLOSED
UPL,2019-09,7.24,2019-10-01,567.26,504.77,608.31,2019-11-11,504.77,SL,41,-11.32,CLOSED
UPL,2022-07,18.76,2022-08-01,726.31,591.98,862.54,2023-08-01,591.98,SL,365,-18.79,CLOSED
UPL,2023-11,5.58,2023-12-01,559.09,518.82,590.27,2023-12-11,590.27,TARGET,10,5.28,CLOSED
UPL,2024-08,4.78,2024-09-02,590.82,509.46,619.06,2024-10-25,509.46,SL,53,-14.07,CLOSED
UPL,2025-06,5.31,2025-07-01,652.65,609.22,687.32,2025-07-17,687.32,TARGET,16,5.01,CLOSED
UPL,2025-12,4.81,2026-01-01,789.66,722.61,827.65,2026-01-20,722.61,SL,19,-8.79,CLOSED
UTIAMC,2022-11,11.33,2022-12-01,675.97,568.55,752.56,2022-12-19,752.56,TARGET,18,11.03,CLOSED
UTIAMC,2023-05,7.66,2023-06-01,611.84,553.56,658.69,2023-06-30,658.69,TARGET,29,7.36,CLOSED
ULTRACEMCO,2006-02,8.35,2006-03-01,502.09,445.85,544.0,2006-03-07,544.0,TARGET,6,8.05,CLOSED
ULTRACEMCO,2006-03,21.66,2006-04-03,616.45,500.44,749.96,2006-04-24,749.96,TARGET,21,21.36,CLOSED
ULTRACEMCO,2006-06,24.19,2006-07-03,670.05,442.24,832.16,2006-10-16,832.16,TARGET,105,23.89,CLOSED
ULTRACEMCO,2009-04,7.01,2009-05-04,526.0,468.81,562.87,2009-05-18,570.51,TARGET,14,8.16,CLOSED
ULTRACEMCO,2009-09,4.96,2009-10-01,736.41,649.73,772.95,2009-10-01,772.95,TARGET,0,4.66,CLOSED
ULTRACEMCO,2009-12,9.27,2010-01-04,836.3,751.04,913.82,2010-01-06,913.82,TARGET,2,8.97,CLOSED
ULTRACEMCO,2010-03,11.04,2010-04-01,1044.24,937.66,1159.5,2010-04-29,937.66,SL,28,-10.51,CLOSED
ULTRACEMCO,2011-07,10.71,2011-08-01,948.16,845.01,1049.67,2011-09-02,1049.67,TARGET,32,10.41,CLOSED
ULTRACEMCO,2012-07,8.12,2012-08-01,1521.0,1391.77,1644.47,2012-08-28,1644.47,TARGET,27,7.82,CLOSED
ULTRACEMCO,2014-03,18.91,2014-04-01,2042.64,1701.02,2428.86,2014-06-05,2428.86,TARGET,65,18.61,CLOSED
ULTRACEMCO,2014-12,7.72,2015-01-01,2512.44,2268.5,2706.42,2015-01-14,2706.42,TARGET,13,7.42,CLOSED
ULTRACEMCO,2016-01,2.14,2016-02-01,2690.17,2425.86,2747.79,2016-02-22,2747.79,TARGET,21,1.84,CLOSED
ULTRACEMCO,2016-06,5.71,2016-07-01,3207.52,2994.28,3390.72,2016-07-21,3390.72,TARGET,20,5.41,CLOSED
ULTRACEMCO,2016-07,9.31,2016-08-01,3518.28,3156.4,3845.81,2016-09-01,3845.81,TARGET,31,9.01,CLOSED
ULTRACEMCO,2017-02,2.17,2017-03-01,3566.38,3427.82,3643.7,2017-03-10,3643.7,TARGET,9,1.87,CLOSED
ULTRACEMCO,2017-04,6.63,2017-05-02,4007.77,3703.15,4273.5,2017-05-16,4273.5,TARGET,14,6.33,CLOSED
ULTRACEMCO,2018-08,6.72,2018-09-03,4238.0,3922.33,4522.67,2018-09-05,3922.33,SL,2,-7.75,CLOSED
ULTRACEMCO,2020-05,10.48,2020-06-01,3711.81,3071.16,4100.97,2020-10-08,4100.97,TARGET,129,10.18,CLOSED
ULTRACEMCO,2021-05,6.83,2021-06-01,6410.55,5864.18,6848.59,2021-07-14,6848.59,TARGET,43,6.53,CLOSED
ULTRACEMCO,2021-08,3.3,2021-09-01,7504.45,6983.2,7752.13,2021-10-12,6983.2,SL,41,-7.25,CLOSED
ULTRACEMCO,2021-10,3.24,2021-11-01,7349.23,6713.95,7587.66,2021-11-04,7587.66,TARGET,3,2.94,CLOSED
ULTRACEMCO,2022-07,16.72,2022-08-01,6312.43,5255.61,7367.82,2023-04-03,7392.28,TARGET,245,16.81,CLOSED
ULTRACEMCO,2023-11,6.9,2023-12-01,8813.23,8102.95,9421.62,2023-12-12,9421.62,TARGET,11,6.6,CLOSED
ULTRACEMCO,2023-12,16.65,2024-01-01,10167.82,8685.64,11861.09,2025-04-24,11861.09,TARGET,479,16.35,CLOSED
ULTRACEMCO,2026-07,7.94,2026-08-03,11940.0,11062.2,12887.48,2026-09-08,11062.2,SL,36,-7.65,CLOSED
UNIONBANK,2007-09,19.63,2007-10-01,104.81,88.64,125.38,2007-10-19,88.64,SL,18,-15.73,CLOSED
UNIONBANK,2012-01,34.35,2012-02-01,163.2,117.8,219.27,2012-08-24,117.8,SL,205,-28.12,CLOSED
UNIONBANK,2014-03,33.53,2014-04-01,109.22,79.83,145.85,2014-05-16,145.85,TARGET,45,33.23,CLOSED
UNIONBANK,2015-05,20.58,2015-06-01,137.5,102.83,165.8,2015-08-04,165.8,TARGET,64,20.28,CLOSED
UNIONBANK,2015-11,10.63,2015-12-01,143.22,127.03,158.45,2015-12-10,127.03,SL,9,-11.6,CLOSED
UNIONBANK,2017-04,9.94,2017-05-02,143.78,123.99,158.08,2017-05-04,158.08,TARGET,2,9.64,CLOSED
UNIONBANK,2019-03,35.31,2019-04-01,80.62,60.23,109.08,2019-05-13,60.23,SL,42,-25.59,CLOSED
UNIONBANK,2020-11,16.42,2020-12-01,23.74,19.8,27.64,2020-12-08,27.64,TARGET,7,16.12,CLOSED
UNIONBANK,2023-04,13.97,2023-05-02,68.09,58.71,77.61,2023-07-20,77.61,TARGET,79,13.67,CLOSED
UNIONBANK,2023-09,23.75,2023-10-03,97.85,77.66,121.08,2024-01-12,121.08,TARGET,101,23.45,CLOSED
UNIONBANK,2025-05,16.7,2025-06-02,139.98,107.57,163.37,2026-01-14,163.37,TARGET,226,16.4,CLOSED
UBL,2014-01,7.83,2014-02-03,800.76,705.84,863.49,2014-06-11,705.84,SL,128,-12.15,CLOSED
UBL,2018-04,26.66,2018-05-02,1159.01,910.31,1468.01,2020-03-13,910.31,SL,681,-21.76,CLOSED
UBL,2020-12,14.19,2021-01-01,1151.28,1005.64,1314.61,2021-06-04,1314.61,TARGET,154,13.89,CLOSED
UBL,2023-04,3.86,2023-05-02,1447.63,1324.03,1503.58,2023-07-04,1503.58,TARGET,63,3.56,CLOSED
UBL,2023-11,1.96,2023-12-01,1621.88,1520.63,1653.66,2023-12-04,1654.31,TARGET,3,1.7,CLOSED
UBL,2023-12,8.4,2024-01-01,1762.64,1615.14,1910.72,2024-04-24,1910.72,TARGET,114,8.1,CLOSED
UBL,2025-01,5.35,2025-02-01,2113.0,1888.12,2226.07,2025-02-01,2226.07,TARGET,0,5.05,CLOSED
UNITDSPR,2013-04,16.42,2013-05-02,429.25,331.55,499.72,2013-05-24,499.72,TARGET,22,16.12,CLOSED
UNITDSPR,2014-10,15.03,2014-11-03,541.23,439.26,622.56,2015-01-16,622.56,TARGET,74,14.73,CLOSED
UNITDSPR,2016-09,6.63,2016-10-03,469.33,417.83,500.45,2016-10-05,500.45,TARGET,2,6.33,CLOSED
UNITDSPR,2017-12,11.7,2018-01-01,717.5,616.25,801.42,2018-02-01,616.25,SL,31,-14.41,CLOSED
UNITDSPR,2018-04,15.74,2018-05-02,707.39,609.25,818.72,2018-05-21,609.25,SL,19,-14.17,CLOSED
UNITDSPR,2018-10,12.15,2018-11-01,583.99,425.8,654.96,2018-11-30,654.96,TARGET,29,11.85,CLOSED
UNITDSPR,2018-11,16.57,2018-12-03,655.89,578.16,764.6,2018-12-26,578.16,SL,23,-12.15,CLOSED
UNITDSPR,2019-04,5.39,2019-05-02,543.08,512.08,572.36,2019-05-06,511.11,SL,4,-6.19,CLOSED
UNITDSPR,2019-06,5.58,2019-07-01,570.34,496.78,602.14,2019-08-30,602.14,TARGET,60,5.28,CLOSED
UNITDSPR,2019-08,5.76,2019-09-03,607.6,545.12,642.58,2019-09-23,642.58,TARGET,20,5.46,CLOSED
UNITDSPR,2021-05,17.88,2021-06-01,598.56,498.04,705.59,2021-08-18,705.59,TARGET,78,17.58,CLOSED
UNITDSPR,2022-10,6.42,2022-11-01,874.53,779.3,930.64,2023-01-25,776.38,SL,85,-11.52,CLOSED
UNITDSPR,2023-05,13.68,2023-06-01,858.01,749.47,975.42,2023-07-21,975.42,TARGET,50,13.38,CLOSED
UNITDSPR,2023-12,6.57,2024-01-01,1096.4,1007.39,1168.42,2024-04-10,1168.42,TARGET,100,6.27,CLOSED
UNITDSPR,2024-08,4.32,2024-09-02,1454.19,1353.97,1517.01,2024-09-16,1517.01,TARGET,14,4.02,CLOSED
UNITDSPR,2024-11,5.52,2024-12-02,1510.01,1388.98,1593.38,2024-12-30,1593.38,TARGET,28,5.22,CLOSED
USHAMART,2007-08,5.57,2007-09-03,51.32,39.56,54.18,2007-09-26,54.18,TARGET,23,5.27,CLOSED
USHAMART,2021-09,22.24,2021-10-01,80.96,61.59,98.96,2022-03-14,98.96,TARGET,164,21.94,CLOSED
USHAMART,2023-08,5.98,2023-09-01,349.24,313.29,370.14,2023-09-12,313.29,SL,11,-10.59,CLOSED
USHAMART,2025-06,18.26,2025-07-01,360.04,297.67,425.78,2025-09-19,425.78,TARGET,80,17.96,CLOSED
VTL,2009-05,97.34,2009-06-01,19.98,9.99,39.43,2010-01-12,39.43,TARGET,225,97.04,CLOSED
VTL,2014-12,7.88,2015-01-01,79.87,69.12,86.16,2015-02-20,86.16,TARGET,50,7.58,CLOSED
VTL,2017-09,10.66,2017-10-03,240.02,211.34,265.61,2018-01-03,265.61,TARGET,92,10.36,CLOSED
VTL,2018-12,5.11,2019-01-01,206.33,186.38,216.87,2019-02-06,186.38,SL,36,-9.97,CLOSED
VTL,2019-12,10.87,2020-01-01,185.81,167.02,206.0,2020-02-24,206.0,TARGET,54,10.57,CLOSED
VTL,2024-01,10.79,2024-02-01,422.6,365.68,468.19,2024-06-06,468.19,TARGET,126,10.49,CLOSED
VTL,2025-06,1.79,2025-07-01,494.95,443.93,503.81,2025-07-08,503.81,TARGET,7,1.49,CLOSED
VBL,2019-06,1.48,2019-07-01,55.13,45.88,55.95,2019-07-03,56.05,TARGET,2,1.37,CLOSED
VBL,2023-03,6.63,2023-04-03,276.22,250.84,294.53,2023-05-09,294.53,TARGET,36,6.33,CLOSED
VBL,2025-12,1.72,2026-01-01,488.43,455.89,496.85,2026-01-06,496.85,TARGET,5,1.42,CLOSED
VIJAYA,2026-04,31.14,2026-05-01,1128.04,851.42,1479.25,2026-08-12,1479.25,TARGET,103,30.84,CLOSED
VMM,2025-04,13.66,2025-05-02,115.95,96.3,131.79,2025-05-13,131.79,TARGET,11,13.36,CLOSED
IDEA,2010-06,17.52,2010-07-01,35.14,28.79,41.3,2010-07-12,41.3,TARGET,11,17.22,CLOSED
IDEA,2010-07,18.96,2010-08-02,42.21,32.65,50.21,2011-02-14,32.65,SL,196,-22.94,CLOSED
IDEA,2012-10,0.35,2012-11-01,50.96,46.42,51.14,2012-11-01,51.14,TARGET,0,0.05,CLOSED
IDEA,2013-04,16.55,2013-05-02,78.24,60.02,91.19,2013-07-15,91.19,TARGET,74,16.25,CLOSED
IDEA,2017-06,6.56,2017-07-03,51.4,45.89,54.78,2017-07-18,54.78,TARGET,15,6.26,CLOSED
IDEA,2017-12,14.51,2018-01-01,64.76,53.97,74.15,2018-02-02,53.97,SL,32,-16.97,CLOSED
VOLTAS,2013-10,20.64,2013-11-01,83.11,68.41,100.27,2013-11-28,100.27,TARGET,27,20.34,CLOSED
VOLTAS,2014-02,25.73,2014-03-03,123.42,96.2,155.18,2014-04-10,155.18,TARGET,38,25.43,CLOSED
VOLTAS,2014-08,28.39,2014-09-01,231.04,173.76,296.64,2015-05-22,296.64,TARGET,263,28.09,CLOSED
VOLTAS,2015-11,1.99,2015-12-01,272.04,236.72,277.46,2015-12-02,277.46,TARGET,1,1.69,CLOSED
VOLTAS,2015-12,12.18,2016-01-01,304.35,260.67,341.41,2016-01-13,260.67,SL,12,-14.65,CLOSED
VOLTAS,2016-03,24.49,2016-04-01,262.08,209.95,326.26,2016-05-18,327.65,TARGET,47,24.72,CLOSED
VOLTAS,2017-02,14.24,2017-03-01,353.4,303.24,403.72,2017-05-04,403.72,TARGET,64,13.94,CLOSED
VOLTAS,2017-10,12.16,2017-11-01,543.0,482.65,609.05,2017-11-27,609.05,TARGET,26,11.86,CLOSED
VOLTAS,2018-10,1.51,2018-11-01,522.74,453.04,530.65,2018-11-01,530.65,TARGET,0,1.21,CLOSED
VOLTAS,2019-02,4.7,2019-03-01,545.19,480.67,570.83,2019-03-05,570.83,TARGET,4,4.4,CLOSED
VOLTAS,2019-08,9.78,2019-09-03,612.08,559.3,671.92,2019-09-23,671.92,TARGET,20,9.48,CLOSED
VOLTAS,2021-07,3.59,2021-08-02,1039.15,969.45,1076.5,2021-08-10,969.45,SL,8,-7.01,CLOSED
VOLTAS,2022-02,6.75,2022-03-02,1226.02,1111.9,1308.75,2022-03-07,1111.9,SL,5,-9.61,CLOSED
VOLTAS,2023-08,11.51,2023-09-01,863.28,770.68,962.65,2023-12-27,962.65,TARGET,117,11.21,CLOSED
VOLTAS,2024-01,11.69,2024-02-01,1077.61,956.12,1203.62,2024-04-03,1203.62,TARGET,62,11.39,CLOSED
VOLTAS,2024-04,33.64,2024-05-02,1463.82,1087.69,1956.2,2026-09-30,1087.69,SL,881,-26.0,CLOSED
WAAREEENER,2025-06,5.39,2025-07-01,3173.73,2637.45,3344.72,2025-08-28,3344.72,TARGET,58,5.09,CLOSED
WELCORP,2007-04,31.33,2007-05-03,110.17,77.51,144.68,2007-06-01,144.68,TARGET,29,31.03,CLOSED
WELCORP,2007-06,24.15,2007-07-02,176.7,135.61,219.37,2007-09-14,219.37,TARGET,74,23.85,CLOSED
WELCORP,2010-09,15.53,2010-10-01,218.22,189.47,252.1,2010-11-22,189.47,SL,52,-13.47,CLOSED
WELCORP,2011-03,8.7,2011-04-01,168.71,141.3,183.38,2011-05-16,141.3,SL,45,-16.55,CLOSED
WELCORP,2017-08,8.63,2017-09-01,120.83,90.06,131.25,2017-11-01,131.25,TARGET,61,8.33,CLOSED
WELCORP,2022-03,17.72,2022-04-01,158.86,127.86,187.01,2022-04-06,187.01,TARGET,5,17.42,CLOSED
WELCORP,2022-11,12.69,2022-12-01,241.47,209.37,272.1,2022-12-22,209.37,SL,21,-13.59,CLOSED
WELCORP,2023-04,12.29,2023-05-02,218.14,193.75,244.96,2023-05-31,244.96,TARGET,29,11.99,CLOSED
WELCORP,2024-09,8.17,2024-10-01,760.36,649.33,822.51,2024-11-21,649.33,SL,51,-14.9,CLOSED
WELCORP,2025-05,21.9,2025-06-02,921.95,709.21,1123.82,2026-02-02,709.21,SL,245,-23.38,CLOSED
WELCORP,2026-06,10.9,2026-07-01,1530.1,1315.63,1696.85,2026-07-15,1696.85,TARGET,14,10.6,CLOSED
WELSPUNLIV,2009-07,16.57,2009-08-03,3.38,2.24,3.94,2009-08-07,4.07,TARGET,4,20.11,CLOSED
WELSPUNLIV,2009-08,41.12,2009-09-01,4.5,3.38,6.35,2009-10-22,6.42,TARGET,51,42.4,CLOSED
WELSPUNLIV,2015-01,16.28,2015-02-02,34.33,27.63,39.92,2015-03-04,27.63,SL,30,-19.82,CLOSED
WELSPUNLIV,2016-05,4.3,2016-06-01,97.2,83.84,101.38,2016-06-09,101.38,TARGET,8,4.0,CLOSED
WELSPUNLIV,2020-05,18.44,2020-06-01,31.87,23.08,37.75,2020-06-30,38.31,TARGET,29,19.88,CLOSED
WELSPUNLIV,2021-09,33.41,2021-10-01,164.77,122.18,219.83,2021-11-22,122.18,SL,52,-26.15,CLOSED
WELSPUNLIV,2026-08,25.82,2026-09-01,196.2,152.98,246.87,2026-09-30,227.33,OPEN,29,15.57,OPEN
WHIRLPOOL,2014-06,13.19,2014-07-01,333.32,282.21,377.29,2014-08-13,377.29,TARGET,43,12.89,CLOSED
WHIRLPOOL,2016-06,9.49,2016-07-01,804.24,731.57,880.59,2016-08-16,880.59,TARGET,46,9.19,CLOSED
WHIRLPOOL,2018-07,13.45,2018-08-01,1695.84,1453.19,1923.96,2018-09-19,1453.19,SL,49,-14.61,CLOSED
WHIRLPOOL,2019-01,8.57,2019-02-01,1454.74,1333.41,1579.39,2019-02-05,1319.39,SL,4,-9.6,CLOSED
WHIRLPOOL,2019-06,8.4,2019-07-01,1555.95,1409.12,1686.58,2019-09-20,1686.58,TARGET,81,8.1,CLOSED
WIPRO,2006-09,1.21,2006-10-03,46.26,43.09,46.81,2006-10-11,46.81,TARGET,8,0.91,CLOSED
WIPRO,2008-04,13.11,2008-05-02,43.81,35.86,49.55,2008-07-14,35.86,SL,73,-18.44,CLOSED
WIPRO,2009-04,34.55,2009-05-04,29.77,21.65,40.05,2009-05-18,40.05,TARGET,14,34.25,CLOSED
WIPRO,2009-09,9.48,2009-10-01,55.03,49.02,60.25,2009-11-23,60.25,TARGET,53,9.18,CLOSED
WIPRO,2011-03,9.58,2011-04-01,73.41,66.39,80.44,2011-05-04,66.39,SL,33,-9.86,CLOSED
WIPRO,2012-11,12.15,2012-12-03,62.0,54.88,69.53,2013-03-06,69.53,TARGET,93,11.85,CLOSED
WIPRO,2013-06,8.07,2013-07-01,56.12,50.71,60.65,2013-07-12,60.65,TARGET,11,7.77,CLOSED
WIPRO,2013-07,25.5,2013-08-01,70.44,54.92,88.4,2013-12-20,88.4,TARGET,141,25.2,CLOSED
WIPRO,2013-12,18.78,2014-01-01,90.7,75.04,107.73,2015-02-06,107.73,TARGET,401,18.48,CLOSED
WIPRO,2015-05,4.29,2015-06-01,92.15,86.41,96.1,2015-07-21,96.1,TARGET,50,3.99,CLOSED
WIPRO,2016-01,1.44,2016-02-01,95.09,88.42,96.46,2016-02-01,96.46,TARGET,0,1.14,CLOSED
WIPRO,2016-12,1.98,2017-01-02,80.01,76.05,81.59,2017-01-05,81.59,TARGET,3,1.68,CLOSED
WIPRO,2017-02,7.2,2017-03-01,82.56,75.47,88.5,2017-05-18,88.5,TARGET,78,6.9,CLOSED
WIPRO,2017-08,3.69,2017-09-01,100.83,96.39,104.55,2017-09-14,95.24,SL,13,-5.84,CLOSED
WIPRO,2017-12,7.66,2018-01-01,105.39,94.74,113.46,2018-03-26,94.74,SL,84,-10.41,CLOSED
WIPRO,2019-01,11.91,2019-02-01,125.98,105.69,140.99,2019-10-01,105.69,SL,242,-16.41,CLOSED
WIPRO,2019-10,8.13,2019-11-01,118.1,105.39,127.7,2020-02-27,105.39,SL,118,-11.06,CLOSED
WIPRO,2020-05,11.44,2020-06-01,98.21,81.12,109.44,2020-07-15,109.44,TARGET,44,11.14,CLOSED
WIPRO,2021-08,9.16,2021-09-01,294.04,265.93,320.99,2021-10-14,320.99,TARGET,43,8.86,CLOSED
WIPRO,2021-12,12.26,2022-01-03,327.93,284.54,368.13,2022-01-19,284.54,SL,16,-13.53,CLOSED
WIPRO,2022-07,1.84,2022-08-01,196.6,180.36,200.21,2022-08-04,201.6,TARGET,3,2.25,CLOSED
WIPRO,2022-11,5.26,2022-12-01,190.44,177.36,200.47,2022-12-20,177.36,SL,19,-7.17,CLOSED
WIPRO,2023-04,5.41,2023-05-02,179.88,162.77,189.61,2023-07-17,189.61,TARGET,76,5.11,CLOSED
WIPRO,2023-11,8.18,2023-12-01,191.33,174.33,206.99,2023-12-15,206.99,TARGET,14,7.88,CLOSED
WIPRO,2024-06,17.49,2024-07-01,240.0,193.24,281.98,2024-12-09,281.98,TARGET,161,17.19,CLOSED
WIPRO,2025-11,3.68,2025-12-01,241.05,227.46,249.93,2025-12-05,249.93,TARGET,4,3.38,CLOSED
WOCKPHARMA,2012-04,21.75,2012-05-02,625.28,511.29,761.27,2012-06-20,761.27,TARGET,49,21.45,CLOSED
WOCKPHARMA,2012-06,17.32,2012-07-02,800.33,680.86,938.96,2012-08-08,938.96,TARGET,37,17.02,CLOSED
WOCKPHARMA,2013-01,10.83,2013-02-01,1501.62,1322.33,1664.31,2013-02-22,1664.31,TARGET,21,10.53,CLOSED
WOCKPHARMA,2015-01,19.58,2015-02-02,1082.45,881.43,1294.36,2015-02-11,1294.36,TARGET,9,19.28,CLOSED
WOCKPHARMA,2015-07,10.45,2015-08-03,1432.21,1264.51,1581.84,2015-08-20,1581.84,TARGET,17,10.15,CLOSED
WOCKPHARMA,2015-09,13.66,2015-10-01,1400.74,1023.57,1592.12,2016-01-19,1023.57,SL,110,-27.23,CLOSED
WOCKPHARMA,2024-06,29.71,2024-07-01,750.0,490.15,972.8,2024-07-04,972.8,TARGET,3,29.41,CLOSED
WOCKPHARMA,2024-10,23.51,2024-11-01,1228.0,915.0,1516.69,2024-12-16,1516.69,TARGET,45,23.21,CLOSED
YESBANK,2007-09,11.96,2007-10-01,37.95,32.14,42.48,2007-10-19,32.14,SL,18,-15.61,CLOSED
YESBANK,2009-09,22.45,2009-10-01,35.78,28.96,43.81,2009-10-20,44.42,TARGET,19,23.84,CLOSED
YESBANK,2010-05,0.81,2010-06-01,51.56,43.37,51.98,2010-06-03,51.98,TARGET,2,0.51,CLOSED
YESBANK,2012-01,38.38,2012-02-01,60.56,42.24,83.8,2012-12-04,83.8,TARGET,307,38.08,CLOSED
YESBANK,2014-03,35.74,2014-04-01,78.49,56.57,106.54,2014-05-16,106.54,TARGET,45,35.44,CLOSED
YESBANK,2014-10,22.48,2014-11-03,130.43,103.73,159.75,2015-01-20,159.75,TARGET,78,22.18,CLOSED
YESBANK,2015-05,6.2,2015-06-01,170.14,149.99,180.69,2015-08-12,149.99,SL,72,-12.14,CLOSED
YESBANK,2016-01,2.89,2016-02-01,145.05,121.43,149.25,2016-02-02,149.25,TARGET,1,2.59,CLOSED
YESBANK,2016-04,9.01,2016-05-02,182.26,158.91,198.67,2016-05-27,198.67,TARGET,25,8.71,CLOSED
YESBANK,2016-06,7.17,2016-07-01,216.04,195.24,231.54,2016-07-26,231.54,TARGET,25,6.87,CLOSED
YESBANK,2017-03,6.47,2017-04-03,300.61,275.55,320.07,2017-04-27,320.07,TARGET,24,6.17,CLOSED
YESBANK,2019-03,19.45,2019-04-01,272.27,225.56,325.21,2019-04-30,210.61,SL,29,-22.94,CLOSED
ZFCVINDIA,2009-07,35.0,2009-08-03,44.49,32.55,60.06,2009-08-27,60.06,TARGET,24,34.7,CLOSED
ZFCVINDIA,2010-06,9.07,2010-07-01,129.42,114.71,141.16,2010-07-08,141.16,TARGET,7,8.77,CLOSED
ZFCVINDIA,2013-09,8.68,2013-10-01,286.55,254.85,311.42,2013-12-26,311.42,TARGET,86,8.38,CLOSED
ZFCVINDIA,2014-03,16.27,2014-04-01,338.16,281.8,393.16,2014-05-22,393.16,TARGET,51,15.97,CLOSED
ZFCVINDIA,2016-06,2.04,2016-07-01,951.13,870.51,970.49,2016-07-01,970.49,TARGET,0,1.74,CLOSED
ZFCVINDIA,2017-11,14.28,2017-12-01,1201.41,1047.07,1373.02,2018-01-23,1373.02,TARGET,53,13.98,CLOSED
ZFCVINDIA,2019-08,0.92,2019-09-03,1019.78,975.22,1029.15,2019-09-23,1029.15,TARGET,20,0.62,CLOSED
ZFCVINDIA,2019-12,4.0,2020-01-01,1068.46,1023.9,1111.22,2020-01-13,1111.22,TARGET,12,3.7,CLOSED
ZFCVINDIA,2020-01,5.02,2020-02-03,1102.46,1051.13,1157.85,2020-03-13,1028.21,SL,39,-7.04,CLOSED
ZFCVINDIA,2020-05,10.91,2020-06-01,1151.9,1011.47,1277.61,2020-09-16,1011.47,SL,107,-12.49,CLOSED
ZFCVINDIA,2022-03,0.95,2022-04-01,1277.44,1142.2,1289.58,2022-04-05,1289.58,TARGET,4,0.65,CLOSED
ZFCVINDIA,2022-07,10.78,2022-08-01,1415.03,1245.71,1567.51,2022-08-10,1572.9,TARGET,9,10.86,CLOSED
ZEEL,2007-09,10.36,2007-10-01,134.01,115.02,147.9,2007-10-01,147.9,TARGET,0,10.06,CLOSED
ZEEL,2012-07,15.88,2012-08-01,148.1,123.64,171.62,2012-09-28,171.62,TARGET,58,15.58,CLOSED
ZEEL,2013-04,11.14,2013-05-02,204.57,174.81,227.36,2013-07-25,227.36,TARGET,84,10.84,CLOSED
ZEEL,2014-06,10.01,2014-07-01,261.47,231.69,287.64,2014-10-09,287.64,TARGET,100,9.71,CLOSED
ZEEL,2015-05,3.75,2015-06-01,289.13,268.09,299.97,2015-06-05,299.97,TARGET,4,3.45,CLOSED
ZEEL,2015-06,13.64,2015-07-01,329.32,284.65,374.23,2015-08-05,374.23,TARGET,35,13.34,CLOSED
ZEEL,2015-12,7.13,2016-01-01,393.84,349.03,421.92,2016-01-18,349.03,SL,17,-11.68,CLOSED
ZEEL,2016-04,7.22,2016-05-02,372.95,344.57,399.88,2016-05-11,399.88,TARGET,9,6.92,CLOSED
ZEEL,2016-07,9.47,2016-08-01,447.28,402.22,489.64,2016-08-31,489.64,TARGET,30,9.17,CLOSED
ZEEL,2016-08,8.49,2016-09-01,493.22,437.95,535.07,2016-11-09,429.99,SL,69,-13.12,CLOSED
ZEEL,2019-08,3.18,2019-09-03,339.69,281.53,350.5,2019-09-20,281.53,SL,17,-17.42,CLOSED
ZEEL,2025-05,22.63,2025-06-02,125.11,99.96,153.43,2025-10-29,99.96,SL,149,-20.4,CLOSED
ZENTEC,2015-05,25.94,2015-06-01,75.26,52.74,94.78,2015-07-17,94.78,TARGET,46,25.64,CLOSED
ZENTEC,2015-09,9.99,2015-10-01,74.66,62.54,82.11,2015-10-07,82.11,TARGET,6,9.69,CLOSED
ZENTEC,2024-01,5.76,2024-02-01,865.51,686.31,915.39,2024-03-04,973.43,TARGET,32,12.17,CLOSED
ZENTEC,2024-04,16.1,2024-05-02,1126.55,936.63,1307.87,2024-05-08,936.63,SL,6,-17.16,CLOSED
ZENTEC,2026-01,3.45,2026-02-02,1347.89,1222.36,1394.39,2026-02-03,1409.26,TARGET,1,4.25,CLOSED
ZENSARTECH,2011-10,10.56,2011-11-01,19.97,17.55,22.08,2011-11-16,17.55,SL,15,-12.42,CLOSED
ZENSARTECH,2012-12,7.81,2013-01-01,44.08,39.96,47.52,2013-01-23,39.96,SL,22,-9.63,CLOSED
ZENSARTECH,2013-12,10.37,2014-01-01,58.43,50.04,64.49,2014-01-06,64.49,TARGET,5,10.07,CLOSED
ZYDUSLIFE,2007-03,6.75,2007-04-02,33.1,28.28,35.34,2007-04-05,35.34,TARGET,3,6.45,CLOSED
ZYDUSLIFE,2012-12,7.78,2013-01-01,158.67,148.41,171.01,2013-02-06,148.41,SL,36,-6.76,CLOSED
ZYDUSLIFE,2013-12,10.31,2014-01-01,147.17,130.2,162.35,2014-01-09,162.35,TARGET,8,10.01,CLOSED
ZYDUSLIFE,2016-05,2.69,2016-06-01,312.23,290.88,320.62,2016-06-13,290.88,SL,12,-7.14,CLOSED
ZYDUSLIFE,2016-10,9.06,2016-11-01,385.44,344.55,420.38,2016-11-08,344.55,SL,7,-10.91,CLOSED
ZYDUSLIFE,2017-12,1.11,2018-01-01,407.2,372.84,411.71,2018-01-08,412.36,TARGET,7,0.97,CLOSED
ZYDUSLIFE,2018-04,9.13,2018-05-02,384.03,354.68,419.09,2018-05-15,354.68,SL,13,-7.94,CLOSED
ZYDUSLIFE,2018-08,5.58,2018-09-03,380.55,311.98,401.79,2018-09-07,401.79,TARGET,4,5.28,CLOSED
ZYDUSLIFE,2021-12,3.85,2022-01-03,470.39,422.9,488.49,2022-01-18,422.9,SL,15,-10.4,CLOSED
ZYDUSLIFE,2022-05,7.46,2022-06-01,359.6,309.2,386.41,2022-08-16,386.41,TARGET,76,7.16,CLOSED
ZYDUSLIFE,2022-09,2.3,2022-10-03,379.56,341.92,388.29,2022-10-03,388.29,TARGET,0,2.0,CLOSED
ZYDUSLIFE,2023-03,5.53,2023-04-03,486.16,450.48,513.04,2023-05-02,513.04,TARGET,29,5.23,CLOSED
ZYDUSLIFE,2024-01,10.39,2024-02-01,751.81,674.95,829.91,2024-02-12,829.91,TARGET,11,10.09,CLOSED
ZYDUSLIFE,2024-07,16.42,2024-08-01,1244.66,1043.46,1449.06,2024-09-19,1043.46,SL,49,-16.46,CLOSED
ZYDUSLIFE,2025-05,4.7,2025-06-02,922.54,848.51,965.91,2025-06-10,965.91,TARGET,8,4.4,CLOSED
ZYDUSLIFE,2025-06,6.45,2025-07-01,982.8,905.85,1046.15,2025-09-10,1046.15,TARGET,71,6.15,CLOSED
ZYDUSWELL,2011-06,8.02,2011-07-01,114.83,104.18,124.04,2011-07-05,124.04,TARGET,4,7.72,CLOSED
ZYDUSWELL,2022-04,13.84,2022-05-02,336.5,297.62,383.08,2022-05-24,297.62,SL,22,-11.85,CLOSED
ZYDUSWELL,2022-06,6.25,2022-07-01,322.5,297.05,342.64,2022-10-06,342.64,TARGET,97,5.95,CLOSED
ZYDUSWELL,2023-04,0.16,2023-05-02,309.3,296.55,309.8,2023-05-02,296.55,SL,0,-4.42,CLOSED
ZYDUSWELL,2024-04,12.9,2024-05-02,330.77,293.84,373.43,2024-06-05,373.43,TARGET,34,12.6,CLOSED
ZYDUSWELL,2026-06,13.48,2026-07-01,568.86,485.08,645.55,2026-09-30,512.8,OPEN,91,-10.16,OPEN
ECLERX,2010-09,9.16,2010-10-01,125.59,107.65,137.09,2010-10-05,137.09,TARGET,4,8.86,CLOSED
ECLERX,2013-08,18.2,2013-09-02,197.27,161.93,233.17,2013-10-09,233.17,TARGET,37,17.9,CLOSED
ECLERX,2017-01,7.96,2017-02-01,502.81,460.65,542.85,2017-02-14,460.65,SL,13,-8.68,CLOSED
ECLERX,2017-12,14.31,2018-01-01,522.74,422.13,597.53,2018-03-19,422.13,SL,77,-19.55,CLOSED
ECLERX,2021-06,53.83,2021-07-01,660.25,409.27,1015.64,2023-10-05,1015.64,TARGET,826,53.53,CLOSED
ECLERX,2025-05,40.83,2025-06-02,1761.53,1175.7,2480.83,2026-02-03,2492.62,TARGET,246,41.2,CLOSED
