symbol,signal_month,signal_growth_%,entry_date,entry_price,stop_loss,target_price,exit_date,exit_price,exit_reason,days_held,return_%,status
360ONE,2019-10,8.31,2019-11-01,271.23,220.4,,2019-12-24,220.4,SL,53,-19.04,CLOSED
360ONE,2023-05,0.68,2023-06-01,400.13,377.82,,2025-03-03,977.66,EMA,641,144.04,CLOSED
360ONE,2025-11,9.48,2025-12-01,1178.06,1045.03,,2026-03-02,1045.03,SL,91,-11.59,CLOSED
ABB,2009-08,8.29,2009-09-01,641.49,544.25,,2010-09-01,658.66,EMA,365,2.38,CLOSED
ABB,2011-06,1.29,2011-07-01,740.54,684.06,,2011-08-05,684.06,SL,35,-7.93,CLOSED
ABB,2012-01,39.95,2012-02-01,683.89,478.89,,2012-06-01,624.75,EMA,121,-8.95,CLOSED
ABB,2012-09,12.14,2012-10-01,677.24,601.05,,2012-11-01,624.8,EMA,31,-8.04,CLOSED
ABB,2014-03,19.11,2014-04-01,732.51,605.47,,2015-09-01,1029.78,EMA,518,40.28,CLOSED
ABB,2017-03,6.82,2017-04-03,1106.03,1015.65,,2018-04-02,1141.15,EMA,364,2.88,CLOSED
ABB,2018-11,10.13,2018-12-03,1221.8,1111.62,,2018-12-19,1111.62,SL,16,-9.32,CLOSED
ABB,2020-06,26.46,2020-07-01,899.48,722.61,,2020-08-03,866.76,EMA,33,-3.94,CLOSED
ABB,2022-08,19.25,2022-09-01,3153.67,2559.84,,2022-12-26,2559.84,SL,116,-19.13,CLOSED
ABB,2023-02,13.31,2023-03-01,3131.49,2666.46,,2025-01-01,6749.57,EMA,672,115.24,CLOSED
ABB,2026-01,7.9,2026-02-02,5404.02,4564.87,,2026-09-30,6776.0,OPEN,240,25.09,OPEN
ACC,2005-08,11.15,2005-09-01,341.92,302.79,,2007-03-01,648.48,EMA,546,89.36,CLOSED
ACC,2007-06,9.88,2007-07-02,685.9,551.43,,2008-01-21,551.43,SL,203,-19.9,CLOSED
ACC,2009-07,16.38,2009-08-03,685.15,555.78,,2009-11-03,555.78,SL,92,-19.18,CLOSED
ACC,2011-09,9.55,2011-10-03,912.25,828.07,,2012-06-01,970.68,EMA,242,6.1,CLOSED
ACC,2012-07,4.43,2012-08-01,1116.55,1046.98,,2013-02-01,1125.9,EMA,184,0.54,CLOSED
ACC,2014-02,9.3,2014-03-03,961.98,862.12,,2015-05-04,1284.76,EMA,427,33.25,CLOSED
ACC,2015-12,1.16,2016-01-01,1223.68,1172.82,,2016-01-07,1172.82,SL,6,-4.46,CLOSED
ACC,2016-06,5.69,2016-07-01,1460.85,1373.88,,2016-10-28,1373.88,SL,119,-6.25,CLOSED
ACC,2017-03,2.88,2017-04-03,1341.3,1256.59,,2018-03-01,1492.16,EMA,332,10.95,CLOSED
ACC,2019-03,14.83,2019-04-01,1567.65,1318.29,,2019-09-03,1405.54,EMA,155,-10.64,CLOSED
ACC,2020-06,4.89,2020-07-01,1271.26,1119.51,,2020-09-01,1255.23,EMA,62,-1.56,CLOSED
ACC,2021-03,10.64,2021-04-01,1835.38,1605.26,,2022-03-02,1982.4,EMA,335,7.71,CLOSED
ACC,2022-03,2.98,2022-04-01,2053.33,1816.26,,2022-07-01,2085.62,EMA,91,1.27,CLOSED
ACC,2022-07,4.97,2022-08-01,2192.75,2063.41,,2023-01-27,2063.41,SL,179,-6.2,CLOSED
ACC,2023-07,11.83,2023-08-01,1989.38,1740.5,,2023-11-01,1866.25,EMA,92,-6.49,CLOSED
ACC,2025-06,2.24,2025-07-01,1917.8,1802.97,,2025-07-30,1802.97,SL,29,-6.29,CLOSED
ACMESOLAR,2026-06,22.72,2026-07-01,380.9,295.9,,2026-09-30,439.0,OPEN,91,14.95,OPEN
AIAENG,2006-06,19.42,2006-07-03,111.63,64.66,,2007-10-01,233.25,EMA,455,108.65,CLOSED
AIAENG,2012-10,9.12,2012-11-01,346.18,315.45,,2012-11-16,315.45,SL,15,-9.18,CLOSED
AIAENG,2014-08,13.51,2014-09-01,811.32,667.13,,2015-06-01,940.2,EMA,273,15.58,CLOSED
AIAENG,2022-04,19.39,2022-05-02,1901.38,1580.3,,2024-11-01,3797.54,EMA,914,99.43,CLOSED
AIAENG,2025-11,18.85,2025-12-01,3884.1,3207.94,,2026-04-01,3646.29,EMA,121,-6.42,CLOSED
APLAPOLLO,2012-11,15.47,2012-12-03,16.43,13.02,,2013-04-01,15.41,EMA,119,-6.53,CLOSED
APLAPOLLO,2015-11,13.91,2015-12-01,55.38,46.86,,2018-06-01,184.72,EMA,913,233.28,CLOSED
APLAPOLLO,2019-02,7.98,2019-03-01,118.11,97.51,,2019-08-01,139.76,EMA,153,18.03,CLOSED
APLAPOLLO,2019-12,19.91,2020-01-01,185.92,149.85,,2020-03-12,149.85,SL,71,-19.7,CLOSED
APLAPOLLO,2020-09,21.38,2020-10-01,289.37,228.56,,2022-07-01,829.21,EMA,638,186.25,CLOSED
APLAPOLLO,2023-07,22.11,2023-08-01,1571.55,1282.72,,2024-08-01,1476.43,EMA,366,-6.35,CLOSED
APLAPOLLO,2024-09,8.76,2024-10-01,1578.39,1367.1,,2024-10-29,1367.1,SL,28,-13.69,CLOSED
APLAPOLLO,2025-12,11.35,2026-01-01,1918.21,1704.04,,2026-06-01,1827.66,EMA,151,-5.02,CLOSED
AUBANK,2019-04,9.57,2019-05-02,315.86,286.96,,2020-03-19,286.96,SL,322,-9.45,CLOSED
AUBANK,2024-05,3.08,2024-06-03,660.89,598.28,,2024-08-01,645.33,EMA,59,-2.66,CLOSED
AUBANK,2025-06,17.96,2025-07-01,818.2,690.38,,2025-09-05,690.38,SL,66,-15.92,CLOSED
AUBANK,2025-10,20.02,2025-11-03,876.15,718.35,,2026-04-01,858.82,EMA,149,-2.28,CLOSED
AWL,2022-03,36.26,2022-04-01,523.27,335.5,,2023-01-02,615.24,EMA,276,17.28,CLOSED
AWL,2025-10,5.09,2025-11-03,273.57,256.51,,2025-12-01,258.65,EMA,28,-5.75,CLOSED
AARTIIND,2014-10,9.45,2014-11-03,69.61,52.37,,2016-03-01,99.84,EMA,484,43.12,CLOSED
AARTIIND,2016-10,21.97,2016-11-01,177.44,146.49,,2018-10-01,272.79,EMA,699,53.43,CLOSED
AARTIIND,2020-07,6.33,2020-08-03,487.7,437.36,,2022-05-02,859.81,EMA,637,76.0,CLOSED
AARTIIND,2022-07,11.65,2022-08-01,774.96,670.31,,2022-09-01,815.43,EMA,31,4.92,CLOSED
AARTIIND,2024-07,9.28,2024-08-01,752.44,626.17,,2024-08-13,626.17,SL,12,-17.08,CLOSED
AARTIIND,2026-04,27.18,2026-05-01,506.49,393.82,,2026-09-30,475.7,OPEN,152,-6.38,OPEN
AAVAS,2019-12,11.72,2020-01-01,1981.1,1717.25,,2020-03-12,1717.25,SL,71,-13.62,CLOSED
AAVAS,2022-07,18.36,2022-08-01,2405.0,1894.5,,2022-09-01,2253.9,EMA,31,-6.58,CLOSED
AAVAS,2023-08,5.4,2023-09-01,1641.0,1532.2,,2023-10-26,1532.2,SL,55,-6.93,CLOSED
AAVAS,2025-03,23.64,2025-04-01,2086.15,1675.4,,2025-04-07,1674.2,SL,6,-20.05,CLOSED
AAVAS,2026-06,13.23,2026-07-01,1520.0,1247.6,,2026-08-03,1359.8,EMA,33,-10.84,CLOSED
ABBOTINDIA,2012-11,2.8,2012-12-03,1244.04,1185.6,,2013-01-01,1247.96,EMA,29,0.01,CLOSED
ABBOTINDIA,2013-04,6.34,2013-05-02,1207.11,1117.35,,2013-06-03,1219.22,EMA,32,0.7,CLOSED
ABBOTINDIA,2015-12,15.19,2016-01-01,5236.79,4432.54,,2016-01-20,4432.54,SL,19,-15.66,CLOSED
ABBOTINDIA,2016-10,5.35,2016-11-01,4410.07,4042.56,,2016-11-09,3937.56,SL,8,-11.01,CLOSED
ABBOTINDIA,2018-01,1.81,2018-02-01,4919.78,4627.21,,2019-04-01,6542.19,EMA,424,32.68,CLOSED
ABBOTINDIA,2021-06,4.87,2021-07-01,15308.76,14404.95,,2022-02-01,14975.32,EMA,215,-2.48,CLOSED
ABBOTINDIA,2022-07,6.69,2022-08-01,18535.19,17198.51,,2022-08-29,17198.51,SL,28,-7.51,CLOSED
ABBOTINDIA,2022-09,2.13,2022-10-03,17932.32,16232.56,,2025-02-01,25297.41,EMA,852,40.77,CLOSED
ABBOTINDIA,2025-02,16.13,2025-03-03,29499.44,24808.86,,2025-10-01,28825.48,EMA,212,-2.58,CLOSED
ACE,2014-06,7.21,2014-07-01,30.72,22.33,,2015-10-01,35.9,EMA,457,16.57,CLOSED
ACE,2018-07,17.23,2018-08-01,142.91,115.2,,2018-09-03,132.05,EMA,33,-7.9,CLOSED
ACE,2019-03,35.74,2019-04-01,112.21,78.62,,2019-05-02,95.63,EMA,31,-15.07,CLOSED
ACE,2022-03,10.55,2022-04-01,238.4,204.2,,2022-05-10,204.2,SL,39,-14.65,CLOSED
ACE,2023-03,18.18,2023-04-03,411.68,339.18,,2025-02-01,1282.85,EMA,670,211.31,CLOSED
ACUTAAS,2024-10,13.52,2024-11-01,991.75,725.34,,2026-09-30,3279.4,OPEN,698,230.37,OPEN
ADANIENSOL,2017-05,55.83,2017-06-01,121.8,70.9,,2018-05-02,170.95,EMA,335,40.05,CLOSED
ADANIENSOL,2021-08,76.91,2021-09-01,1659.6,885.0,,2023-01-02,2609.6,EMA,488,56.94,CLOSED
ADANIENSOL,2025-12,3.3,2026-01-01,1029.0,946.35,,2026-01-12,946.35,SL,11,-8.33,CLOSED
ADANIENT,2006-09,12.26,2006-10-03,8.62,7.12,,2008-04-01,39.52,EMA,546,358.24,CLOSED
ADANIENT,2009-05,59.54,2009-06-01,43.84,25.66,,2011-02-01,72.72,EMA,610,65.58,CLOSED
ADANIENT,2011-06,11.96,2011-07-01,94.09,76.72,,2011-07-29,76.72,SL,28,-18.76,CLOSED
ADANIENT,2012-11,11.33,2012-12-03,32.45,28.98,,2013-02-01,33.92,EMA,60,4.22,CLOSED
ADANIENT,2014-02,6.45,2014-03-03,36.07,29.72,,2015-07-01,46.85,EMA,485,29.6,CLOSED
ADANIENT,2016-11,1.72,2016-12-01,36.44,31.13,,2018-06-01,76.41,EMA,547,109.38,CLOSED
ADANIENT,2019-08,6.64,2019-09-03,134.26,119.95,,2020-03-19,119.8,SL,198,-11.07,CLOSED
ADANIENT,2021-08,11.78,2021-09-01,1591.35,1358.52,,2023-02-01,2989.56,EMA,518,87.56,CLOSED
ADANIENT,2023-04,9.97,2023-05-02,1931.49,1668.51,,2023-07-03,2400.63,EMA,62,23.99,CLOSED
ADANIGREEN,2018-07,125.37,2018-08-01,62.7,22.8,,2019-02-01,36.4,EMA,184,-42.25,CLOSED
ADANIGREEN,2019-12,21.41,2020-01-01,169.35,118.55,,2020-03-13,118.15,SL,72,-30.53,CLOSED
ADANIGREEN,2020-10,16.11,2020-11-02,860.0,660.0,,2021-08-02,882.4,EMA,273,2.3,CLOSED
ADANIPORTS,2010-06,6.04,2010-07-01,135.0,118.9,,2010-11-26,118.9,SL,148,-12.22,CLOSED
ADANIPORTS,2011-08,5.96,2011-09-02,142.11,119.92,,2011-11-17,119.92,SL,76,-15.91,CLOSED
ADANIPORTS,2012-09,12.09,2012-10-01,119.15,102.13,,2012-11-01,116.73,EMA,31,-2.33,CLOSED
ADANIPORTS,2014-10,2.92,2014-11-03,270.27,229.55,,2015-10-01,285.8,EMA,332,5.44,CLOSED
ADANIPORTS,2016-03,26.5,2016-04-01,235.02,185.23,,2016-05-02,224.6,EMA,31,-4.74,CLOSED
ADANIPORTS,2016-07,12.35,2016-08-01,222.18,193.13,,2018-04-02,338.48,EMA,609,52.05,CLOSED
ADANIPORTS,2018-04,15.02,2018-05-02,387.92,338.48,,2018-06-27,338.48,SL,56,-13.05,CLOSED
ADANIPORTS,2018-07,7.67,2018-08-01,385.05,338.1,,2018-09-03,366.94,EMA,33,-5.0,CLOSED
ADANIPORTS,2018-12,6.03,2019-01-01,369.14,331.58,,2019-01-28,331.58,SL,27,-10.47,CLOSED
ADANIPORTS,2019-03,17.02,2019-04-01,364.03,312.47,,2019-08-01,359.49,EMA,122,-1.55,CLOSED
ADANIPORTS,2021-08,10.94,2021-09-01,730.11,647.32,,2022-02-24,647.32,SL,176,-11.64,CLOSED
ADANIPORTS,2022-03,9.43,2022-04-01,753.91,645.91,,2022-06-17,645.91,SL,77,-14.63,CLOSED
ADANIPORTS,2023-04,7.82,2023-05-02,670.23,609.81,,2024-12-02,1191.06,EMA,580,77.41,CLOSED
ADANIPOWER,2010-06,4.44,2010-07-01,25.2,22.91,,2011-02-01,24.8,EMA,215,-1.89,CLOSED
ADANIPOWER,2011-05,2.62,2011-06-01,23.24,21.23,,2011-06-20,21.23,SL,19,-8.95,CLOSED
ADANIPOWER,2012-11,10.17,2012-12-03,10.77,9.28,,2013-02-26,9.28,SL,85,-14.13,CLOSED
ADANIPOWER,2014-10,10.6,2014-11-03,9.67,8.29,,2014-12-01,9.14,EMA,28,-5.78,CLOSED
ADANIPOWER,2015-02,10.49,2015-03-02,11.29,9.13,,2015-03-27,9.13,SL,25,-19.43,CLOSED
ADANIPOWER,2015-12,5.05,2016-01-01,6.5,5.14,,2016-01-20,5.14,SL,19,-21.22,CLOSED
ADANIPOWER,2016-11,4.94,2016-12-01,5.74,4.63,,2017-05-02,6.66,EMA,152,15.73,CLOSED
ADANIPOWER,2017-06,7.58,2017-07-03,5.96,5.29,,2017-08-11,5.29,SL,39,-11.54,CLOSED
ADANIPOWER,2017-12,17.46,2018-01-01,8.32,6.37,,2018-02-05,6.37,SL,35,-23.74,CLOSED
ADANIPOWER,2018-07,94.12,2018-08-01,6.38,3.03,,2018-10-01,4.7,EMA,61,-26.63,CLOSED
ADANIPOWER,2021-08,2.76,2021-09-01,20.4,14.07,,2023-02-01,43.8,EMA,518,114.41,CLOSED
ADANIPOWER,2023-04,17.35,2023-05-02,46.0,37.04,,2024-11-01,119.14,EMA,549,158.7,CLOSED
ATGL,2021-08,62.74,2021-09-01,1522.87,841.77,,2023-02-01,1948.33,EMA,518,27.64,CLOSED
ABCAPITAL,2022-07,18.96,2022-08-01,107.05,88.35,,2023-12-01,169.9,EMA,487,58.41,CLOSED
ABCAPITAL,2025-05,13.32,2025-06-02,222.0,188.41,,2026-04-01,303.0,EMA,303,36.19,CLOSED
ABREL,2006-09,18.63,2006-10-03,435.59,365.25,,2007-03-01,442.88,EMA,149,1.37,CLOSED
ABREL,2012-01,23.22,2012-02-01,252.69,192.47,,2012-06-01,241.6,EMA,121,-4.69,CLOSED
ABREL,2012-06,14.03,2012-07-02,269.56,226.47,,2012-08-01,263.19,EMA,30,-2.66,CLOSED
ABREL,2013-12,14.83,2014-01-01,293.65,231.06,,2015-03-02,502.2,EMA,425,70.72,CLOSED
ABREL,2015-06,4.77,2015-07-01,670.91,538.89,,2015-08-24,538.89,SL,54,-19.98,CLOSED
ABREL,2016-04,20.53,2016-05-02,601.28,494.23,,2018-03-01,1165.36,EMA,668,93.51,CLOSED
ABREL,2018-04,10.5,2018-05-02,1209.96,1097.26,,2018-05-02,1097.26,SL,0,-9.61,CLOSED
ABREL,2018-08,6.78,2018-09-03,952.69,857.52,,2018-09-21,857.52,SL,18,-10.29,CLOSED
ABREL,2018-11,11.94,2018-12-03,894.23,796.12,,2019-01-01,893.75,EMA,29,-0.35,CLOSED
ABREL,2020-12,16.78,2021-01-01,405.93,342.45,,2022-12-01,802.72,EMA,699,97.45,CLOSED
ABREL,2023-07,25.58,2023-08-01,1075.14,833.46,,2025-02-01,2169.27,EMA,550,101.47,CLOSED
ABSLAMC,2026-08,3.95,2026-09-01,1051.9,989.8,,2026-09-28,989.8,SL,27,-6.2,CLOSED
CPPLUS,2026-05,24.85,2026-06-01,3073.3,2222.89,,2026-09-30,3846.5,OPEN,121,24.86,OPEN
AEGISLOG,2005-07,64.0,2005-08-01,6.57,3.8,,2006-06-01,8.39,EMA,304,27.43,CLOSED
AEGISLOG,2007-05,10.76,2007-06-01,6.5,5.44,,2007-07-02,6.01,EMA,31,-7.88,CLOSED
AEGISLOG,2014-10,4.54,2014-11-03,32.89,27.64,,2016-03-01,77.77,EMA,484,136.15,CLOSED
AEGISLOG,2023-01,9.78,2023-02-01,366.65,318.74,,2023-06-02,318.74,SL,121,-13.37,CLOSED
AEGISLOG,2023-11,27.21,2023-12-01,365.09,273.0,,2025-02-03,671.26,EMA,430,83.56,CLOSED
AEGISVOPAK,2025-09,5.13,2025-10-01,261.76,229.83,,2026-01-01,249.82,EMA,92,-4.86,CLOSED
AFFLE,2022-06,0.78,2022-07-01,1060.0,922.35,,2022-08-01,1073.15,EMA,31,0.94,CLOSED
AFFLE,2023-01,2.07,2023-02-01,1102.9,1015.0,,2023-02-23,1015.0,SL,22,-8.27,CLOSED
AFFLE,2023-05,2.95,2023-06-01,965.0,866.5,,2023-11-01,1051.35,EMA,153,8.65,CLOSED
AFFLE,2024-04,7.52,2024-05-02,1133.0,1033.35,,2025-03-03,1402.15,EMA,305,23.46,CLOSED
AFFLE,2025-12,8.34,2026-01-01,1801.0,1579.6,,2026-01-23,1579.6,SL,22,-12.59,CLOSED
AJANTPHARM,2016-07,18.61,2016-08-01,1073.13,899.5,,2017-02-01,1026.97,EMA,184,-4.6,CLOSED
AJANTPHARM,2019-08,15.98,2019-09-03,620.64,540.19,,2019-10-01,618.44,EMA,28,-0.66,CLOSED
AJANTPHARM,2019-10,3.97,2019-11-01,642.93,581.7,,2019-11-04,581.7,SL,3,-9.82,CLOSED
AJANTPHARM,2022-08,7.14,2022-09-01,1287.83,1181.53,,2022-09-19,1181.53,SL,18,-8.55,CLOSED
AJANTPHARM,2023-04,8.59,2023-05-02,1246.62,1142.66,,2025-02-01,2655.61,EMA,641,112.72,CLOSED
ALKEM,2018-02,1.54,2018-03-01,2053.19,1855.65,,2018-03-28,1855.65,SL,27,-9.92,CLOSED
ALKEM,2018-12,1.91,2019-01-01,1807.11,1699.07,,2019-01-31,1699.07,SL,30,-6.28,CLOSED
ALKEM,2020-01,19.06,2020-02-03,2217.53,1869.9,,2020-03-13,1869.9,SL,39,-15.98,CLOSED
ALKEM,2020-11,7.87,2020-12-01,2675.72,2460.34,,2021-03-19,2460.34,SL,108,-8.35,CLOSED
ALKEM,2023-03,6.96,2023-04-03,3311.9,2954.77,,2025-02-01,4947.43,EMA,670,49.08,CLOSED
ALKEM,2026-06,1.31,2026-07-01,5584.01,5153.28,,2026-09-01,5329.5,EMA,62,-4.86,CLOSED
ARE&M,2010-06,11.83,2010-07-01,77.35,66.2,,2011-02-01,73.03,EMA,215,-5.88,CLOSED
ARE&M,2012-01,5.96,2012-02-01,94.75,87.34,,2013-08-01,211.13,EMA,547,122.53,CLOSED
ARE&M,2016-04,8.92,2016-05-02,866.45,767.25,,2016-05-25,767.07,SL,23,-11.77,CLOSED
ARE&M,2016-07,7.89,2016-08-01,851.91,749.28,,2017-01-02,789.63,EMA,154,-7.61,CLOSED
ARE&M,2017-03,3.69,2017-04-03,810.57,741.57,,2017-05-02,810.39,EMA,29,-0.32,CLOSED
ARE&M,2019-07,9.87,2019-08-01,626.12,557.6,,2019-08-22,557.6,SL,21,-11.24,CLOSED
ARE&M,2020-04,19.41,2020-05-04,516.25,427.69,,2020-06-01,591.34,EMA,28,14.25,CLOSED
ARE&M,2022-07,7.37,2022-08-01,475.69,436.88,,2022-09-01,489.02,EMA,31,2.5,CLOSED
ARE&M,2022-10,4.49,2022-11-01,492.43,459.49,,2023-03-01,537.13,EMA,120,8.78,CLOSED
ARE&M,2023-06,13.33,2023-07-03,662.86,580.19,,2023-10-26,580.19,SL,115,-12.77,CLOSED
ARE&M,2023-11,16.68,2023-12-01,698.85,596.51,,2025-01-01,1182.52,EMA,397,68.91,CLOSED
AMBER,2018-11,6.77,2018-12-03,916.74,829.06,,2019-01-01,907.47,EMA,29,-1.31,CLOSED
AMBER,2024-06,25.64,2024-07-01,4521.75,3310.0,,2026-01-01,6405.0,EMA,549,41.35,CLOSED
AMBUJACEM,2005-05,9.45,2005-06-01,41.62,37.07,,2007-03-01,83.73,EMA,638,100.88,CLOSED
AMBUJACEM,2009-12,12.89,2010-01-04,81.14,71.09,,2011-02-01,99.54,EMA,393,22.37,CLOSED
AMBUJACEM,2013-06,2.47,2013-07-01,154.28,140.59,,2013-07-25,140.59,SL,24,-9.17,CLOSED
AMBUJACEM,2014-02,7.03,2014-03-03,143.17,127.16,,2015-05-04,200.41,EMA,427,39.69,CLOSED
AMBUJACEM,2017-03,3.72,2017-04-03,208.12,192.98,,2018-03-01,221.45,EMA,332,6.1,CLOSED
AMBUJACEM,2018-04,8.52,2018-05-02,221.57,202.75,,2018-05-08,202.75,SL,6,-8.79,CLOSED
AMBUJACEM,2018-07,11.21,2018-08-01,202.67,166.9,,2018-10-01,196.93,EMA,61,-3.13,CLOSED
AMBUJACEM,2021-03,13.33,2021-04-01,300.08,262.24,,2022-03-02,301.0,EMA,335,0.0,CLOSED
AMBUJACEM,2022-07,3.25,2022-08-01,370.49,355.85,,2023-01-27,355.85,SL,179,-4.25,CLOSED
AMBUJACEM,2023-04,8.47,2023-05-02,391.13,357.22,,2023-11-01,420.59,EMA,183,7.23,CLOSED
AMBUJACEM,2023-11,3.49,2023-12-01,438.88,399.39,,2024-11-01,577.96,EMA,336,31.39,CLOSED
AMBUJACEM,2025-06,4.71,2025-07-01,579.13,525.85,,2025-12-01,548.68,EMA,153,-5.56,CLOSED
ANANDRATHI,2025-12,7.74,2026-01-01,1548.46,1393.77,,2026-01-27,1393.77,SL,26,-10.29,CLOSED
ANANDRATHI,2026-02,6.6,2026-03-02,1498.41,1410.73,,2026-09-30,2120.0,OPEN,212,41.18,OPEN
ANANTRAJ,2009-05,54.68,2009-06-01,47.8,25.58,,2010-03-02,44.82,EMA,274,-6.53,CLOSED
ANANTRAJ,2012-09,63.03,2012-10-01,27.69,16.19,,2013-03-01,24.04,EMA,151,-13.49,CLOSED
ANANTRAJ,2021-01,51.29,2021-02-01,41.34,25.96,,2022-04-01,64.77,EMA,424,56.4,CLOSED
ANANTRAJ,2022-08,18.0,2022-09-01,86.17,63.53,,2025-02-01,602.98,EMA,884,599.47,CLOSED
ANGELONE,2023-05,9.39,2023-06-01,129.18,111.78,,2024-06-03,254.88,EMA,368,97.01,CLOSED
ANURAS,2023-03,34.13,2023-04-03,864.85,641.96,,2023-10-03,886.69,EMA,183,2.23,CLOSED
ANURAS,2023-11,11.72,2023-12-01,986.13,872.64,,2024-02-01,945.25,EMA,62,-4.45,CLOSED
ANURAS,2024-02,0.74,2024-03-01,960.21,779.68,,2024-04-01,862.74,EMA,31,-10.45,CLOSED
ANURAS,2025-05,15.68,2025-06-02,1002.07,851.51,,2026-08-03,1209.46,EMA,427,20.4,CLOSED
ANURAS,2026-08,4.55,2026-09-01,1267.39,1190.79,,2026-09-15,1190.79,SL,14,-6.34,CLOSED
APARINDS,2008-08,23.35,2008-09-01,132.09,102.62,,2008-09-29,102.62,SL,28,-22.61,CLOSED
APARINDS,2012-03,10.51,2012-04-02,123.37,111.86,,2012-04-26,111.86,SL,24,-9.63,CLOSED
APARINDS,2014-06,19.67,2014-07-01,222.84,169.43,,2015-06-01,284.69,EMA,335,27.45,CLOSED
APARINDS,2019-03,6.33,2019-04-01,601.93,567.84,,2019-05-14,567.84,SL,43,-5.96,CLOSED
APARINDS,2023-03,8.92,2023-04-03,2482.34,2130.78,,2025-02-01,7424.36,EMA,670,198.79,CLOSED
APOLLOHOSP,2005-12,12.78,2006-01-02,219.46,194.19,,2006-05-16,194.19,SL,134,-11.82,CLOSED
APOLLOHOSP,2008-08,1.75,2008-09-01,218.67,210.42,,2008-09-16,210.42,SL,15,-4.07,CLOSED
APOLLOHOSP,2009-03,4.44,2009-04-01,182.23,159.12,,2009-05-04,182.45,EMA,33,-0.17,CLOSED
APOLLOHOSP,2015-06,8.53,2015-07-01,1262.93,1104.63,,2016-04-01,1295.4,EMA,275,2.27,CLOSED
APOLLOHOSP,2020-09,31.63,2020-10-01,2120.77,1560.23,,2022-06-01,3886.55,EMA,608,82.96,CLOSED
APOLLOHOSP,2022-07,14.36,2022-08-01,4182.96,3586.3,,2023-02-01,4229.03,EMA,184,0.8,CLOSED
APOLLOHOSP,2023-04,4.7,2023-05-02,4487.09,4128.75,,2025-03-03,6002.93,EMA,671,33.48,CLOSED
APOLLOHOSP,2026-02,12.52,2026-03-02,7612.14,6814.01,,2026-09-30,8165.5,OPEN,212,6.97,OPEN
APOLLOTYRE,2011-11,14.67,2011-12-01,56.03,45.68,,2011-12-21,45.68,SL,20,-18.78,CLOSED
APOLLOTYRE,2012-01,22.59,2012-02-01,60.54,47.81,,2013-03-01,69.71,EMA,394,14.84,CLOSED
APOLLOTYRE,2015-05,9.55,2015-06-01,160.93,137.65,,2015-06-09,137.65,SL,8,-14.77,CLOSED
APOLLOTYRE,2017-02,3.99,2017-03-01,164.12,149.05,,2018-07-02,224.21,EMA,488,36.32,CLOSED
APOLLOTYRE,2018-11,9.26,2018-12-03,215.42,188.36,,2019-01-01,210.22,EMA,29,-2.71,CLOSED
APOLLOTYRE,2019-02,6.41,2019-03-01,194.22,172.27,,2019-04-01,199.02,EMA,31,2.17,CLOSED
APOLLOTYRE,2020-11,31.84,2020-12-01,170.72,128.38,,2021-12-01,192.72,EMA,365,12.59,CLOSED
APOLLOTYRE,2022-07,18.8,2022-08-01,210.58,176.13,,2025-02-01,430.02,EMA,915,103.91,CLOSED
APOLLOTYRE,2025-04,10.76,2025-05-02,464.07,366.37,,2025-07-01,438.71,EMA,60,-5.76,CLOSED
APTUS,2022-08,27.44,2022-09-01,341.24,263.18,,2022-10-03,291.68,EMA,32,-14.82,CLOSED
APTUS,2024-01,17.17,2024-02-01,363.86,306.32,,2024-03-13,306.32,SL,41,-16.12,CLOSED
APTUS,2025-01,4.68,2025-02-01,300.23,261.65,,2025-03-03,301.69,EMA,30,0.19,CLOSED
ASHOKLEY,2006-04,24.57,2006-05-02,8.06,6.09,,2006-05-22,6.09,SL,20,-24.69,CLOSED
ASHOKLEY,2007-01,6.26,2007-02-01,7.69,6.79,,2007-02-14,6.79,SL,13,-11.98,CLOSED
ASHOKLEY,2010-04,7.62,2010-05-03,10.79,9.55,,2011-01-03,11.75,EMA,245,8.6,CLOSED
ASHOKLEY,2011-10,4.79,2011-11-01,10.26,9.02,,2011-12-01,9.52,EMA,30,-7.52,CLOSED
ASHOKLEY,2012-03,7.24,2012-04-02,11.55,10.22,,2012-05-04,9.71,SL,32,-16.25,CLOSED
ASHOKLEY,2012-11,21.11,2012-12-03,11.22,9.21,,2013-01-25,9.21,SL,53,-18.26,CLOSED
ASHOKLEY,2014-10,12.88,2014-11-03,19.06,16.7,,2016-09-01,36.34,EMA,668,90.34,CLOSED
ASHOKLEY,2016-10,13.38,2016-11-01,37.92,32.55,,2016-11-16,32.55,SL,15,-14.45,CLOSED
ASHOKLEY,2016-12,0.75,2017-01-02,33.36,30.79,,2017-04-03,35.23,EMA,91,5.29,CLOSED
ASHOKLEY,2017-07,18.43,2017-08-01,46.29,38.77,,2018-07-02,53.34,EMA,335,14.92,CLOSED
ASHOKLEY,2021-09,9.0,2021-10-01,60.5,54.0,,2021-11-29,54.0,SL,59,-11.05,CLOSED
ASHOKLEY,2023-04,4.85,2023-05-02,66.39,61.13,,2024-03-01,79.02,EMA,304,18.74,CLOSED
ASHOKLEY,2024-04,15.74,2024-05-02,93.12,79.05,,2024-11-01,99.75,EMA,183,6.82,CLOSED
ASHOKLEY,2025-06,6.3,2025-07-01,122.34,112.6,,2025-08-08,112.6,SL,38,-8.27,CLOSED
ASHOKLEY,2025-12,13.33,2026-01-01,176.18,152.94,,2026-03-30,152.94,SL,88,-13.49,CLOSED
ASHOKLEY,2026-07,5.38,2026-08-03,169.28,147.59,,2026-09-30,154.19,OPEN (EMA exit due),58,-9.21,OPEN
ASIANPAINT,2005-03,10.27,2005-04-01,30.94,27.5,,2008-11-03,83.03,EMA,1312,168.04,CLOSED
ASIANPAINT,2009-06,11.08,2009-07-01,100.61,89.82,,2011-03-01,210.88,EMA,608,109.3,CLOSED
ASIANPAINT,2011-04,9.85,2011-05-02,241.34,218.38,,2011-12-01,254.9,EMA,213,5.32,CLOSED
ASIANPAINT,2012-02,5.85,2012-03-01,278.6,254.87,,2013-09-02,375.94,EMA,550,34.64,CLOSED
ASIANPAINT,2013-10,17.71,2013-11-01,483.47,403.68,,2014-02-03,420.01,EMA,94,-13.43,CLOSED
ASIANPAINT,2014-03,15.85,2014-04-01,491.32,420.23,,2016-12-01,890.79,EMA,975,81.01,CLOSED
ASIANPAINT,2017-02,5.51,2017-03-01,948.82,878.67,,2018-03-01,1040.97,EMA,365,9.41,CLOSED
ASIANPAINT,2018-04,7.26,2018-05-02,1115.56,1033.07,,2018-11-01,1154.18,EMA,183,3.16,CLOSED
ASIANPAINT,2019-03,6.53,2019-04-01,1401.07,1291.78,,2019-05-07,1291.78,SL,36,-8.1,CLOSED
ASIANPAINT,2019-08,6.25,2019-09-03,1513.33,1405.71,,2020-03-19,1405.71,SL,198,-7.41,CLOSED
ASIANPAINT,2020-12,24.79,2021-01-01,2618.12,2093.55,,2022-06-01,2730.29,EMA,516,3.98,CLOSED
ASIANPAINT,2022-07,23.69,2022-08-01,3207.33,2578.31,,2022-11-01,2991.21,EMA,92,-7.04,CLOSED
ASIANPAINT,2022-11,2.17,2022-12-01,3068.62,2917.16,,2022-12-20,2917.16,SL,19,-5.24,CLOSED
ASIANPAINT,2023-02,3.78,2023-03-01,2719.55,2590.68,,2023-04-03,2641.6,EMA,33,-3.17,CLOSED
ASIANPAINT,2023-04,5.09,2023-05-02,2799.31,2604.77,,2023-11-01,2902.18,EMA,183,3.37,CLOSED
ASIANPAINT,2023-12,9.05,2024-01-01,3300.04,3045.24,,2024-01-18,3045.24,SL,17,-8.02,CLOSED
ASIANPAINT,2024-07,5.74,2024-08-01,3023.54,2782.68,,2024-11-01,2896.26,EMA,92,-4.51,CLOSED
ASIANPAINT,2025-03,7.38,2025-04-01,2297.04,2083.96,,2025-05-02,2378.45,EMA,31,3.24,CLOSED
ASTERDM,2018-12,1.5,2019-01-01,116.04,109.25,,2019-02-01,118.12,EMA,31,1.49,CLOSED
ASTERDM,2026-02,18.55,2026-03-02,615.5,516.84,,2026-09-30,697.15,OPEN (EMA exit due),212,12.96,OPEN
ASTRAL,2009-05,60.0,2009-06-01,4.52,2.62,,2011-02-01,11.63,EMA,610,157.12,CLOSED
ASTRAL,2012-05,5.73,2012-06-01,18.48,16.0,,2015-06-01,170.49,EMA,1095,822.3,CLOSED
ASTRAL,2016-05,0.37,2016-06-01,199.53,179.58,,2016-10-03,191.62,EMA,124,-4.27,CLOSED
ASTRAL,2017-02,16.78,2017-03-01,199.5,170.17,,2020-04-01,520.86,EMA,1127,160.79,CLOSED
ASTRAL,2023-05,25.83,2023-06-01,1805.92,1437.99,,2024-09-02,1924.73,EMA,459,6.28,CLOSED
ATHERENERG,2025-11,3.76,2025-12-01,717.0,582.05,,2026-09-30,1425.0,OPEN,303,98.44,OPEN
ATUL,2009-09,14.12,2009-10-01,74.45,60.56,,2009-10-29,60.56,SL,28,-18.95,CLOSED
ATUL,2012-09,13.77,2012-10-01,312.01,271.63,,2013-03-01,289.86,EMA,151,-7.4,CLOSED
ATUL,2013-12,9.51,2014-01-01,428.17,373.59,,2014-02-04,373.59,SL,34,-13.05,CLOSED
ATUL,2014-04,24.85,2014-05-02,512.86,404.74,,2015-04-01,1059.03,EMA,334,106.2,CLOSED
ATUL,2019-05,18.09,2019-06-03,3948.99,3303.74,,2020-03-19,3303.74,SL,290,-16.64,CLOSED
ATUL,2021-12,3.83,2022-01-03,8880.62,8157.95,,2022-03-07,8157.95,SL,63,-8.44,CLOSED
ATUL,2022-07,10.99,2022-08-01,8759.43,7743.4,,2022-11-01,8247.74,EMA,92,-6.14,CLOSED
ATUL,2023-08,7.91,2023-09-01,7268.28,6586.01,,2023-10-03,6971.57,EMA,32,-4.38,CLOSED
ATUL,2023-12,8.43,2024-01-01,7117.93,6539.43,,2024-01-17,6539.43,SL,16,-8.43,CLOSED
ATUL,2024-07,23.34,2024-08-01,7902.59,6427.69,,2025-01-01,6912.7,EMA,153,-12.83,CLOSED
ATUL,2025-06,4.74,2025-07-01,7394.7,6754.01,,2025-07-21,6754.01,SL,20,-8.96,CLOSED
ATUL,2025-12,4.55,2026-01-01,6128.78,5578.49,,2026-01-21,5578.49,SL,20,-9.28,CLOSED
AUROPHARMA,2005-08,2.64,2005-09-01,32.84,29.07,,2005-09-23,29.07,SL,22,-11.8,CLOSED
AUROPHARMA,2006-12,13.62,2007-01-02,62.12,53.47,,2007-02-28,53.47,SL,57,-14.23,CLOSED
AUROPHARMA,2008-02,12.58,2008-03-03,28.23,24.06,,2008-03-17,24.06,SL,14,-15.07,CLOSED
AUROPHARMA,2012-01,35.06,2012-02-01,53.1,39.24,,2012-03-01,51.01,EMA,29,-4.24,CLOSED
AUROPHARMA,2015-01,9.87,2015-02-02,585.53,509.98,,2015-02-09,509.98,SL,7,-13.2,CLOSED
AUROPHARMA,2015-06,5.74,2015-07-01,694.94,587.08,,2016-02-12,587.08,SL,226,-15.82,CLOSED
AUROPHARMA,2018-10,6.33,2018-11-01,765.81,678.22,,2018-12-26,678.22,SL,55,-11.74,CLOSED
AUROPHARMA,2019-01,7.48,2019-02-01,749.81,679.05,,2019-02-19,679.05,SL,18,-9.74,CLOSED
AUROPHARMA,2020-05,19.14,2020-06-01,718.98,582.72,,2021-09-01,709.29,EMA,457,-1.65,CLOSED
AUROPHARMA,2021-12,11.22,2022-01-03,719.72,637.08,,2022-01-21,637.08,SL,18,-11.78,CLOSED
AUROPHARMA,2023-03,11.96,2023-04-03,514.78,441.13,,2024-12-02,1258.28,EMA,609,144.13,CLOSED
AUROPHARMA,2024-12,5.69,2025-01-01,1329.86,1168.71,,2025-01-13,1168.71,SL,12,-12.42,CLOSED
AUROPHARMA,2026-06,10.68,2026-07-01,1578.7,1391.0,,2026-09-30,1672.0,OPEN,91,5.61,OPEN
AIIL,2024-09,5.85,2024-10-01,357.68,309.74,,2024-11-14,307.93,SL,44,-14.21,CLOSED
AIIL,2025-05,38.19,2025-06-02,479.64,330.24,,2026-02-02,495.0,EMA,245,2.9,CLOSED
AVANTIFEED,2011-10,78.71,2011-11-01,7.3,3.56,,2013-03-01,6.36,EMA,486,-13.14,CLOSED
AVANTIFEED,2013-08,9.77,2013-09-02,12.21,8.98,,2016-01-01,128.74,EMA,851,954.07,CLOSED
AVANTIFEED,2023-08,8.12,2023-09-01,420.26,381.62,,2023-10-25,381.62,SL,54,-9.5,CLOSED
DMART,2018-07,11.41,2018-08-01,1655.0,1495.95,,2018-09-10,1495.95,SL,40,-9.91,CLOSED
DMART,2018-11,11.55,2018-12-03,1504.9,1346.2,,2019-01-21,1346.2,SL,49,-10.85,CLOSED
DMART,2019-07,6.07,2019-08-01,1482.65,1286.3,,2020-08-03,2068.7,EMA,368,39.23,CLOSED
DMART,2020-12,20.72,2021-01-01,2767.0,2315.0,,2022-04-01,4013.0,EMA,455,44.73,CLOSED
DMART,2022-07,24.6,2022-08-01,4251.95,3331.1,,2022-12-01,4041.0,EMA,122,-5.26,CLOSED
DMART,2023-11,8.71,2023-12-01,3969.65,3621.0,,2024-02-01,3810.0,EMA,62,-4.32,CLOSED
DMART,2024-02,3.33,2024-03-01,3925.0,3644.3,,2024-11-01,3949.95,EMA,245,0.34,CLOSED
DMART,2025-06,9.25,2025-07-01,4389.0,3928.9,,2025-11-03,4153.5,EMA,125,-5.67,CLOSED
AXISBANK,2006-10,14.95,2006-11-01,77.45,65.68,,2008-04-01,143.99,EMA,517,85.61,CLOSED
AXISBANK,2011-07,3.72,2011-08-01,250.71,228.96,,2011-08-05,228.96,SL,4,-8.97,CLOSED
AXISBANK,2012-11,11.61,2012-12-03,248.0,222.14,,2013-07-01,249.89,EMA,210,0.46,CLOSED
AXISBANK,2014-02,12.83,2014-03-03,241.24,207.28,,2015-09-01,487.53,EMA,547,101.79,CLOSED
AXISBANK,2017-12,5.33,2018-01-01,560.33,525.84,,2018-02-19,525.84,SL,49,-6.45,CLOSED
AXISBANK,2019-01,16.58,2019-02-01,716.31,599.93,,2019-08-01,670.63,EMA,181,-6.68,CLOSED
AXISBANK,2021-08,10.95,2021-09-01,794.17,708.49,,2021-11-17,708.49,SL,77,-11.09,CLOSED
AXISBANK,2022-03,2.53,2022-04-01,756.26,633.86,,2022-05-13,633.86,SL,42,-16.48,CLOSED
AXISBANK,2023-06,7.94,2023-07-03,986.62,912.93,,2024-12-02,1130.86,EMA,518,14.32,CLOSED
AXISBANK,2026-01,7.96,2026-02-02,1337.97,1247.04,,2026-03-12,1242.24,SL,38,-7.45,CLOSED
AXISBANK,2026-08,5.73,2026-09-01,1274.9,1208.6,,2026-09-24,1208.6,SL,23,-5.5,CLOSED
BEML,2016-12,18.69,2017-01-02,390.2,317.5,,2018-02-01,568.34,EMA,395,45.35,CLOSED
BEML,2022-03,16.91,2022-04-01,736.61,572.35,,2022-05-11,572.35,SL,40,-22.6,CLOSED
BEML,2023-01,4.87,2023-02-01,749.85,687.61,,2023-02-01,687.61,SL,0,-8.6,CLOSED
BEML,2023-11,22.13,2023-12-01,1214.72,980.37,,2025-03-03,1211.82,EMA,458,-0.54,CLOSED
BLS,2016-09,48.4,2016-10-03,34.54,22.93,,2018-02-01,47.4,EMA,486,36.91,CLOSED
BLS,2024-01,31.5,2024-02-01,419.85,311.49,,2024-03-13,311.49,SL,41,-26.11,CLOSED
BLS,2024-10,8.33,2024-11-01,396.88,334.63,,2025-02-28,334.63,SL,119,-15.98,CLOSED
BSE,2017-03,3.24,2017-04-03,88.14,79.4,,2017-09-01,89.44,EMA,151,1.18,CLOSED
BSE,2019-06,3.18,2019-07-01,61.5,58.25,,2019-07-11,58.25,SL,10,-5.58,CLOSED
BSE,2023-07,32.98,2023-08-01,263.8,198.74,,2025-10-01,2042.62,EMA,792,674.01,CLOSED
BSE,2026-04,35.66,2026-05-01,3630.93,2755.74,,2026-09-30,3092.0,OPEN (EMA exit due),152,-15.14,OPEN
BAJAJ-AUTO,2005-06,12.44,2005-07-01,208.46,183.92,,2007-03-01,404.26,EMA,608,93.63,CLOSED
BAJAJ-AUTO,2008-07,18.51,2008-08-01,166.15,125.63,,2008-09-01,188.14,EMA,31,12.94,CLOSED
BAJAJ-AUTO,2009-02,12.7,2009-03-02,169.13,142.05,,2011-02-01,849.95,EMA,701,402.24,CLOSED
BAJAJ-AUTO,2011-03,15.29,2011-04-01,989.47,854.7,,2011-05-05,854.7,SL,34,-13.92,CLOSED
BAJAJ-AUTO,2011-06,7.69,2011-07-01,986.53,866.96,,2012-06-01,1038.81,EMA,336,5.0,CLOSED
BAJAJ-AUTO,2012-06,4.07,2012-07-02,1084.97,1000.79,,2013-04-01,1274.82,EMA,273,17.2,CLOSED
BAJAJ-AUTO,2013-06,5.68,2013-07-01,1366.99,1201.79,,2014-01-01,1390.89,EMA,184,1.45,CLOSED
BAJAJ-AUTO,2014-02,2.36,2014-03-03,1410.5,1302.42,,2014-05-02,1390.89,EMA,60,-1.69,CLOSED
BAJAJ-AUTO,2014-06,19.15,2014-07-01,1681.38,1397.57,,2015-03-02,1608.88,EMA,244,-4.61,CLOSED
BAJAJ-AUTO,2015-12,2.13,2016-01-01,1914.83,1797.52,,2016-01-08,1797.52,SL,7,-6.43,CLOSED
BAJAJ-AUTO,2016-05,5.07,2016-06-01,2038.96,1829.53,,2017-01-02,2048.78,EMA,215,0.18,CLOSED
BAJAJ-AUTO,2018-04,7.57,2018-05-02,2388.41,2172.17,,2018-05-21,2172.17,SL,19,-9.35,CLOSED
BAJAJ-AUTO,2018-08,1.66,2018-09-03,2231.95,2103.6,,2018-10-01,2168.99,EMA,28,-3.12,CLOSED
BAJAJ-AUTO,2018-11,5.86,2018-12-03,2227.91,2072.97,,2019-01-01,2207.73,EMA,29,-1.21,CLOSED
BAJAJ-AUTO,2019-08,10.8,2019-09-03,2290.41,2041.42,,2020-03-02,2409.83,EMA,181,4.91,CLOSED
BAJAJ-AUTO,2020-12,8.52,2021-01-01,2971.64,2725.87,,2021-12-01,2926.31,EMA,334,-1.83,CLOSED
BAJAJ-AUTO,2022-01,9.71,2022-02-01,3191.28,2900.88,,2022-03-02,3121.07,EMA,29,-2.5,CLOSED
BAJAJ-AUTO,2023-04,14.09,2023-05-02,4109.95,3599.21,,2024-12-02,8731.51,EMA,580,112.15,CLOSED
BAJAJ-AUTO,2025-12,2.97,2026-01-01,9235.03,8613.78,,2026-04-01,8868.69,EMA,90,-4.27,CLOSED
BAJAJ-AUTO,2026-04,13.81,2026-05-01,9855.3,8504.32,,2026-09-30,10874.0,OPEN,152,10.04,OPEN
BAJFINANCE,2005-06,25.66,2005-07-01,2.17,1.69,,2006-07-03,3.24,EMA,367,48.7,CLOSED
BAJFINANCE,2009-05,53.26,2009-06-01,1.29,0.77,,2011-02-01,5.23,EMA,610,305.72,CLOSED
BAJFINANCE,2012-06,7.42,2012-07-02,8.33,7.41,,2013-08-01,10.9,EMA,395,30.5,CLOSED
BAJFINANCE,2013-10,16.09,2013-11-01,12.84,10.86,,2017-01-02,82.26,EMA,1158,540.13,CLOSED
BAJFINANCE,2017-02,6.88,2017-03-01,108.13,98.96,,2017-03-02,98.96,SL,1,-8.78,CLOSED
BAJFINANCE,2018-12,4.23,2019-01-01,256.47,226.13,,2020-03-23,226.13,SL,447,-12.13,CLOSED
BAJFINANCE,2021-08,20.82,2021-09-01,733.8,590.65,,2022-03-08,590.65,SL,188,-19.81,CLOSED
BAJFINANCE,2022-07,33.49,2022-08-01,709.66,522.14,,2022-12-01,661.07,EMA,122,-7.15,CLOSED
BAJFINANCE,2023-04,11.81,2023-05-02,619.52,551.22,,2024-02-01,674.82,EMA,275,8.63,CLOSED
BAJFINANCE,2024-08,5.78,2024-09-02,718.52,634.66,,2024-11-01,684.54,EMA,60,-5.03,CLOSED
BAJFINANCE,2026-06,11.3,2026-07-01,1000.4,855.19,,2026-09-30,959.4,OPEN (EMA exit due),91,-4.4,OPEN
BAJAJFINSV,2009-05,66.82,2009-06-01,36.57,21.18,,2009-09-01,27.31,EMA,92,-25.61,CLOSED
BAJAJFINSV,2012-06,4.37,2012-07-02,66.84,61.09,,2013-04-01,76.58,EMA,273,14.28,CLOSED
BAJAJFINSV,2013-11,14.78,2013-12-02,73.86,63.16,,2014-02-03,66.54,EMA,63,-10.21,CLOSED
BAJAJFINSV,2014-03,9.13,2014-04-01,78.77,68.83,,2016-03-01,160.87,EMA,700,103.94,CLOSED
BAJAJFINSV,2016-08,8.94,2016-09-01,294.81,256.41,,2016-11-09,256.41,SL,69,-13.33,CLOSED
BAJAJFINSV,2019-02,6.08,2019-03-01,645.42,583.17,,2020-03-19,583.17,SL,384,-9.95,CLOSED
BAJAJFINSV,2021-08,20.58,2021-09-01,1711.75,1381.32,,2022-03-07,1381.32,SL,187,-19.6,CLOSED
BAJAJFINSV,2023-11,6.62,2023-12-01,1676.69,1524.89,,2024-05-30,1524.89,SL,181,-9.35,CLOSED
BAJAJFINSV,2024-08,7.96,2024-09-02,1793.99,1521.21,,2024-12-02,1585.87,EMA,91,-11.9,CLOSED
BAJAJFINSV,2025-03,7.21,2025-04-01,1995.32,1730.68,,2026-02-02,1906.37,EMA,307,-4.76,CLOSED
BAJAJFINSV,2026-07,13.98,2026-08-03,2050.5,1741.5,,2026-09-28,1741.5,SL,56,-15.37,CLOSED
BAJAJHLDNG,2010-07,7.68,2010-08-02,522.76,480.69,,2011-02-01,525.29,EMA,183,0.18,CLOSED
BAJAJHLDNG,2014-06,10.16,2014-07-01,1032.86,917.41,,2015-04-01,1071.61,EMA,274,3.45,CLOSED
BAJAJHLDNG,2017-01,9.9,2017-02-01,1739.1,1549.2,,2017-07-10,1528.21,SL,159,-12.43,CLOSED
BAJAJHLDNG,2017-07,16.34,2017-08-01,2085.35,1528.21,,2018-11-01,2491.78,EMA,457,19.19,CLOSED
BAJAJHLDNG,2021-07,12.5,2021-08-02,3677.42,3241.71,,2022-07-01,4242.73,EMA,333,15.07,CLOSED
BAJAJHLDNG,2026-08,2.65,2026-09-01,11413.86,10748.71,,2026-09-25,10748.71,SL,24,-6.13,CLOSED
BALKRISIND,2007-06,25.34,2007-07-02,52.27,40.34,,2008-04-01,44.14,EMA,274,-15.87,CLOSED
BALKRISIND,2009-04,39.05,2009-05-04,15.01,11.49,,2011-02-01,51.04,EMA,638,239.76,CLOSED
BALKRISIND,2012-12,17.58,2013-01-01,133.74,109.78,,2013-02-27,109.78,SL,57,-18.22,CLOSED
BALKRISIND,2015-03,9.7,2015-04-01,292.91,266.18,,2015-09-01,291.98,EMA,153,-0.62,CLOSED
BALKRISIND,2016-08,20.36,2016-09-01,393.46,322.75,,2018-07-02,970.16,EMA,669,146.27,CLOSED
BALKRISIND,2019-03,11.86,2019-04-01,930.56,824.66,,2019-05-02,849.55,EMA,31,-9.01,CLOSED
BALKRISIND,2019-10,13.97,2019-11-01,824.27,661.48,,2020-03-23,661.48,SL,143,-20.05,CLOSED
BALKRISIND,2020-07,4.83,2020-08-03,1263.29,1168.3,,2022-03-02,1732.52,EMA,576,36.84,CLOSED
BALKRISIND,2023-07,7.44,2023-08-01,2501.62,2226.29,,2024-02-21,2226.29,SL,204,-11.31,CLOSED
BALKRISIND,2024-07,3.05,2024-08-01,3275.26,3003.19,,2024-08-09,3003.19,SL,8,-8.61,CLOSED
BALKRISIND,2024-12,4.67,2025-01-01,2886.79,2651.78,,2025-01-08,2651.78,SL,7,-8.44,CLOSED
BALKRISIND,2025-04,4.71,2025-05-02,2646.7,2130.87,,2025-06-02,2448.17,EMA,31,-7.8,CLOSED
BALRAMCHIN,2005-12,31.36,2006-01-02,92.11,64.04,,2006-07-03,94.03,EMA,182,1.79,CLOSED
BALRAMCHIN,2012-01,44.59,2012-02-01,40.84,28.01,,2012-03-01,42.89,EMA,29,4.7,CLOSED
BALRAMCHIN,2012-06,4.33,2012-07-02,43.35,39.05,,2012-12-21,39.05,SL,172,-10.2,CLOSED
BALRAMCHIN,2017-10,6.56,2017-11-01,160.8,142.73,,2017-11-15,142.73,SL,14,-11.54,CLOSED
BALRAMCHIN,2021-12,17.92,2022-01-03,352.55,289.4,,2022-07-01,350.43,EMA,179,-0.9,CLOSED
BALRAMCHIN,2022-11,21.63,2022-12-01,374.28,304.73,,2023-03-01,350.82,EMA,90,-6.57,CLOSED
BALRAMCHIN,2025-05,7.15,2025-06-02,585.86,510.14,,2025-09-01,529.98,EMA,91,-9.84,CLOSED
BALRAMCHIN,2026-02,11.95,2026-03-02,450.1,411.5,,2026-09-30,662.85,OPEN,212,46.97,OPEN
BANDHANBNK,2023-04,17.14,2023-05-02,223.74,190.56,,2023-07-03,238.27,EMA,62,6.19,CLOSED
BANDHANBNK,2026-01,6.06,2026-02-02,147.03,135.72,,2026-04-01,143.31,EMA,58,-2.83,CLOSED
BANKBARODA,2006-08,12.82,2006-09-01,33.86,29.18,,2006-12-12,29.18,SL,102,-14.12,CLOSED
BANKBARODA,2011-03,10.81,2011-04-01,143.19,128.96,,2011-05-03,128.96,SL,32,-10.24,CLOSED
BANKBARODA,2012-06,8.98,2012-07-02,115.35,98.19,,2012-08-01,103.28,EMA,30,-10.76,CLOSED
BANKBARODA,2012-09,26.26,2012-10-01,125.05,94.78,,2013-03-01,108.93,EMA,151,-13.19,CLOSED
BANKBARODA,2014-10,3.01,2014-11-03,155.03,141.15,,2015-02-06,141.15,SL,95,-9.25,CLOSED
BANKBARODA,2017-04,8.44,2017-05-02,160.28,142.89,,2017-06-12,142.89,SL,41,-11.15,CLOSED
BANKBARODA,2018-12,13.09,2019-01-01,102.58,87.94,,2019-02-01,97.42,EMA,31,-5.32,CLOSED
BANKBARODA,2019-03,28.81,2019-04-01,114.21,87.25,,2019-05-02,99.61,EMA,31,-13.08,CLOSED
BANKBARODA,2022-01,31.24,2022-02-01,93.26,70.07,,2025-01-01,224.74,EMA,1065,140.68,CLOSED
BANKBARODA,2025-06,3.13,2025-07-01,241.0,223.3,,2025-09-01,225.7,EMA,62,-6.65,CLOSED
BANKBARODA,2025-09,11.04,2025-10-01,251.66,224.46,,2026-04-01,245.07,EMA,182,-2.92,CLOSED
BANKINDIA,2009-09,22.65,2009-10-01,307.44,232.79,,2010-02-24,232.79,SL,146,-24.58,CLOSED
BANKINDIA,2012-09,21.9,2012-10-01,244.1,198.37,,2012-11-01,216.71,EMA,31,-11.52,CLOSED
BANKINDIA,2014-10,23.0,2014-11-03,238.46,186.0,,2015-02-02,221.32,EMA,91,-7.49,CLOSED
BANKINDIA,2016-06,16.85,2016-07-01,86.78,71.16,,2016-08-01,95.25,EMA,31,9.46,CLOSED
BANKINDIA,2017-07,18.83,2017-08-01,141.3,115.94,,2017-10-03,117.98,EMA,63,-16.81,CLOSED
BANKINDIA,2018-08,6.41,2018-09-03,85.72,74.69,,2018-09-18,74.69,SL,15,-13.16,CLOSED
BANKINDIA,2018-12,22.69,2019-01-01,88.99,64.78,,2019-03-01,70.82,EMA,59,-20.72,CLOSED
BANKINDIA,2019-03,27.38,2019-04-01,89.21,70.78,,2019-05-02,74.18,EMA,31,-17.14,CLOSED
BANKINDIA,2022-10,25.0,2022-11-01,53.81,41.04,,2024-09-02,111.01,EMA,671,106.01,CLOSED
BANKINDIA,2025-01,10.42,2025-02-01,105.5,84.15,,2025-03-03,89.62,EMA,30,-15.36,CLOSED
BANKINDIA,2025-05,5.9,2025-06-02,114.73,97.37,,2025-09-01,107.26,EMA,91,-6.82,CLOSED
BANKINDIA,2025-09,11.9,2025-10-01,119.79,107.18,,2026-04-01,138.29,EMA,182,15.15,CLOSED
MAHABANK,2006-07,5.46,2006-08-01,13.03,11.27,,2006-09-01,16.43,EMA,31,25.77,CLOSED
MAHABANK,2012-03,3.79,2012-04-02,40.46,36.35,,2012-05-09,36.35,SL,37,-10.46,CLOSED
MAHABANK,2014-10,2.74,2014-11-03,36.77,33.01,,2014-12-17,33.01,SL,44,-10.53,CLOSED
MAHABANK,2024-11,3.88,2024-12-02,53.26,46.7,,2025-01-01,48.94,EMA,30,-8.41,CLOSED
MAHABANK,2025-05,9.82,2025-06-02,52.73,46.1,,2025-09-01,50.35,EMA,91,-4.81,CLOSED
MAHABANK,2025-12,5.96,2026-01-01,60.59,53.86,,2026-09-30,79.37,OPEN,272,30.69,OPEN
BATAINDIA,2011-05,13.58,2011-06-01,206.27,173.73,,2012-01-02,228.28,EMA,215,10.37,CLOSED
BATAINDIA,2012-01,29.69,2012-02-01,295.26,221.11,,2013-02-01,340.79,EMA,366,15.12,CLOSED
BATAINDIA,2014-02,11.52,2014-03-03,460.18,406.56,,2015-03-02,564.95,EMA,364,22.47,CLOSED
BATAINDIA,2015-12,4.49,2016-01-01,454.66,406.61,,2016-01-14,406.61,SL,13,-10.87,CLOSED
BATAINDIA,2016-07,11.62,2016-08-01,539.51,474.81,,2016-08-04,474.81,SL,3,-12.29,CLOSED
BATAINDIA,2016-12,8.31,2017-01-02,397.18,356.15,,2017-02-01,422.88,EMA,30,6.17,CLOSED
BATAINDIA,2017-03,11.68,2017-04-03,493.67,433.64,,2020-04-01,1109.44,EMA,1094,124.43,CLOSED
BATAINDIA,2020-11,19.89,2020-12-01,1418.65,1163.35,,2021-03-01,1302.79,EMA,90,-8.47,CLOSED
BATAINDIA,2021-05,12.99,2021-06-01,1388.91,1202.75,,2022-07-01,1499.52,EMA,395,7.66,CLOSED
BATAINDIA,2022-07,17.56,2022-08-01,1781.37,1486.01,,2022-12-01,1598.97,EMA,122,-10.54,CLOSED
BATAINDIA,2023-04,3.97,2023-05-02,1370.63,1280.85,,2023-06-01,1472.56,EMA,30,7.14,CLOSED
BATAINDIA,2023-06,5.77,2023-07-03,1554.94,1440.6,,2023-10-03,1502.62,EMA,92,-3.66,CLOSED
BATAINDIA,2024-06,10.86,2024-07-01,1421.52,1184.37,,2024-09-02,1376.23,EMA,63,-3.49,CLOSED
BATAINDIA,2024-11,4.07,2024-12-02,1337.4,1208.16,,2025-01-01,1305.29,EMA,30,-2.7,CLOSED
BELRISE,2025-12,10.59,2026-01-01,184.76,153.84,,2026-09-30,240.36,OPEN,272,29.79,OPEN
BERGEPAINT,2010-05,13.42,2010-06-01,18.34,15.02,,2011-03-01,21.86,EMA,273,18.91,CLOSED
BERGEPAINT,2013-11,5.21,2013-12-02,67.33,60.43,,2014-01-09,60.43,SL,38,-10.55,CLOSED
BERGEPAINT,2014-03,8.42,2014-04-01,63.19,56.47,,2015-07-01,109.82,EMA,456,73.49,CLOSED
BERGEPAINT,2015-12,22.15,2016-01-01,150.97,119.71,,2016-03-01,125.68,EMA,60,-17.05,CLOSED
BERGEPAINT,2016-03,9.14,2016-04-01,137.41,124.79,,2017-01-02,167.16,EMA,276,21.36,CLOSED
BERGEPAINT,2017-03,4.44,2017-04-03,191.52,173.71,,2018-02-01,199.24,EMA,304,3.73,CLOSED
BERGEPAINT,2018-04,11.65,2018-05-02,227.54,200.27,,2018-11-01,224.81,EMA,183,-1.5,CLOSED
BERGEPAINT,2020-12,17.24,2021-01-01,612.35,521.73,,2021-11-01,603.54,EMA,304,-1.74,CLOSED
BERGEPAINT,2022-07,9.92,2022-08-01,505.65,456.09,,2022-10-03,499.75,EMA,63,-1.47,CLOSED
BERGEPAINT,2022-11,6.25,2022-12-01,506.26,468.27,,2022-12-23,468.27,SL,22,-7.8,CLOSED
BERGEPAINT,2023-02,5.54,2023-03-01,473.75,428.37,,2023-04-03,470.5,EMA,33,-0.99,CLOSED
BERGEPAINT,2023-04,4.93,2023-05-02,497.36,461.44,,2024-05-02,500.63,EMA,366,0.36,CLOSED
BERGEPAINT,2024-07,10.06,2024-08-01,542.56,493.43,,2024-11-01,531.39,EMA,92,-2.36,CLOSED
BERGEPAINT,2025-06,4.28,2025-07-01,586.85,520.75,,2025-08-22,520.75,SL,52,-11.56,CLOSED
BDL,2019-06,13.72,2019-07-01,152.71,127.6,,2019-08-01,132.95,EMA,31,-13.24,CLOSED
BDL,2022-07,19.16,2022-08-01,396.41,321.83,,2023-10-03,506.16,EMA,428,27.39,CLOSED
BEL,2005-09,19.11,2005-10-03,6.2,4.88,,2008-02-01,11.72,EMA,851,88.74,CLOSED
BEL,2009-03,2.71,2009-04-01,6.78,6.14,,2010-06-01,13.31,EMA,426,95.92,CLOSED
BEL,2012-06,7.72,2012-07-02,10.67,9.48,,2012-07-30,9.48,SL,28,-11.49,CLOSED
BEL,2015-07,18.38,2015-08-03,33.17,26.55,,2015-08-24,26.55,SL,21,-20.27,CLOSED
BEL,2015-12,9.35,2016-01-01,34.58,29.08,,2016-02-11,29.08,SL,41,-16.2,CLOSED
BEL,2016-11,10.59,2016-12-01,36.65,30.66,,2018-03-01,44.43,EMA,455,20.93,CLOSED
BEL,2018-10,15.88,2018-11-01,26.87,21.53,,2018-12-03,24.22,EMA,32,-10.16,CLOSED
BEL,2021-06,22.42,2021-07-01,55.41,43.79,,2025-03-03,244.19,EMA,1341,340.4,CLOSED
BEL,2025-10,5.48,2025-11-03,425.61,397.12,,2025-12-08,397.12,SL,35,-6.99,CLOSED
BEL,2026-08,7.0,2026-09-01,414.45,384.68,,2026-09-15,384.68,SL,14,-7.48,CLOSED
BHARATFORG,2012-01,15.47,2012-02-01,127.09,108.38,,2012-07-02,134.3,EMA,152,5.37,CLOSED
BHARATFORG,2014-02,10.95,2014-03-03,175.75,151.64,,2015-10-01,422.45,EMA,577,140.07,CLOSED
BHARATFORG,2017-05,2.19,2017-06-01,549.44,476.79,,2018-06-01,606.64,EMA,365,10.11,CLOSED
BHARATFORG,2018-08,5.99,2018-09-03,648.09,571.92,,2018-09-21,571.92,SL,18,-12.05,CLOSED
BHARATFORG,2019-02,4.04,2019-03-01,491.14,432.87,,2019-04-01,487.44,EMA,31,-1.05,CLOSED
BHARATFORG,2023-04,4.01,2023-05-02,784.51,726.15,,2023-06-01,772.93,EMA,30,-1.78,CLOSED
BHARATFORG,2023-07,12.03,2023-08-01,919.03,812.58,,2024-11-01,1412.22,EMA,458,53.36,CLOSED
BHARATFORG,2025-10,9.26,2025-11-03,1318.59,1174.49,,2026-09-30,1926.0,OPEN,331,45.77,OPEN
BHEL,2006-09,6.19,2006-10-03,126.59,115.41,,2007-01-10,115.41,SL,99,-9.13,CLOSED
BHEL,2007-06,9.92,2007-07-02,165.45,137.98,,2008-04-01,221.41,EMA,274,33.53,CLOSED
BHEL,2009-09,1.19,2009-10-01,249.37,235.85,,2009-11-03,235.85,SL,33,-5.72,CLOSED
BHEL,2011-06,5.53,2011-07-01,226.99,206.23,,2011-07-27,206.23,SL,26,-9.45,CLOSED
BHEL,2012-06,9.59,2012-07-02,133.12,115.32,,2012-08-01,122.53,EMA,30,-8.25,CLOSED
BHEL,2014-10,28.06,2014-11-03,156.64,117.9,,2015-04-01,143.46,EMA,149,-8.71,CLOSED
BHEL,2016-06,5.98,2016-07-01,78.71,69.41,,2016-08-01,89.09,EMA,31,12.88,CLOSED
BHEL,2017-02,19.15,2017-03-01,100.25,83.03,,2017-05-30,83.03,SL,90,-17.48,CLOSED
BHEL,2018-12,7.26,2019-01-01,69.94,58.52,,2019-02-01,61.6,EMA,31,-12.23,CLOSED
BHEL,2021-09,23.03,2021-10-01,63.25,51.74,,2022-02-21,51.74,SL,143,-18.5,CLOSED
BHEL,2022-10,23.62,2022-11-01,73.25,59.29,,2024-11-01,239.62,EMA,731,226.82,CLOSED
BHEL,2025-10,11.34,2025-11-03,264.15,228.8,,2026-04-01,253.68,EMA,149,-4.26,CLOSED
BHEL,2026-08,8.76,2026-09-01,437.25,400.2,,2026-09-30,415.5,OPEN,29,-5.27,OPEN
BPCL,2012-03,5.74,2012-04-02,27.68,24.82,,2013-07-01,29.93,EMA,455,7.84,CLOSED
BPCL,2014-01,4.25,2014-02-03,30.78,26.58,,2016-03-01,69.03,EMA,757,123.94,CLOSED
BPCL,2016-06,10.99,2016-07-01,98.35,88.22,,2017-07-03,122.87,EMA,367,24.62,CLOSED
BPCL,2019-08,5.28,2019-09-03,113.83,98.87,,2020-03-02,138.52,EMA,181,21.39,CLOSED
BPCL,2021-08,5.87,2021-09-01,168.39,156.75,,2021-11-26,156.75,SL,86,-7.21,CLOSED
BPCL,2022-07,7.1,2022-08-01,136.98,125.87,,2022-09-01,137.07,EMA,31,-0.23,CLOSED
BPCL,2022-11,12.35,2022-12-01,144.02,125.83,,2023-01-02,138.99,EMA,32,-3.79,CLOSED
BPCL,2023-04,3.86,2023-05-02,150.88,137.7,,2023-09-01,145.22,EMA,122,-4.05,CLOSED
BPCL,2023-11,24.75,2023-12-01,187.36,149.27,,2024-12-02,269.36,EMA,367,43.47,CLOSED
BPCL,2025-09,10.2,2025-10-01,324.88,292.3,,2026-03-19,292.3,SL,169,-10.33,CLOSED
BPCL,2026-07,5.34,2026-08-03,324.75,299.4,,2026-09-09,299.4,SL,37,-8.11,CLOSED
BHARTIARTL,2010-11,10.59,2010-12-01,294.14,249.63,,2011-02-01,267.4,EMA,62,-9.39,CLOSED
BHARTIARTL,2011-07,10.72,2011-08-01,368.48,311.21,,2011-08-19,311.21,SL,18,-15.84,CLOSED
BHARTIARTL,2013-10,15.2,2013-11-01,303.2,256.68,,2014-01-17,256.68,SL,77,-15.64,CLOSED
BHARTIARTL,2014-07,10.69,2014-08-01,307.77,271.3,,2015-01-01,297.12,EMA,153,-3.76,CLOSED
BHARTIARTL,2015-12,1.81,2016-01-01,286.6,256.42,,2016-01-13,256.42,SL,12,-10.83,CLOSED
BHARTIARTL,2016-06,4.38,2016-07-01,308.39,284.41,,2016-08-29,284.41,SL,59,-8.08,CLOSED
BHARTIARTL,2016-11,1.8,2016-12-01,274.23,239.57,,2017-01-02,256.54,EMA,32,-6.75,CLOSED
BHARTIARTL,2018-07,2.26,2018-08-01,333.07,282.68,,2018-09-03,332.67,EMA,33,-0.42,CLOSED
BHARTIARTL,2021-08,18.23,2021-09-01,632.88,530.56,,2022-07-01,661.03,EMA,303,4.15,CLOSED
BHARTIARTL,2022-10,4.01,2022-11-01,802.75,736.68,,2023-01-11,736.68,SL,71,-8.53,CLOSED
BHARTIARTL,2023-04,6.72,2023-05-02,775.84,729.11,,2026-03-02,1827.11,EMA,1035,135.2,CLOSED
BHARTIARTL,2026-07,7.82,2026-08-03,1987.4,1822.66,,2026-08-31,1822.66,SL,28,-8.59,CLOSED
BHARTIHEXA,2024-08,10.47,2024-09-02,1247.28,1037.01,,2026-02-02,1565.38,EMA,518,25.2,CLOSED
BIOCON,2011-03,10.86,2011-04-01,51.94,46.11,,2011-09-02,50.47,EMA,154,-3.13,CLOSED
BIOCON,2012-06,7.78,2012-07-02,36.07,31.51,,2012-08-01,37.46,EMA,30,3.55,CLOSED
BIOCON,2012-08,9.03,2012-09-03,40.89,36.35,,2013-06-03,41.95,EMA,273,2.29,CLOSED
BIOCON,2013-10,2.47,2013-11-01,54.8,51.36,,2014-11-03,71.86,EMA,367,30.83,CLOSED
BIOCON,2015-12,12.23,2016-01-01,84.43,74.04,,2016-02-09,74.04,SL,39,-12.6,CLOSED
BIOCON,2016-04,21.11,2016-05-02,95.9,78.98,,2017-06-01,155.45,EMA,395,61.8,CLOSED
BIOCON,2018-08,6.41,2018-09-03,309.28,276.39,,2019-04-01,303.95,EMA,210,-2.02,CLOSED
BIOCON,2019-08,3.99,2019-09-03,223.55,208.67,,2019-10-01,220.49,EMA,28,-1.67,CLOSED
BIOCON,2023-04,12.7,2023-05-02,231.69,204.65,,2023-06-01,244.61,EMA,30,5.28,CLOSED
BIOCON,2023-06,8.28,2023-07-03,265.46,231.74,,2023-10-20,231.74,SL,109,-13.0,CLOSED
BIOCON,2023-11,8.49,2023-12-01,240.06,217.45,,2024-01-01,248.82,EMA,31,3.35,CLOSED
BIOCON,2024-11,15.52,2024-12-02,374.05,305.33,,2025-02-28,305.33,SL,88,-18.67,CLOSED
BSOFT,2011-05,5.4,2011-06-01,41.85,37.63,,2011-08-18,37.63,SL,78,-10.4,CLOSED
BSOFT,2014-06,8.19,2014-07-01,85.99,79.63,,2014-07-23,79.63,SL,22,-7.69,CLOSED
BSOFT,2016-05,13.2,2016-06-01,93.41,80.73,,2016-07-01,80.73,SL,30,-13.87,CLOSED
BSOFT,2017-10,22.57,2017-11-01,81.04,65.54,,2018-10-01,114.95,EMA,334,41.55,CLOSED
BSOFT,2021-12,14.69,2022-01-03,512.06,428.04,,2022-01-24,428.04,SL,21,-16.71,CLOSED
BSOFT,2022-11,13.33,2022-12-01,295.0,247.14,,2023-01-02,284.56,EMA,32,-3.84,CLOSED
BSOFT,2023-05,25.85,2023-06-01,326.3,259.0,,2024-06-03,591.07,EMA,368,80.85,CLOSED
BBOX,2006-02,9.22,2006-03-01,35.09,33.02,,2006-04-28,33.02,SL,58,-6.22,CLOSED
BBOX,2012-03,28.32,2012-04-02,17.49,13.08,,2013-03-01,23.91,EMA,333,36.43,CLOSED
BBOX,2021-03,29.18,2021-04-01,265.06,185.54,,2021-08-30,185.54,SL,151,-30.3,CLOSED
BBOX,2023-12,13.27,2024-01-01,304.62,224.2,,2024-03-12,224.2,SL,71,-26.7,CLOSED
BBOX,2024-07,46.15,2024-08-01,513.17,352.79,,2025-03-03,371.98,EMA,214,-27.81,CLOSED
BLUESTARCO,2007-04,11.15,2007-05-03,94.23,76.21,,2007-05-03,76.21,SL,0,-19.42,CLOSED
BLUESTARCO,2013-10,3.81,2013-11-01,66.98,61.34,,2013-11-22,61.34,SL,21,-8.71,CLOSED
BLUESTARCO,2015-09,0.31,2015-10-01,160.79,144.67,,2016-01-18,144.67,SL,109,-10.33,CLOSED
BLUESTARCO,2017-03,22.53,2017-04-03,318.13,246.55,,2018-06-01,324.77,EMA,424,1.79,CLOSED
BLUESTARCO,2018-11,21.01,2018-12-03,317.89,259.51,,2019-01-01,293.63,EMA,29,-7.93,CLOSED
BLUESTARCO,2019-02,4.27,2019-03-01,289.91,261.85,,2019-08-01,318.51,EMA,153,9.57,CLOSED
BLUESTARCO,2021-02,18.54,2021-03-01,431.56,351.35,,2021-09-01,374.02,EMA,184,-13.63,CLOSED
BLUESTARCO,2024-01,20.33,2024-02-01,1124.35,917.14,,2025-05-02,1686.59,EMA,456,49.71,CLOSED
BOSCHLTD,2005-02,6.61,2005-03-01,1657.07,1544.66,,2006-07-03,2208.93,EMA,489,33.0,CLOSED
BOSCHLTD,2008-04,11.1,2008-05-02,3548.02,3038.26,,2008-07-01,3185.22,EMA,60,-10.53,CLOSED
BOSCHLTD,2009-07,21.68,2009-08-03,3407.55,2662.76,,2013-03-01,7748.94,EMA,1306,127.11,CLOSED
BOSCHLTD,2014-03,15.82,2014-04-01,9536.45,8151.27,,2015-10-01,17485.04,EMA,548,83.05,CLOSED
BOSCHLTD,2016-05,13.65,2016-06-01,19970.15,16982.65,,2016-11-01,19687.13,EMA,153,-1.72,CLOSED
BOSCHLTD,2021-12,7.12,2022-01-03,16138.59,14162.99,,2022-02-24,14162.99,SL,52,-12.54,CLOSED
BOSCHLTD,2022-05,0.94,2022-06-01,13678.47,12050.14,,2025-02-01,28325.62,EMA,976,106.78,CLOSED
BOSCHLTD,2025-03,6.84,2025-04-01,27542.62,25489.04,,2025-04-07,25489.04,SL,6,-7.76,CLOSED
BOSCHLTD,2025-04,3.87,2025-05-02,29007.81,25407.29,,2026-04-01,29252.5,EMA,334,0.54,CLOSED
BOSCHLTD,2026-08,22.5,2026-09-01,49400.0,40836.27,,2026-09-30,47100.0,OPEN,29,-4.96,OPEN
BRIGADE,2009-05,95.2,2009-06-01,42.46,19.65,,2009-07-01,29.89,EMA,30,-29.9,CLOSED
BRIGADE,2019-12,6.59,2020-01-01,161.05,142.75,,2020-03-12,138.36,SL,71,-14.39,CLOSED
BRIGADE,2023-07,3.22,2023-08-01,442.65,408.04,,2025-02-01,860.41,EMA,550,94.08,CLOSED
BRIGADE,2026-07,15.89,2026-08-03,579.94,494.64,,2026-09-30,575.25,OPEN (EMA exit due),58,-1.11,OPEN
BRITANNIA,2009-01,5.16,2009-02-02,111.14,97.26,,2009-03-02,102.95,EMA,28,-7.67,CLOSED
BRITANNIA,2009-12,4.82,2010-01-04,133.43,128.71,,2010-01-22,128.71,SL,18,-3.84,CLOSED
BRITANNIA,2010-05,3.27,2010-06-01,133.11,128.71,,2011-02-01,150.64,EMA,245,12.87,CLOSED
BRITANNIA,2011-03,10.75,2011-04-01,149.63,137.3,,2011-05-02,150.56,EMA,31,0.32,CLOSED
BRITANNIA,2011-08,1.47,2011-09-02,201.14,177.48,,2011-09-09,159.68,SL,7,-20.91,CLOSED
BRITANNIA,2012-03,13.95,2012-04-02,242.19,176.47,,2012-08-01,195.71,EMA,121,-19.49,CLOSED
BRITANNIA,2012-08,7.82,2012-09-03,209.73,158.6,,2012-10-01,200.2,EMA,28,-4.85,CLOSED
BRITANNIA,2013-04,10.46,2013-05-02,236.65,210.36,,2016-02-01,1164.4,EMA,1005,391.73,CLOSED
BRITANNIA,2016-07,7.09,2016-08-01,1275.52,1182.26,,2016-12-01,1313.67,EMA,122,2.69,CLOSED
BRITANNIA,2017-01,8.46,2017-02-01,1355.92,1224.7,,2018-11-01,2481.32,EMA,638,82.7,CLOSED
BRITANNIA,2018-11,12.32,2018-12-03,2774.01,2431.08,,2019-02-18,2431.08,SL,77,-12.66,CLOSED
BRITANNIA,2021-03,7.77,2021-04-01,3299.99,3056.73,,2021-08-02,3192.63,EMA,123,-3.55,CLOSED
BRITANNIA,2021-08,16.77,2021-09-01,3690.88,3186.47,,2021-12-01,3288.78,EMA,91,-11.19,CLOSED
BRITANNIA,2022-11,15.82,2022-12-01,4112.56,3491.51,,2023-11-01,4257.88,EMA,335,3.23,CLOSED
BRITANNIA,2023-11,9.63,2023-12-01,4670.38,4166.92,,2024-05-02,4590.78,EMA,153,-2.0,CLOSED
BRITANNIA,2024-09,8.25,2024-10-01,6123.34,5657.5,,2024-10-21,5657.5,SL,20,-7.91,CLOSED
BRITANNIA,2025-06,6.18,2025-07-01,5694.3,5267.1,,2025-08-11,5267.1,SL,41,-7.8,CLOSED
BIRET,2021-12,4.73,2022-01-03,216.68,206.19,,2022-12-01,225.99,EMA,332,4.0,CLOSED
BIRET,2023-05,1.47,2023-06-01,221.23,210.26,,2023-06-21,210.26,SL,20,-5.26,CLOSED
BIRET,2024-01,7.73,2024-02-01,210.97,194.63,,2026-04-01,313.29,EMA,790,48.2,CLOSED
BIRET,2026-06,3.81,2026-07-01,327.46,312.85,,2026-09-30,336.03,OPEN,91,2.32,OPEN
CCL,2005-07,56.37,2005-08-01,23.21,14.11,,2006-07-03,31.12,EMA,336,33.79,CLOSED
CCL,2016-11,2.04,2016-12-01,229.86,207.24,,2017-07-03,265.54,EMA,214,15.22,CLOSED
CCL,2018-04,12.33,2018-05-02,287.92,250.63,,2018-06-18,250.63,SL,47,-13.25,CLOSED
CCL,2020-01,12.2,2020-02-03,201.25,176.81,,2020-03-13,171.89,SL,39,-14.89,CLOSED
CCL,2023-04,6.1,2023-05-02,592.18,536.12,,2023-11-01,582.63,EMA,183,-1.91,CLOSED
CCL,2023-11,11.86,2023-12-01,663.08,582.53,,2024-03-12,582.53,SL,102,-12.45,CLOSED
CESC,2013-12,22.19,2014-01-01,26.9,21.97,,2015-03-02,34.83,EMA,425,29.17,CLOSED
CESC,2016-06,9.61,2016-07-01,36.41,32.31,,2018-07-02,57.32,EMA,731,57.1,CLOSED
CESC,2018-11,0.65,2018-12-03,48.74,46.55,,2018-12-24,46.55,SL,21,-4.79,CLOSED
CESC,2023-07,8.83,2023-08-01,68.69,63.16,,2025-02-01,133.41,EMA,550,93.93,CLOSED
CGPOWER,2007-04,10.47,2007-05-03,35.28,29.4,,2008-03-03,50.7,EMA,305,43.41,CLOSED
CGPOWER,2009-12,8.36,2010-01-04,73.41,65.21,,2011-02-01,84.76,EMA,393,15.15,CLOSED
CGPOWER,2011-05,4.76,2011-06-01,81.84,72.51,,2011-07-01,80.34,EMA,30,-2.13,CLOSED
CGPOWER,2014-02,12.12,2014-03-03,43.22,36.91,,2015-04-01,56.42,EMA,394,30.25,CLOSED
CGPOWER,2017-03,12.62,2017-04-03,76.85,65.99,,2018-03-01,82.19,EMA,332,6.64,CLOSED
CGPOWER,2020-06,42.5,2020-07-01,8.84,5.93,,2020-08-03,9.63,EMA,33,8.64,CLOSED
CGPOWER,2020-08,140.86,2020-09-01,23.21,9.58,,2025-02-01,636.33,EMA,1614,2640.8,CLOSED
CGPOWER,2025-08,4.93,2025-09-01,708.44,644.58,,2025-12-01,671.42,EMA,91,-5.53,CLOSED
CGPOWER,2026-08,6.09,2026-09-01,901.95,826.1,,2026-09-30,854.2,OPEN,29,-5.59,OPEN
CIEINDIA,2009-05,62.16,2009-06-01,69.67,38.8,,2009-07-01,48.14,EMA,30,-31.19,CLOSED
CIEINDIA,2011-10,6.46,2011-11-01,60.6,54.28,,2011-11-24,54.0,SL,23,-11.2,CLOSED
CIEINDIA,2013-09,3.96,2013-10-01,63.2,60.18,,2013-10-10,60.18,SL,9,-5.08,CLOSED
CIEINDIA,2015-06,4.29,2015-07-01,218.53,185.4,,2016-02-01,222.78,EMA,215,1.64,CLOSED
CIEINDIA,2018-04,16.34,2018-05-02,237.13,194.04,,2019-02-01,223.3,EMA,275,-6.13,CLOSED
CIEINDIA,2020-04,38.18,2020-05-04,94.16,62.3,,2020-06-01,90.62,EMA,28,-4.06,CLOSED
CIEINDIA,2023-08,2.52,2023-09-01,507.51,446.38,,2023-10-04,446.38,SL,33,-12.35,CLOSED
CRISIL,2006-02,7.9,2006-03-01,118.6,104.71,,2006-06-01,104.71,SL,92,-12.01,CLOSED
CRISIL,2007-11,3.55,2007-12-03,243.99,218.87,,2008-01-22,218.87,SL,50,-10.59,CLOSED
CRISIL,2010-06,8.92,2010-07-01,454.91,412.32,,2012-08-01,732.64,EMA,762,60.75,CLOSED
CRISIL,2012-09,4.41,2012-10-01,774.41,736.73,,2013-03-01,771.51,EMA,151,-0.68,CLOSED
CRISIL,2013-07,6.59,2013-08-01,968.13,900.2,,2013-08-05,900.2,SL,4,-7.32,CLOSED
CRISIL,2014-04,5.82,2014-05-02,1088.52,995.42,,2015-09-01,1662.62,EMA,487,52.44,CLOSED
CRISIL,2016-03,1.48,2016-04-01,1533.92,1498.41,,2017-02-01,1789.31,EMA,306,16.35,CLOSED
CRISIL,2017-08,1.84,2017-09-01,1638.05,1545.59,,2017-10-03,1582.6,EMA,32,-3.69,CLOSED
CRISIL,2017-11,4.1,2017-12-01,1628.3,1541.92,,2017-12-06,1541.92,SL,5,-5.61,CLOSED
CRISIL,2017-12,0.07,2018-01-01,1627.78,1529.62,,2018-04-02,1659.02,EMA,91,1.62,CLOSED
CRISIL,2019-09,6.66,2019-10-01,1231.61,1121.11,,2020-03-02,1378.99,EMA,153,11.67,CLOSED
CRISIL,2023-01,2.6,2023-02-01,2993.07,2750.54,,2024-06-03,4127.1,EMA,488,37.59,CLOSED
CRISIL,2024-10,17.76,2024-11-01,5374.63,4144.86,,2025-03-03,4285.16,EMA,122,-20.57,CLOSED
CRISIL,2026-08,10.6,2026-09-01,4821.8,4309.9,,2026-09-30,4450.8,OPEN,29,-7.99,OPEN
CANFINHOME,2006-08,8.24,2006-09-01,7.25,6.34,,2007-05-03,7.99,EMA,244,9.98,CLOSED
CANFINHOME,2007-12,10.22,2008-01-01,12.37,10.18,,2008-01-22,10.11,SL,21,-18.59,CLOSED
CANFINHOME,2008-02,11.76,2008-03-03,10.54,9.34,,2008-03-24,9.34,SL,21,-11.63,CLOSED
CANFINHOME,2015-06,14.37,2015-07-01,143.05,116.98,,2017-11-01,452.32,EMA,854,215.91,CLOSED
CANFINHOME,2018-02,20.55,2018-03-01,505.69,375.54,,2018-04-02,431.05,EMA,32,-15.06,CLOSED
CANFINHOME,2019-03,29.94,2019-04-01,328.59,250.68,,2020-03-24,250.68,SL,358,-24.01,CLOSED
CANFINHOME,2021-03,28.32,2021-04-01,585.23,443.86,,2022-01-03,529.92,EMA,277,-9.75,CLOSED
CANFINHOME,2022-03,8.78,2022-04-01,603.96,496.69,,2022-05-06,496.69,SL,35,-18.06,CLOSED
CANFINHOME,2022-07,39.81,2022-08-01,571.93,405.51,,2022-10-03,461.04,EMA,63,-19.69,CLOSED
CANFINHOME,2022-11,5.47,2022-12-01,531.68,477.55,,2022-12-23,477.55,SL,22,-10.48,CLOSED
CANFINHOME,2023-01,6.07,2023-02-01,548.15,496.27,,2023-03-15,496.27,SL,42,-9.76,CLOSED
CANFINHOME,2023-05,14.67,2023-06-01,683.18,592.25,,2024-06-03,723.5,EMA,368,5.6,CLOSED
CANFINHOME,2025-05,10.21,2025-06-02,769.33,674.99,,2025-09-01,705.75,EMA,91,-8.56,CLOSED
CANBK,2005-02,5.57,2005-03-01,26.07,23.69,,2005-03-23,23.69,SL,22,-9.43,CLOSED
CANBK,2006-01,3.92,2006-02-01,30.23,26.65,,2006-05-19,26.65,SL,107,-12.15,CLOSED
CANBK,2007-06,13.43,2007-07-02,34.86,28.84,,2007-08-22,28.84,SL,51,-17.58,CLOSED
CANBK,2007-09,13.84,2007-10-01,35.89,31.4,,2007-10-17,31.4,SL,16,-12.8,CLOSED
CANBK,2009-11,15.98,2009-12-01,54.77,44.8,,2011-06-01,77.22,EMA,547,40.68,CLOSED
CANBK,2012-11,15.88,2012-12-03,68.78,58.97,,2013-03-01,61.85,EMA,88,-10.38,CLOSED
CANBK,2014-10,14.63,2014-11-03,64.35,54.56,,2015-04-01,58.12,EMA,149,-9.98,CLOSED
CANBK,2018-10,18.61,2018-11-01,44.35,34.66,,2018-12-03,43.66,EMA,32,-1.85,CLOSED
CANBK,2022-01,26.51,2022-02-01,43.14,33.62,,2022-03-07,33.62,SL,34,-22.37,CLOSED
CANBK,2023-04,11.6,2023-05-02,55.79,49.22,,2024-11-01,97.01,EMA,549,73.59,CLOSED
CANBK,2025-05,17.76,2025-06-02,107.25,85.0,,2026-04-01,123.93,EMA,303,15.25,CLOSED
CAPLIPOINT,2014-07,67.56,2014-08-01,71.66,43.46,,2016-03-01,179.47,EMA,578,150.15,CLOSED
CAPLIPOINT,2019-10,1.25,2019-11-01,419.66,358.64,,2019-11-08,358.64,SL,7,-14.84,CLOSED
CAPLIPOINT,2023-07,12.63,2023-08-01,903.12,773.73,,2025-03-03,1811.14,EMA,580,100.24,CLOSED
CARBORUNIV,2010-10,12.99,2010-11-01,115.99,100.77,,2010-12-10,97.68,SL,39,-16.09,CLOSED
CARBORUNIV,2011-06,8.64,2011-07-01,126.21,117.16,,2011-08-23,117.16,SL,53,-7.48,CLOSED
CARBORUNIV,2016-05,16.06,2016-06-01,211.47,180.27,,2018-06-01,334.59,EMA,730,57.92,CLOSED
CARBORUNIV,2019-02,6.9,2019-03-01,356.7,320.88,,2019-05-02,348.21,EMA,62,-2.68,CLOSED
CARBORUNIV,2019-10,6.71,2019-11-01,312.68,274.01,,2019-12-02,320.33,EMA,31,2.15,CLOSED
CARBORUNIV,2020-10,5.55,2020-11-02,276.29,226.5,,2022-05-02,761.49,EMA,546,175.32,CLOSED
CARBORUNIV,2022-11,0.87,2022-12-01,849.05,776.85,,2023-11-01,1061.74,EMA,335,24.75,CLOSED
CARTRADE,2024-10,12.07,2024-11-01,1085.0,837.2,,2026-03-02,1711.0,EMA,486,57.4,CLOSED
CASTROLIND,2005-03,1.13,2005-04-01,21.62,21.38,,2007-08-14,11.7,SL,865,-46.16,CLOSED
CASTROLIND,2009-03,6.77,2009-04-01,20.51,18.31,,2011-02-01,58.22,EMA,671,183.51,CLOSED
CASTROLIND,2012-01,17.94,2012-02-01,70.74,57.54,,2013-10-01,94.19,EMA,608,32.85,CLOSED
CASTROLIND,2016-04,7.28,2016-05-02,125.59,117.09,,2016-05-19,117.09,SL,17,-7.07,CLOSED
CASTROLIND,2016-08,2.13,2016-09-01,143.97,127.39,,2016-11-09,127.39,SL,69,-11.82,CLOSED
CASTROLIND,2017-03,6.76,2017-04-03,139.65,129.38,,2017-06-15,129.34,SL,73,-7.68,CLOSED
CASTROLIND,2018-02,8.93,2018-03-01,132.66,113.19,,2018-05-02,130.21,EMA,62,-2.15,CLOSED
CASTROLIND,2018-10,4.1,2018-11-01,100.04,91.5,,2018-12-03,103.06,EMA,32,2.72,CLOSED
CASTROLIND,2019-09,10.74,2019-10-01,96.65,84.03,,2019-12-02,99.86,EMA,62,3.02,CLOSED
CASTROLIND,2023-04,8.02,2023-05-02,98.59,90.77,,2023-06-01,94.28,EMA,30,-4.66,CLOSED
CASTROLIND,2024-01,9.43,2024-02-01,168.97,141.96,,2024-11-01,188.23,EMA,274,11.1,CLOSED
CASTROLIND,2026-04,6.51,2026-05-01,178.85,167.91,,2026-06-01,177.09,EMA,31,-1.28,CLOSED
CEATLTD,2009-08,29.0,2009-09-01,115.5,92.4,,2010-06-01,104.83,EMA,273,-9.54,CLOSED
CEATLTD,2013-09,16.99,2013-10-01,107.64,86.67,,2015-07-01,583.21,EMA,638,441.5,CLOSED
CEATLTD,2015-07,38.21,2015-08-03,814.51,577.62,,2016-02-01,852.14,EMA,182,4.32,CLOSED
CEATLTD,2016-09,48.5,2016-10-03,1219.89,802.31,,2018-03-01,1468.13,EMA,514,20.05,CLOSED
CEATLTD,2019-10,5.4,2019-11-01,951.15,853.23,,2019-12-02,881.07,EMA,31,-7.67,CLOSED
CEATLTD,2024-11,9.7,2024-12-02,3023.57,2608.51,,2025-02-12,2608.51,SL,72,-14.03,CLOSED
CEATLTD,2025-04,15.71,2025-05-02,3243.97,2455.53,,2025-09-01,3105.3,EMA,122,-4.57,CLOSED
CEMPRO,2005-03,54.64,2005-04-01,31.67,16.81,,2006-06-01,57.04,EMA,426,79.83,CLOSED
CEMPRO,2007-12,25.38,2008-01-01,65.34,48.67,,2008-01-21,48.67,SL,20,-25.81,CLOSED
CEMPRO,2014-05,59.78,2014-06-02,23.77,12.41,,2018-03-01,175.93,EMA,1368,639.98,CLOSED
CEMPRO,2019-10,15.08,2019-11-01,59.07,34.25,,2019-12-02,62.69,EMA,31,5.82,CLOSED
CEMPRO,2023-05,32.11,2023-06-01,163.04,120.9,,2025-05-02,485.07,EMA,701,197.21,CLOSED
CEMPRO,2026-04,59.56,2026-05-01,813.17,509.0,,2026-09-30,1192.2,OPEN,152,46.31,OPEN
CENTRALBK,2012-06,9.66,2012-07-02,75.93,65.03,,2012-07-27,65.03,SL,25,-14.65,CLOSED
CENTRALBK,2014-10,10.19,2014-11-03,64.74,55.77,,2015-09-01,64.58,EMA,302,-0.55,CLOSED
CENTRALBK,2023-04,25.93,2023-05-02,29.88,23.08,,2024-11-01,55.89,EMA,549,86.76,CLOSED
CDSL,2019-03,10.61,2019-04-01,111.55,99.75,,2019-05-02,108.03,EMA,31,-3.46,CLOSED
CDSL,2023-05,3.27,2023-06-01,502.78,467.52,,2025-02-01,1296.46,EMA,611,157.56,CLOSED
CHAMBLFERT,2010-06,13.43,2010-07-01,42.77,38.12,,2011-02-01,47.83,EMA,215,11.54,CLOSED
CHAMBLFERT,2017-04,15.39,2017-05-02,81.83,67.37,,2018-07-02,126.78,EMA,426,54.64,CLOSED
CHAMBLFERT,2019-10,10.76,2019-11-01,143.91,121.31,,2019-12-02,126.07,EMA,31,-12.7,CLOSED
CHAMBLFERT,2019-12,2.22,2020-01-01,128.59,119.71,,2020-02-28,119.71,SL,58,-7.2,CLOSED
CHAMBLFERT,2020-11,27.65,2020-12-01,182.36,135.25,,2022-06-01,330.11,EMA,547,80.72,CLOSED
CHAMBLFERT,2022-07,21.04,2022-08-01,292.75,235.87,,2022-10-03,290.6,EMA,63,-1.04,CLOSED
CHAMBLFERT,2025-12,9.53,2026-01-01,478.56,404.75,,2026-02-02,425.13,EMA,32,-11.46,CLOSED
CHENNPETRO,2005-08,19.73,2005-09-01,119.96,101.02,,2006-04-03,126.63,EMA,214,5.26,CLOSED
CHENNPETRO,2007-04,14.3,2007-05-03,128.03,104.67,,2008-02-01,185.76,EMA,274,44.79,CLOSED
CHENNPETRO,2008-12,21.97,2009-01-02,85.74,66.36,,2009-01-27,66.36,SL,25,-22.91,CLOSED
CHENNPETRO,2009-08,11.26,2009-09-01,134.75,113.01,,2010-12-01,157.82,EMA,456,16.82,CLOSED
CHENNPETRO,2011-03,18.99,2011-04-01,153.64,127.74,,2011-05-02,155.39,EMA,31,0.84,CLOSED
CHENNPETRO,2016-08,11.94,2016-09-01,221.74,188.49,,2016-11-04,188.49,SL,64,-15.29,CLOSED
CHENNPETRO,2017-08,22.51,2017-09-01,355.87,276.94,,2018-02-22,276.94,SL,174,-22.48,CLOSED
CHENNPETRO,2018-12,8.09,2019-01-01,249.94,210.9,,2019-01-28,210.9,SL,27,-15.92,CLOSED
CHENNPETRO,2022-04,118.76,2022-05-02,242.46,106.26,,2022-11-01,176.89,EMA,183,-27.34,CLOSED
CHENNPETRO,2023-01,20.07,2023-02-01,209.74,173.52,,2024-11-01,610.63,EMA,639,190.84,CLOSED
CHOICEIN,2022-10,19.79,2022-11-01,138.0,109.5,,2026-03-02,726.5,EMA,1217,426.15,CLOSED
CHOICEIN,2026-06,12.03,2026-07-01,757.45,632.05,,2026-09-30,726.25,OPEN (EMA exit due),91,-4.42,OPEN
CHOLAHLDNG,2005-08,15.31,2005-09-01,37.93,32.37,,2006-06-14,32.37,SL,286,-14.98,CLOSED
CHOLAHLDNG,2007-04,28.54,2007-05-03,36.2,26.05,,2007-07-02,35.85,EMA,60,-1.28,CLOSED
CHOLAHLDNG,2012-02,20.44,2012-03-01,83.72,69.84,,2013-03-01,95.94,EMA,365,14.3,CLOSED
CHOLAHLDNG,2016-05,7.57,2016-06-01,297.27,260.27,,2018-07-02,608.93,EMA,761,104.54,CLOSED
CHOLAHLDNG,2021-08,3.38,2021-09-01,687.74,618.52,,2022-03-02,642.24,EMA,182,-6.92,CLOSED
CHOLAHLDNG,2023-08,1.01,2023-09-01,973.51,883.48,,2025-01-01,1398.13,EMA,488,43.32,CLOSED
CHOLAFIN,2007-05,8.56,2007-06-01,21.11,17.75,,2008-04-01,28.0,EMA,305,32.35,CLOSED
CHOLAFIN,2012-03,11.99,2012-04-02,34.46,29.68,,2012-05-31,26.44,SL,59,-23.58,CLOSED
CHOLAFIN,2016-03,11.96,2016-04-01,138.48,120.95,,2016-12-01,189.18,EMA,244,36.32,CLOSED
CHOLAFIN,2018-02,14.69,2018-03-01,284.86,234.12,,2018-09-21,234.12,SL,204,-18.11,CLOSED
CHOLAFIN,2019-03,17.79,2019-04-01,285.25,240.1,,2019-07-23,240.1,SL,113,-16.13,CLOSED
CHOLAFIN,2021-08,16.46,2021-09-01,548.85,465.63,,2021-12-20,465.63,SL,110,-15.46,CLOSED
CHOLAFIN,2023-04,14.42,2023-05-02,870.6,760.38,,2024-03-01,1086.77,EMA,304,24.53,CLOSED
CIPLA,2005-12,12.79,2006-01-02,155.24,133.44,,2007-03-01,205.98,EMA,423,32.38,CLOSED
CIPLA,2010-09,6.58,2010-10-01,293.13,273.72,,2011-02-01,300.91,EMA,123,2.36,CLOSED
CIPLA,2011-11,11.05,2011-12-01,302.68,258.72,,2012-03-01,290.52,EMA,91,-4.32,CLOSED
CIPLA,2012-06,2.15,2012-07-02,288.1,273.3,,2013-03-01,328.07,EMA,242,13.57,CLOSED
CIPLA,2013-06,5.78,2013-07-01,358.36,333.57,,2013-12-02,361.06,EMA,154,0.45,CLOSED
CIPLA,2014-08,13.15,2014-09-01,477.71,397.86,,2015-07-01,572.74,EMA,303,19.59,CLOSED
CIPLA,2017-06,7.6,2017-07-03,520.46,477.68,,2018-04-02,512.04,EMA,273,-1.92,CLOSED
CIPLA,2018-04,11.36,2018-05-02,569.97,510.08,,2018-05-17,510.08,SL,15,-10.81,CLOSED
CIPLA,2018-06,17.5,2018-07-02,579.31,483.21,,2018-11-15,483.21,SL,136,-16.89,CLOSED
CIPLA,2019-02,7.2,2019-03-01,521.1,470.58,,2019-04-01,484.76,EMA,31,-7.27,CLOSED
CIPLA,2020-05,9.93,2020-06-01,619.31,539.72,,2022-07-01,874.31,EMA,760,40.88,CLOSED
CIPLA,2024-02,9.57,2024-03-01,1452.16,1314.18,,2024-04-18,1314.18,SL,48,-9.8,CLOSED
CIPLA,2024-08,8.07,2024-09-02,1636.01,1442.91,,2024-10-28,1442.91,SL,56,-12.1,CLOSED
CIPLA,2025-11,2.0,2025-12-01,1517.76,1476.45,,2025-12-09,1476.45,SL,8,-3.02,CLOSED
CUB,2011-10,3.39,2011-11-01,21.34,19.93,,2011-11-16,19.93,SL,15,-6.92,CLOSED
CUB,2013-12,5.08,2014-01-01,29.35,26.95,,2014-02-17,26.95,SL,47,-8.48,CLOSED
CUB,2014-03,16.18,2014-04-01,30.51,25.93,,2015-10-01,53.31,EMA,548,74.42,CLOSED
CUB,2016-03,13.6,2016-04-01,55.26,48.67,,2018-02-01,102.85,EMA,671,85.82,CLOSED
CUB,2018-12,11.87,2019-01-01,138.98,119.77,,2019-08-01,137.19,EMA,212,-1.58,CLOSED
CUB,2019-08,5.09,2019-09-03,142.9,129.46,,2020-03-13,116.46,SL,192,-18.8,CLOSED
CUB,2022-05,2.19,2022-06-01,100.79,84.57,,2022-07-01,95.68,EMA,30,-5.37,CLOSED
CUB,2023-06,1.72,2023-07-03,92.8,86.5,,2023-08-01,97.0,EMA,29,4.22,CLOSED
CUB,2025-09,9.02,2025-10-01,158.27,143.78,,2026-04-01,185.76,EMA,182,17.07,CLOSED
CUB,2026-06,8.88,2026-07-01,206.07,177.59,,2026-09-30,226.05,OPEN,91,9.4,OPEN
COALINDIA,2011-04,9.83,2011-05-02,118.63,112.27,,2011-07-11,97.99,SL,70,-17.7,CLOSED
COALINDIA,2014-10,8.55,2014-11-03,145.5,129.6,,2015-09-01,149.42,EMA,302,2.4,CLOSED
COALINDIA,2017-09,14.09,2017-10-03,131.05,114.27,,2018-01-01,126.25,EMA,90,-3.96,CLOSED
COALINDIA,2019-02,1.62,2019-03-01,119.8,110.69,,2019-04-01,127.82,EMA,31,6.4,CLOSED
COALINDIA,2019-12,2.97,2020-01-01,113.46,99.31,,2020-01-31,99.31,SL,30,-12.77,CLOSED
COALINDIA,2022-02,9.37,2022-03-02,123.09,107.25,,2024-12-02,375.4,EMA,1006,204.69,CLOSED
COALINDIA,2025-01,4.58,2025-02-01,360.46,324.12,,2025-02-12,324.12,SL,11,-10.38,CLOSED
COCHINSHIP,2019-03,13.84,2019-04-01,154.71,139.14,,2019-05-02,151.73,EMA,31,-2.23,CLOSED
COCHINSHIP,2020-09,5.81,2020-10-01,147.24,131.51,,2021-09-01,159.55,EMA,335,8.07,CLOSED
COCHINSHIP,2022-07,6.95,2022-08-01,156.9,144.29,,2023-03-01,220.57,EMA,212,40.28,CLOSED
COCHINSHIP,2024-11,5.67,2024-12-02,1615.63,1252.7,,2025-01-01,1543.24,EMA,30,-4.78,CLOSED
COCHINSHIP,2026-01,2.46,2026-02-02,1554.54,1404.16,,2026-03-02,1433.39,EMA,28,-8.09,CLOSED
COFORGE,2012-03,10.57,2012-04-02,42.37,35.31,,2013-01-01,39.34,EMA,274,-7.45,CLOSED
COFORGE,2017-03,4.66,2017-04-03,77.23,71.58,,2019-08-01,220.26,EMA,850,184.89,CLOSED
COFORGE,2020-12,12.68,2021-01-01,506.37,431.77,,2021-02-24,431.77,SL,54,-15.03,CLOSED
COFORGE,2021-06,17.79,2021-07-01,782.25,659.27,,2022-03-02,853.06,EMA,244,8.75,CLOSED
COFORGE,2022-07,11.73,2022-08-01,753.28,633.77,,2022-09-01,677.59,EMA,31,-10.35,CLOSED
COFORGE,2022-11,6.31,2022-12-01,782.55,697.13,,2023-01-02,747.61,EMA,32,-4.77,CLOSED
COFORGE,2023-04,9.71,2023-05-02,805.71,721.68,,2024-04-01,1083.87,EMA,335,34.22,CLOSED
COFORGE,2024-08,0.92,2024-09-02,1248.29,1131.03,,2025-03-03,1455.53,EMA,182,16.3,CLOSED
COHANCE,2021-03,3.63,2021-04-01,484.99,439.3,,2022-02-24,439.3,SL,329,-9.72,CLOSED
COHANCE,2023-05,1.08,2023-06-01,476.55,468.6,,2024-06-03,621.0,EMA,368,30.01,CLOSED
COHANCE,2024-10,11.97,2024-11-01,1309.0,1140.1,,2024-12-23,1140.1,SL,52,-13.2,CLOSED
COLPAL,2005-06,12.09,2005-07-01,79.86,71.27,,2007-02-01,114.95,EMA,580,43.64,CLOSED
COLPAL,2009-06,27.69,2009-07-01,213.34,160.65,,2013-03-01,495.43,EMA,1339,131.93,CLOSED
COLPAL,2013-11,2.68,2013-12-02,495.31,474.6,,2016-02-01,701.86,EMA,791,41.4,CLOSED
COLPAL,2016-05,2.44,2016-06-01,699.54,638.09,,2017-01-02,739.62,EMA,215,5.43,CLOSED
COLPAL,2017-08,3.06,2017-09-01,913.25,841.59,,2017-10-17,841.59,SL,46,-8.15,CLOSED
COLPAL,2017-12,6.51,2018-01-01,904.06,840.26,,2018-03-01,861.52,EMA,59,-5.01,CLOSED
COLPAL,2018-03,2.01,2018-04-02,881.42,842.5,,2018-10-01,904.81,EMA,182,2.35,CLOSED
COLPAL,2018-12,10.16,2019-01-01,1137.44,1002.78,,2019-05-02,1002.78,SL,121,-12.14,CLOSED
COLPAL,2019-08,7.13,2019-09-03,1084.19,993.45,,2020-02-03,1130.34,EMA,153,3.96,CLOSED
COLPAL,2021-12,3.27,2022-01-03,1338.09,1257.6,,2022-01-25,1257.6,SL,22,-6.32,CLOSED
COLPAL,2022-04,7.28,2022-05-02,1498.81,1341.7,,2022-07-01,1361.92,EMA,60,-9.43,CLOSED
COLPAL,2022-08,5.57,2022-09-01,1512.17,1415.21,,2022-10-11,1415.21,SL,40,-6.71,CLOSED
COLPAL,2022-10,1.27,2022-11-01,1515.19,1401.44,,2023-01-02,1422.69,EMA,62,-6.41,CLOSED
COLPAL,2023-02,1.41,2023-03-01,1368.12,1328.43,,2023-04-03,1396.56,EMA,33,1.78,CLOSED
COLPAL,2023-04,5.82,2023-05-02,1469.31,1384.81,,2024-12-02,2795.41,EMA,580,89.95,CLOSED
CAMS,2022-07,8.85,2022-08-01,460.46,401.83,,2022-09-01,431.44,EMA,31,-6.6,CLOSED
CAMS,2023-05,7.55,2023-06-01,418.58,385.19,,2023-07-03,422.56,EMA,32,0.65,CLOSED
CONCORDBIO,2023-09,11.3,2023-10-03,1070.65,941.68,,2025-03-03,1491.5,EMA,517,39.01,CLOSED
CONCORDBIO,2026-07,11.65,2026-08-03,1444.4,1238.0,,2026-09-30,1373.6,OPEN,58,-5.2,OPEN
CONCOR,2006-10,21.29,2006-11-01,172.21,138.88,,2007-11-01,171.31,EMA,365,-0.82,CLOSED
CONCOR,2010-06,4.86,2010-07-01,235.57,210.89,,2010-11-26,210.89,SL,148,-10.78,CLOSED
CONCOR,2014-02,4.78,2014-03-03,214.79,196.81,,2015-09-01,402.97,EMA,547,87.31,CLOSED
CONCOR,2016-07,4.85,2016-08-01,429.4,396.89,,2016-08-12,396.89,SL,11,-7.87,CLOSED
CONCOR,2019-06,7.55,2019-07-01,518.05,473.0,,2019-07-09,473.0,SL,8,-9.0,CLOSED
CONCOR,2019-08,0.79,2019-09-03,467.44,422.79,,2020-03-02,473.75,EMA,181,1.05,CLOSED
CONCOR,2022-07,19.93,2022-08-01,671.06,550.83,,2023-02-01,605.95,EMA,184,-10.0,CLOSED
CONCOR,2023-11,13.12,2023-12-01,745.75,644.77,,2024-10-01,894.59,EMA,305,19.66,CLOSED
CONCOR,2025-05,16.43,2025-06-02,613.69,504.9,,2025-07-01,599.26,EMA,29,-2.65,CLOSED
CONCOR,2025-12,2.68,2026-01-01,521.4,484.83,,2026-01-21,484.83,SL,20,-7.31,CLOSED
CONCOR,2026-07,10.57,2026-08-03,524.35,446.2,,2026-09-29,446.2,SL,57,-15.21,CLOSED
COROMANDEL,2005-12,13.55,2006-01-02,22.7,21.11,,2006-02-01,22.05,EMA,30,-3.15,CLOSED
COROMANDEL,2009-09,23.63,2009-10-01,77.04,62.8,,2011-02-01,180.7,EMA,488,134.25,CLOSED
COROMANDEL,2017-07,8.46,2017-08-01,405.97,362.63,,2017-08-10,362.63,SL,9,-10.98,CLOSED
COROMANDEL,2017-12,11.66,2018-01-01,523.29,446.52,,2018-03-14,446.52,SL,72,-14.97,CLOSED
COROMANDEL,2018-10,4.32,2018-11-01,386.07,310.41,,2018-12-03,374.35,EMA,32,-3.33,CLOSED
COROMANDEL,2019-05,0.47,2019-06-03,401.99,362.73,,2019-07-01,387.06,EMA,28,-4.01,CLOSED
COROMANDEL,2019-12,12.04,2020-01-01,495.52,437.92,,2020-03-13,437.92,SL,72,-11.92,CLOSED
COROMANDEL,2021-07,2.59,2021-08-02,881.84,817.33,,2021-08-05,817.33,SL,3,-7.62,CLOSED
COROMANDEL,2023-07,9.25,2023-08-01,1015.1,907.0,,2024-02-01,1039.61,EMA,184,2.12,CLOSED
COROMANDEL,2024-04,12.35,2024-05-02,1189.16,1055.31,,2025-11-03,2105.14,EMA,550,76.73,CLOSED
CREDITACC,2018-11,23.78,2018-12-03,386.93,304.14,,2020-04-01,323.44,EMA,485,-16.71,CLOSED
CREDITACC,2020-04,45.84,2020-05-04,463.72,302.8,,2020-06-01,396.8,EMA,28,-14.73,CLOSED
CREDITACC,2025-08,12.14,2025-09-01,1399.0,1198.0,,2026-03-02,1226.0,EMA,182,-12.67,CLOSED
CREDITACC,2026-06,14.97,2026-07-01,1489.0,1229.1,,2026-09-29,1229.1,SL,90,-17.75,CLOSED
CROMPTON,2017-01,31.15,2017-02-01,175.49,133.64,,2018-06-01,211.26,EMA,485,20.09,CLOSED
CROMPTON,2020-09,7.56,2020-10-01,277.51,234.24,,2022-02-01,408.33,EMA,488,46.84,CLOSED
CROMPTON,2022-02,0.95,2022-03-02,407.85,338.75,,2022-04-01,359.3,EMA,30,-12.21,CLOSED
CROMPTON,2022-04,2.89,2022-05-02,365.51,349.45,,2022-05-05,349.45,SL,3,-4.69,CLOSED
CROMPTON,2024-04,19.03,2024-05-02,312.52,261.56,,2025-02-01,336.47,EMA,275,7.36,CLOSED
CUMMINSIND,2006-09,8.88,2006-10-03,108.15,92.27,,2008-02-01,159.33,EMA,486,47.03,CLOSED
CUMMINSIND,2010-07,6.56,2010-08-02,337.43,301.83,,2011-03-01,351.01,EMA,211,3.72,CLOSED
CUMMINSIND,2012-03,6.32,2012-04-02,375.82,320.25,,2012-05-15,320.25,SL,43,-15.09,CLOSED
CUMMINSIND,2014-02,17.19,2014-03-03,402.1,342.21,,2016-02-01,768.96,EMA,700,90.93,CLOSED
CUMMINSIND,2016-06,6.11,2016-07-01,702.68,638.04,,2016-08-01,729.18,EMA,31,3.47,CLOSED
CUMMINSIND,2018-04,9.89,2018-05-02,658.6,599.08,,2018-05-25,599.08,SL,23,-9.34,CLOSED
CUMMINSIND,2021-03,16.74,2021-04-01,857.41,721.54,,2021-05-27,721.54,SL,56,-16.15,CLOSED
CUMMINSIND,2021-06,14.31,2021-07-01,834.77,711.9,,2025-01-01,3181.59,EMA,1280,280.83,CLOSED
CUMMINSIND,2025-05,12.87,2025-06-02,3195.32,2646.63,,2026-09-30,4760.0,OPEN (EMA exit due),485,48.67,OPEN
CUPID,2023-08,28.61,2023-09-01,3.67,2.6,,2024-10-01,16.6,EMA,396,351.69,CLOSED
CUPID,2025-12,57.36,2026-01-01,104.31,64.8,,2026-09-30,311.65,OPEN,272,198.47,OPEN
CYIENT,2006-11,29.04,2006-12-01,110.59,85.74,,2007-09-03,98.78,EMA,276,-10.98,CLOSED
CYIENT,2007-11,10.18,2007-12-03,105.0,87.1,,2008-01-21,87.1,SL,49,-17.35,CLOSED
CYIENT,2012-02,10.85,2012-03-01,116.38,95.72,,2013-02-01,126.91,EMA,337,8.76,CLOSED
CYIENT,2013-08,2.69,2013-09-02,139.45,125.17,,2015-12-01,377.48,EMA,820,170.38,CLOSED
CYIENT,2018-03,9.16,2018-04-02,568.15,504.54,,2018-10-23,504.54,SL,204,-11.5,CLOSED
CYIENT,2022-07,9.19,2022-08-01,776.41,674.5,,2022-10-03,736.01,EMA,63,-5.5,CLOSED
DLF,2009-08,7.05,2009-09-01,360.35,295.1,,2009-11-03,295.1,SL,63,-18.41,CLOSED
DLF,2011-05,7.25,2011-06-01,204.22,177.04,,2011-06-23,177.04,SL,22,-13.61,CLOSED
DLF,2012-12,9.91,2013-01-01,202.38,181.25,,2013-05-23,181.25,SL,142,-10.74,CLOSED
DLF,2016-04,12.85,2016-05-02,117.94,102.8,,2016-11-09,102.8,SL,191,-13.13,CLOSED
DLF,2017-10,22.55,2017-11-01,187.6,153.41,,2018-04-02,189.33,EMA,152,0.62,CLOSED
DLF,2022-08,1.84,2022-09-01,375.28,348.3,,2022-09-26,348.3,SL,25,-7.49,CLOSED
DLF,2023-04,19.48,2023-05-02,412.91,345.69,,2025-02-01,734.34,EMA,641,77.55,CLOSED
DLF,2025-05,18.32,2025-06-02,781.4,605.81,,2025-09-01,730.38,EMA,91,-6.83,CLOSED
DLF,2026-08,4.82,2026-09-01,672.6,635.05,,2026-09-11,635.05,SL,10,-5.88,CLOSED
DOMS,2025-06,2.94,2025-07-01,2514.97,2280.54,,2025-07-29,2280.54,SL,28,-9.62,CLOSED
DABUR,2005-12,21.42,2006-01-02,27.8,22.46,,2008-02-01,38.28,EMA,760,37.39,CLOSED
DABUR,2009-03,8.83,2009-04-01,40.18,35.8,,2010-12-01,79.9,EMA,609,98.54,CLOSED
DABUR,2011-08,6.44,2011-09-02,92.35,81.3,,2011-10-03,87.23,EMA,31,-5.84,CLOSED
DABUR,2014-07,10.53,2014-08-01,179.95,162.63,,2016-02-01,224.05,EMA,549,24.21,CLOSED
DABUR,2017-02,0.33,2017-03-01,250.01,237.15,,2017-04-03,249.7,EMA,33,-0.43,CLOSED
DABUR,2017-06,4.34,2017-07-03,262.61,249.65,,2018-11-01,354.35,EMA,486,34.63,CLOSED
DABUR,2019-08,5.61,2019-09-03,415.39,388.78,,2020-03-13,388.78,SL,192,-6.71,CLOSED
DABUR,2020-07,10.22,2020-08-03,478.83,430.56,,2022-02-01,511.32,EMA,547,6.48,CLOSED
DABUR,2022-07,18.35,2022-08-01,554.58,464.93,,2022-11-01,528.76,EMA,92,-4.96,CLOSED
DABUR,2023-03,2.31,2023-04-03,522.15,494.59,,2023-04-12,494.59,SL,9,-5.58,CLOSED
DABUR,2023-05,4.22,2023-06-01,529.74,480.33,,2023-09-01,528.44,EMA,92,-0.55,CLOSED
DABUR,2023-12,3.56,2024-01-01,539.35,507.09,,2024-01-23,507.09,SL,22,-6.28,CLOSED
DABUR,2025-07,10.11,2025-08-01,523.41,466.1,,2025-10-01,482.46,EMA,61,-8.12,CLOSED
DALBHARAT,2020-11,30.71,2020-12-01,1078.36,804.79,,2022-02-01,1755.01,EMA,427,62.45,CLOSED
DALBHARAT,2022-11,13.99,2022-12-01,1798.62,1546.36,,2024-03-01,2000.61,EMA,456,10.93,CLOSED
DALBHARAT,2024-08,2.19,2024-09-02,1882.1,1689.38,,2024-11-01,1840.84,EMA,60,-2.49,CLOSED
DALBHARAT,2025-01,5.61,2025-02-01,1861.44,1661.4,,2025-02-28,1661.4,SL,27,-11.05,CLOSED
DALBHARAT,2025-06,9.75,2025-07-01,2189.46,1997.06,,2025-11-18,1997.06,SL,140,-9.09,CLOSED
DATAPATTNS,2023-11,7.78,2023-12-01,2010.45,1801.96,,2024-01-24,1801.96,SL,54,-10.67,CLOSED
DEEPAKFERT,2010-03,11.75,2010-04-01,74.24,65.5,,2010-05-25,65.5,SL,54,-12.08,CLOSED
DEEPAKFERT,2011-05,4.12,2011-06-01,115.22,104.83,,2011-06-22,104.83,SL,21,-9.32,CLOSED
DEEPAKFERT,2022-01,52.95,2022-02-01,569.57,354.67,,2023-01-02,691.1,EMA,335,21.04,CLOSED
DEEPAKNTR,2012-10,13.9,2012-11-01,17.88,15.4,,2013-09-02,20.55,EMA,305,14.65,CLOSED
DEEPAKNTR,2013-12,0.03,2014-01-01,27.41,25.57,,2015-04-01,62.86,EMA,455,129.02,CLOSED
DEEPAKNTR,2017-03,22.15,2017-04-03,125.29,101.66,,2018-11-01,239.63,EMA,577,90.96,CLOSED
DEEPAKNTR,2020-07,35.39,2020-08-03,633.52,464.32,,2022-03-02,1957.71,EMA,576,208.72,CLOSED
DEEPAKNTR,2022-10,13.65,2022-11-01,2290.92,2000.9,,2022-12-22,2000.9,SL,51,-12.96,CLOSED
DEEPAKNTR,2023-04,2.47,2023-05-02,1871.46,1757.09,,2023-11-01,1965.74,EMA,183,4.74,CLOSED
DEEPAKNTR,2023-12,12.98,2024-01-01,2460.15,2155.0,,2024-02-09,2155.0,SL,39,-12.7,CLOSED
DEEPAKNTR,2024-07,23.91,2024-08-01,3056.38,2481.9,,2024-11-13,2481.9,SL,104,-19.1,CLOSED
DELHIVERY,2026-01,4.73,2026-02-02,444.15,374.45,,2026-09-30,409.7,OPEN (EMA exit due),240,-8.06,OPEN
DIVISLAB,2006-09,23.16,2006-10-03,93.06,76.1,,2008-04-01,275.23,EMA,546,195.45,CLOSED
DIVISLAB,2010-05,10.37,2010-06-01,315.58,283.85,,2010-11-22,283.85,SL,174,-10.35,CLOSED
DIVISLAB,2011-05,9.77,2011-06-01,340.23,290.5,,2012-03-01,318.25,EMA,274,-6.76,CLOSED
DIVISLAB,2012-03,5.26,2012-04-02,336.13,312.96,,2013-03-01,448.21,EMA,333,33.05,CLOSED
DIVISLAB,2014-06,14.43,2014-07-01,661.21,552.57,,2016-03-01,879.73,EMA,609,32.75,CLOSED
DIVISLAB,2018-04,9.84,2018-05-02,1134.32,1016.16,,2018-05-29,1016.16,SL,27,-10.72,CLOSED
DIVISLAB,2019-04,5.58,2019-05-02,1652.3,1580.24,,2019-05-08,1580.24,SL,6,-4.66,CLOSED
DIVISLAB,2020-05,2.45,2020-06-01,2320.56,2150.44,,2020-07-02,2028.71,SL,31,-12.88,CLOSED
DIVISLAB,2020-12,6.57,2021-01-01,3708.68,3423.5,,2021-01-22,3423.5,SL,21,-7.99,CLOSED
DIVISLAB,2021-03,7.72,2021-04-01,3495.18,3046.26,,2022-02-01,3933.45,EMA,306,12.24,CLOSED
DIVISLAB,2023-11,11.82,2023-12-01,3743.27,3246.96,,2024-03-01,3439.79,EMA,91,-8.41,CLOSED
DIVISLAB,2024-07,7.11,2024-08-01,4857.68,4330.83,,2025-10-01,5669.12,EMA,426,16.4,CLOSED
DIVISLAB,2025-10,18.43,2025-11-03,6710.33,5651.69,,2026-02-02,6031.13,EMA,91,-10.42,CLOSED
DIVISLAB,2026-04,9.34,2026-05-04,6481.27,5624.31,,2026-09-30,9291.5,OPEN,149,43.06,OPEN
DIXON,2020-11,27.75,2020-12-01,2390.95,1874.47,,2022-02-01,4497.79,EMA,427,87.82,CLOSED
DIXON,2022-10,3.32,2022-11-01,4520.09,4176.39,,2022-12-08,4176.39,SL,37,-7.9,CLOSED
DIXON,2023-02,7.8,2023-03-01,2885.67,2575.55,,2023-04-03,2873.65,EMA,33,-0.72,CLOSED
DIXON,2023-05,33.05,2023-06-01,3884.53,2836.63,,2025-04-01,13182.98,EMA,670,239.07,CLOSED
DIXON,2025-06,1.98,2025-07-01,14582.28,13263.89,,2025-12-01,14727.67,EMA,153,0.7,CLOSED
DIXON,2026-08,5.7,2026-09-01,14768.63,13568.56,,2026-09-10,13568.56,SL,9,-8.43,CLOSED
LALPATHLAB,2021-05,0.8,2021-06-01,1423.63,1262.92,,2022-02-01,1445.06,EMA,245,1.21,CLOSED
LALPATHLAB,2023-04,6.91,2023-05-02,946.42,882.0,,2023-06-01,991.92,EMA,30,4.51,CLOSED
LALPATHLAB,2023-09,16.01,2023-10-03,1237.87,1050.18,,2024-03-01,1144.73,EMA,150,-7.82,CLOSED
LALPATHLAB,2024-05,11.61,2024-06-03,1303.23,1076.83,,2025-02-01,1421.68,EMA,243,8.79,CLOSED
LALPATHLAB,2025-07,12.68,2025-08-01,1576.45,1355.45,,2025-12-19,1355.45,SL,140,-14.32,CLOSED
LALPATHLAB,2026-07,16.04,2026-08-03,1920.0,1605.82,,2026-09-30,1987.0,OPEN,58,3.19,OPEN
DRREDDY,2005-07,11.85,2005-08-01,71.71,63.73,,2007-03-01,117.05,EMA,577,62.93,CLOSED
DRREDDY,2007-03,7.59,2007-04-02,125.79,105.0,,2007-05-03,124.13,EMA,31,-1.62,CLOSED
DRREDDY,2007-08,1.04,2007-09-03,112.61,106.64,,2007-10-01,105.41,EMA,28,-6.7,CLOSED
DRREDDY,2007-11,1.33,2007-12-03,111.21,102.47,,2008-01-22,102.47,SL,50,-8.16,CLOSED
DRREDDY,2008-02,10.29,2008-03-03,100.6,74.53,,2008-04-01,104.53,EMA,29,3.6,CLOSED
DRREDDY,2008-05,14.63,2008-06-02,126.49,107.69,,2008-07-29,107.69,SL,57,-15.16,CLOSED
DRREDDY,2009-03,25.1,2009-04-01,87.46,62.77,,2011-07-01,281.52,EMA,821,221.57,CLOSED
DRREDDY,2011-10,12.65,2011-11-01,297.47,260.53,,2012-08-01,294.54,EMA,274,-1.28,CLOSED
DRREDDY,2012-11,3.58,2012-12-03,332.34,312.06,,2014-06-02,452.52,EMA,546,35.86,CLOSED
DRREDDY,2014-06,6.64,2014-07-01,482.08,420.61,,2015-12-01,582.02,EMA,518,20.43,CLOSED
DRREDDY,2016-05,3.06,2016-06-01,592.8,524.41,,2016-08-01,551.83,EMA,61,-7.21,CLOSED
DRREDDY,2018-11,7.07,2018-12-03,520.06,453.67,,2019-02-15,453.67,SL,74,-13.07,CLOSED
DRREDDY,2019-04,7.97,2019-05-02,555.46,519.74,,2019-05-17,519.74,SL,15,-6.73,CLOSED
DRREDDY,2020-07,15.34,2020-08-03,870.71,729.84,,2021-03-01,856.06,EMA,210,-1.98,CLOSED
DRREDDY,2021-12,4.94,2022-01-03,949.38,859.28,,2022-01-21,859.28,SL,18,-9.79,CLOSED
DRREDDY,2022-06,0.55,2022-07-01,848.39,786.68,,2022-08-01,806.44,EMA,31,-5.24,CLOSED
DRREDDY,2023-03,7.09,2023-04-03,905.62,837.06,,2024-06-03,1165.76,EMA,427,28.42,CLOSED
DRREDDY,2024-06,10.54,2024-07-01,1262.37,1099.42,,2024-12-02,1198.99,EMA,154,-5.32,CLOSED
DRREDDY,2024-12,15.49,2025-01-01,1371.01,1187.19,,2025-01-27,1187.19,SL,26,-13.71,CLOSED
DRREDDY,2025-05,5.68,2025-06-02,1235.28,1115.21,,2025-10-01,1220.16,EMA,121,-1.52,CLOSED
DRREDDY,2025-11,5.11,2025-12-01,1255.94,1180.41,,2026-01-13,1180.41,SL,43,-6.31,CLOSED
EIDPARRY,2007-08,6.46,2007-09-03,49.4,41.53,,2008-11-03,62.97,EMA,427,27.16,CLOSED
EIDPARRY,2009-12,9.99,2010-01-04,152.35,132.58,,2010-03-26,132.58,SL,81,-13.28,CLOSED
EIDPARRY,2017-07,8.85,2017-08-01,312.31,282.75,,2017-08-09,282.75,SL,8,-9.77,CLOSED
EIHOTEL,2006-03,7.24,2006-04-03,70.13,64.78,,2006-04-18,64.78,SL,15,-7.94,CLOSED
EIHOTEL,2007-09,7.32,2007-10-01,87.47,79.48,,2008-04-01,105.4,EMA,183,20.2,CLOSED
EIHOTEL,2011-06,4.91,2011-07-01,76.22,72.04,,2011-08-19,72.04,SL,49,-5.79,CLOSED
EIHOTEL,2012-06,3.68,2012-07-02,71.15,67.28,,2012-08-01,71.56,EMA,30,0.28,CLOSED
EIHOTEL,2013-04,11.06,2013-05-02,55.45,49.36,,2013-06-03,51.21,EMA,32,-7.95,CLOSED
EIHOTEL,2013-12,17.73,2014-01-01,58.03,48.66,,2014-02-03,52.52,EMA,33,-9.79,CLOSED
EIHOTEL,2014-02,14.47,2014-03-03,59.22,50.04,,2015-07-01,91.02,EMA,485,53.4,CLOSED
EIHOTEL,2018-11,20.44,2018-12-03,185.39,154.7,,2019-06-03,176.47,EMA,182,-5.11,CLOSED
EIHOTEL,2024-01,31.4,2024-02-01,325.38,245.73,,2024-10-01,375.2,EMA,243,15.01,CLOSED
EMBASSY,2019-05,10.5,2019-06-03,231.44,204.4,,2020-03-24,204.4,SL,295,-11.98,CLOSED
EMBASSY,2022-01,8.37,2022-02-01,275.92,252.94,,2022-10-03,269.69,EMA,244,-2.56,CLOSED
EMBASSY,2022-10,1.17,2022-11-01,272.88,265.51,,2022-11-04,265.51,SL,3,-3.0,CLOSED
EMBASSY,2023-04,5.61,2023-05-02,265.38,250.7,,2023-05-17,250.7,SL,15,-5.83,CLOSED
EMBASSY,2023-07,6.97,2023-08-01,255.44,239.12,,2023-09-01,255.82,EMA,31,-0.15,CLOSED
EMBASSY,2023-10,3.68,2023-11-01,259.75,247.61,,2023-12-06,247.61,SL,35,-4.97,CLOSED
EMBASSY,2024-08,8.64,2024-09-02,343.93,320.7,,2024-12-20,320.7,SL,109,-7.05,CLOSED
EMBASSY,2025-09,8.78,2025-10-01,396.78,361.02,,2026-09-30,434.42,OPEN,364,9.19,OPEN
EICHERMOT,2012-03,15.82,2012-04-02,182.39,146.21,,2015-12-01,1548.24,EMA,1338,748.56,CLOSED
EICHERMOT,2015-12,0.76,2016-01-01,1548.42,1385.22,,2016-01-19,1385.22,SL,18,-10.84,CLOSED
EICHERMOT,2016-06,3.98,2016-07-01,1773.02,1660.3,,2018-02-01,2497.48,EMA,580,40.56,CLOSED
EICHERMOT,2019-10,26.87,2019-11-01,2114.43,1647.02,,2020-02-03,1829.88,EMA,94,-13.76,CLOSED
EICHERMOT,2021-12,9.34,2022-01-03,2487.51,2240.95,,2022-03-04,2240.95,SL,60,-10.21,CLOSED
EICHERMOT,2022-10,4.87,2022-11-01,3717.39,3227.45,,2022-11-18,3227.45,SL,17,-13.48,CLOSED
EICHERMOT,2023-01,1.1,2023-02-01,3134.74,2924.48,,2023-03-01,2968.45,EMA,28,-5.6,CLOSED
EICHERMOT,2023-04,11.95,2023-05-02,3179.61,2792.79,,2023-11-01,3198.14,EMA,183,0.28,CLOSED
EICHERMOT,2023-11,18.25,2023-12-01,3789.68,3164.51,,2026-04-01,6717.16,EMA,852,76.95,CLOSED
EICHERMOT,2026-07,11.9,2026-08-03,7900.0,6980.4,,2026-09-30,7150.0,OPEN (EMA exit due),58,-9.79,OPEN
ELECON,2007-07,17.95,2007-08-01,73.95,64.69,,2008-02-01,87.17,EMA,184,17.58,CLOSED
ELECON,2009-05,122.87,2009-06-01,40.38,17.24,,2010-03-02,31.32,EMA,274,-22.73,CLOSED
ELECON,2023-08,16.55,2023-09-01,438.23,374.35,,2023-09-12,374.35,SL,11,-14.88,CLOSED
ELECON,2023-10,9.27,2023-11-01,421.84,353.18,,2025-02-01,533.78,EMA,458,26.24,CLOSED
ELGIEQUIP,2012-07,6.7,2012-08-01,38.88,36.59,,2012-08-21,36.59,SL,20,-6.2,CLOSED
ELGIEQUIP,2019-09,23.15,2019-10-01,147.69,116.51,,2019-12-02,122.44,EMA,62,-17.4,CLOSED
ELGIEQUIP,2024-01,12.92,2024-02-01,604.73,517.94,,2024-12-02,641.44,EMA,305,5.77,CLOSED
EMAMILTD,2013-04,6.56,2013-05-02,176.01,158.03,,2013-09-02,168.14,EMA,123,-4.77,CLOSED
EMAMILTD,2015-06,3.52,2015-07-01,493.19,420.67,,2015-10-30,420.67,SL,121,-15.0,CLOSED
EMAMILTD,2018-07,11.73,2018-08-01,517.02,435.76,,2018-09-21,435.76,SL,51,-16.02,CLOSED
EMAMILTD,2023-04,4.57,2023-05-02,356.48,334.25,,2023-06-01,370.48,EMA,30,3.63,CLOSED
EMAMILTD,2023-06,8.44,2023-07-03,403.78,350.95,,2024-03-01,448.19,EMA,242,10.7,CLOSED
EMAMILTD,2024-04,13.4,2024-05-02,468.38,411.83,,2025-01-01,578.98,EMA,244,23.31,CLOSED
EMCURE,2025-03,9.24,2025-04-01,1065.72,907.31,,2025-04-07,886.54,SL,6,-17.11,CLOSED
ENDURANCE,2017-03,8.87,2017-04-03,734.92,657.82,,2018-11-01,1182.35,EMA,577,60.58,CLOSED
ENDURANCE,2019-04,2.47,2019-05-02,1139.19,1104.48,,2019-05-08,1104.48,SL,6,-3.35,CLOSED
ENDURANCE,2019-10,7.73,2019-11-01,1068.45,904.34,,2020-01-01,1045.09,EMA,61,-2.49,CLOSED
ENDURANCE,2020-12,16.54,2021-01-01,1325.2,1081.8,,2022-03-02,1282.57,EMA,425,-3.52,CLOSED
ENDURANCE,2022-06,7.94,2022-07-01,1390.95,1198.01,,2022-11-01,1332.25,EMA,123,-4.52,CLOSED
ENDURANCE,2023-12,14.8,2024-01-01,1923.93,1620.59,,2025-01-01,2112.95,EMA,366,9.52,CLOSED
ENDURANCE,2025-06,13.91,2025-07-01,2757.75,2363.93,,2026-01-23,2363.93,SL,206,-14.58,CLOSED
ENGINERSIN,2005-02,4.78,2005-03-01,16.91,14.79,,2005-03-23,14.79,SL,22,-12.86,CLOSED
ENGINERSIN,2009-01,2.2,2009-02-02,24.35,20.01,,2009-03-02,23.98,EMA,28,-1.82,CLOSED
ENGINERSIN,2014-10,11.45,2014-11-03,96.38,80.87,,2014-11-11,80.87,SL,8,-16.39,CLOSED
ENGINERSIN,2018-07,9.46,2018-08-01,104.99,89.69,,2018-09-03,98.86,EMA,33,-6.14,CLOSED
ENGINERSIN,2021-09,8.64,2021-10-01,68.85,62.2,,2021-11-01,63.73,EMA,31,-7.74,CLOSED
ENGINERSIN,2022-10,10.02,2022-11-01,64.69,57.17,,2023-03-01,67.17,EMA,120,3.54,CLOSED
ENGINERSIN,2023-07,38.02,2023-08-01,148.9,106.01,,2024-10-01,202.15,EMA,427,35.47,CLOSED
ENGINERSIN,2026-08,17.76,2026-09-01,260.85,220.56,,2026-09-30,309.6,OPEN,29,18.39,OPEN
ESCORTS,2007-04,13.8,2007-05-03,114.21,91.32,,2007-07-02,94.35,EMA,60,-17.69,CLOSED
ESCORTS,2017-05,26.57,2017-06-01,659.64,523.6,,2017-08-11,523.6,SL,71,-20.92,CLOSED
ESCORTS,2018-04,22.76,2018-05-02,958.07,783.63,,2018-06-28,783.63,SL,57,-18.51,CLOSED
ESCORTS,2018-11,12.39,2018-12-03,684.31,604.64,,2018-12-06,604.64,SL,3,-11.94,CLOSED
ESCORTS,2021-12,3.38,2022-01-03,1829.47,1725.43,,2022-02-24,1725.43,SL,52,-5.99,CLOSED
ESCORTS,2022-11,12.17,2022-12-01,2216.67,1864.32,,2023-02-09,1864.32,SL,70,-16.2,CLOSED
ESCORTS,2023-05,9.85,2023-06-01,2129.6,1901.25,,2024-04-01,2698.61,EMA,305,26.42,CLOSED
ESCORTS,2025-01,8.73,2025-02-01,3540.52,3143.16,,2025-02-11,3121.12,SL,10,-12.15,CLOSED
ESCORTS,2025-10,9.86,2025-11-03,3735.08,3390.93,,2026-01-27,3390.93,SL,85,-9.51,CLOSED
ESCORTS,2026-07,6.3,2026-08-03,3110.0,2880.0,,2026-09-01,3050.0,EMA,29,-2.23,CLOSED
ETERNAL,2025-06,10.84,2025-07-01,264.75,236.11,,2026-01-01,278.6,EMA,184,4.93,CLOSED
EXIDEIND,2007-05,10.12,2007-06-01,36.78,30.33,,2008-07-01,53.38,EMA,396,44.86,CLOSED
EXIDEIND,2012-01,26.23,2012-02-01,110.87,89.13,,2012-05-02,110.74,EMA,91,-0.42,CLOSED
EXIDEIND,2013-12,7.0,2014-01-01,108.46,97.71,,2014-01-10,97.71,SL,9,-10.22,CLOSED
EXIDEIND,2016-05,11.55,2016-06-01,147.63,124.9,,2017-09-01,180.27,EMA,457,21.8,CLOSED
EXIDEIND,2017-12,8.92,2018-01-01,204.71,184.52,,2018-02-06,180.74,SL,36,-12.01,CLOSED
EXIDEIND,2018-07,8.63,2018-08-01,260.49,233.3,,2018-09-25,233.3,SL,55,-10.74,CLOSED
EXIDEIND,2020-11,16.22,2020-12-01,178.59,150.44,,2021-05-03,172.33,EMA,153,-3.81,CLOSED
EXIDEIND,2022-11,13.94,2022-12-01,185.08,160.23,,2025-01-01,416.81,EMA,762,124.91,CLOSED
NYKAA,2025-03,12.77,2025-04-01,179.0,154.9,,2026-04-01,241.0,EMA,365,34.34,CLOSED
NYKAA,2026-06,18.51,2026-07-01,310.6,257.8,,2026-09-30,320.0,OPEN,91,2.73,OPEN
FEDERALBNK,2011-05,5.69,2011-06-01,36.75,32.64,,2011-08-03,32.64,SL,63,-11.48,CLOSED
FEDERALBNK,2011-10,12.85,2011-11-01,34.86,28.81,,2011-11-23,28.81,SL,22,-17.68,CLOSED
FEDERALBNK,2014-10,12.87,2014-11-03,65.1,54.29,,2015-05-04,59.23,EMA,182,-9.3,CLOSED
FEDERALBNK,2017-02,14.86,2017-03-01,81.32,70.35,,2018-02-01,93.92,EMA,337,15.19,CLOSED
FEDERALBNK,2019-03,11.69,2019-04-01,91.15,78.6,,2019-08-01,87.55,EMA,122,-4.25,CLOSED
FEDERALBNK,2022-08,9.7,2022-09-01,112.45,102.82,,2023-06-01,122.42,EMA,273,8.57,CLOSED
FEDERALBNK,2024-09,1.04,2024-10-01,196.63,180.02,,2025-01-28,180.02,SL,119,-8.75,CLOSED
FEDERALBNK,2025-06,5.47,2025-07-01,212.33,199.81,,2025-07-31,199.81,SL,30,-6.2,CLOSED
FEDERALBNK,2025-10,22.64,2025-11-03,235.81,190.95,,2026-09-30,317.4,OPEN,331,34.3,OPEN
FACT,2007-12,17.25,2008-01-01,46.85,37.97,,2008-01-24,37.97,SL,23,-19.24,CLOSED
FACT,2022-12,155.81,2023-01-02,382.14,141.08,,2025-03-03,689.53,EMA,791,80.14,CLOSED
FINCABLES,2013-11,23.81,2013-12-02,67.63,52.1,,2015-09-01,214.0,EMA,638,216.12,CLOSED
FINCABLES,2016-08,13.52,2016-09-01,407.36,335.0,,2016-11-09,335.0,SL,69,-18.06,CLOSED
FINCABLES,2017-11,9.82,2017-12-01,619.25,495.86,,2018-07-02,539.01,EMA,213,-13.26,CLOSED
FINCABLES,2023-07,23.28,2023-08-01,1028.71,781.97,,2024-03-01,907.5,EMA,213,-12.08,CLOSED
FINCABLES,2024-03,8.71,2024-04-01,981.0,813.02,,2024-11-01,1219.64,EMA,214,24.03,CLOSED
FSL,2013-09,41.02,2013-10-01,14.11,9.73,,2017-06-01,26.35,EMA,1339,86.51,CLOSED
FSL,2018-08,4.51,2018-09-03,59.73,46.12,,2018-10-05,46.12,SL,32,-23.08,CLOSED
FSL,2020-07,36.83,2020-08-03,42.59,30.86,,2022-02-01,144.73,EMA,547,239.53,CLOSED
FSL,2023-01,5.62,2023-02-01,99.78,93.04,,2023-04-03,100.33,EMA,61,0.25,CLOSED
FSL,2023-04,10.71,2023-05-02,111.08,98.72,,2025-10-01,321.97,EMA,883,189.56,CLOSED
FSL,2025-10,7.63,2025-11-03,346.44,309.64,,2026-01-01,330.73,EMA,59,-4.83,CLOSED
FSL,2026-07,32.25,2026-08-03,304.0,228.7,,2026-09-01,264.7,EMA,29,-13.23,CLOSED
FIVESTAR,2025-05,0.47,2025-06-02,704.99,655.34,,2025-07-29,645.41,SL,57,-8.75,CLOSED
FORCEMOT,2023-04,15.24,2023-05-02,1329.35,1154.24,,2024-12-02,6915.02,EMA,580,419.88,CLOSED
FORCEMOT,2025-05,41.91,2025-06-02,12677.86,8847.24,,2026-07-01,18636.98,EMA,394,46.7,CLOSED
FORTIS,2014-10,3.93,2014-11-03,121.11,113.66,,2014-11-14,113.66,SL,11,-6.45,CLOSED
FORTIS,2014-12,4.08,2015-01-01,109.79,99.52,,2015-11-02,155.36,EMA,305,41.2,CLOSED
FORTIS,2015-11,8.32,2015-12-01,167.62,153.87,,2016-02-11,153.87,SL,72,-8.5,CLOSED
FORTIS,2017-11,0.66,2017-12-01,144.93,122.5,,2018-02-01,135.5,EMA,62,-6.81,CLOSED
FORTIS,2022-03,18.29,2022-04-01,286.89,240.28,,2022-05-10,240.28,SL,39,-16.55,CLOSED
FORTIS,2023-06,14.69,2023-07-03,316.67,269.91,,2026-04-01,803.6,EMA,1003,153.47,CLOSED
GAIL,2005-06,6.53,2005-07-01,14.71,13.58,,2005-07-14,13.58,SL,13,-8.01,CLOSED
GAIL,2006-01,12.3,2006-02-01,19.66,17.31,,2006-05-16,17.31,SL,104,-12.24,CLOSED
GAIL,2006-11,4.3,2006-12-01,18.25,16.72,,2006-12-13,16.72,SL,12,-8.7,CLOSED
GAIL,2010-12,4.71,2011-01-03,58.43,55.01,,2011-01-14,55.01,SL,11,-6.15,CLOSED
GAIL,2012-12,0.96,2013-01-01,42.48,40.56,,2013-01-30,40.56,SL,29,-4.83,CLOSED
GAIL,2014-01,4.67,2014-02-03,43.8,40.54,,2015-02-02,53.01,EMA,364,20.74,CLOSED
GAIL,2015-12,3.42,2016-01-01,47.44,42.23,,2016-01-18,42.23,SL,17,-11.28,CLOSED
GAIL,2017-04,12.47,2017-05-02,73.96,65.76,,2017-05-23,65.76,SL,21,-11.38,CLOSED
GAIL,2018-05,7.94,2018-06-01,83.12,71.11,,2018-10-05,71.11,SL,126,-14.75,CLOSED
GAIL,2018-12,5.03,2019-01-01,85.79,78.38,,2019-01-14,78.38,SL,13,-8.94,CLOSED
GAIL,2019-02,4.96,2019-03-01,83.68,74.74,,2019-06-10,74.74,SL,101,-10.98,CLOSED
GAIL,2020-04,25.02,2020-05-04,47.74,38.58,,2020-06-01,48.65,EMA,28,1.6,CLOSED
GAIL,2022-07,8.43,2022-08-01,84.6,74.25,,2022-08-11,74.25,SL,10,-12.53,CLOSED
GAIL,2022-10,4.88,2022-11-01,79.2,72.84,,2024-11-01,185.27,EMA,731,133.62,CLOSED
GAIL,2026-07,4.6,2026-08-03,181.57,166.79,,2026-09-30,170.55,OPEN,58,-6.37,OPEN
GVT&D,2010-11,4.43,2010-12-01,287.71,246.57,,2011-02-24,246.57,SL,85,-14.6,CLOSED
GVT&D,2012-05,6.05,2012-06-01,158.46,130.17,,2012-08-01,172.31,EMA,61,8.44,CLOSED
GVT&D,2013-04,12.56,2013-05-02,163.75,138.42,,2013-06-03,149.94,EMA,32,-8.73,CLOSED
GVT&D,2014-06,13.26,2014-07-01,335.96,285.26,,2015-12-01,482.06,EMA,518,43.19,CLOSED
GVT&D,2023-11,7.77,2023-12-01,425.51,369.12,,2025-03-03,1314.33,EMA,458,208.59,CLOSED
GVT&D,2025-07,15.49,2025-08-01,2850.81,2255.28,,2026-09-30,4201.0,OPEN,425,47.06,OPEN
GMRAIRPORT,2007-04,17.53,2007-05-03,37.36,28.55,,2008-02-01,78.13,EMA,274,108.81,CLOSED
GMRAIRPORT,2016-04,8.62,2016-05-02,11.44,10.14,,2016-05-20,10.14,SL,18,-11.72,CLOSED
GMRAIRPORT,2018-08,18.87,2018-09-03,18.96,15.54,,2018-09-21,15.54,SL,18,-18.35,CLOSED
GMRAIRPORT,2022-11,14.55,2022-12-01,43.2,35.6,,2024-11-01,79.57,EMA,701,83.89,CLOSED
GMRAIRPORT,2024-11,4.9,2024-12-02,83.2,74.12,,2025-01-01,78.99,EMA,30,-5.36,CLOSED
GMRAIRPORT,2025-11,15.3,2025-12-01,108.9,93.03,,2026-01-23,93.03,SL,53,-14.87,CLOSED
GABRIEL,2007-12,26.02,2008-01-01,12.6,8.87,,2008-01-23,8.8,SL,22,-30.44,CLOSED
GABRIEL,2009-05,96.97,2009-06-01,6.56,2.97,,2011-02-01,17.64,EMA,610,168.7,CLOSED
GABRIEL,2015-12,10.67,2016-01-01,89.26,75.21,,2016-01-13,75.21,SL,12,-16.03,CLOSED
GABRIEL,2017-12,7.36,2018-01-01,183.63,167.83,,2018-01-25,167.83,SL,24,-8.9,CLOSED
GABRIEL,2021-09,6.48,2021-10-01,144.62,131.65,,2021-11-22,131.65,SL,52,-9.27,CLOSED
GABRIEL,2023-04,13.27,2023-05-02,150.85,132.11,,2026-02-02,898.14,EMA,1007,495.08,CLOSED
GALLANTT,2011-10,77.03,2011-11-01,29.84,16.46,,2011-12-08,16.07,SL,37,-46.44,CLOSED
GALLANTT,2019-11,11.91,2019-12-02,27.78,25.1,,2020-01-01,28.17,EMA,30,1.13,CLOSED
GALLANTT,2023-07,55.99,2023-08-01,91.81,58.83,,2025-03-03,304.99,EMA,580,231.89,CLOSED
GRSE,2023-01,3.61,2023-02-01,487.5,445.49,,2023-02-13,445.49,SL,12,-8.92,CLOSED
GRSE,2023-11,14.02,2023-12-01,828.68,711.11,,2024-03-13,711.11,SL,103,-14.49,CLOSED
GICRE,2023-04,14.85,2023-05-02,137.0,118.24,,2025-03-03,350.7,EMA,671,155.69,CLOSED
GILLETTE,2010-12,2.76,2011-01-03,1536.45,1388.22,,2011-01-17,1388.22,SL,14,-9.95,CLOSED
GILLETTE,2011-03,13.19,2011-04-01,1427.41,1243.76,,2011-12-01,1571.25,EMA,244,9.78,CLOSED
GILLETTE,2012-03,8.95,2012-04-02,2088.67,1814.47,,2012-08-24,1814.47,SL,144,-13.43,CLOSED
GILLETTE,2012-11,6.48,2012-12-03,1945.23,1775.62,,2013-02-26,1775.62,SL,85,-9.02,CLOSED
GILLETTE,2014-08,12.1,2014-09-01,2135.1,1876.3,,2016-02-01,3768.53,EMA,518,76.2,CLOSED
GILLETTE,2016-11,3.57,2016-12-01,3811.71,3446.32,,2017-01-02,3703.53,EMA,32,-3.14,CLOSED
GILLETTE,2017-04,2.51,2017-05-02,3671.17,3503.49,,2019-12-02,6138.38,EMA,944,66.91,CLOSED
GILLETTE,2021-03,6.67,2021-04-01,5290.43,4878.82,,2021-04-19,4878.82,SL,18,-8.08,CLOSED
GILLETTE,2025-06,15.78,2025-07-01,10553.38,9074.23,,2025-10-15,9074.23,SL,106,-14.32,CLOSED
GILLETTE,2026-01,5.23,2026-02-02,8471.38,7541.35,,2026-03-02,8085.78,EMA,28,-4.85,CLOSED
GLAND,2024-03,4.49,2024-04-01,1795.98,1622.29,,2024-05-02,1683.76,EMA,31,-6.55,CLOSED
GLAND,2025-06,15.42,2025-07-01,1811.61,1544.93,,2025-12-01,1754.94,EMA,153,-3.43,CLOSED
GLAXO,2005-06,6.11,2005-07-01,247.85,228.08,,2006-06-01,369.3,EMA,335,48.7,CLOSED
GLAXO,2007-05,9.68,2007-06-01,418.18,373.23,,2007-07-27,361.93,SL,56,-13.75,CLOSED
GLAXO,2008-04,8.27,2008-05-02,369.73,320.12,,2008-10-24,320.12,SL,175,-13.72,CLOSED
GLAXO,2010-03,5.8,2010-04-01,636.21,590.24,,2011-04-01,745.2,EMA,365,16.83,CLOSED
GLAXO,2011-04,9.44,2011-05-02,814.27,736.17,,2011-09-02,770.65,EMA,123,-5.66,CLOSED
GLAXO,2012-10,1.21,2012-11-01,743.67,668.08,,2013-02-01,753.34,EMA,92,1.0,CLOSED
GLAXO,2013-04,4.9,2013-05-02,857.91,817.86,,2014-04-01,976.62,EMA,334,13.54,CLOSED
GLAXO,2014-09,13.59,2014-10-01,1092.91,955.23,,2016-02-01,1275.05,EMA,488,16.37,CLOSED
GLAXO,2017-10,3.17,2017-11-01,1045.47,958.5,,2017-12-01,995.12,EMA,30,-5.12,CLOSED
GLAXO,2018-05,8.67,2018-06-01,1030.45,933.01,,2018-12-03,1113.28,EMA,185,7.74,CLOSED
GLAXO,2018-12,11.38,2019-01-01,1228.16,1083.64,,2019-02-01,1149.7,EMA,31,-6.69,CLOSED
GLAXO,2019-07,2.37,2019-08-01,997.99,941.15,,2019-09-03,1020.27,EMA,33,1.93,CLOSED
GLAXO,2021-10,1.57,2021-11-01,1349.14,1263.73,,2022-02-01,1377.03,EMA,92,1.77,CLOSED
GLAXO,2023-06,11.66,2023-07-03,1343.91,1193.44,,2025-01-01,2151.47,EMA,548,59.79,CLOSED
GLAXO,2026-06,10.86,2026-07-01,2476.8,2088.1,,2026-09-30,2769.3,OPEN,91,11.51,OPEN
GLENMARK,2008-04,37.27,2008-05-02,625.24,434.69,,2008-10-01,472.39,EMA,152,-24.75,CLOSED
GLENMARK,2009-09,9.92,2009-10-01,229.47,201.12,,2009-10-28,199.74,SL,27,-13.25,CLOSED
GLENMARK,2010-10,12.96,2010-11-01,327.05,276.9,,2011-02-01,292.45,EMA,92,-10.88,CLOSED
GLENMARK,2014-01,4.76,2014-02-03,536.1,474.93,,2014-06-02,531.31,EMA,119,-1.19,CLOSED
GLENMARK,2018-08,14.42,2018-09-03,649.57,551.94,,2019-02-15,551.94,SL,165,-15.33,CLOSED
GLENMARK,2023-03,8.38,2023-04-03,463.82,411.03,,2025-03-03,1273.61,EMA,700,174.29,CLOSED
GLENMARK,2025-03,20.49,2025-04-01,1534.7,1272.91,,2025-05-02,1376.45,EMA,31,-10.61,CLOSED
GLENMARK,2025-05,5.5,2025-06-02,1452.19,1350.74,,2026-09-30,2334.7,OPEN,485,60.47,OPEN
GODFRYPHLP,2005-11,38.98,2005-12-01,71.71,51.3,,2006-06-15,51.3,SL,196,-28.77,CLOSED
GODFRYPHLP,2006-11,34.23,2006-12-01,71.25,49.05,,2007-03-01,60.89,EMA,90,-14.85,CLOSED
GODFRYPHLP,2010-03,10.16,2010-04-01,103.37,87.11,,2010-09-01,91.67,EMA,153,-11.62,CLOSED
GODFRYPHLP,2014-10,4.85,2014-11-03,167.86,153.87,,2015-01-15,153.87,SL,73,-8.63,CLOSED
GODFRYPHLP,2022-07,7.72,2022-08-01,368.75,319.1,,2025-02-01,1467.82,EMA,915,297.75,CLOSED
GODFRYPHLP,2025-03,30.44,2025-04-01,2201.27,1609.16,,2026-01-01,2710.35,EMA,275,22.83,CLOSED
GODREJCP,2005-03,12.27,2005-04-01,19.49,17.31,,2005-04-12,17.2,SL,11,-12.07,CLOSED
GODREJCP,2008-02,17.37,2008-03-03,36.19,29.36,,2008-04-01,35.06,EMA,29,-3.41,CLOSED
GODREJCP,2012-01,15.84,2012-02-01,131.56,108.81,,2014-02-03,223.81,EMA,733,69.82,CLOSED
GODREJCP,2016-06,8.4,2016-07-01,491.15,445.06,,2016-11-09,441.42,SL,131,-10.43,CLOSED
GODREJCP,2016-12,3.62,2017-01-02,460.5,429.89,,2018-10-01,720.14,EMA,637,56.08,CLOSED
GODREJCP,2019-05,5.89,2019-06-03,654.21,587.97,,2019-07-01,623.23,EMA,28,-5.03,CLOSED
GODREJCP,2019-10,7.72,2019-11-01,700.66,618.87,,2019-12-10,618.87,SL,39,-11.97,CLOSED
GODREJCP,2020-05,16.68,2020-06-01,603.39,459.81,,2021-03-01,655.44,EMA,273,8.33,CLOSED
GODREJCP,2021-03,6.3,2021-04-01,694.1,613.79,,2021-05-03,655.44,EMA,32,-5.87,CLOSED
GODREJCP,2021-08,11.29,2021-09-01,1050.41,909.12,,2021-10-22,909.12,SL,51,-13.75,CLOSED
GODREJCP,2021-12,4.9,2022-01-03,925.12,827.56,,2022-01-24,827.56,SL,21,-10.85,CLOSED
GODREJCP,2022-11,6.29,2022-12-01,841.58,754.09,,2024-11-01,1247.89,EMA,701,47.98,CLOSED
GODREJCP,2025-03,15.33,2025-04-01,1119.78,953.18,,2025-07-01,1153.74,EMA,91,2.73,CLOSED
GODREJIND,2006-04,20.56,2006-05-02,120.79,73.55,,2006-06-08,70.12,SL,37,-42.25,CLOSED
GODREJIND,2006-10,68.34,2006-11-01,152.7,84.32,,2008-04-01,241.16,EMA,517,57.63,CLOSED
GODREJIND,2009-05,89.87,2009-06-01,137.73,70.53,,2010-02-01,139.33,EMA,245,0.86,CLOSED
GODREJIND,2012-01,18.23,2012-02-01,189.75,160.66,,2013-03-01,260.41,EMA,394,36.94,CLOSED
GODREJIND,2013-06,5.2,2013-07-01,300.72,276.66,,2013-07-24,276.66,SL,23,-8.3,CLOSED
GODREJIND,2013-10,10.48,2013-11-01,289.94,253.91,,2013-12-02,266.65,EMA,31,-8.33,CLOSED
GODREJIND,2014-03,13.67,2014-04-01,308.6,268.56,,2014-10-01,300.57,EMA,183,-2.9,CLOSED
GODREJIND,2018-06,4.52,2018-07-02,625.4,577.41,,2018-07-16,577.41,SL,14,-7.97,CLOSED
GODREJIND,2018-07,4.0,2018-08-01,650.57,562.54,,2018-09-19,562.54,SL,49,-13.83,CLOSED
GODREJIND,2018-11,17.55,2018-12-03,551.6,458.04,,2019-01-01,548.61,EMA,29,-0.84,CLOSED
GODREJIND,2020-05,20.45,2020-06-01,320.0,233.4,,2020-08-03,356.0,EMA,63,10.95,CLOSED
GODREJIND,2022-11,7.71,2022-12-01,464.8,401.45,,2023-01-02,430.5,EMA,32,-7.68,CLOSED
GODREJIND,2023-06,7.93,2023-07-03,521.85,462.55,,2025-02-01,898.6,EMA,579,71.9,CLOSED
GODREJIND,2026-06,6.09,2026-07-01,1181.0,1005.0,,2026-09-30,1039.4,OPEN (EMA exit due),91,-12.29,OPEN
GODREJPROP,2013-04,17.46,2013-05-02,277.12,233.9,,2013-06-03,255.42,EMA,32,-8.13,CLOSED
GODREJPROP,2014-03,27.82,2014-04-01,211.23,159.07,,2015-04-01,245.01,EMA,365,15.69,CLOSED
GODREJPROP,2017-08,10.98,2017-09-01,577.21,485.25,,2018-09-03,675.93,EMA,367,16.8,CLOSED
GODREJPROP,2019-12,8.75,2020-01-01,986.23,865.81,,2020-03-12,865.81,SL,71,-12.51,CLOSED
GODREJPROP,2020-05,1.59,2020-06-01,688.67,572.23,,2020-10-01,865.81,EMA,122,25.42,CLOSED
GODREJPROP,2020-11,12.66,2020-12-01,1178.25,901.19,,2022-02-01,1741.43,EMA,427,47.5,CLOSED
GODREJPROP,2022-03,11.32,2022-04-01,1665.15,1344.05,,2022-05-02,1547.87,EMA,31,-7.34,CLOSED
GODREJPROP,2022-07,27.44,2022-08-01,1505.72,1161.39,,2022-09-01,1395.75,EMA,31,-7.6,CLOSED
GODREJPROP,2022-10,5.79,2022-11-01,1261.9,1145.96,,2022-12-01,1308.67,EMA,30,3.41,CLOSED
GODREJPROP,2024-06,15.45,2024-07-01,3274.17,2480.11,,2025-01-09,2480.11,SL,192,-24.55,CLOSED
GRANULES,2014-12,6.06,2015-01-01,77.41,66.22,,2016-02-01,110.67,EMA,396,42.66,CLOSED
GRANULES,2017-04,9.51,2017-05-02,145.38,129.32,,2017-05-24,129.32,SL,22,-11.35,CLOSED
GRANULES,2022-09,12.82,2022-10-03,343.67,298.09,,2023-01-02,315.37,EMA,91,-8.53,CLOSED
GRANULES,2023-09,19.2,2023-10-03,355.22,295.93,,2025-03-03,457.64,EMA,517,28.53,CLOSED
GRANULES,2026-06,5.09,2026-07-01,815.95,734.97,,2026-09-30,846.55,OPEN,91,3.45,OPEN
GRAPHITE,2011-03,7.93,2011-04-01,58.32,51.17,,2011-07-01,57.69,EMA,91,-1.38,CLOSED
GRAPHITE,2013-01,1.38,2013-02-01,57.7,52.95,,2013-03-20,52.95,SL,47,-8.54,CLOSED
GRAPHITE,2015-12,16.14,2016-01-01,64.27,54.12,,2016-02-01,56.37,EMA,31,-12.58,CLOSED
GRAPHITE,2017-10,33.68,2017-11-01,405.24,294.91,,2019-01-01,613.04,EMA,426,50.98,CLOSED
GRAPHITE,2022-07,11.12,2022-08-01,398.82,348.5,,2022-09-01,381.81,EMA,31,-4.56,CLOSED
GRAPHITE,2023-04,13.03,2023-05-02,278.74,245.33,,2023-06-01,305.58,EMA,30,9.33,CLOSED
GRAPHITE,2025-12,15.62,2026-01-01,637.01,510.59,,2026-07-01,608.32,EMA,181,-4.8,CLOSED
GRASIM,2006-02,19.83,2006-03-01,221.4,184.12,,2007-03-01,284.89,EMA,365,28.37,CLOSED
GRASIM,2009-12,3.96,2010-01-04,337.68,317.04,,2010-05-25,317.04,SL,141,-6.41,CLOSED
GRASIM,2012-07,8.68,2012-08-01,402.36,360.69,,2013-03-01,414.75,EMA,212,2.78,CLOSED
GRASIM,2013-10,6.39,2013-11-01,402.8,374.48,,2013-11-13,374.48,SL,12,-7.33,CLOSED
GRASIM,2015-09,2.77,2015-10-01,513.7,482.77,,2016-01-28,482.77,SL,119,-6.32,CLOSED
GRASIM,2016-03,15.52,2016-04-01,553.63,481.0,,2016-12-01,639.52,EMA,244,15.21,CLOSED
GRASIM,2017-08,11.67,2017-09-01,1141.72,980.84,,2018-02-06,980.84,SL,158,-14.39,CLOSED
GRASIM,2019-10,5.29,2019-11-01,739.88,609.84,,2019-12-02,779.63,EMA,31,5.07,CLOSED
GRASIM,2020-09,10.28,2020-10-01,725.42,630.38,,2022-06-01,1388.08,EMA,608,91.05,CLOSED
GRASIM,2022-07,19.1,2022-08-01,1535.56,1271.48,,2023-02-01,1561.42,EMA,184,1.38,CLOSED
GRASIM,2023-07,6.62,2023-08-01,1815.28,1698.89,,2025-01-01,2423.61,EMA,519,33.21,CLOSED
GRAVITA,2023-05,21.0,2023-06-01,606.2,499.38,,2025-03-03,1593.67,EMA,641,162.59,CLOSED
GESHIP,2006-09,14.21,2006-10-03,116.7,97.4,,2006-10-16,92.15,SL,13,-21.34,CLOSED
GESHIP,2009-03,13.18,2009-04-01,112.49,82.78,,2009-05-04,119.67,EMA,33,6.08,CLOSED
GESHIP,2015-02,2.25,2015-03-02,243.82,222.04,,2015-03-25,222.04,SL,23,-9.24,CLOSED
GESHIP,2017-08,1.97,2017-09-01,297.77,270.16,,2018-03-01,273.53,EMA,181,-8.44,CLOSED
GESHIP,2018-07,7.11,2018-08-01,225.2,199.76,,2018-09-03,236.75,EMA,33,4.83,CLOSED
GESHIP,2023-04,5.13,2023-05-02,610.77,552.04,,2024-12-02,1039.61,EMA,580,69.91,CLOSED
GESHIP,2025-12,2.0,2026-01-01,1107.08,1031.1,,2026-09-30,1560.0,OPEN,272,40.61,OPEN
FLUOROCHEM,2021-09,8.63,2021-10-01,1902.51,1623.44,,2023-01-02,3101.01,EMA,458,62.7,CLOSED
FLUOROCHEM,2023-08,11.88,2023-09-01,3039.33,2703.64,,2023-10-03,3059.35,EMA,32,0.36,CLOSED
FLUOROCHEM,2023-12,29.75,2024-01-01,3691.23,2806.65,,2024-04-01,3148.16,EMA,91,-15.01,CLOSED
FLUOROCHEM,2026-04,18.94,2026-05-01,3599.62,3030.99,,2026-09-30,4405.3,OPEN,152,22.08,OPEN
GMDCLTD,2022-11,11.33,2022-12-01,143.22,125.4,,2022-12-22,125.4,SL,21,-12.74,CLOSED
HBLENGINE,2011-05,1.02,2011-06-01,17.47,15.52,,2011-06-20,15.52,SL,19,-11.47,CLOSED
HBLENGINE,2023-07,23.71,2023-08-01,192.02,149.89,,2025-03-03,436.45,EMA,580,127.0,CLOSED
HBLENGINE,2025-05,24.56,2025-06-02,600.61,449.68,,2026-03-02,647.4,EMA,273,7.49,CLOSED
HCLTECH,2006-01,16.99,2006-02-01,45.92,38.9,,2006-05-18,38.9,SL,106,-15.58,CLOSED
HCLTECH,2010-04,10.34,2010-05-03,65.22,56.71,,2011-09-02,69.35,EMA,487,6.03,CLOSED
HCLTECH,2012-01,13.35,2012-02-01,75.66,66.09,,2015-11-02,319.8,EMA,1370,322.35,CLOSED
HCLTECH,2016-01,1.98,2016-02-01,318.71,291.67,,2016-02-12,291.67,SL,11,-8.78,CLOSED
HCLTECH,2016-07,3.08,2016-08-01,279.46,263.6,,2016-09-01,292.11,EMA,31,4.23,CLOSED
HCLTECH,2016-09,2.74,2016-10-03,300.97,280.6,,2016-11-01,290.77,EMA,29,-3.69,CLOSED
HCLTECH,2017-05,6.9,2017-06-01,329.84,306.73,,2018-06-01,350.86,EMA,365,6.07,CLOSED
HCLTECH,2018-08,8.65,2018-09-03,406.83,368.2,,2018-10-23,368.2,SL,50,-9.8,CLOSED
HCLTECH,2019-03,2.75,2019-04-01,422.79,387.9,,2019-07-26,387.9,SL,116,-8.55,CLOSED
HCLTECH,2019-10,7.79,2019-11-01,451.99,404.97,,2020-03-02,423.45,EMA,122,-6.61,CLOSED
HCLTECH,2020-05,1.23,2020-06-01,435.93,393.2,,2022-05-02,901.61,EMA,700,106.52,CLOSED
HCLTECH,2023-05,7.61,2023-06-01,1011.13,923.32,,2024-05-02,1227.34,EMA,336,21.08,CLOSED
HCLTECH,2024-07,13.4,2024-08-01,1513.67,1332.66,,2025-03-03,1478.05,EMA,214,-2.65,CLOSED
HDFCAMC,2018-10,5.5,2018-11-01,612.96,542.71,,2018-12-03,664.23,EMA,32,8.07,CLOSED
HDFCAMC,2019-02,0.57,2019-03-01,596.94,566.63,,2020-04-01,935.74,EMA,397,56.46,CLOSED
HDFCAMC,2021-05,7.41,2021-06-01,1328.99,1201.94,,2021-10-28,1201.94,SL,149,-9.86,CLOSED
HDFCAMC,2022-11,5.42,2022-12-01,1008.74,935.03,,2023-01-20,935.03,SL,50,-7.61,CLOSED
HDFCAMC,2023-05,11.27,2023-06-01,902.67,801.35,,2025-02-01,1858.63,EMA,611,105.6,CLOSED
HDFCAMC,2025-07,8.83,2025-08-01,2761.6,2438.66,,2026-01-12,2438.66,SL,164,-11.99,CLOSED
HDFCBANK,2009-09,12.2,2009-10-01,70.89,61.59,,2011-02-01,90.35,EMA,488,27.15,CLOSED
HDFCBANK,2011-05,4.53,2011-06-01,103.97,96.04,,2011-08-26,96.04,SL,86,-7.92,CLOSED
HDFCBANK,2012-06,12.21,2012-07-02,124.5,106.23,,2013-08-01,136.64,EMA,395,9.46,CLOSED
HDFCBANK,2014-09,3.45,2014-10-01,194.39,188.24,,2016-03-01,220.49,EMA,517,13.13,CLOSED
HDFCBANK,2016-03,10.22,2016-04-01,241.71,219.78,,2018-11-01,445.81,EMA,944,84.14,CLOSED
HDFCBANK,2018-11,11.34,2018-12-03,492.24,437.95,,2020-03-02,559.15,EMA,455,13.29,CLOSED
HDFCBANK,2021-05,7.33,2021-06-01,708.28,641.66,,2022-01-03,694.83,EMA,216,-2.2,CLOSED
HDFCBANK,2022-07,6.39,2022-08-01,681.13,629.56,,2022-10-03,667.38,EMA,63,-2.32,CLOSED
HDFCBANK,2022-10,5.3,2022-11-01,711.67,655.1,,2023-09-01,752.14,EMA,304,5.39,CLOSED
HDFCBANK,2023-11,5.57,2023-12-01,745.87,700.08,,2024-01-23,700.08,SL,53,-6.44,CLOSED
HDFCBANK,2024-05,2.13,2024-06-03,776.0,691.96,,2026-02-02,900.11,EMA,609,15.69,CLOSED
HDFCLIFE,2019-05,9.17,2019-06-03,433.79,367.3,,2020-03-02,544.69,EMA,273,25.27,CLOSED
HDFCLIFE,2020-06,4.93,2020-07-01,545.23,477.22,,2022-01-03,643.75,EMA,551,17.77,CLOSED
HDFCLIFE,2022-11,9.28,2022-12-01,582.97,518.27,,2023-01-02,557.7,EMA,32,-4.63,CLOSED
HDFCLIFE,2023-11,11.71,2023-12-01,687.34,607.27,,2024-01-15,607.27,SL,45,-11.95,CLOSED
HDFCLIFE,2024-07,20.24,2024-08-01,710.5,582.81,,2024-12-02,645.91,EMA,123,-9.39,CLOSED
HDFCLIFE,2025-03,12.69,2025-04-01,678.7,603.18,,2025-11-03,727.41,EMA,216,6.88,CLOSED
HFCL,2007-12,71.61,2008-01-01,48.29,27.14,,2008-01-30,26.65,SL,29,-45.12,CLOSED
HFCL,2008-07,22.48,2008-08-01,17.91,12.47,,2008-09-01,15.12,EMA,31,-15.92,CLOSED
HFCL,2008-12,49.26,2009-01-02,13.01,6.38,,2009-02-02,7.85,EMA,31,-39.92,CLOSED
HFCL,2022-10,13.52,2022-11-01,82.63,72.69,,2022-12-22,72.69,SL,51,-12.33,CLOSED
HFCL,2023-08,19.44,2023-09-01,76.91,63.35,,2023-10-25,63.35,SL,54,-17.94,CLOSED
HAVELLS,2007-08,1.99,2007-09-03,43.83,30.25,,2008-04-01,41.54,EMA,211,-5.51,CLOSED
HAVELLS,2012-01,24.86,2012-02-01,84.2,67.49,,2013-08-01,110.13,EMA,547,30.5,CLOSED
HAVELLS,2014-03,22.18,2014-04-01,169.34,136.28,,2015-09-01,237.78,EMA,518,40.12,CLOSED
HAVELLS,2016-07,8.27,2016-08-01,366.5,329.14,,2016-11-15,329.14,SL,106,-10.49,CLOSED
HAVELLS,2018-07,17.62,2018-08-01,604.87,500.23,,2019-08-01,612.3,EMA,365,0.93,CLOSED
HAVELLS,2022-08,11.38,2022-09-01,1350.23,1217.07,,2022-10-12,1217.07,SL,41,-10.16,CLOSED
HAVELLS,2022-11,3.06,2022-12-01,1227.01,1152.9,,2022-12-09,1152.9,SL,8,-6.34,CLOSED
HAVELLS,2023-04,3.51,2023-05-02,1204.56,1131.43,,2023-11-01,1225.45,EMA,183,1.43,CLOSED
HAVELLS,2023-11,4.53,2023-12-01,1289.02,1208.49,,2024-02-01,1279.14,EMA,62,-1.07,CLOSED
HEROMOTOCO,2008-07,16.11,2008-08-01,430.73,347.06,,2008-11-03,429.23,EMA,94,-0.65,CLOSED
HEROMOTOCO,2010-05,1.15,2010-06-01,1153.42,1075.34,,2010-07-26,1075.34,SL,55,-7.07,CLOSED
HEROMOTOCO,2011-06,1.21,2011-07-01,1183.94,1070.24,,2012-02-01,1192.65,EMA,215,0.44,CLOSED
HEROMOTOCO,2012-03,5.61,2012-04-02,1320.21,1154.42,,2012-05-23,1154.42,SL,51,-12.86,CLOSED
HEROMOTOCO,2012-06,17.45,2012-07-02,1369.96,1151.2,,2012-08-31,1151.2,SL,60,-16.27,CLOSED
HEROMOTOCO,2014-11,2.71,2014-12-01,2208.33,1996.07,,2015-01-19,1996.07,SL,49,-9.91,CLOSED
HEROMOTOCO,2015-05,15.8,2015-06-01,1888.36,1569.82,,2015-07-01,1780.54,EMA,30,-6.01,CLOSED
HEROMOTOCO,2016-05,6.95,2016-06-01,2234.21,2017.24,,2017-01-02,2195.34,EMA,215,-2.04,CLOSED
HEROMOTOCO,2017-05,12.86,2017-06-01,2744.9,2395.0,,2018-04-02,2661.52,EMA,305,-3.34,CLOSED
HEROMOTOCO,2020-01,2.41,2020-02-03,1874.09,1811.03,,2020-02-18,1811.03,SL,15,-3.66,CLOSED
HEROMOTOCO,2021-05,6.68,2021-06-01,2503.33,2295.99,,2021-07-01,2410.8,EMA,30,-4.0,CLOSED
HEROMOTOCO,2022-11,6.54,2022-12-01,2482.94,2238.08,,2023-02-09,2238.08,SL,70,-10.16,CLOSED
HEROMOTOCO,2023-04,9.0,2023-05-02,2266.57,2116.74,,2024-12-02,4397.21,EMA,580,93.7,CLOSED
HEROMOTOCO,2025-01,4.29,2025-02-01,4022.38,3713.5,,2025-02-14,3713.5,SL,13,-7.98,CLOSED
HEROMOTOCO,2025-09,7.56,2025-10-01,5290.06,4939.16,,2026-04-01,5077.32,EMA,182,-4.32,CLOSED
HEROMOTOCO,2026-07,13.99,2026-08-03,5425.0,4704.8,,2026-09-30,5241.0,OPEN,58,-3.69,OPEN
HEXT,2025-11,10.09,2025-12-01,745.86,638.93,,2026-02-02,688.98,EMA,63,-7.93,CLOSED
HSCL,2007-12,5.87,2008-01-01,69.08,58.33,,2008-01-23,56.6,SL,22,-18.36,CLOSED
HSCL,2017-06,30.78,2017-07-03,77.15,57.64,,2018-06-01,130.84,EMA,333,69.29,CLOSED
HSCL,2018-07,9.69,2018-08-01,138.07,111.16,,2018-09-03,126.51,EMA,33,-8.67,CLOSED
HSCL,2023-11,14.64,2023-12-01,273.87,235.18,,2025-03-03,403.94,EMA,458,47.19,CLOSED
HINDALCO,2006-01,14.92,2006-02-01,124.54,108.66,,2006-06-08,108.66,SL,127,-13.05,CLOSED
HINDALCO,2007-09,9.06,2007-10-01,133.51,117.54,,2008-01-21,117.54,SL,112,-12.27,CLOSED
HINDALCO,2010-12,19.58,2011-01-03,218.44,182.24,,2011-02-11,182.24,SL,39,-16.87,CLOSED
HINDALCO,2012-09,16.23,2012-10-01,108.86,90.34,,2012-11-01,105.56,EMA,31,-3.33,CLOSED
HINDALCO,2014-03,34.55,2014-04-01,129.98,95.84,,2015-02-02,128.92,EMA,307,-1.12,CLOSED
HINDALCO,2021-08,6.01,2021-09-01,458.22,386.2,,2022-05-12,386.2,SL,253,-16.02,CLOSED
HINDALCO,2022-07,22.56,2022-08-01,406.01,315.77,,2022-10-03,379.5,EMA,63,-6.83,CLOSED
HINDALCO,2023-04,7.59,2023-05-02,428.27,384.67,,2023-06-01,399.06,EMA,30,-7.12,CLOSED
HINDALCO,2023-07,9.89,2023-08-01,453.64,406.96,,2024-03-01,500.79,EMA,213,10.09,CLOSED
HINDALCO,2025-12,9.69,2026-01-01,883.49,796.79,,2026-09-30,941.8,OPEN (EMA exit due),272,6.3,OPEN
HAL,2018-07,14.71,2018-08-01,399.57,314.61,,2018-09-03,367.71,EMA,33,-8.28,CLOSED
HAL,2020-11,19.12,2020-12-01,368.34,293.5,,2025-02-01,3889.93,EMA,1523,955.76,CLOSED
HAL,2026-07,6.06,2026-08-03,4650.98,4297.09,,2026-09-30,4668.0,OPEN,58,0.07,OPEN
HINDCOPPER,2022-07,18.31,2022-08-01,100.54,80.88,,2022-10-03,105.04,EMA,63,4.18,CLOSED
HINDCOPPER,2023-05,11.69,2023-06-01,112.55,98.57,,2024-11-01,291.91,EMA,519,159.07,CLOSED
HINDPETRO,2013-10,4.79,2013-11-01,16.53,15.07,,2013-12-02,17.77,EMA,31,7.2,CLOSED
HINDPETRO,2014-01,2.93,2014-02-03,20.06,17.61,,2016-03-01,61.57,EMA,757,206.65,CLOSED
HINDPETRO,2016-06,9.91,2016-07-01,89.66,79.76,,2018-03-01,170.62,EMA,608,90.0,CLOSED
HINDPETRO,2021-09,12.53,2021-10-01,163.84,144.18,,2022-02-28,144.18,SL,150,-12.3,CLOSED
HINDPETRO,2022-11,11.81,2022-12-01,138.09,116.08,,2023-03-01,124.89,EMA,90,-9.86,CLOSED
HINDPETRO,2023-04,6.1,2023-05-02,145.13,127.11,,2023-09-01,144.09,EMA,122,-1.02,CLOSED
HINDPETRO,2025-09,17.96,2025-10-01,417.42,354.46,,2026-02-02,417.44,EMA,124,-0.29,CLOSED
HINDUNILVR,2008-02,8.98,2008-03-03,155.64,132.61,,2008-07-01,146.81,EMA,120,-5.98,CLOSED
HINDUNILVR,2008-07,15.69,2008-08-01,168.34,134.85,,2008-10-27,134.85,SL,87,-20.19,CLOSED
HINDUNILVR,2010-12,4.91,2011-01-03,233.97,213.06,,2011-01-25,213.06,SL,22,-9.23,CLOSED
HINDUNILVR,2011-10,10.33,2011-11-01,283.21,243.45,,2013-02-01,375.83,EMA,458,32.4,CLOSED
HINDUNILVR,2013-05,1.49,2013-06-03,467.55,453.32,,2013-12-06,453.32,SL,186,-3.34,CLOSED
HINDUNILVR,2014-03,10.25,2014-04-01,490.07,439.04,,2014-05-02,461.52,EMA,31,-6.13,CLOSED
HINDUNILVR,2014-08,8.13,2014-09-01,609.73,555.72,,2015-10-01,682.97,EMA,395,11.71,CLOSED
HINDUNILVR,2016-06,7.11,2016-07-01,765.07,703.16,,2016-10-03,747.53,EMA,94,-2.59,CLOSED
HINDUNILVR,2017-02,1.23,2017-03-01,745.59,719.06,,2020-10-01,1890.39,EMA,1310,153.24,CLOSED
HINDUNILVR,2020-12,12.03,2021-01-01,2180.64,1930.02,,2021-02-26,1930.02,SL,56,-11.79,CLOSED
HINDUNILVR,2021-03,14.05,2021-04-01,2227.43,1937.22,,2021-11-01,2207.7,EMA,214,-1.19,CLOSED
HINDUNILVR,2022-07,18.24,2022-08-01,2454.76,2050.92,,2023-03-01,2303.04,EMA,212,-6.48,CLOSED
HINDUNILVR,2023-03,4.05,2023-04-03,2407.98,2242.14,,2023-05-02,2315.97,EMA,29,-4.12,CLOSED
HINDUNILVR,2023-05,8.56,2023-06-01,2498.87,2295.55,,2023-09-01,2366.3,EMA,92,-5.61,CLOSED
HINDUNILVR,2023-11,3.23,2023-12-01,2424.04,2330.16,,2024-01-23,2330.16,SL,53,-4.17,CLOSED
HINDUNILVR,2025-01,6.1,2025-02-01,2405.67,2190.72,,2025-02-19,2190.72,SL,18,-9.24,CLOSED
HINDUNILVR,2025-11,0.83,2025-12-01,2441.76,2367.91,,2025-12-05,2367.91,SL,4,-3.32,CLOSED
HINDZINC,2012-06,6.14,2012-07-02,44.06,39.93,,2012-08-01,42.31,EMA,30,-4.26,CLOSED
HINDZINC,2014-03,10.5,2014-04-01,47.54,42.15,,2015-04-01,60.82,EMA,365,27.62,CLOSED
HINDZINC,2016-06,5.74,2016-07-01,80.73,74.0,,2017-06-01,118.31,EMA,335,46.25,CLOSED
HINDZINC,2017-06,9.69,2017-07-03,129.9,113.4,,2018-06-01,149.53,EMA,333,14.82,CLOSED
HINDZINC,2025-09,15.07,2025-10-01,476.4,416.39,,2026-04-01,510.67,EMA,182,6.89,CLOSED
POWERINDIA,2021-05,7.65,2021-06-01,1950.07,1669.44,,2022-11-01,3146.88,EMA,518,61.07,CLOSED
POWERINDIA,2026-02,35.52,2026-03-02,24494.15,18268.64,,2026-09-30,30630.0,OPEN,212,24.75,OPEN
HOMEFIRST,2025-05,4.02,2025-06-02,1224.38,1111.65,,2025-11-06,1111.65,SL,157,-9.51,CLOSED
HONAUT,2006-07,4.55,2006-08-01,1219.42,953.8,,2008-02-01,1797.44,EMA,549,47.1,CLOSED
HONAUT,2013-12,6.39,2014-01-01,2700.69,2408.75,,2016-03-01,8267.9,EMA,790,205.84,CLOSED
HONAUT,2018-11,11.88,2018-12-03,21775.35,19661.08,,2020-04-01,25567.27,EMA,485,17.11,CLOSED
HONAUT,2021-09,15.43,2021-10-01,44961.0,38785.89,,2021-11-18,38785.89,SL,48,-14.03,CLOSED
HONAUT,2023-03,5.5,2023-04-03,36035.17,34012.96,,2023-05-02,35482.29,EMA,29,-1.83,CLOSED
HONAUT,2024-01,4.99,2024-02-01,38511.92,36229.04,,2024-03-01,37668.23,EMA,29,-2.49,CLOSED
HONAUT,2024-03,1.99,2024-04-01,38710.38,36001.69,,2024-11-01,46339.62,EMA,214,19.41,CLOSED
HONAUT,2026-06,11.87,2026-07-01,39737.65,34143.46,,2026-09-09,34143.46,SL,70,-14.38,CLOSED
HUDCO,2022-08,10.49,2022-09-01,33.24,29.88,,2024-11-01,206.25,EMA,792,520.26,CLOSED
ICICIBANK,2007-09,19.59,2007-10-01,155.38,128.32,,2008-03-07,128.32,SL,158,-17.72,CLOSED
ICICIBANK,2009-04,44.53,2009-05-04,72.59,47.94,,2011-02-01,155.46,EMA,638,113.86,CLOSED
ICICIBANK,2011-06,2.11,2011-07-01,171.74,155.06,,2011-08-01,162.7,EMA,31,-5.57,CLOSED
ICICIBANK,2012-01,31.77,2012-02-01,140.32,105.87,,2012-04-02,137.2,EMA,61,-2.52,CLOSED
ICICIBANK,2012-06,14.84,2012-07-02,142.11,121.04,,2013-08-01,148.65,EMA,395,4.31,CLOSED
ICICIBANK,2013-10,26.85,2013-11-01,179.57,141.76,,2014-02-03,157.31,EMA,94,-12.7,CLOSED
ICICIBANK,2014-02,5.68,2014-03-03,166.33,151.32,,2015-06-01,262.35,EMA,455,57.43,CLOSED
ICICIBANK,2017-05,17.22,2017-06-01,279.66,233.05,,2018-04-02,260.03,EMA,305,-7.32,CLOSED
ICICIBANK,2018-10,16.18,2018-11-01,341.56,282.05,,2020-03-23,282.05,SL,508,-17.72,CLOSED
ICICIBANK,2020-12,13.03,2021-01-01,513.65,452.89,,2022-07-01,676.66,EMA,546,31.44,CLOSED
ICICIBANK,2022-07,15.75,2022-08-01,789.44,667.66,,2023-02-01,816.19,EMA,184,3.09,CLOSED
ICICIBANK,2023-03,2.62,2023-04-03,851.75,784.11,,2023-11-01,891.55,EMA,212,4.37,CLOSED
ICICIBANK,2024-08,2.05,2024-09-02,1219.23,1130.68,,2025-03-03,1191.19,EMA,182,-2.6,CLOSED
ICICIBANK,2025-04,5.83,2025-05-02,1404.14,1244.82,,2025-10-01,1336.73,EMA,152,-5.1,CLOSED
ICICIBANK,2025-11,3.23,2025-12-01,1382.35,1306.39,,2026-01-01,1332.67,EMA,31,-3.89,CLOSED
ICICIBANK,2026-08,2.15,2026-09-01,1442.9,1391.5,,2026-09-09,1391.5,SL,8,-3.86,CLOSED
ICICIGI,2019-02,5.78,2019-03-01,888.39,811.33,,2020-03-19,811.33,SL,384,-8.97,CLOSED
ICICIGI,2021-08,8.35,2021-09-01,1542.88,1357.97,,2021-12-01,1398.18,EMA,91,-9.68,CLOSED
ICICIGI,2022-11,3.52,2022-12-01,1181.86,1087.99,,2023-01-02,1208.72,EMA,32,1.97,CLOSED
ICICIGI,2023-06,14.25,2023-07-03,1322.03,1143.46,,2025-01-01,1764.69,EMA,548,33.18,CLOSED
ICICIGI,2025-06,9.19,2025-07-01,2025.9,1827.22,,2025-08-29,1827.22,SL,59,-10.11,CLOSED
ICICIPRULI,2019-03,10.26,2019-04-01,344.37,306.91,,2020-03-18,306.91,SL,352,-11.18,CLOSED
ICICIPRULI,2020-04,15.81,2020-05-04,386.86,313.44,,2020-06-01,391.55,EMA,28,0.91,CLOSED
ICICIPRULI,2022-03,4.54,2022-04-01,496.08,426.63,,2022-05-02,515.92,EMA,31,3.7,CLOSED
ICICIPRULI,2022-07,13.21,2022-08-01,551.22,480.9,,2022-10-03,516.46,EMA,63,-6.61,CLOSED
ICICIPRULI,2023-03,6.55,2023-04-03,432.88,378.11,,2023-05-02,430.1,EMA,29,-0.94,CLOSED
ICICIPRULI,2024-03,14.27,2024-04-01,606.46,530.85,,2024-06-03,556.75,EMA,63,-8.5,CLOSED
ICICIPRULI,2024-07,21.5,2024-08-01,732.19,598.33,,2025-01-01,653.86,EMA,153,-11.0,CLOSED
ICICIPRULI,2025-12,7.83,2026-01-01,666.99,604.3,,2026-03-09,604.3,SL,67,-9.7,CLOSED
IDBI,2010-04,9.61,2010-05-03,99.36,90.76,,2010-05-17,90.76,SL,14,-8.95,CLOSED
IDBI,2011-06,1.34,2011-07-01,110.3,98.18,,2011-08-01,105.09,EMA,31,-5.03,CLOSED
IDBI,2012-11,16.54,2012-12-03,93.5,79.74,,2013-02-27,79.74,SL,86,-15.02,CLOSED
IDBI,2014-10,16.02,2014-11-03,66.88,55.74,,2014-12-01,68.75,EMA,28,2.5,CLOSED
IDBI,2017-04,3.99,2017-05-02,74.29,67.34,,2017-05-18,67.34,SL,16,-9.66,CLOSED
IDBI,2020-06,116.18,2020-07-01,43.44,22.29,,2021-01-01,29.91,EMA,184,-31.45,CLOSED
IDFCFIRSTB,2019-03,22.12,2019-04-01,55.55,44.87,,2019-05-13,44.87,SL,42,-19.53,CLOSED
IDFCFIRSTB,2019-10,11.07,2019-11-01,44.27,35.98,,2020-02-03,38.96,EMA,94,-12.31,CLOSED
IDFCFIRSTB,2022-07,19.4,2022-08-01,38.76,30.41,,2024-04-01,75.73,EMA,609,95.08,CLOSED
IDFCFIRSTB,2025-06,7.16,2025-07-01,72.8,66.03,,2026-03-02,70.29,EMA,244,-3.74,CLOSED
IFCI,2010-05,2.83,2010-06-01,44.51,39.59,,2011-01-19,39.59,SL,232,-11.35,CLOSED
IFCI,2012-01,31.35,2012-02-01,24.52,17.05,,2012-06-01,29.31,EMA,121,19.25,CLOSED
IFCI,2012-11,12.79,2012-12-03,27.61,24.0,,2013-03-01,25.22,EMA,88,-8.96,CLOSED
IFCI,2014-10,2.94,2014-11-03,34.38,29.5,,2015-03-27,29.5,SL,144,-14.51,CLOSED
IIFL,2015-12,0.92,2016-01-01,96.93,87.67,,2016-01-18,87.67,SL,17,-9.85,CLOSED
IIFL,2021-01,29.1,2021-02-01,147.17,99.15,,2024-04-01,343.96,EMA,1155,133.41,CLOSED
IIFL,2024-06,29.64,2024-07-01,510.22,338.3,,2024-08-01,441.33,EMA,31,-13.8,CLOSED
IIFL,2025-05,21.34,2025-06-02,432.2,334.52,,2026-03-02,487.4,EMA,273,12.47,CLOSED
IRB,2012-01,35.7,2012-02-01,6.79,4.71,,2012-05-07,4.71,SL,96,-30.95,CLOSED
IRB,2014-03,30.84,2014-04-01,4.48,3.3,,2015-05-04,10.04,EMA,398,124.04,CLOSED
IRB,2015-09,1.61,2015-10-01,10.37,8.84,,2016-02-12,8.84,SL,134,-15.05,CLOSED
IRB,2021-05,8.13,2021-06-01,5.66,4.97,,2022-07-01,9.87,EMA,395,73.95,CLOSED
IRB,2024-11,3.17,2024-12-02,26.36,22.27,,2025-02-28,22.04,SL,88,-16.72,CLOSED
IRCON,2023-03,8.32,2023-04-03,53.16,48.84,,2024-10-01,221.65,EMA,547,316.66,CLOSED
ITC,2005-05,11.24,2005-06-01,18.46,15.6,,2007-02-01,31.01,EMA,610,67.63,CLOSED
ITC,2008-04,6.62,2008-05-02,40.63,36.44,,2008-06-10,36.44,SL,39,-10.61,CLOSED
ITC,2009-01,4.89,2009-02-02,33.33,30.32,,2009-03-06,30.32,SL,32,-9.34,CLOSED
ITC,2010-06,11.87,2010-07-01,60.26,52.8,,2010-07-22,52.67,SL,21,-12.9,CLOSED
ITC,2010-12,1.6,2011-01-03,69.58,64.91,,2011-01-31,64.91,SL,28,-7.01,CLOSED
ITC,2011-02,3.94,2011-03-01,67.54,58.92,,2014-07-01,140.04,EMA,1218,107.04,CLOSED
ITC,2015-07,3.44,2015-08-03,142.26,130.91,,2015-09-01,140.73,EMA,29,-1.37,CLOSED
ITC,2015-09,1.12,2015-10-01,142.71,133.96,,2016-01-01,142.95,EMA,92,-0.13,CLOSED
ITC,2016-06,4.94,2016-07-01,163.26,154.63,,2016-11-16,154.63,SL,138,-5.59,CLOSED
ITC,2016-12,3.94,2017-01-02,162.39,148.97,,2017-10-03,178.91,EMA,274,9.87,CLOSED
ITC,2018-04,10.16,2018-05-02,192.27,174.11,,2018-11-01,194.63,EMA,183,0.93,CLOSED
ITC,2019-03,8.68,2019-04-01,206.44,191.88,,2019-06-03,199.49,EMA,63,-3.67,CLOSED
ITC,2019-09,5.78,2019-10-01,183.68,165.93,,2019-11-01,183.86,EMA,31,-0.2,CLOSED
ITC,2020-05,8.4,2020-06-01,142.5,111.37,,2020-07-01,137.99,EMA,30,-3.46,CLOSED
ITC,2021-05,6.91,2021-06-01,166.83,152.36,,2024-03-01,356.34,EMA,1004,113.3,CLOSED
ITC,2024-12,1.45,2025-01-01,431.33,400.85,,2025-01-16,400.85,SL,15,-7.37,CLOSED
ITC,2026-04,9.45,2026-05-01,306.55,280.75,,2026-06-01,287.8,EMA,31,-6.42,CLOSED
ITI,2009-09,15.69,2009-10-01,46.1,37.35,,2009-11-03,37.35,SL,33,-19.28,CLOSED
INDIACEM,2015-12,8.88,2016-01-01,93.1,75.09,,2016-01-20,75.09,SL,19,-19.64,CLOSED
INDIACEM,2016-05,5.55,2016-06-01,90.33,79.3,,2016-12-01,116.14,EMA,183,28.27,CLOSED
INDIACEM,2022-07,25.78,2022-08-01,196.17,154.12,,2023-01-02,219.6,EMA,154,11.64,CLOSED
INDIACEM,2023-05,9.05,2023-06-01,202.35,183.55,,2023-11-01,209.25,EMA,153,3.11,CLOSED
INDIACEM,2024-11,0.52,2024-12-02,367.25,351.25,,2024-12-09,351.25,SL,7,-4.66,CLOSED
INDIAMART,2020-12,25.82,2021-01-01,3009.72,2305.53,,2021-11-01,3410.27,EMA,304,13.01,CLOSED
INDIAMART,2022-10,3.0,2022-11-01,2165.07,2007.87,,2022-12-01,2081.5,EMA,30,-4.16,CLOSED
INDIAMART,2023-02,6.84,2023-03-01,2287.44,2095.27,,2023-11-01,2498.26,EMA,245,8.92,CLOSED
INDIANB,2014-03,30.36,2014-04-01,90.63,68.57,,2015-05-04,111.28,EMA,398,22.48,CLOSED
INDIANB,2022-10,28.98,2022-11-01,230.9,170.55,,2025-01-01,505.05,EMA,792,118.44,CLOSED
INDIANB,2025-01,4.87,2025-02-01,529.88,452.45,,2025-03-03,485.0,EMA,30,-8.77,CLOSED
INDIANB,2025-06,7.02,2025-07-01,632.23,588.35,,2026-09-30,805.9,OPEN (EMA exit due),456,27.17,OPEN
IEX,2020-11,13.8,2020-12-01,66.66,54.97,,2022-06-01,179.95,EMA,547,169.65,CLOSED
IEX,2023-04,22.35,2023-05-02,147.02,120.32,,2023-06-09,119.48,SL,38,-19.03,CLOSED
INDHOTEL,2012-09,14.07,2012-10-01,58.2,50.31,,2012-11-01,54.36,EMA,31,-6.89,CLOSED
INDHOTEL,2014-11,6.4,2014-12-01,97.54,90.19,,2015-03-16,90.19,SL,105,-7.84,CLOSED
INDHOTEL,2015-10,15.22,2015-11-02,86.03,74.69,,2015-12-01,82.79,EMA,29,-4.07,CLOSED
INDHOTEL,2018-08,3.2,2018-09-03,130.42,115.19,,2018-09-21,115.19,SL,18,-11.98,CLOSED
INDHOTEL,2018-11,12.0,2018-12-03,136.08,120.75,,2019-08-01,134.83,EMA,241,-1.22,CLOSED
INDHOTEL,2021-05,24.93,2021-06-01,134.12,101.93,,2025-10-01,715.46,EMA,1583,433.13,CLOSED
INDHOTEL,2025-11,0.34,2025-12-01,746.67,669.62,,2026-01-01,738.66,EMA,31,-1.37,CLOSED
IOC,2006-03,4.83,2006-04-03,19.51,14.95,,2006-05-25,14.95,SL,52,-23.66,CLOSED
IOC,2007-04,10.36,2007-05-03,15.26,12.46,,2007-07-02,15.36,EMA,60,0.36,CLOSED
IOC,2008-12,3.59,2009-01-02,15.49,13.4,,2009-01-19,13.4,SL,17,-13.82,CLOSED
IOC,2010-05,19.81,2010-06-01,25.95,21.2,,2010-12-01,26.33,EMA,183,1.16,CLOSED
IOC,2012-01,13.81,2012-02-01,22.47,19.25,,2012-03-01,22.16,EMA,29,-1.68,CLOSED
IOC,2012-12,2.33,2013-01-01,21.51,20.37,,2013-06-13,20.37,SL,163,-5.61,CLOSED
IOC,2014-01,14.57,2014-02-03,20.04,15.85,,2016-03-01,32.28,EMA,757,60.81,CLOSED
IOC,2016-06,5.98,2016-07-01,38.27,35.28,,2018-04-02,68.91,EMA,640,79.74,CLOSED
IOC,2021-08,9.02,2021-09-01,54.91,50.41,,2022-07-01,59.69,EMA,303,8.4,CLOSED
IOC,2022-11,12.31,2022-12-01,63.38,56.1,,2024-11-01,134.14,EMA,701,111.34,CLOSED
IOC,2025-09,9.64,2025-10-01,142.84,129.88,,2026-04-01,138.76,EMA,182,-3.15,CLOSED
IOB,2007-11,22.63,2007-12-03,129.44,101.15,,2008-03-17,101.15,SL,105,-22.16,CLOSED
IOB,2011-10,10.58,2011-11-01,90.39,77.24,,2011-12-01,85.1,EMA,30,-6.16,CLOSED
IOB,2016-03,24.74,2016-04-01,31.0,24.15,,2016-05-02,31.25,EMA,31,0.51,CLOSED
IOB,2016-10,4.72,2016-11-01,26.55,25.1,,2016-11-09,24.7,SL,8,-7.27,CLOSED
IOB,2017-04,8.82,2017-05-02,29.2,26.7,,2017-05-23,26.7,SL,21,-8.86,CLOSED
IOB,2019-10,13.83,2019-11-01,10.85,9.2,,2019-12-02,10.65,EMA,31,-2.14,CLOSED
IOB,2023-04,14.92,2023-05-02,26.15,22.25,,2024-10-01,57.75,EMA,518,120.54,CLOSED
IRCTC,2021-08,18.05,2021-09-01,525.81,462.32,,2022-06-01,663.48,EMA,273,25.88,CLOSED
IRCTC,2022-07,10.57,2022-08-01,619.13,533.54,,2023-01-02,617.3,EMA,154,-0.6,CLOSED
IRCTC,2023-04,7.86,2023-05-02,598.48,544.95,,2023-07-03,613.73,EMA,62,2.25,CLOSED
IRCTC,2023-07,0.87,2023-08-01,619.72,593.02,,2024-11-01,805.64,EMA,458,29.7,CLOSED
IRCTC,2025-01,4.5,2025-02-01,815.76,722.24,,2025-02-12,722.24,SL,11,-11.77,CLOSED
IRFC,2023-07,16.82,2023-08-01,36.95,30.65,,2024-12-02,145.1,EMA,489,292.4,CLOSED
IGL,2007-08,2.71,2007-09-03,8.6,7.6,,2008-02-01,9.47,EMA,151,9.89,CLOSED
IGL,2012-03,2.03,2012-04-02,30.22,27.48,,2012-04-10,24.07,SL,8,-20.66,CLOSED
IGL,2014-03,18.09,2014-04-01,24.84,20.75,,2015-06-01,34.32,EMA,426,37.87,CLOSED
IGL,2016-07,3.31,2016-08-01,55.59,50.76,,2018-04-02,123.74,EMA,609,122.29,CLOSED
IGL,2018-10,10.02,2018-11-01,117.83,94.3,,2018-12-03,115.33,EMA,32,-2.42,CLOSED
IGL,2018-12,1.56,2019-01-01,117.43,105.6,,2020-04-01,174.32,EMA,456,48.15,CLOSED
IGL,2021-05,3.91,2021-06-01,236.67,220.28,,2021-10-21,220.28,SL,142,-7.23,CLOSED
IGL,2022-10,7.93,2022-11-01,193.83,164.96,,2023-11-01,179.94,EMA,365,-7.47,CLOSED
IGL,2023-12,7.52,2024-01-01,198.25,183.68,,2024-11-01,202.21,EMA,305,1.69,CLOSED
IGL,2024-12,27.09,2025-01-01,200.52,157.32,,2025-02-01,194.59,EMA,31,-3.26,CLOSED
IGL,2025-06,5.42,2025-07-01,210.98,186.22,,2025-08-01,197.71,EMA,31,-6.59,CLOSED
INDUSTOWER,2017-03,18.89,2017-04-03,231.51,195.24,,2018-01-01,272.49,EMA,273,17.4,CLOSED
INDUSTOWER,2024-02,13.9,2024-03-01,243.63,198.87,,2024-11-01,329.93,EMA,245,35.12,CLOSED
INDUSTOWER,2025-06,9.62,2025-07-01,409.44,360.68,,2025-07-31,360.68,SL,30,-12.21,CLOSED
INDUSTOWER,2026-08,3.15,2026-09-01,386.0,363.5,,2026-09-28,363.5,SL,27,-6.13,CLOSED
INDUSINDBK,2011-05,1.64,2011-06-01,241.76,214.34,,2011-08-16,214.34,SL,76,-11.64,CLOSED
INDUSINDBK,2011-10,9.32,2011-11-01,261.01,217.2,,2011-12-01,234.63,EMA,30,-10.41,CLOSED
INDUSINDBK,2012-03,3.01,2012-04-02,297.16,265.62,,2012-06-04,265.62,SL,63,-10.91,CLOSED
INDUSINDBK,2012-09,12.24,2012-10-01,333.08,285.98,,2013-08-01,366.09,EMA,304,9.61,CLOSED
INDUSINDBK,2014-08,4.64,2014-09-01,551.44,503.26,,2016-03-01,790.22,EMA,547,43.0,CLOSED
INDUSINDBK,2016-03,16.58,2016-04-01,912.62,787.39,,2016-12-01,1027.65,EMA,244,12.3,CLOSED
INDUSINDBK,2016-12,1.96,2017-01-02,1052.26,983.1,,2018-10-01,1592.06,EMA,637,51.0,CLOSED
INDUSINDBK,2019-03,23.56,2019-04-01,1723.45,1414.58,,2019-05-02,1535.62,EMA,31,-11.2,CLOSED
INDUSINDBK,2019-11,19.49,2019-12-02,1534.91,1263.03,,2020-01-24,1263.03,SL,53,-18.01,CLOSED
INDUSINDBK,2022-07,31.37,2022-08-01,1007.65,758.65,,2023-02-01,1068.52,EMA,184,5.74,CLOSED
INDUSINDBK,2023-04,7.95,2023-05-02,1131.95,984.47,,2024-08-01,1429.68,EMA,457,26.0,CLOSED
INDUSINDBK,2026-04,21.74,2026-05-01,914.57,752.78,,2026-09-30,901.4,OPEN (EMA exit due),152,-1.74,OPEN
NAUKRI,2012-01,10.14,2012-02-01,59.06,52.07,,2012-07-31,52.07,SL,181,-12.14,CLOSED
NAUKRI,2012-11,4.17,2012-12-03,69.46,62.74,,2013-01-01,65.29,EMA,29,-6.29,CLOSED
NAUKRI,2013-03,3.17,2013-04-01,65.16,61.44,,2013-06-03,64.72,EMA,63,-0.97,CLOSED
NAUKRI,2015-11,19.38,2015-12-01,170.63,134.61,,2016-02-01,153.95,EMA,62,-10.08,CLOSED
NAUKRI,2017-02,3.99,2017-03-01,164.22,158.13,,2017-03-08,157.95,SL,7,-4.12,CLOSED
NAUKRI,2017-05,9.4,2017-06-01,177.45,158.73,,2018-07-02,230.15,EMA,396,29.4,CLOSED
NAUKRI,2021-08,18.55,2021-09-01,1209.4,1013.94,,2021-12-20,1013.94,SL,110,-16.46,CLOSED
NAUKRI,2022-07,15.37,2022-08-01,855.21,706.55,,2022-09-01,835.63,EMA,31,-2.59,CLOSED
NAUKRI,2023-06,10.06,2023-07-03,881.63,802.72,,2023-10-03,816.19,EMA,92,-7.72,CLOSED
NAUKRI,2024-03,6.16,2024-04-01,1105.8,981.31,,2025-03-03,1381.5,EMA,336,24.63,CLOSED
INFY,2005-02,8.29,2005-03-01,87.58,78.98,,2005-04-12,77.57,SL,42,-11.73,CLOSED
INFY,2005-05,19.27,2005-06-01,88.43,74.17,,2007-06-01,154.42,EMA,730,74.34,CLOSED
INFY,2008-05,13.58,2008-06-02,161.52,136.32,,2008-07-11,136.32,SL,39,-15.9,CLOSED
INFY,2008-08,10.46,2008-09-01,142.75,126.03,,2008-09-15,126.03,SL,14,-12.01,CLOSED
INFY,2009-01,17.14,2009-02-02,106.19,91.97,,2009-02-18,91.97,SL,16,-13.69,CLOSED
INFY,2009-04,14.0,2009-05-04,124.94,106.86,,2011-05-02,247.71,EMA,728,97.97,CLOSED
INFY,2011-06,4.48,2011-07-01,250.86,226.72,,2011-08-01,237.62,EMA,31,-5.58,CLOSED
INFY,2013-05,9.14,2013-06-03,223.98,196.07,,2013-07-01,219.02,EMA,28,-2.52,CLOSED
INFY,2013-07,18.84,2013-08-01,265.05,212.24,,2014-05-02,284.22,EMA,274,6.93,CLOSED
INFY,2014-10,8.93,2014-11-03,371.66,323.2,,2015-05-04,357.26,EMA,182,-4.17,CLOSED
INFY,2015-09,6.17,2015-10-01,433.07,389.54,,2015-11-18,388.9,SL,48,-10.5,CLOSED
INFY,2015-12,1.61,2016-01-01,410.94,382.01,,2016-03-01,409.0,EMA,60,-0.77,CLOSED
INFY,2017-12,6.76,2018-01-01,408.08,376.36,,2019-11-01,580.34,EMA,669,41.91,CLOSED
INFY,2019-12,5.0,2020-01-01,618.18,579.12,,2020-03-02,619.87,EMA,61,-0.03,CLOSED
INFY,2020-04,11.54,2020-05-04,580.17,489.63,,2020-06-01,595.7,EMA,28,2.38,CLOSED
INFY,2020-12,14.16,2021-01-01,1083.9,952.19,,2022-05-02,1362.76,EMA,486,25.43,CLOSED
INFY,2022-07,6.01,2022-08-01,1388.83,1252.65,,2022-09-01,1296.52,EMA,31,-6.95,CLOSED
INFY,2022-10,9.98,2022-11-01,1394.18,1230.76,,2023-01-02,1359.12,EMA,62,-2.81,CLOSED
INFY,2023-06,2.67,2023-07-03,1209.99,1148.35,,2023-08-01,1239.1,EMA,29,2.11,CLOSED
INFY,2023-08,5.88,2023-09-01,1301.83,1226.78,,2023-11-01,1265.33,EMA,61,-3.1,CLOSED
INFY,2023-11,6.34,2023-12-01,1345.36,1245.6,,2024-04-01,1405.35,EMA,122,4.16,CLOSED
INFY,2024-08,4.04,2024-09-02,1826.71,1615.4,,2025-02-28,1615.4,SL,179,-11.87,CLOSED
INOXWIND,2023-12,78.16,2024-01-01,126.0,70.0,,2025-02-01,176.02,EMA,397,39.4,CLOSED
INTELLECT,2018-04,20.45,2018-05-02,194.79,159.24,,2019-02-01,178.24,EMA,275,-8.8,CLOSED
INTELLECT,2020-09,16.46,2020-10-01,228.3,176.68,,2022-03-02,636.0,EMA,517,178.28,CLOSED
INTELLECT,2022-03,44.67,2022-04-01,917.48,627.14,,2022-05-09,627.14,SL,38,-31.95,CLOSED
INTELLECT,2022-11,6.45,2022-12-01,452.06,398.3,,2023-01-02,438.38,EMA,32,-3.33,CLOSED
INTELLECT,2023-05,31.42,2023-06-01,573.86,433.73,,2024-11-01,727.67,EMA,519,26.5,CLOSED
INTELLECT,2025-05,48.51,2025-06-02,1157.97,762.58,,2026-01-01,968.07,EMA,213,-16.7,CLOSED
INDIGO,2015-12,11.35,2016-01-01,1177.31,929.36,,2016-01-22,929.36,SL,21,-21.36,CLOSED
INDIGO,2016-04,23.22,2016-05-02,968.25,815.79,,2016-07-01,958.69,EMA,60,-1.29,CLOSED
INDIGO,2017-10,13.77,2017-11-01,1279.43,1064.28,,2018-06-01,1195.63,EMA,212,-6.85,CLOSED
INDIGO,2019-01,1.95,2019-02-01,1179.31,1041.62,,2019-11-01,1469.82,EMA,273,24.33,CLOSED
INDIGO,2021-10,7.59,2021-11-01,2164.34,1846.88,,2021-11-29,1846.88,SL,28,-14.97,CLOSED
INDIGO,2022-03,7.43,2022-04-01,2014.1,1552.48,,2022-05-02,1815.88,EMA,31,-10.14,CLOSED
INDIGO,2023-03,2.93,2023-04-03,1896.79,1807.6,,2026-01-01,5081.0,EMA,1004,167.57,CLOSED
IGIL,2025-05,12.03,2025-06-02,391.92,315.47,,2025-07-01,370.9,EMA,29,-5.66,CLOSED
IKS,2026-04,24.56,2026-05-01,1654.7,1302.5,,2026-09-30,1747.5,OPEN,152,5.31,OPEN
IPCALAB,2007-06,15.67,2007-07-02,65.16,55.51,,2007-10-08,55.51,SL,98,-15.12,CLOSED
IPCALAB,2009-10,12.45,2009-11-03,86.33,70.33,,2011-03-01,130.48,EMA,483,50.83,CLOSED
IPCALAB,2011-05,9.97,2011-06-01,156.63,133.72,,2011-09-02,146.33,EMA,93,-6.88,CLOSED
IPCALAB,2012-06,4.59,2012-07-02,177.76,157.82,,2014-08-01,342.35,EMA,760,92.29,CLOSED
IPCALAB,2016-07,5.55,2016-08-01,252.29,222.26,,2016-09-01,262.07,EMA,31,3.58,CLOSED
IPCALAB,2019-03,18.49,2019-04-01,479.74,393.11,,2021-02-01,915.84,EMA,672,90.6,CLOSED
IPCALAB,2022-09,1.08,2022-10-03,902.87,840.75,,2022-11-01,888.32,EMA,29,-1.91,CLOSED
IPCALAB,2023-03,0.3,2023-04-03,802.65,760.2,,2023-04-25,760.2,SL,22,-5.59,CLOSED
IPCALAB,2023-11,15.38,2023-12-01,1124.32,957.21,,2025-03-03,1343.46,EMA,458,19.19,CLOSED
IPCALAB,2025-03,10.81,2025-04-01,1486.42,1271.81,,2025-04-07,1162.54,SL,6,-22.09,CLOSED
IPCALAB,2026-08,13.39,2026-09-01,1985.0,1674.4,,2026-09-30,1927.0,OPEN,29,-3.22,OPEN
JKCEMENT,2009-11,17.19,2009-12-01,114.08,98.72,,2010-12-01,135.98,EMA,365,18.89,CLOSED
JKCEMENT,2015-06,5.56,2015-07-01,625.29,515.05,,2016-01-01,538.52,EMA,184,-14.18,CLOSED
JKCEMENT,2016-06,14.47,2016-07-01,617.8,533.85,,2016-12-01,689.35,EMA,153,11.28,CLOSED
JKCEMENT,2017-03,5.52,2017-04-03,879.61,784.71,,2018-05-02,946.64,EMA,394,7.32,CLOSED
JKCEMENT,2022-07,18.74,2022-08-01,2451.15,2055.56,,2022-10-03,2556.65,EMA,63,4.0,CLOSED
JKCEMENT,2022-11,13.53,2022-12-01,3032.69,2650.25,,2023-01-24,2650.25,SL,54,-12.91,CLOSED
JKCEMENT,2023-11,15.52,2023-12-01,3604.15,3046.69,,2025-12-01,5730.67,EMA,731,58.7,CLOSED
JBMA,2009-12,4.5,2010-01-04,2.33,2.02,,2011-03-01,2.54,EMA,421,8.87,CLOSED
JBMA,2013-07,29.93,2013-08-01,2.38,1.93,,2013-09-02,2.34,EMA,32,-1.96,CLOSED
JBMA,2014-02,54.88,2014-03-03,4.69,2.75,,2015-07-01,31.59,EMA,485,573.57,CLOSED
JBMA,2020-11,12.55,2020-12-01,54.0,45.46,,2020-12-22,45.46,SL,21,-16.11,CLOSED
JBMA,2023-12,17.81,2024-01-01,746.38,617.83,,2024-10-01,900.25,EMA,274,20.31,CLOSED
JKTYRE,2012-01,24.86,2012-02-01,11.97,9.32,,2012-03-01,12.85,EMA,29,7.01,CLOSED
JKTYRE,2014-11,35.52,2014-12-01,114.43,83.46,,2015-03-26,83.46,SL,115,-27.36,CLOSED
JKTYRE,2017-02,3.36,2017-03-01,110.22,98.36,,2017-12-01,129.17,EMA,275,16.89,CLOSED
JKTYRE,2023-07,13.32,2023-08-01,259.16,219.52,,2024-09-02,398.33,EMA,398,53.4,CLOSED
JMFINANCIL,2007-12,21.36,2008-01-01,79.07,62.35,,2008-02-08,62.35,SL,38,-21.45,CLOSED
JMFINANCIL,2008-08,3.84,2008-09-01,36.25,32.78,,2008-09-18,31.88,SL,17,-12.34,CLOSED
JMFINANCIL,2010-05,3.39,2010-06-01,26.9,18.95,,2010-07-01,24.27,EMA,30,-10.07,CLOSED
JMFINANCIL,2018-12,6.59,2019-01-01,81.3,70.08,,2019-01-24,68.65,SL,23,-15.86,CLOSED
JSWENERGY,2014-06,14.53,2014-07-01,73.09,60.95,,2014-07-14,60.95,SL,13,-16.91,CLOSED
JSWENERGY,2014-11,17.06,2014-12-01,83.09,65.67,,2015-07-01,87.15,EMA,212,4.59,CLOSED
JSWENERGY,2015-09,23.87,2015-10-01,85.7,59.72,,2015-12-01,77.67,EMA,61,-9.67,CLOSED
JSWENERGY,2017-12,10.33,2018-01-01,86.24,72.13,,2018-03-07,72.13,SL,65,-16.66,CLOSED
JSWENERGY,2018-08,10.62,2018-09-03,67.9,60.17,,2018-09-21,60.17,SL,18,-11.69,CLOSED
JSWENERGY,2021-08,4.79,2021-09-01,261.51,208.44,,2022-06-01,272.89,EMA,273,4.05,CLOSED
JSWENERGY,2024-03,4.05,2024-04-01,527.36,447.42,,2025-02-01,505.72,EMA,306,-4.4,CLOSED
JSWSTEEL,2007-03,8.3,2007-04-02,40.15,31.9,,2008-04-01,68.42,EMA,365,70.11,CLOSED
JSWSTEEL,2011-05,2.96,2011-06-01,82.06,71.74,,2011-06-20,71.74,SL,19,-12.87,CLOSED
JSWSTEEL,2012-01,37.91,2012-02-01,59.49,42.7,,2012-04-02,61.23,EMA,61,2.63,CLOSED
JSWSTEEL,2014-10,9.23,2014-11-03,111.61,94.86,,2014-12-16,94.86,SL,43,-15.3,CLOSED
JSWSTEEL,2016-03,13.92,2016-04-01,113.52,100.54,,2018-12-03,293.5,EMA,976,158.25,CLOSED
JSWSTEEL,2019-04,6.97,2019-05-02,283.41,261.36,,2019-05-09,261.36,SL,7,-8.08,CLOSED
JSWSTEEL,2020-07,17.55,2020-08-03,208.01,175.61,,2022-06-01,526.58,EMA,667,152.85,CLOSED
JSWSTEEL,2022-11,10.3,2022-12-01,732.05,656.46,,2023-02-27,656.46,SL,88,-10.63,CLOSED
JSWSTEEL,2023-03,3.13,2023-04-03,676.44,635.93,,2023-11-01,725.04,EMA,212,6.88,CLOSED
JSWSTEEL,2023-11,8.79,2023-12-01,792.05,711.37,,2025-01-01,893.6,EMA,397,12.52,CLOSED
JPPOWER,2014-10,6.83,2014-11-03,13.4,11.5,,2014-12-01,13.2,EMA,28,-1.79,CLOSED
JPPOWER,2017-01,25.32,2017-02-01,5.2,3.9,,2017-04-03,5.05,EMA,61,-3.18,CLOSED
JPPOWER,2017-12,35.0,2018-01-01,9.9,6.45,,2018-02-02,6.45,SL,32,-35.15,CLOSED
JPPOWER,2019-12,34.78,2020-01-01,1.6,1.25,,2020-02-28,1.25,SL,58,-22.18,CLOSED
JPPOWER,2020-06,129.41,2020-07-01,2.0,0.9,,2023-03-01,6.6,EMA,973,229.7,CLOSED
JPPOWER,2024-01,32.97,2024-02-01,18.65,13.95,,2025-02-01,16.74,EMA,366,-10.54,CLOSED
J&KBANK,2010-02,6.3,2010-03-02,49.89,46.0,,2011-02-01,61.03,EMA,336,22.03,CLOSED
J&KBANK,2012-01,22.78,2012-02-01,69.86,56.12,,2013-08-01,102.19,EMA,547,45.97,CLOSED
J&KBANK,2014-03,15.34,2014-04-01,140.13,119.87,,2017-02-27,74.41,SL,1063,-47.2,CLOSED
J&KBANK,2018-07,15.51,2018-08-01,55.4,41.7,,2018-09-03,52.63,EMA,33,-5.3,CLOSED
J&KBANK,2022-10,43.32,2022-11-01,37.45,26.17,,2024-07-01,110.55,EMA,608,194.93,CLOSED
J&KBANK,2025-06,11.61,2025-07-01,113.85,98.41,,2025-08-06,98.41,SL,36,-13.86,CLOSED
JINDALSAW,2006-01,4.37,2006-02-01,31.37,27.9,,2006-05-19,27.9,SL,107,-11.36,CLOSED
JINDALSAW,2009-11,33.65,2009-12-01,73.71,50.44,,2010-12-01,73.67,EMA,365,-0.35,CLOSED
JINDALSAW,2012-06,6.94,2012-07-02,53.37,47.63,,2012-07-31,47.63,SL,29,-11.05,CLOSED
JINDALSAW,2017-07,22.26,2017-08-01,44.18,35.11,,2018-06-01,44.38,EMA,304,0.17,CLOSED
JINDALSAW,2023-01,20.86,2023-02-01,60.15,49.92,,2025-01-01,284.02,EMA,700,371.89,CLOSED
JSL,2020-10,41.15,2020-11-02,61.35,41.96,,2022-06-01,110.65,EMA,576,80.07,CLOSED
JSL,2023-07,21.35,2023-08-01,395.98,326.85,,2024-11-01,671.54,EMA,458,69.29,CLOSED
JSL,2025-11,2.3,2025-12-01,771.66,711.63,,2026-03-09,711.63,SL,98,-8.08,CLOSED
JINDALSTEL,2005-12,11.39,2006-01-02,49.62,44.07,,2006-06-08,44.07,SL,157,-11.48,CLOSED
JINDALSTEL,2006-09,16.24,2006-10-03,54.73,47.05,,2008-07-01,280.77,EMA,637,412.71,CLOSED
JINDALSTEL,2011-03,6.01,2011-04-01,674.23,617.19,,2011-05-02,641.4,EMA,31,-5.17,CLOSED
JINDALSTEL,2012-06,6.81,2012-07-02,458.35,397.93,,2012-07-25,395.11,SL,23,-14.1,CLOSED
JINDALSTEL,2012-11,3.79,2012-12-03,393.99,355.08,,2013-02-01,410.77,EMA,60,3.96,CLOSED
JINDALSTEL,2013-11,7.63,2013-12-02,253.12,227.9,,2014-01-01,257.58,EMA,30,1.46,CLOSED
JINDALSTEL,2016-06,7.27,2016-07-01,67.87,59.4,,2016-10-03,75.79,EMA,94,11.38,CLOSED
JINDALSTEL,2017-12,19.25,2018-01-01,201.29,155.27,,2018-08-01,204.34,EMA,212,1.22,CLOSED
JINDALSTEL,2019-12,4.16,2020-01-01,165.17,129.93,,2020-03-09,129.93,SL,68,-21.63,CLOSED
JINDALSTEL,2020-05,27.95,2020-06-01,121.27,82.04,,2021-12-01,341.55,EMA,548,181.36,CLOSED
JINDALSTEL,2022-08,11.39,2022-09-01,419.9,367.07,,2023-06-01,515.36,EMA,273,22.43,CLOSED
JINDALSTEL,2023-07,15.09,2023-08-01,664.02,575.96,,2024-12-02,902.59,EMA,489,35.63,CLOSED
JINDALSTEL,2025-09,12.47,2025-10-01,1061.9,941.61,,2026-07-01,1043.63,EMA,273,-2.02,CLOSED
JINDALSTEL,2026-08,8.4,2026-09-01,1175.7,1084.06,,2026-09-11,1084.06,SL,10,-8.09,CLOSED
JIOFIN,2026-07,8.47,2026-08-03,259.39,228.46,,2026-09-01,240.0,EMA,29,-7.78,CLOSED
JUBLFOOD,2011-06,13.14,2011-07-01,92.99,74.75,,2011-08-05,74.75,SL,35,-19.91,CLOSED
JUBLFOOD,2012-01,25.09,2012-02-01,91.44,71.12,,2013-03-01,101.78,EMA,394,11.01,CLOSED
JUBLFOOD,2015-05,20.07,2015-06-01,173.15,134.92,,2015-10-01,157.73,EMA,122,-9.2,CLOSED
JUBLFOOD,2016-03,28.35,2016-04-01,124.9,96.08,,2016-05-02,112.3,EMA,31,-10.39,CLOSED
JUBLFOOD,2018-04,9.22,2018-05-02,249.87,224.59,,2018-09-21,224.59,SL,142,-10.42,CLOSED
JUBLFOOD,2019-03,15.03,2019-04-01,285.31,247.15,,2019-05-08,247.15,SL,37,-13.68,CLOSED
JUBLFOOD,2019-10,17.77,2019-11-01,313.86,246.13,,2020-03-18,246.13,SL,138,-21.88,CLOSED
JUBLFOOD,2024-07,6.53,2024-08-01,598.25,546.24,,2025-03-03,624.08,EMA,214,4.02,CLOSED
JUBLINGREA,2023-04,17.09,2023-05-02,409.24,351.51,,2023-06-01,380.21,EMA,30,-7.39,CLOSED
JUBLINGREA,2023-08,24.92,2023-09-01,504.89,402.88,,2023-11-01,412.01,EMA,61,-18.7,CLOSED
JUBLINGREA,2024-11,9.47,2024-12-02,783.14,633.22,,2025-01-28,633.22,SL,57,-19.44,CLOSED
JWL,2013-12,15.68,2014-01-01,11.12,8.29,,2014-02-03,10.42,EMA,33,-6.55,CLOSED
JWL,2020-05,1.82,2020-06-01,8.94,7.4,,2020-08-03,12.51,EMA,63,39.7,CLOSED
JWL,2023-01,34.1,2023-02-01,124.05,91.68,,2023-03-24,91.68,SL,51,-26.39,CLOSED
JYOTICNC,2024-04,3.45,2024-05-02,859.9,708.0,,2025-02-01,1075.85,EMA,275,24.81,CLOSED
JYOTICNC,2025-05,20.34,2025-06-02,1305.9,1071.6,,2025-06-30,1071.6,SL,28,-18.24,CLOSED
KPRMILL,2009-05,72.58,2009-06-01,4.17,2.3,,2011-02-01,14.09,EMA,610,237.78,CLOSED
KPRMILL,2016-03,31.08,2016-04-01,79.07,61.26,,2017-12-01,139.01,EMA,609,75.5,CLOSED
KPRMILL,2024-11,4.75,2024-12-02,980.32,862.92,,2025-01-28,862.92,SL,57,-12.28,CLOSED
KEI,2009-05,62.82,2009-06-01,21.51,11.52,,2010-06-01,28.14,EMA,365,30.55,CLOSED
KEI,2016-06,4.72,2016-07-01,109.86,91.19,,2018-10-01,351.28,EMA,822,219.46,CLOSED
KEI,2022-08,18.9,2022-09-01,1472.58,1214.88,,2025-02-01,4055.2,EMA,884,175.08,CLOSED
KEI,2025-04,5.9,2025-05-02,3059.98,2421.13,,2026-04-01,4131.2,EMA,334,34.71,CLOSED
KPITTECH,2020-04,58.16,2020-05-04,51.17,33.74,,2020-06-01,49.92,EMA,28,-2.75,CLOSED
KSB,2006-07,15.84,2006-08-01,37.63,27.02,,2007-03-01,40.12,EMA,212,6.31,CLOSED
KSB,2008-07,26.74,2008-08-01,23.29,17.7,,2008-09-01,23.52,EMA,31,0.7,CLOSED
KSB,2014-02,4.05,2014-03-03,45.09,41.91,,2015-05-04,104.05,EMA,427,130.47,CLOSED
KSB,2015-06,7.81,2015-07-01,115.09,99.92,,2015-09-01,109.29,EMA,62,-5.34,CLOSED
KSB,2015-10,2.64,2015-11-02,111.43,104.08,,2015-11-16,104.08,SL,14,-6.89,CLOSED
KSB,2015-12,8.78,2016-01-01,110.71,100.83,,2016-01-15,100.83,SL,14,-9.23,CLOSED
KSB,2016-06,8.76,2016-07-01,136.63,120.03,,2016-08-03,120.03,SL,33,-12.45,CLOSED
KSB,2019-10,0.4,2019-11-01,131.6,118.2,,2019-12-02,126.71,EMA,31,-4.01,CLOSED
KSB,2022-03,20.27,2022-04-01,259.98,199.84,,2024-11-01,799.34,EMA,945,207.16,CLOSED
KSB,2026-06,21.38,2026-07-01,959.1,750.0,,2026-09-01,808.35,EMA,62,-16.02,CLOSED
KAJARIACER,2012-11,21.33,2012-12-03,115.5,94.0,,2013-01-21,94.0,SL,49,-18.92,CLOSED
KAJARIACER,2013-04,9.74,2013-05-02,97.89,79.29,,2015-09-01,314.75,EMA,852,221.23,CLOSED
KAJARIACER,2015-09,16.13,2015-10-01,369.89,310.15,,2016-12-01,493.62,EMA,427,33.15,CLOSED
KAJARIACER,2017-12,0.73,2018-01-01,676.62,621.89,,2018-01-30,621.89,SL,29,-8.39,CLOSED
KAJARIACER,2020-11,13.79,2020-12-01,614.1,522.98,,2022-03-02,1034.78,EMA,456,68.2,CLOSED
KAJARIACER,2022-07,24.1,2022-08-01,1143.5,902.14,,2022-11-01,1060.58,EMA,92,-7.55,CLOSED
KAJARIACER,2023-11,6.58,2023-12-01,1318.62,1207.84,,2024-02-09,1207.84,SL,70,-8.7,CLOSED
KPIL,2015-09,2.71,2015-10-01,238.19,196.97,,2016-01-13,196.97,SL,104,-17.61,CLOSED
KPIL,2018-02,12.93,2018-03-01,455.75,361.11,,2018-06-05,361.11,SL,96,-21.06,CLOSED
KPIL,2020-11,28.29,2020-12-01,296.12,226.42,,2021-12-01,368.67,EMA,365,24.2,CLOSED
KPIL,2022-07,5.74,2022-08-01,358.14,334.73,,2024-12-02,1136.83,EMA,854,217.13,CLOSED
KPIL,2025-12,0.23,2026-01-01,1209.31,1108.12,,2026-01-09,1108.12,SL,8,-8.67,CLOSED
KPIL,2026-02,8.4,2026-03-02,1185.4,1066.46,,2026-03-09,1066.46,SL,7,-10.33,CLOSED
KARURVYSYA,2006-10,5.66,2006-11-01,12.29,11.34,,2008-04-01,18.08,EMA,517,46.85,CLOSED
KARURVYSYA,2008-04,12.0,2008-05-02,19.8,17.44,,2008-06-02,19.58,EMA,31,-1.38,CLOSED
KARURVYSYA,2009-09,9.1,2009-10-01,20.87,17.8,,2011-05-02,33.71,EMA,578,61.26,CLOSED
KARURVYSYA,2011-10,5.29,2011-11-01,42.86,37.98,,2011-11-24,37.98,SL,23,-11.69,CLOSED
KARURVYSYA,2012-06,3.88,2012-07-02,46.1,43.08,,2012-09-11,43.08,SL,71,-6.84,CLOSED
KARURVYSYA,2012-12,19.77,2013-01-01,62.56,51.68,,2013-03-04,51.68,SL,62,-17.7,CLOSED
KARURVYSYA,2013-04,3.95,2013-05-02,51.57,48.5,,2013-06-03,50.51,EMA,32,-2.36,CLOSED
KARURVYSYA,2014-03,19.16,2014-04-01,42.95,35.72,,2015-05-04,57.42,EMA,398,33.39,CLOSED
KARURVYSYA,2015-11,7.31,2015-12-01,55.14,50.09,,2016-02-01,54.93,EMA,62,-0.68,CLOSED
KARURVYSYA,2016-03,12.27,2016-04-01,53.96,47.75,,2016-12-01,52.86,EMA,244,-2.33,CLOSED
KARURVYSYA,2017-03,11.78,2017-04-03,70.3,60.3,,2017-12-01,78.23,EMA,242,10.98,CLOSED
KARURVYSYA,2018-04,8.41,2018-05-02,75.15,68.6,,2018-05-10,68.6,SL,8,-9.03,CLOSED
KARURVYSYA,2018-12,12.66,2019-01-01,66.9,57.64,,2019-02-01,66.29,EMA,31,-1.2,CLOSED
KARURVYSYA,2022-10,27.61,2022-11-01,83.27,62.5,,2025-03-03,164.51,EMA,853,97.27,CLOSED
KARURVYSYA,2025-06,20.68,2025-07-01,219.74,181.5,,2026-09-30,324.8,OPEN,456,47.51,OPEN
KEC,2008-12,33.56,2009-01-02,29.18,18.25,,2009-02-02,26.68,EMA,31,-8.87,CLOSED
KEC,2012-11,2.36,2012-12-03,56.4,51.74,,2013-02-01,54.18,EMA,60,-4.24,CLOSED
KEC,2013-10,33.95,2013-11-01,33.14,24.48,,2015-01-01,85.16,EMA,426,156.69,CLOSED
KEC,2016-03,22.34,2016-04-01,117.74,91.79,,2016-10-03,115.52,EMA,185,-2.18,CLOSED
KEC,2016-11,17.68,2016-12-01,135.39,101.89,,2018-07-02,313.26,EMA,578,131.07,CLOSED
KFINTECH,2023-08,16.16,2023-09-01,436.74,358.77,,2025-03-03,863.4,EMA,549,97.39,CLOSED
KIRLOSBROS,2006-11,8.05,2006-12-01,349.91,301.88,,2007-01-02,345.46,EMA,32,-1.57,CLOSED
KIRLOSBROS,2007-08,6.24,2007-09-03,383.48,334.62,,2007-11-01,339.81,EMA,59,-11.69,CLOSED
KIRLOSBROS,2019-02,13.81,2019-03-01,149.5,126.42,,2019-04-01,159.49,EMA,31,6.38,CLOSED
KIRLOSBROS,2019-05,9.32,2019-06-03,172.77,136.98,,2019-07-01,172.35,EMA,28,-0.54,CLOSED
KIRLOSBROS,2021-09,4.49,2021-10-01,384.44,331.72,,2021-12-20,331.72,SL,80,-14.01,CLOSED
KIRLOSBROS,2022-07,10.47,2022-08-01,333.57,295.53,,2022-08-10,295.53,SL,9,-11.7,CLOSED
KIRLOSBROS,2023-11,8.62,2023-12-01,979.15,795.29,,2025-03-03,1587.78,EMA,458,61.86,CLOSED
KIRLOSENG,2012-03,2.74,2012-04-02,109.93,103.2,,2013-04-01,127.6,EMA,364,15.77,CLOSED
KIRLOSENG,2017-07,2.19,2017-08-01,339.9,323.02,,2017-08-21,323.02,SL,20,-5.27,CLOSED
KIRLOSENG,2026-05,13.53,2026-06-01,1926.13,1532.86,,2026-09-30,2304.2,OPEN,121,19.33,OPEN
KOTAKBANK,2006-07,16.67,2006-08-01,13.95,11.25,,2008-03-03,38.94,EMA,580,178.88,CLOSED
KOTAKBANK,2009-09,8.84,2009-10-01,38.16,31.2,,2011-02-01,38.08,EMA,488,-0.51,CLOSED
KOTAKBANK,2011-05,2.64,2011-06-01,43.55,39.77,,2012-01-02,42.78,EMA,215,-2.06,CLOSED
KOTAKBANK,2012-01,15.75,2012-02-01,49.22,41.32,,2013-08-01,64.88,EMA,547,31.53,CLOSED
KOTAKBANK,2014-03,14.11,2014-04-01,77.39,65.9,,2016-03-01,122.99,EMA,700,58.62,CLOSED
KOTAKBANK,2016-04,5.36,2016-05-02,141.67,130.03,,2017-01-02,142.91,EMA,245,0.58,CLOSED
KOTAKBANK,2017-07,6.96,2017-08-01,203.38,186.62,,2018-10-01,216.6,EMA,426,6.2,CLOSED
KOTAKBANK,2018-11,10.26,2018-12-03,246.41,218.81,,2020-03-19,217.72,SL,472,-11.94,CLOSED
KOTAKBANK,2021-05,3.37,2021-06-01,360.87,335.02,,2021-07-26,335.02,SL,55,-7.46,CLOSED
KOTAKBANK,2023-04,11.84,2023-05-02,381.76,344.98,,2023-07-03,369.42,EMA,62,-3.53,CLOSED
KOTAKBANK,2023-12,8.7,2024-01-01,380.29,348.26,,2024-02-08,348.26,SL,38,-8.72,CLOSED
KOTAKBANK,2025-11,1.06,2025-12-01,426.06,411.13,,2026-01-27,411.13,SL,57,-3.81,CLOSED
KOTAKBANK,2026-04,8.46,2026-05-01,382.64,344.9,,2026-06-01,383.49,EMA,31,-0.08,CLOSED
KIMS,2022-07,4.85,2022-08-01,250.0,233.4,,2022-09-01,243.19,EMA,31,-3.02,CLOSED
KIMS,2022-12,3.33,2023-01-02,309.0,278.0,,2023-02-20,278.0,SL,49,-10.33,CLOSED
KIMS,2024-01,7.93,2024-02-01,427.2,380.65,,2024-03-18,380.41,SL,46,-11.25,CLOSED
KIMS,2025-05,4.17,2025-06-02,686.0,608.85,,2025-12-30,608.85,SL,211,-11.55,CLOSED
LTF,2013-10,27.83,2013-11-01,67.76,52.28,,2014-02-03,55.55,EMA,94,-18.32,CLOSED
LTF,2014-10,5.0,2014-11-03,57.66,52.71,,2014-12-17,52.71,SL,44,-8.89,CLOSED
LTF,2016-10,16.69,2016-11-01,91.21,76.12,,2016-11-15,76.12,SL,14,-16.85,CLOSED
LTF,2017-07,21.28,2017-08-01,147.59,119.0,,2018-03-01,136.87,EMA,212,-7.56,CLOSED
LTF,2018-11,12.88,2018-12-03,123.66,108.84,,2019-01-01,130.69,EMA,29,5.38,CLOSED
LTF,2019-03,23.67,2019-04-01,130.43,106.07,,2019-05-02,111.6,EMA,31,-14.74,CLOSED
LTF,2021-05,7.64,2021-06-01,88.19,79.22,,2021-08-11,79.22,SL,71,-10.47,CLOSED
LTF,2023-04,12.8,2023-05-02,86.24,77.87,,2024-11-01,143.1,EMA,549,65.63,CLOSED
LTF,2025-06,20.27,2025-07-01,205.39,168.72,,2026-04-01,246.32,EMA,274,19.63,CLOSED
LTF,2026-06,8.43,2026-07-01,312.7,256.1,,2026-09-30,265.0,OPEN (EMA exit due),91,-15.55,OPEN
LTTS,2016-11,4.31,2016-12-01,766.98,666.42,,2017-01-02,712.58,EMA,32,-7.39,CLOSED
LTTS,2017-08,1.58,2017-09-01,693.9,650.15,,2019-08-01,1324.96,EMA,699,90.64,CLOSED
LTTS,2022-03,12.65,2022-04-01,4830.9,4196.85,,2022-04-18,4196.85,SL,17,-13.42,CLOSED
LTTS,2023-11,13.91,2023-12-01,4637.95,4014.91,,2024-05-02,4493.98,EMA,153,-3.4,CLOSED
LTTS,2024-07,6.25,2024-08-01,5117.53,4599.42,,2024-11-01,4832.04,EMA,92,-5.88,CLOSED
LTTS,2025-11,7.81,2025-12-01,4439.93,3977.25,,2026-01-16,3977.25,SL,46,-10.72,CLOSED
LGEINDIA,2026-02,8.64,2026-03-02,1501.0,1392.0,,2026-04-01,1454.0,EMA,30,-3.43,CLOSED
LICHSGFIN,2006-09,2.8,2006-10-03,23.65,21.09,,2006-12-01,23.71,EMA,59,-0.07,CLOSED
LICHSGFIN,2007-06,24.52,2007-07-02,30.24,23.35,,2008-07-01,40.09,EMA,365,32.3,CLOSED
LICHSGFIN,2011-06,5.35,2011-07-01,189.44,165.06,,2011-07-28,164.28,SL,27,-13.58,CLOSED
LICHSGFIN,2012-06,13.9,2012-07-02,212.32,179.77,,2012-09-03,191.25,EMA,63,-10.23,CLOSED
LICHSGFIN,2012-11,9.32,2012-12-03,211.17,192.4,,2013-02-21,192.4,SL,80,-9.19,CLOSED
LICHSGFIN,2013-10,19.47,2013-11-01,182.38,152.22,,2013-12-02,169.45,EMA,31,-7.39,CLOSED
LICHSGFIN,2013-12,5.38,2014-01-01,178.37,159.16,,2014-01-28,159.16,SL,27,-11.07,CLOSED
LICHSGFIN,2014-10,11.23,2014-11-03,299.67,250.07,,2016-03-01,352.35,EMA,484,17.28,CLOSED
LICHSGFIN,2016-03,16.9,2016-04-01,406.63,352.02,,2016-05-02,381.86,EMA,31,-6.39,CLOSED
LICHSGFIN,2016-05,1.83,2016-06-01,390.92,358.34,,2017-10-03,535.88,EMA,489,36.78,CLOSED
LICHSGFIN,2019-02,5.94,2019-03-01,408.96,373.95,,2019-08-22,373.95,SL,174,-8.86,CLOSED
LICHSGFIN,2019-10,9.49,2019-11-01,361.73,308.43,,2020-01-01,380.03,EMA,61,4.76,CLOSED
LICHSGFIN,2022-07,17.96,2022-08-01,351.59,292.14,,2023-03-01,327.92,EMA,212,-7.03,CLOSED
LICHSGFIN,2023-04,4.7,2023-05-02,320.66,301.98,,2024-11-01,606.86,EMA,549,88.96,CLOSED
LICHSGFIN,2024-11,1.23,2024-12-02,615.58,578.35,,2024-12-18,578.35,SL,16,-6.35,CLOSED
LICHSGFIN,2026-08,4.99,2026-09-01,538.4,485.45,,2026-09-30,530.2,OPEN (EMA exit due),29,-1.82,OPEN
LTFOODS,2024-08,29.75,2024-09-02,377.39,284.43,,2025-03-03,331.91,EMA,182,-12.35,CLOSED
LTFOODS,2025-05,26.94,2025-06-02,435.84,326.95,,2025-10-01,405.54,EMA,121,-7.25,CLOSED
LTM,2016-11,0.53,2016-12-01,560.02,515.91,,2018-12-03,1424.0,EMA,732,153.97,CLOSED
LTM,2019-10,14.81,2019-11-01,1565.63,1331.39,,2020-03-13,1331.39,SL,133,-15.26,CLOSED
LTM,2021-07,16.02,2021-08-02,4441.7,3714.49,,2022-05-02,4511.11,EMA,273,1.26,CLOSED
LTM,2023-06,3.98,2023-07-03,4970.13,4542.26,,2024-03-01,5114.4,EMA,242,2.6,CLOSED
LTM,2024-08,8.8,2024-09-02,5924.08,5103.77,,2025-01-01,5479.88,EMA,121,-7.8,CLOSED
LTM,2025-11,7.25,2025-12-01,6041.04,5435.65,,2026-02-06,5435.65,SL,67,-10.32,CLOSED
LT,2005-12,9.49,2006-01-02,158.37,142.54,,2008-04-01,534.22,EMA,820,237.02,CLOSED
LT,2009-09,7.77,2009-10-01,596.66,531.54,,2009-11-05,531.54,SL,35,-11.21,CLOSED
LT,2011-06,11.05,2011-07-01,658.19,580.49,,2011-08-05,576.34,SL,35,-12.74,CLOSED
LT,2012-06,19.21,2012-07-02,503.18,397.32,,2013-03-01,498.57,EMA,242,-1.22,CLOSED
LT,2013-11,7.42,2013-12-02,576.89,504.97,,2015-09-01,892.24,EMA,638,54.36,CLOSED
LT,2018-04,6.87,2018-05-02,1247.59,1133.55,,2018-06-21,1133.55,SL,50,-9.44,CLOSED
LT,2018-08,6.51,2018-09-03,1223.48,1090.9,,2018-10-01,1133.61,EMA,28,-7.65,CLOSED
LT,2018-10,2.0,2018-11-01,1190.07,1052.19,,2019-02-01,1170.54,EMA,92,-1.94,CLOSED
LT,2020-01,5.48,2020-02-03,1162.69,1156.7,,2020-02-03,1156.7,SL,0,-0.82,CLOSED
LT,2020-05,3.87,2020-06-01,863.35,723.56,,2020-07-01,860.01,EMA,30,-0.69,CLOSED
LT,2021-08,4.42,2021-09-01,1589.31,1485.24,,2022-05-02,1585.84,EMA,243,-0.52,CLOSED
LT,2022-10,9.49,2022-11-01,1955.95,1746.1,,2025-02-01,3510.65,EMA,823,79.19,CLOSED
LT,2025-05,10.0,2025-06-02,3605.92,3222.28,,2026-04-01,3619.65,EMA,303,0.08,CLOSED
LAURUSLABS,2019-03,21.55,2019-04-01,78.25,64.41,,2019-05-02,73.75,EMA,31,-6.05,CLOSED
LAURUSLABS,2019-09,13.87,2019-10-01,72.22,62.49,,2019-10-11,62.49,SL,10,-13.78,CLOSED
LAURUSLABS,2021-05,15.87,2021-06-01,517.89,448.5,,2021-11-01,512.17,EMA,153,-1.4,CLOSED
LAURUSLABS,2023-11,5.4,2023-12-01,381.11,354.5,,2024-02-01,379.47,EMA,62,-0.73,CLOSED
LAURUSLABS,2024-08,1.35,2024-09-02,468.52,416.03,,2026-09-30,1980.0,OPEN,758,322.31,OPEN
LICI,2023-07,1.7,2023-08-01,307.64,292.03,,2023-10-25,292.03,SL,85,-5.38,CLOSED
LICI,2024-11,6.77,2024-12-02,474.92,420.44,,2025-01-01,432.01,EMA,30,-9.34,CLOSED
LICI,2025-05,19.94,2025-06-02,459.98,366.44,,2025-09-01,417.12,EMA,91,-9.62,CLOSED
LINDEINDIA,2014-03,8.89,2014-04-01,304.45,262.29,,2015-05-04,373.48,EMA,398,22.37,CLOSED
LINDEINDIA,2016-05,5.96,2016-06-01,273.11,244.35,,2017-10-03,370.45,EMA,489,35.34,CLOSED
LINDEINDIA,2021-02,72.07,2021-03-01,1576.94,873.29,,2022-11-01,3064.12,EMA,610,94.01,CLOSED
LINDEINDIA,2023-07,15.54,2023-08-01,4943.93,4255.14,,2024-12-02,6896.46,EMA,489,39.19,CLOSED
LLOYDSME,2024-04,23.29,2024-05-02,743.02,595.76,,2024-06-04,595.76,SL,33,-20.12,CLOSED
LLOYDSME,2024-12,18.5,2025-01-01,1236.64,1040.1,,2025-02-28,1036.56,SL,58,-16.48,CLOSED
LLOYDSME,2025-06,14.05,2025-07-01,1597.05,1329.21,,2025-08-26,1329.21,SL,56,-17.07,CLOSED
LODHA,2023-07,11.7,2023-08-01,752.51,651.82,,2023-08-25,651.82,SL,24,-13.68,CLOSED
LODHA,2023-12,16.09,2024-01-01,1006.36,869.78,,2025-02-01,1210.1,EMA,397,19.95,CLOSED
LUPIN,2006-11,3.31,2006-12-01,91.85,84.42,,2007-09-03,104.04,EMA,276,12.97,CLOSED
LUPIN,2008-12,5.46,2009-01-02,114.45,94.96,,2009-01-28,94.96,SL,26,-17.33,CLOSED
LUPIN,2009-03,5.43,2009-04-01,122.48,101.04,,2011-03-01,347.95,EMA,699,183.79,CLOSED
LUPIN,2011-05,6.59,2011-06-01,433.52,370.92,,2012-01-02,414.95,EMA,215,-4.58,CLOSED
LUPIN,2012-07,12.52,2012-08-01,560.13,488.97,,2012-10-05,488.97,SL,65,-13.0,CLOSED
LUPIN,2012-11,4.33,2012-12-03,549.04,514.93,,2015-12-01,1688.45,EMA,1093,207.23,CLOSED
LUPIN,2016-04,8.65,2016-05-02,1515.85,1346.07,,2016-06-01,1387.95,EMA,30,-8.74,CLOSED
LUPIN,2016-07,13.5,2016-08-01,1642.22,1446.49,,2016-08-23,1446.25,SL,22,-12.23,CLOSED
LUPIN,2018-08,12.99,2018-09-03,893.66,764.36,,2018-11-01,834.98,EMA,59,-6.87,CLOSED
LUPIN,2018-11,0.15,2018-12-03,846.0,792.03,,2018-12-10,792.03,SL,7,-6.68,CLOSED
LUPIN,2019-10,4.11,2019-11-01,724.17,620.73,,2020-01-01,735.02,EMA,61,1.2,CLOSED
LUPIN,2020-07,1.62,2020-08-03,884.53,795.63,,2021-09-01,934.18,EMA,394,5.31,CLOSED
LUPIN,2022-09,1.61,2022-10-03,664.15,609.38,,2022-11-01,684.7,EMA,29,2.79,CLOSED
LUPIN,2022-11,9.6,2022-12-01,750.77,673.01,,2023-02-13,673.01,SL,74,-10.66,CLOSED
LUPIN,2023-04,9.42,2023-05-02,693.45,629.92,,2025-03-03,1878.61,EMA,671,170.61,CLOSED
LUPIN,2025-11,6.05,2025-12-01,2079.82,1930.11,,2026-09-01,2190.2,EMA,274,5.01,CLOSED
MMTC,2023-07,20.6,2023-08-01,38.15,31.3,,2024-11-01,79.11,EMA,458,107.07,CLOSED
MRF,2007-10,116.83,2007-11-01,7834.91,3451.83,,2008-02-01,4741.47,EMA,92,-39.78,CLOSED
MRF,2012-01,13.55,2012-02-01,7732.79,6699.9,,2015-07-01,33601.41,EMA,1246,334.23,CLOSED
MRF,2015-07,19.31,2015-08-03,40676.53,33197.04,,2016-02-01,35081.2,EMA,182,-14.06,CLOSED
MRF,2017-03,17.59,2017-04-03,60052.27,50346.64,,2018-10-01,63268.64,EMA,546,5.06,CLOSED
MRF,2018-10,1.42,2018-11-01,63662.0,58827.98,,2018-12-03,66627.58,EMA,32,4.36,CLOSED
MRF,2019-10,3.76,2019-11-01,65206.33,59567.64,,2020-03-12,59567.64,SL,132,-8.95,CLOSED
MRF,2020-06,13.81,2020-07-01,66012.62,58665.85,,2020-08-03,60280.99,EMA,33,-8.98,CLOSED
MRF,2020-09,2.9,2020-10-01,58961.41,54735.04,,2021-11-01,77042.88,EMA,396,30.37,CLOSED
MRF,2022-04,11.85,2022-05-02,71402.57,64559.76,,2022-07-01,69716.67,EMA,60,-2.66,CLOSED
MRF,2022-07,18.6,2022-08-01,83452.93,69716.67,,2023-04-03,83505.49,EMA,245,-0.24,CLOSED
MRF,2023-04,5.9,2023-05-02,88433.32,82788.69,,2024-11-01,122089.34,EMA,549,37.76,CLOSED
MRF,2024-11,2.23,2024-12-02,124683.71,117007.49,,2025-01-10,117007.49,SL,39,-6.46,CLOSED
MRF,2025-04,19.37,2025-05-02,134355.11,107644.56,,2026-02-02,132061.87,EMA,276,-2.01,CLOSED
MTARTECH,2023-01,7.42,2023-02-01,1770.0,1586.4,,2023-03-27,1586.4,SL,54,-10.67,CLOSED
MTARTECH,2023-04,14.62,2023-05-02,1830.0,1586.35,,2024-02-01,2075.0,EMA,275,13.09,CLOSED
MTARTECH,2025-10,37.63,2025-11-03,2529.0,1835.0,,2026-09-30,7797.0,OPEN,331,208.0,OPEN
MGL,2018-02,2.98,2018-03-01,840.72,731.28,,2018-04-02,776.44,EMA,32,-7.95,CLOSED
MGL,2018-12,8.66,2019-01-01,739.87,681.8,,2019-06-03,730.92,EMA,153,-1.51,CLOSED
MGL,2019-10,11.85,2019-11-01,850.13,725.46,,2020-03-13,706.56,SL,133,-17.19,CLOSED
MGL,2020-11,30.56,2020-12-01,919.94,699.62,,2021-10-01,954.34,EMA,304,3.44,CLOSED
MGL,2024-01,23.22,2024-02-01,1388.4,1092.48,,2024-11-01,1379.04,EMA,274,-0.97,CLOSED
MGL,2025-01,7.43,2025-02-01,1304.28,1156.75,,2025-03-03,1210.57,EMA,30,-7.48,CLOSED
M&MFIN,2006-07,10.86,2006-08-01,18.33,16.16,,2007-03-01,20.48,EMA,212,11.38,CLOSED
M&MFIN,2012-06,1.6,2012-07-02,64.27,56.05,,2014-02-03,122.58,EMA,581,90.44,CLOSED
M&MFIN,2014-10,7.36,2014-11-03,152.64,138.67,,2015-01-21,138.67,SL,79,-9.45,CLOSED
M&MFIN,2017-05,6.44,2017-06-01,189.49,153.9,,2018-10-01,212.74,EMA,487,11.97,CLOSED
M&MFIN,2018-11,9.84,2018-12-03,245.06,220.15,,2018-12-06,220.15,SL,3,-10.46,CLOSED
M&MFIN,2021-08,5.78,2021-09-01,143.5,125.04,,2021-12-01,141.42,EMA,91,-1.75,CLOSED
M&MFIN,2022-08,10.12,2022-09-01,187.27,169.83,,2022-09-26,169.83,SL,25,-9.61,CLOSED
M&MFIN,2025-01,7.55,2025-02-01,271.97,246.21,,2025-03-03,259.42,EMA,30,-4.91,CLOSED
M&MFIN,2025-11,17.84,2025-12-01,367.14,297.02,,2026-03-23,297.02,SL,112,-19.4,CLOSED
M&M,2006-01,9.15,2006-02-01,108.71,97.5,,2006-06-08,97.5,SL,127,-10.61,CLOSED
M&M,2006-09,5.24,2006-10-03,134.83,119.88,,2007-07-02,144.68,EMA,272,7.01,CLOSED
M&M,2007-12,18.15,2008-01-01,172.41,145.86,,2008-01-16,145.86,SL,15,-15.7,CLOSED
M&M,2010-05,8.85,2010-06-01,237.5,208.68,,2011-03-01,263.11,EMA,273,10.48,CLOSED
M&M,2011-06,4.43,2011-07-01,300.13,260.03,,2011-12-01,321.17,EMA,153,6.71,CLOSED
M&M,2012-06,8.37,2012-07-02,303.81,272.64,,2013-09-02,343.31,EMA,427,12.7,CLOSED
M&M,2014-02,9.47,2014-03-03,430.33,374.54,,2015-04-01,531.67,EMA,394,23.25,CLOSED
M&M,2015-11,15.37,2015-12-01,618.89,542.11,,2015-12-17,542.11,SL,16,-12.71,CLOSED
M&M,2016-06,8.14,2016-07-01,647.35,594.04,,2016-10-25,594.04,SL,116,-8.53,CLOSED
M&M,2018-04,18.19,2018-05-02,808.83,677.97,,2018-10-11,677.97,SL,162,-16.48,CLOSED
M&M,2022-03,1.99,2022-04-01,774.27,640.75,,2023-04-03,1120.05,EMA,367,44.36,CLOSED
M&M,2023-04,5.89,2023-05-02,1186.31,1107.51,,2025-03-03,2566.02,EMA,671,116.0,CLOSED
M&M,2025-11,7.75,2025-12-01,3750.61,3474.51,,2026-01-27,3401.48,SL,57,-9.61,CLOSED
MANAPPURAM,2011-10,13.43,2011-11-01,34.13,28.94,,2011-11-24,28.94,SL,23,-15.5,CLOSED
MANAPPURAM,2012-01,23.64,2012-02-01,32.89,26.07,,2012-02-07,26.07,SL,6,-21.03,CLOSED
MANAPPURAM,2016-06,28.52,2016-07-01,57.51,43.07,,2017-01-02,57.05,EMA,185,-1.11,CLOSED
MANAPPURAM,2018-10,10.36,2018-11-01,69.78,57.4,,2018-12-03,73.68,EMA,32,5.28,CLOSED
MANAPPURAM,2019-03,11.63,2019-04-01,109.81,97.76,,2019-07-29,97.76,SL,119,-11.27,CLOSED
MANAPPURAM,2019-10,19.94,2019-11-01,150.28,116.56,,2020-03-12,116.56,SL,132,-22.74,CLOSED
MANAPPURAM,2020-04,41.58,2020-05-04,113.45,80.66,,2020-06-01,113.58,EMA,28,-0.18,CLOSED
MANAPPURAM,2020-11,16.16,2020-12-01,160.94,137.57,,2021-01-27,137.57,SL,57,-14.82,CLOSED
MANAPPURAM,2022-10,8.06,2022-11-01,98.0,88.54,,2023-03-01,97.29,EMA,120,-1.02,CLOSED
MANAPPURAM,2023-03,20.45,2023-04-03,117.88,97.1,,2023-05-05,97.1,SL,32,-17.93,CLOSED
MANAPPURAM,2023-06,20.05,2023-07-03,126.48,104.13,,2024-11-01,155.32,EMA,487,22.5,CLOSED
MRPL,2011-03,13.36,2011-04-01,53.0,45.38,,2011-09-02,51.5,EMA,154,-3.14,CLOSED
MRPL,2015-01,25.5,2015-02-02,48.79,38.34,,2015-09-01,45.71,EMA,211,-6.61,CLOSED
MANKIND,2024-08,22.66,2024-09-02,2520.01,1900.3,,2025-03-03,2258.51,EMA,182,-10.68,CLOSED
MARICO,2005-12,17.9,2006-01-02,14.51,11.49,,2008-07-01,20.47,EMA,911,40.75,CLOSED
MARICO,2011-03,17.14,2011-04-01,56.73,48.57,,2013-07-01,85.03,EMA,822,49.58,CLOSED
MARICO,2013-11,3.25,2013-12-02,90.42,84.41,,2014-03-03,88.55,EMA,91,-2.37,CLOSED
MARICO,2014-07,4.75,2014-08-01,106.88,98.68,,2015-11-02,165.06,EMA,458,54.14,CLOSED
MARICO,2016-12,3.09,2017-01-02,226.08,207.0,,2017-02-01,223.56,EMA,30,-1.42,CLOSED
MARICO,2017-02,10.12,2017-03-01,246.15,219.6,,2018-10-01,296.62,EMA,579,20.2,CLOSED
MARICO,2019-05,3.49,2019-06-03,336.66,303.85,,2019-11-01,330.44,EMA,151,-2.14,CLOSED
MARICO,2020-06,2.36,2020-07-01,326.28,289.51,,2022-02-01,458.45,EMA,580,40.21,CLOSED
MARICO,2023-04,3.46,2023-05-02,477.4,445.44,,2024-02-01,514.03,EMA,275,7.37,CLOSED
MARICO,2025-12,4.63,2026-01-01,751.56,704.03,,2026-09-30,786.0,OPEN (EMA exit due),272,4.28,OPEN
MARUTI,2005-05,14.53,2005-06-01,397.34,335.1,,2007-03-01,729.22,EMA,638,83.22,CLOSED
MARUTI,2007-08,3.35,2007-09-03,758.35,614.85,,2008-01-22,614.85,SL,141,-19.22,CLOSED
MARUTI,2010-06,15.11,2010-07-01,1244.71,1075.82,,2010-07-26,1075.82,SL,25,-13.87,CLOSED
MARUTI,2010-08,5.42,2010-09-01,1108.21,1050.61,,2011-01-31,1050.61,SL,152,-5.5,CLOSED
MARUTI,2012-06,6.32,2012-07-02,1042.96,928.94,,2012-08-01,1002.3,EMA,30,-4.2,CLOSED
MARUTI,2012-10,6.46,2012-11-01,1279.98,1121.83,,2013-03-01,1213.27,EMA,120,-5.51,CLOSED
MARUTI,2014-03,24.09,2014-04-01,1767.88,1386.75,,2016-02-01,3707.0,EMA,671,109.39,CLOSED
MARUTI,2016-05,9.67,2016-06-01,3770.1,3391.25,,2018-10-01,6820.92,EMA,852,80.62,CLOSED
MARUTI,2018-11,15.8,2018-12-03,7131.17,6121.57,,2019-01-01,6909.73,EMA,29,-3.41,CLOSED
MARUTI,2019-12,1.69,2020-01-01,6937.69,6455.33,,2020-02-03,6376.24,EMA,33,-8.39,CLOSED
MARUTI,2020-05,4.7,2020-06-01,5351.15,4361.33,,2020-07-01,5490.62,EMA,30,2.31,CLOSED
MARUTI,2021-05,9.77,2021-06-01,6744.41,6073.01,,2021-09-01,6493.67,EMA,92,-4.02,CLOSED
MARUTI,2022-08,4.2,2022-09-01,8603.1,8232.1,,2022-09-30,8232.1,SL,29,-4.61,CLOSED
MARUTI,2023-01,5.96,2023-02-01,8590.65,7929.46,,2023-03-20,7929.46,SL,47,-8.0,CLOSED
MARUTI,2023-06,4.5,2023-07-03,9364.5,8864.6,,2024-11-01,10920.93,EMA,487,16.32,CLOSED
MARUTI,2025-01,13.37,2025-02-01,12066.9,10578.32,,2025-04-01,11244.15,EMA,59,-7.12,CLOSED
MARUTI,2025-04,6.38,2025-05-02,12005.19,10832.24,,2026-04-01,12771.73,EMA,334,6.09,CLOSED
MARUTI,2026-06,7.53,2026-07-01,14010.29,12573.72,,2026-09-01,13540.0,EMA,62,-3.66,CLOSED
MFSL,2008-05,11.66,2008-06-02,166.53,135.6,,2008-06-27,135.6,SL,25,-18.88,CLOSED
MFSL,2011-08,6.55,2011-09-02,177.61,151.93,,2011-11-18,151.93,SL,77,-14.76,CLOSED
MFSL,2014-10,10.95,2014-11-03,348.55,300.73,,2016-02-01,373.85,EMA,455,6.96,CLOSED
MFSL,2018-07,14.95,2018-08-01,499.7,403.25,,2018-09-03,451.25,EMA,33,-10.0,CLOSED
MFSL,2023-05,10.44,2023-06-01,706.65,630.5,,2024-06-03,935.0,EMA,368,32.01,CLOSED
MFSL,2025-04,13.71,2025-05-02,1300.0,1085.0,,2026-04-01,1515.1,EMA,334,16.25,CLOSED
MAXHEALTH,2022-10,11.87,2022-11-01,455.02,386.65,,2026-01-01,1046.34,EMA,1157,129.66,CLOSED
MAZDOCK,2025-01,12.15,2025-02-01,2486.83,1986.77,,2025-02-18,1986.77,SL,17,-20.41,CLOSED
MINDACORP,2012-06,20.0,2012-07-02,4.23,3.52,,2013-11-01,22.72,EMA,487,436.74,CLOSED
MINDACORP,2014-01,5.0,2014-02-03,19.08,18.17,,2014-02-21,18.17,SL,18,-5.06,CLOSED
MINDACORP,2014-03,9.5,2014-04-01,20.73,15.48,,2014-05-02,19.64,EMA,31,-5.57,CLOSED
MINDACORP,2014-05,11.3,2014-06-02,21.01,17.45,,2015-08-03,73.03,EMA,427,247.24,CLOSED
MINDACORP,2015-12,5.85,2016-01-01,92.47,79.48,,2016-10-03,97.52,EMA,276,5.16,CLOSED
MINDACORP,2020-11,20.4,2020-12-01,79.55,63.72,,2022-11-01,193.58,EMA,700,143.05,CLOSED
MINDACORP,2023-03,11.53,2023-04-03,213.83,183.06,,2025-03-03,473.12,EMA,700,120.95,CLOSED
MINDACORP,2026-06,11.6,2026-07-01,701.26,610.11,,2026-09-30,692.85,OPEN,91,-1.5,OPEN
MSUMI,2023-04,11.4,2023-05-02,34.17,30.25,,2024-11-01,41.16,EMA,549,20.14,CLOSED
MOTILALOFS,2026-08,22.41,2026-09-01,1047.0,852.7,,2026-09-30,994.0,OPEN,29,-5.36,OPEN
MPHASIS,2006-12,15.6,2007-01-02,183.29,131.35,,2008-01-21,131.35,SL,384,-28.64,CLOSED
MPHASIS,2009-09,19.77,2009-10-01,410.28,343.39,,2010-06-01,356.06,EMA,243,-13.52,CLOSED
MPHASIS,2017-02,6.41,2017-03-01,464.34,433.64,,2017-04-07,433.64,SL,37,-6.91,CLOSED
MPHASIS,2021-06,9.76,2021-07-01,1863.59,1635.15,,2022-05-02,2495.13,EMA,305,33.59,CLOSED
MCX,2018-07,20.63,2018-08-01,158.65,127.56,,2018-09-03,152.3,EMA,33,-4.3,CLOSED
MCX,2019-04,6.42,2019-05-02,158.51,139.18,,2020-05-04,192.23,EMA,368,20.97,CLOSED
MCX,2022-10,26.06,2022-11-01,302.19,239.57,,2023-03-01,276.8,EMA,120,-8.7,CLOSED
MCX,2023-05,3.99,2023-06-01,287.03,252.33,,2025-03-03,993.77,EMA,641,245.92,CLOSED
MCX,2025-12,10.55,2026-01-01,2226.54,1945.23,,2026-09-30,3300.4,OPEN,272,47.93,OPEN
MUTHOOTFIN,2012-09,42.56,2012-10-01,128.31,90.8,,2013-04-01,131.62,EMA,182,2.28,CLOSED
MUTHOOTFIN,2016-01,7.04,2016-02-01,160.81,139.53,,2016-03-01,146.18,EMA,29,-9.4,CLOSED
MUTHOOTFIN,2016-03,3.98,2016-04-01,150.24,143.86,,2017-01-02,239.6,EMA,276,59.19,CLOSED
MUTHOOTFIN,2017-05,4.65,2017-06-01,352.47,305.36,,2018-02-01,353.66,EMA,245,0.04,CLOSED
MUTHOOTFIN,2018-12,14.01,2019-01-01,451.54,340.67,,2020-04-01,551.83,EMA,456,21.91,CLOSED
MUTHOOTFIN,2021-05,13.32,2021-06-01,1227.14,1056.59,,2022-03-02,1261.4,EMA,274,2.49,CLOSED
MUTHOOTFIN,2023-03,0.76,2023-04-03,927.32,861.43,,2023-05-02,987.84,EMA,29,6.23,CLOSED
MUTHOOTFIN,2023-07,8.93,2023-08-01,1312.42,1194.76,,2023-08-14,1194.76,SL,13,-9.26,CLOSED
MUTHOOTFIN,2025-01,5.74,2025-02-01,2213.96,2044.77,,2025-04-09,2044.77,SL,67,-7.94,CLOSED
MUTHOOTFIN,2025-11,17.79,2025-12-01,3747.31,3118.83,,2026-03-09,3064.19,SL,98,-18.53,CLOSED
NATCOPHARM,2009-02,7.33,2009-03-02,8.82,7.74,,2009-03-03,7.74,SL,1,-12.53,CLOSED
NATCOPHARM,2015-06,3.17,2015-07-01,422.01,357.71,,2015-08-24,357.71,SL,54,-15.54,CLOSED
NATCOPHARM,2017-03,5.61,2017-04-03,793.22,707.39,,2017-08-10,707.39,SL,129,-11.12,CLOSED
NATCOPHARM,2020-07,24.0,2020-08-03,760.51,598.73,,2021-03-01,786.26,EMA,210,3.09,CLOSED
NATCOPHARM,2022-07,4.98,2022-08-01,666.39,609.88,,2022-08-23,609.88,SL,22,-8.78,CLOSED
NATCOPHARM,2023-08,10.45,2023-09-01,905.03,767.13,,2023-11-01,767.13,SL,61,-15.54,CLOSED
NBCC,2014-06,15.0,2014-07-01,13.78,11.31,,2016-03-01,34.65,EMA,609,151.11,CLOSED
NBCC,2023-07,16.54,2023-08-01,29.94,25.07,,2025-01-01,90.78,EMA,519,202.95,CLOSED
NBCC,2025-01,7.4,2025-02-01,98.03,76.85,,2025-02-18,76.85,SL,17,-21.91,CLOSED
NCC,2013-10,44.41,2013-11-01,13.79,9.44,,2013-12-02,13.52,EMA,31,-2.22,CLOSED
NCC,2015-09,4.32,2015-10-01,65.99,46.48,,2016-01-01,66.51,EMA,92,0.49,CLOSED
NCC,2017-11,13.05,2017-12-01,109.53,83.95,,2018-06-27,83.95,SL,208,-23.66,CLOSED
NCC,2022-08,23.26,2022-09-01,66.25,54.53,,2025-01-01,268.92,EMA,853,305.62,CLOSED
NHPC,2010-06,8.28,2010-07-01,15.41,13.73,,2010-09-01,14.89,EMA,62,-3.65,CLOSED
NHPC,2011-03,9.29,2011-04-01,12.73,11.15,,2011-05-02,13.03,EMA,31,2.06,CLOSED
NHPC,2012-08,1.98,2012-09-03,9.64,9.09,,2013-04-01,10.6,EMA,210,9.67,CLOSED
NHPC,2014-10,6.17,2014-11-03,11.69,10.62,,2014-12-01,11.43,EMA,28,-2.46,CLOSED
NHPC,2015-02,10.39,2015-03-02,11.98,10.84,,2015-03-25,10.84,SL,23,-9.78,CLOSED
NHPC,2015-11,6.34,2015-12-01,11.25,9.97,,2017-10-03,17.99,EMA,672,59.62,CLOSED
NHPC,2021-09,12.17,2021-10-01,25.17,22.23,,2024-11-01,80.05,EMA,1127,217.74,CLOSED
NHPC,2025-12,3.23,2026-01-01,77.45,72.88,,2026-01-27,72.88,SL,26,-6.19,CLOSED
NHPC,2026-06,3.12,2026-07-01,81.11,71.42,,2026-08-03,78.29,EMA,33,-3.78,CLOSED
NLCINDIA,2013-04,9.8,2013-05-02,39.3,35.79,,2013-05-23,35.79,SL,21,-9.23,CLOSED
NLCINDIA,2014-03,11.55,2014-04-01,35.1,31.09,,2015-01-01,46.99,EMA,275,33.57,CLOSED
NLCINDIA,2019-12,3.91,2020-01-01,43.08,34.51,,2020-02-03,42.37,EMA,33,-1.95,CLOSED
NLCINDIA,2022-10,13.23,2022-11-01,72.01,61.79,,2025-02-01,215.28,EMA,823,198.67,CLOSED
NMDC,2008-07,20.92,2008-08-01,30.1,18.27,,2008-09-01,26.7,EMA,31,-11.59,CLOSED
NMDC,2010-12,14.2,2011-01-03,25.51,21.15,,2011-02-01,23.76,EMA,29,-7.17,CLOSED
NMDC,2012-06,12.21,2012-07-02,17.48,15.23,,2012-08-01,17.31,EMA,30,-1.23,CLOSED
NMDC,2017-02,4.45,2017-03-01,21.13,18.5,,2017-04-18,18.5,SL,48,-12.72,CLOSED
NMDC,2019-02,3.92,2019-03-01,15.69,14.03,,2019-08-22,14.03,SL,174,-10.9,CLOSED
NMDC,2022-03,13.55,2022-04-01,35.56,30.99,,2022-05-10,30.99,SL,39,-13.15,CLOSED
NMDC,2023-07,12.04,2023-08-01,34.46,30.85,,2025-01-01,61.32,EMA,519,77.66,CLOSED
NTPC,2005-08,8.8,2005-09-01,44.53,40.49,,2005-10-28,40.49,SL,57,-9.37,CLOSED
NTPC,2007-03,7.4,2007-04-02,67.89,58.99,,2008-02-01,91.45,EMA,305,34.4,CLOSED
NTPC,2009-09,1.05,2009-10-01,101.76,96.87,,2009-11-04,96.87,SL,34,-5.1,CLOSED
NTPC,2010-03,3.59,2010-04-01,100.25,95.04,,2010-05-21,95.04,SL,50,-5.5,CLOSED
NTPC,2011-03,13.69,2011-04-01,95.3,84.29,,2011-05-02,89.65,EMA,31,-6.23,CLOSED
NTPC,2011-06,11.08,2011-07-01,92.34,83.72,,2011-08-01,87.5,EMA,31,-5.54,CLOSED
NTPC,2012-06,8.62,2012-07-02,81.04,71.62,,2012-08-01,79.54,EMA,30,-2.14,CLOSED
NTPC,2013-04,10.85,2013-05-02,81.53,72.51,,2013-06-20,72.51,SL,49,-11.35,CLOSED
NTPC,2013-10,1.12,2013-11-01,78.04,74.2,,2013-12-10,74.2,SL,39,-5.22,CLOSED
NTPC,2014-10,7.91,2014-11-03,82.76,75.99,,2014-12-09,75.99,SL,36,-8.49,CLOSED
NTPC,2014-12,0.91,2015-01-01,79.75,70.07,,2015-06-01,75.94,EMA,151,-5.07,CLOSED
NTPC,2016-06,9.19,2016-07-01,88.78,80.92,,2018-03-01,98.96,EMA,608,11.16,CLOSED
NTPC,2019-06,6.08,2019-07-01,107.43,99.27,,2019-07-08,99.27,SL,7,-7.89,CLOSED
NTPC,2019-12,2.32,2020-01-01,91.79,84.58,,2020-02-03,84.39,EMA,33,-8.36,CLOSED
NTPC,2022-03,1.12,2022-04-01,120.38,110.7,,2024-12-02,347.8,EMA,976,188.61,CLOSED
NTPC,2025-12,0.95,2026-01-01,323.83,309.84,,2026-07-01,354.17,EMA,181,9.07,CLOSED
NH,2017-09,1.76,2017-10-03,297.3,285.63,,2017-11-01,303.97,EMA,29,1.94,CLOSED
NH,2018-07,11.1,2018-08-01,254.78,224.57,,2018-09-03,245.85,EMA,33,-3.8,CLOSED
NH,2019-05,17.51,2019-06-03,235.26,180.77,,2019-08-01,218.24,EMA,59,-7.53,CLOSED
NH,2022-10,9.93,2022-11-01,786.81,684.01,,2026-02-02,1788.94,EMA,1189,127.07,CLOSED
NATIONALUM,2006-01,26.63,2006-02-01,29.71,23.58,,2006-05-22,23.58,SL,110,-20.91,CLOSED
NATIONALUM,2009-12,10.72,2010-01-04,48.89,41.75,,2010-02-05,41.75,SL,32,-14.9,CLOSED
NATIONALUM,2010-05,1.85,2010-06-01,48.49,45.26,,2010-11-16,45.26,SL,168,-6.96,CLOSED
NATIONALUM,2010-12,11.47,2011-01-03,46.38,40.31,,2011-04-01,45.47,EMA,88,-2.26,CLOSED
NATIONALUM,2014-03,25.27,2014-04-01,20.68,16.25,,2015-02-02,23.59,EMA,307,13.78,CLOSED
NATIONALUM,2015-11,5.19,2015-12-01,22.13,19.25,,2016-01-01,21.67,EMA,31,-2.38,CLOSED
NATIONALUM,2016-10,16.5,2016-11-01,31.03,25.93,,2016-11-09,25.93,SL,8,-16.72,CLOSED
NATIONALUM,2024-01,12.81,2024-02-01,135.16,109.43,,2025-03-03,170.11,EMA,396,25.56,CLOSED
NAVA,2006-04,48.98,2006-05-02,20.51,11.98,,2006-06-15,11.98,SL,44,-41.88,CLOSED
NAVA,2012-07,8.24,2012-08-01,37.24,34.1,,2012-08-24,34.1,SL,23,-8.73,CLOSED
NAVA,2013-07,5.2,2013-08-01,33.89,31.67,,2013-09-02,32.87,EMA,32,-3.33,CLOSED
NAVA,2023-07,23.88,2023-08-01,181.84,144.96,,2025-03-03,388.17,EMA,580,113.17,CLOSED
NAVA,2025-05,8.23,2025-06-02,481.18,410.7,,2025-12-01,520.14,EMA,182,7.8,CLOSED
NAVINFLUOR,2013-10,35.26,2013-11-01,42.86,30.88,,2016-03-01,240.43,EMA,851,460.73,CLOSED
NAVINFLUOR,2017-07,15.68,2017-08-01,665.06,568.43,,2018-06-01,655.79,EMA,304,-1.69,CLOSED
NAVINFLUOR,2019-03,21.96,2019-04-01,688.36,571.66,,2019-05-02,649.28,EMA,31,-5.98,CLOSED
NAVINFLUOR,2023-04,13.57,2023-05-02,4814.03,4149.4,,2023-08-01,4186.07,EMA,91,-13.34,CLOSED
NAVINFLUOR,2024-07,6.55,2024-08-01,3770.57,3407.34,,2024-08-13,3407.34,SL,12,-9.93,CLOSED
NAVINFLUOR,2025-04,7.38,2025-05-02,4467.4,3657.01,,2026-09-30,8245.0,OPEN,516,84.26,OPEN
NESTLEIND,2010-09,9.85,2010-10-01,138.81,126.34,,2012-10-01,188.85,EMA,731,35.75,CLOSED
NESTLEIND,2012-12,5.11,2013-01-01,213.56,197.83,,2013-01-23,197.83,SL,22,-7.67,CLOSED
NESTLEIND,2013-02,0.61,2013-03-01,203.82,194.6,,2013-03-28,194.6,SL,27,-4.82,CLOSED
NESTLEIND,2013-05,6.44,2013-06-03,223.73,203.92,,2013-08-27,203.92,SL,85,-9.15,CLOSED
NESTLEIND,2013-10,7.23,2013-11-01,241.12,214.91,,2013-12-13,214.57,SL,42,-11.31,CLOSED
NESTLEIND,2014-03,3.38,2014-04-01,218.49,199.66,,2014-05-02,204.96,EMA,31,-6.49,CLOSED
NESTLEIND,2014-10,4.83,2014-11-03,272.57,245.32,,2015-06-08,245.32,SL,217,-10.3,CLOSED
NESTLEIND,2015-09,6.74,2015-10-01,278.45,255.96,,2015-11-02,269.53,EMA,32,-3.51,CLOSED
NESTLEIND,2016-10,8.59,2016-11-01,305.88,284.14,,2016-11-07,284.14,SL,6,-7.41,CLOSED
NESTLEIND,2017-03,6.82,2017-04-03,292.79,269.63,,2021-03-01,763.85,EMA,1428,160.58,CLOSED
NESTLEIND,2021-03,6.61,2021-04-01,807.57,756.04,,2021-05-03,773.87,EMA,32,-4.47,CLOSED
NESTLEIND,2021-12,2.89,2022-01-03,937.14,885.04,,2022-01-19,885.04,SL,16,-5.86,CLOSED
NESTLEIND,2022-07,10.81,2022-08-01,929.67,828.73,,2023-02-01,918.75,EMA,184,-1.47,CLOSED
NESTLEIND,2023-03,5.54,2023-04-03,951.66,860.07,,2024-06-03,1157.98,EMA,427,21.38,CLOSED
NESTLEIND,2025-06,2.88,2025-07-01,1217.37,1138.51,,2025-07-25,1138.51,SL,24,-6.78,CLOSED
NESTLEIND,2025-12,2.13,2026-01-01,1279.9,1192.8,,2026-03-16,1192.8,SL,74,-7.11,CLOSED
NESTLEIND,2026-04,24.16,2026-05-01,1451.62,1153.85,,2026-09-30,1310.0,OPEN (EMA exit due),152,-10.06,OPEN
NETWEB,2024-05,39.43,2024-06-03,2453.58,1759.66,,2025-01-27,1759.66,SL,238,-28.58,CLOSED
NEULANDLAB,2008-12,15.69,2009-01-02,85.13,65.92,,2009-02-02,78.93,EMA,31,-7.58,CLOSED
NEULANDLAB,2010-09,20.28,2010-10-01,91.34,75.03,,2011-02-01,87.69,EMA,123,-4.3,CLOSED
NEULANDLAB,2021-06,2.07,2021-07-01,2153.75,1889.27,,2021-08-03,1889.27,SL,33,-12.58,CLOSED
NEULANDLAB,2024-11,14.4,2024-12-02,16693.65,12781.77,,2025-01-28,12781.77,SL,57,-23.73,CLOSED
NAM-INDIA,2019-06,0.45,2019-07-01,182.53,177.42,,2019-09-18,177.42,SL,79,-3.1,CLOSED
NAM-INDIA,2021-08,6.26,2021-09-01,362.93,320.22,,2021-11-29,320.22,SL,89,-12.07,CLOSED
NAM-INDIA,2022-11,1.8,2022-12-01,245.85,226.94,,2022-12-22,226.94,SL,21,-7.99,CLOSED
NAM-INDIA,2023-04,13.4,2023-05-02,214.78,189.34,,2023-06-01,225.14,EMA,30,4.52,CLOSED
NUVOCO,2023-07,6.02,2023-08-01,372.9,346.0,,2023-08-14,346.0,SL,13,-7.51,CLOSED
OBEROIRLTY,2015-09,21.48,2015-10-01,262.82,200.16,,2015-12-01,251.15,EMA,61,-4.74,CLOSED
OBEROIRLTY,2023-07,13.68,2023-08-01,1092.52,965.45,,2025-02-01,1800.37,EMA,550,64.49,CLOSED
OBEROIRLTY,2025-10,12.53,2025-11-03,1784.94,1551.56,,2025-12-01,1642.96,EMA,28,-8.25,CLOSED
OBEROIRLTY,2026-06,3.64,2026-07-01,1781.07,1573.4,,2026-09-30,1765.7,OPEN,91,-1.16,OPEN
ONGC,2005-02,4.17,2005-03-01,38.55,36.08,,2005-05-02,37.87,EMA,62,-2.05,CLOSED
ONGC,2005-05,13.75,2005-06-01,41.54,36.79,,2006-06-01,53.97,EMA,365,29.63,CLOSED
ONGC,2006-10,4.6,2006-11-01,57.49,53.52,,2007-02-28,53.52,SL,119,-7.2,CLOSED
ONGC,2007-03,11.77,2007-04-02,64.02,54.96,,2007-09-03,62.92,EMA,154,-2.01,CLOSED
ONGC,2009-11,6.0,2009-12-01,95.49,87.66,,2010-01-28,87.66,SL,58,-8.51,CLOSED
ONGC,2010-05,10.7,2010-06-01,94.24,81.51,,2011-02-01,99.39,EMA,245,5.17,CLOSED
ONGC,2011-03,7.75,2011-04-01,97.64,87.46,,2011-05-25,87.46,SL,54,-10.73,CLOSED
ONGC,2012-06,12.5,2012-07-02,98.25,84.22,,2012-11-01,92.54,EMA,122,-6.11,CLOSED
ONGC,2012-12,3.13,2013-01-01,95.27,88.59,,2013-08-01,105.16,EMA,212,10.08,CLOSED
ONGC,2013-11,1.84,2013-12-02,104.93,94.72,,2014-02-03,99.77,EMA,63,-5.22,CLOSED
ONGC,2014-02,5.73,2014-03-03,105.82,96.54,,2015-01-01,127.93,EMA,304,20.59,CLOSED
ONGC,2015-12,3.25,2016-01-01,93.25,82.11,,2016-01-20,82.11,SL,19,-12.24,CLOSED
ONGC,2016-11,2.36,2016-12-01,118.58,100.49,,2017-06-01,107.88,EMA,182,-9.32,CLOSED
ONGC,2017-07,7.69,2017-08-01,103.82,95.07,,2017-09-01,96.35,EMA,31,-7.5,CLOSED
ONGC,2017-10,11.79,2017-11-01,117.65,102.79,,2018-04-02,112.9,EMA,152,-4.33,CLOSED
ONGC,2018-07,4.61,2018-08-01,104.17,96.1,,2018-10-05,96.1,SL,65,-8.05,CLOSED
ONGC,2020-05,4.13,2020-06-01,60.9,51.88,,2020-07-01,56.61,EMA,30,-7.36,CLOSED
ONGC,2021-08,4.55,2021-09-01,88.77,79.08,,2022-08-01,104.02,EMA,334,16.88,CLOSED
ONGC,2022-08,5.78,2022-09-01,107.21,102.43,,2022-09-22,102.43,SL,21,-4.76,CLOSED
ONGC,2022-11,10.52,2022-12-01,117.95,106.5,,2024-11-01,243.91,EMA,701,106.49,CLOSED
ONGC,2025-10,6.63,2025-11-03,242.15,226.45,,2025-12-15,226.45,SL,42,-6.78,CLOSED
ONGC,2026-02,6.44,2026-03-02,286.78,240.88,,2026-06-24,240.88,SL,114,-16.3,CLOSED
OIL,2011-12,4.71,2012-01-02,76.21,71.41,,2012-02-01,79.53,EMA,30,4.06,CLOSED
OIL,2013-11,1.96,2013-12-02,84.82,79.2,,2014-02-03,83.76,EMA,63,-1.55,CLOSED
OIL,2014-03,8.56,2014-04-01,89.53,80.5,,2015-02-02,99.18,EMA,307,10.48,CLOSED
OIL,2016-12,7.81,2017-01-02,91.36,85.4,,2017-05-24,85.4,SL,142,-6.83,CLOSED
OIL,2017-09,25.87,2017-10-03,99.13,79.22,,2018-04-02,96.61,EMA,181,-2.84,CLOSED
OIL,2022-01,20.49,2022-02-01,129.25,102.71,,2022-07-06,102.43,SL,155,-21.05,CLOSED
OIL,2023-07,12.55,2023-08-01,166.88,146.57,,2024-11-01,447.31,EMA,458,167.75,CLOSED
OIL,2025-04,6.21,2025-05-02,396.33,315.71,,2025-09-01,379.14,EMA,122,-4.64,CLOSED
OIL,2025-10,4.72,2025-11-03,422.53,394.89,,2025-12-01,406.15,EMA,28,-4.18,CLOSED
OLECTRA,2005-12,14.56,2006-01-02,14.54,9.17,,2006-03-01,12.46,EMA,58,-14.63,CLOSED
OLECTRA,2006-04,105.69,2006-05-02,31.45,13.66,,2006-07-03,16.67,EMA,62,-47.28,CLOSED
OLECTRA,2007-03,32.74,2007-04-02,23.34,16.67,,2007-07-02,19.17,EMA,91,-18.16,CLOSED
OLECTRA,2007-12,40.95,2008-01-01,51.24,34.59,,2008-02-14,34.59,SL,44,-32.78,CLOSED
OLECTRA,2008-04,36.16,2008-05-02,53.62,31.09,,2008-08-01,38.38,EMA,91,-28.72,CLOSED
OLECTRA,2013-03,2.53,2013-04-01,9.78,9.28,,2013-04-29,9.28,SL,28,-5.4,CLOSED
OLECTRA,2015-06,1.67,2015-07-01,15.22,14.02,,2015-08-12,14.02,SL,42,-8.17,CLOSED
OLECTRA,2017-08,131.59,2017-09-01,173.61,70.56,,2018-06-01,157.59,EMA,273,-9.53,CLOSED
OLECTRA,2021-07,35.67,2021-08-02,317.87,220.77,,2022-06-01,590.54,EMA,303,85.48,CLOSED
PAYTM,2025-05,2.97,2025-06-02,888.9,808.0,,2026-03-02,1065.0,EMA,273,19.51,CLOSED
PAYTM,2026-08,27.86,2026-09-01,1689.0,1344.4,,2026-09-30,1678.0,OPEN,29,-0.95,OPEN
ONESOURCE,2025-03,41.52,2025-04-01,1730.0,1209.95,,2025-12-01,1536.0,EMA,244,-11.51,CLOSED
ONESOURCE,2025-12,18.17,2026-01-01,1809.0,1515.2,,2026-01-23,1515.2,SL,22,-16.54,CLOSED
OFSS,2007-03,8.15,2007-04-02,1066.55,953.28,,2007-09-03,1100.93,EMA,154,2.92,CLOSED
OFSS,2010-06,9.68,2010-07-01,1190.94,1068.53,,2010-08-31,1068.53,SL,61,-10.58,CLOSED
OFSS,2010-12,12.21,2011-01-03,1242.81,1091.85,,2011-02-09,1091.85,SL,37,-12.45,CLOSED
OFSS,2014-06,10.66,2014-07-01,1657.7,1488.56,,2016-02-01,2297.11,EMA,580,38.27,CLOSED
OFSS,2017-02,12.66,2017-03-01,2430.44,2130.05,,2017-09-01,2328.65,EMA,184,-4.49,CLOSED
OFSS,2018-08,10.9,2018-09-03,2952.47,2590.97,,2018-10-23,2590.97,SL,50,-12.54,CLOSED
OFSS,2018-12,7.82,2019-01-01,2601.05,2376.63,,2019-03-01,2475.79,EMA,59,-5.12,CLOSED
OFSS,2019-07,7.06,2019-08-01,2383.03,2196.78,,2019-08-13,2196.78,SL,12,-8.12,CLOSED
OFSS,2022-11,6.69,2022-12-01,2638.78,2457.59,,2023-01-02,2542.57,EMA,32,-3.95,CLOSED
OFSS,2023-04,9.13,2023-05-02,3061.75,2724.13,,2025-02-01,8440.9,EMA,641,175.39,CLOSED
OFSS,2026-08,12.1,2026-09-01,12350.0,11160.0,,2026-09-21,11160.0,SL,20,-9.94,CLOSED
POLICYBZR,2026-08,17.08,2026-09-01,1845.0,1578.4,,2026-09-24,1578.4,SL,23,-14.75,CLOSED
PCBL,2009-07,75.42,2009-08-03,7.04,3.68,,2010-12-01,11.87,EMA,485,68.38,CLOSED
PCBL,2012-03,4.04,2012-04-02,7.75,6.9,,2012-05-02,7.52,EMA,30,-3.25,CLOSED
PCBL,2017-04,28.6,2017-05-02,32.33,24.98,,2018-10-01,78.51,EMA,517,142.56,CLOSED
PCBL,2022-11,11.76,2022-12-01,128.22,109.39,,2022-12-23,109.39,SL,22,-14.99,CLOSED
PCBL,2023-04,10.51,2023-05-02,122.12,106.07,,2024-06-03,228.81,EMA,398,87.06,CLOSED
PGEL,2012-12,32.73,2013-01-01,36.2,27.17,,2013-02-27,21.82,SL,57,-40.01,CLOSED
PGEL,2017-10,12.12,2017-11-01,43.65,37.28,,2017-11-15,37.28,SL,14,-14.88,CLOSED
PGEL,2020-09,75.37,2020-10-01,8.3,4.6,,2024-03-01,183.86,EMA,1247,2114.98,CLOSED
PIIND,2014-03,9.2,2014-04-01,261.79,236.18,,2014-04-16,236.18,SL,15,-10.08,CLOSED
PIIND,2020-04,35.85,2020-05-04,1518.43,1129.52,,2022-02-01,2408.32,EMA,638,58.31,CLOSED
PIIND,2023-05,6.86,2023-06-01,3591.92,3119.01,,2023-11-01,3348.34,EMA,153,-7.08,CLOSED
PIIND,2023-11,10.87,2023-12-01,3739.07,3310.84,,2023-12-13,3310.84,SL,12,-11.75,CLOSED
PIIND,2024-03,5.31,2024-04-01,3842.59,3492.18,,2024-05-07,3492.18,SL,36,-9.42,CLOSED
PIIND,2024-07,16.64,2024-08-01,4389.05,3684.93,,2024-12-02,4051.18,EMA,123,-8.0,CLOSED
PNBHOUSING,2021-05,41.17,2021-06-01,515.74,292.31,,2022-01-03,408.38,EMA,216,-21.12,CLOSED
PNBHOUSING,2023-05,13.31,2023-06-01,509.41,440.2,,2024-04-01,642.68,EMA,305,25.86,CLOSED
PTCIL,2024-01,32.77,2024-02-01,8150.0,6097.0,,2025-03-03,10298.0,EMA,396,26.06,CLOSED
PVRINOX,2007-12,25.0,2008-01-01,325.64,227.89,,2008-01-23,226.44,SL,22,-30.76,CLOSED
PVRINOX,2016-04,14.71,2016-05-02,808.46,701.96,,2017-09-01,1291.64,EMA,487,59.47,CLOSED
PVRINOX,2018-12,11.74,2019-01-01,1565.6,1409.98,,2019-02-14,1409.98,SL,44,-10.24,CLOSED
PVRINOX,2019-04,7.71,2019-05-02,1730.86,1585.66,,2019-06-17,1585.66,SL,46,-8.69,CLOSED
PVRINOX,2019-11,1.94,2019-12-02,1777.73,1660.38,,2020-03-02,1660.38,SL,91,-6.9,CLOSED
PVRINOX,2021-05,15.29,2021-06-01,1314.5,1092.0,,2021-12-01,1371.6,EMA,183,4.04,CLOSED
PVRINOX,2022-07,15.23,2022-08-01,2167.0,1828.9,,2022-08-19,1828.9,SL,18,-15.9,CLOSED
PVRINOX,2023-08,15.02,2023-09-01,1791.95,1542.35,,2023-11-01,1600.0,EMA,61,-11.01,CLOSED
PVRINOX,2023-11,7.47,2023-12-01,1728.8,1594.25,,2024-01-08,1594.25,SL,38,-8.08,CLOSED
PAGEIND,2009-08,6.25,2009-09-01,527.3,458.63,,2016-02-01,10821.21,EMA,2344,1951.9,CLOSED
PAGEIND,2016-07,2.32,2016-08-01,12902.19,11741.97,,2016-11-15,11741.97,SL,106,-9.29,CLOSED
PAGEIND,2017-08,8.52,2017-09-01,15958.42,13660.5,,2018-12-03,24620.15,EMA,458,53.98,CLOSED
PAGEIND,2019-08,2.97,2019-09-03,17085.15,15838.39,,2019-12-02,20530.03,EMA,90,19.86,CLOSED
PAGEIND,2021-12,5.29,2022-01-03,38073.36,33993.44,,2023-01-02,40842.32,EMA,364,6.97,CLOSED
PAGEIND,2023-12,3.36,2024-01-01,36777.07,34880.3,,2024-01-09,34880.3,SL,8,-5.46,CLOSED
PAGEIND,2024-08,1.04,2024-09-02,41145.89,38023.84,,2025-03-03,39593.2,EMA,182,-4.07,CLOSED
PARADEEP,2022-07,33.0,2022-08-01,51.53,37.42,,2023-03-01,53.52,EMA,212,3.57,CLOSED
PATANJALI,2020-02,201.7,2020-03-02,21.03,7.3,,2021-12-01,294.64,EMA,639,1300.62,CLOSED
PATANJALI,2022-07,6.78,2022-08-01,368.3,323.4,,2023-01-31,323.05,SL,183,-12.59,CLOSED
PATANJALI,2023-05,11.09,2023-06-01,336.2,297.59,,2024-04-01,444.89,EMA,305,32.03,CLOSED
PATANJALI,2024-06,11.28,2024-07-01,530.27,382.72,,2025-06-02,550.89,EMA,336,3.59,CLOSED
PERSISTENT,2012-09,12.82,2012-10-01,91.2,80.2,,2015-04-01,313.3,EMA,912,243.24,CLOSED
PERSISTENT,2016-01,3.32,2016-02-01,294.07,258.98,,2016-02-12,258.98,SL,11,-12.23,CLOSED
PERSISTENT,2017-09,7.62,2017-10-03,303.5,271.61,,2018-04-02,323.09,EMA,181,6.16,CLOSED
PERSISTENT,2018-11,6.91,2018-12-03,279.69,244.83,,2019-01-01,288.85,EMA,29,2.97,CLOSED
PERSISTENT,2020-06,20.84,2020-07-01,304.09,251.92,,2022-06-01,1829.17,EMA,700,501.23,CLOSED
PERSISTENT,2022-11,12.5,2022-12-01,2029.31,1755.95,,2024-05-02,3348.61,EMA,518,64.71,CLOSED
PETRONET,2009-08,4.51,2009-09-01,22.77,19.74,,2009-11-03,19.74,SL,63,-13.62,CLOSED
PETRONET,2013-11,6.52,2013-12-02,44.33,39.7,,2013-12-17,39.7,SL,15,-10.75,CLOSED
PETRONET,2014-02,10.05,2014-03-03,40.38,36.1,,2015-04-01,57.85,EMA,394,42.96,CLOSED
PETRONET,2015-12,9.26,2016-01-01,87.48,79.95,,2016-02-17,79.95,SL,47,-8.91,CLOSED
PETRONET,2016-06,7.55,2016-07-01,101.23,90.46,,2018-04-02,160.71,EMA,640,58.46,CLOSED
PETRONET,2018-08,8.25,2018-09-03,172.2,149.92,,2018-10-01,158.98,EMA,28,-7.98,CLOSED
PETRONET,2018-10,0.42,2018-11-01,159.93,145.01,,2018-12-03,155.05,EMA,32,-3.35,CLOSED
PETRONET,2019-08,15.0,2019-09-03,197.1,165.64,,2020-03-02,186.92,EMA,181,-5.47,CLOSED
PETRONET,2020-04,21.68,2020-05-04,176.33,145.47,,2020-09-01,187.21,EMA,120,5.87,CLOSED
PETRONET,2022-11,6.98,2022-12-01,188.37,176.01,,2023-09-01,193.16,EMA,274,2.25,CLOSED
PETRONET,2023-11,5.29,2023-12-01,189.97,172.91,,2025-02-01,300.18,EMA,428,57.71,CLOSED
PETRONET,2025-12,4.51,2026-01-01,281.65,260.49,,2026-03-20,260.49,SL,78,-7.81,CLOSED
PETRONET,2026-08,7.07,2026-09-01,294.1,273.0,,2026-09-30,284.5,OPEN,29,-3.56,OPEN
PHOENIXLTD,2009-04,63.6,2009-05-04,48.88,31.31,,2009-07-01,46.05,EMA,58,-6.09,CLOSED
PHOENIXLTD,2014-03,8.77,2014-04-01,113.47,108.3,,2015-08-03,169.7,EMA,489,49.25,CLOSED
PHOENIXLTD,2019-05,8.53,2019-06-03,323.58,278.58,,2020-03-18,278.58,SL,289,-14.21,CLOSED
PHOENIXLTD,2022-03,14.69,2022-04-01,542.68,438.63,,2023-04-03,643.31,EMA,367,18.24,CLOSED
PHOENIXLTD,2023-04,11.13,2023-05-02,717.88,626.45,,2024-11-01,1554.44,EMA,549,116.23,CLOSED
PHOENIXLTD,2025-12,6.72,2026-01-01,1851.05,1696.25,,2026-01-27,1696.25,SL,26,-8.66,CLOSED
PIDILITIND,2006-07,5.49,2006-08-01,19.97,17.83,,2008-03-03,33.67,EMA,580,68.28,CLOSED
PIDILITIND,2013-10,14.98,2013-11-01,133.76,116.57,,2016-12-01,305.22,EMA,1126,127.9,CLOSED
PIDILITIND,2017-08,5.64,2017-09-01,401.04,368.03,,2017-11-01,368.03,SL,61,-8.53,CLOSED
PIDILITIND,2019-05,4.46,2019-06-03,622.86,525.57,,2020-04-01,656.66,EMA,303,5.13,CLOSED
PIDILITIND,2020-12,14.46,2021-01-01,859.16,743.56,,2022-06-01,1094.41,EMA,516,27.08,CLOSED
PIDILITIND,2022-07,17.8,2022-08-01,1207.47,1013.08,,2023-02-01,1119.39,EMA,184,-7.59,CLOSED
PIDILITIND,2023-05,7.8,2023-06-01,1278.89,1172.47,,2023-10-03,1196.72,EMA,124,-6.73,CLOSED
PIDILITIND,2023-11,3.84,2023-12-01,1260.73,1175.01,,2024-02-01,1246.97,EMA,62,-1.39,CLOSED
PIDILITIND,2024-02,8.01,2024-03-01,1350.97,1227.99,,2025-01-01,1431.92,EMA,306,5.69,CLOSED
PIDILITIND,2025-12,0.86,2026-01-01,1473.29,1427.32,,2026-01-20,1427.32,SL,19,-3.42,CLOSED
PPLPHARMA,2023-11,21.15,2023-12-01,126.28,95.17,,2025-03-03,189.88,EMA,458,50.07,CLOSED
POLYMED,2013-04,9.38,2013-05-02,53.41,49.91,,2015-09-01,188.25,EMA,852,252.18,CLOSED
POLYMED,2025-10,2.65,2025-11-03,2000.9,1830.55,,2025-11-10,1830.55,SL,7,-8.81,CLOSED
POLYCAB,2019-06,2.36,2019-07-01,602.16,555.63,,2019-07-30,555.63,SL,29,-8.03,CLOSED
POLYCAB,2019-08,9.7,2019-09-03,586.4,504.83,,2020-04-01,721.2,EMA,211,22.69,CLOSED
POLYCAB,2022-07,5.28,2022-08-01,2288.44,2061.17,,2024-02-01,4285.64,EMA,549,86.97,CLOSED
POLYCAB,2024-07,2.23,2024-08-01,6829.2,5869.2,,2025-01-24,5869.2,SL,176,-14.36,CLOSED
POLYCAB,2025-06,9.96,2025-07-01,6529.52,5700.9,,2026-04-01,7114.74,EMA,274,8.66,CLOSED
POLYCAB,2026-08,3.72,2026-09-01,9200.0,8906.0,,2026-09-01,8906.0,SL,0,-3.5,CLOSED
POONAWALLA,2005-06,40.46,2005-07-01,23.93,15.47,,2005-10-27,15.19,SL,118,-36.84,CLOSED
POONAWALLA,2023-07,15.56,2023-08-01,392.24,335.28,,2023-11-03,335.28,SL,94,-14.82,CLOSED
POONAWALLA,2023-11,16.01,2023-12-01,410.26,334.88,,2024-07-01,415.0,EMA,213,0.85,CLOSED
POONAWALLA,2025-05,7.59,2025-06-02,404.35,362.15,,2026-02-02,386.3,EMA,245,-4.76,CLOSED
POONAWALLA,2026-06,15.2,2026-07-01,441.1,370.05,,2026-09-30,443.85,OPEN,91,0.32,OPEN
PFC,2012-06,20.05,2012-07-02,32.72,26.43,,2012-08-01,31.71,EMA,30,-3.39,CLOSED
PFC,2012-11,3.83,2012-12-03,35.41,32.15,,2013-04-01,34.23,EMA,119,-3.64,CLOSED
PFC,2013-11,18.42,2013-12-02,30.3,25.55,,2014-01-27,25.55,SL,56,-15.96,CLOSED
PFC,2014-02,28.32,2014-03-03,33.53,24.78,,2015-07-01,53.86,EMA,485,60.36,CLOSED
PFC,2016-08,13.77,2016-09-01,55.86,47.71,,2016-11-09,47.71,SL,69,-14.89,CLOSED
PFC,2017-03,11.05,2017-04-03,68.41,58.42,,2017-05-30,58.42,SL,57,-14.9,CLOSED
PFC,2018-07,12.94,2018-08-01,43.39,33.44,,2018-09-03,42.03,EMA,33,-3.44,CLOSED
PFC,2018-10,25.49,2018-11-01,47.55,35.79,,2018-12-03,42.57,EMA,32,-10.77,CLOSED
PFC,2018-12,24.18,2019-01-01,52.9,41.16,,2019-08-01,54.04,EMA,212,1.85,CLOSED
PFC,2019-10,9.81,2019-11-01,53.99,44.8,,2020-03-13,44.8,SL,133,-17.32,CLOSED
PFC,2022-07,11.01,2022-08-01,74.97,66.38,,2022-10-03,68.73,EMA,63,-8.61,CLOSED
PFC,2022-10,10.18,2022-11-01,75.39,66.11,,2025-01-01,415.35,EMA,792,450.65,CLOSED
POWERGRID,2011-03,2.98,2011-04-01,32.38,30.57,,2011-05-26,30.57,SL,55,-5.87,CLOSED
POWERGRID,2012-01,4.0,2012-02-01,33.78,31.81,,2013-02-01,36.3,EMA,366,7.14,CLOSED
POWERGRID,2013-04,6.05,2013-05-02,37.24,34.4,,2013-06-25,34.4,SL,54,-7.94,CLOSED
POWERGRID,2014-10,7.8,2014-11-03,50.78,45.93,,2014-12-16,45.93,SL,43,-9.86,CLOSED
POWERGRID,2015-02,6.15,2015-03-02,54.68,48.53,,2015-05-07,48.53,SL,66,-11.55,CLOSED
POWERGRID,2015-07,2.08,2015-08-03,49.11,47.49,,2015-08-11,47.49,SL,8,-3.6,CLOSED
POWERGRID,2015-11,5.79,2015-12-01,47.9,44.57,,2016-03-01,46.35,EMA,91,-3.52,CLOSED
POWERGRID,2016-06,8.73,2016-07-01,58.03,52.41,,2018-01-01,72.51,EMA,549,24.65,CLOSED
POWERGRID,2018-02,3.31,2018-03-01,72.71,68.85,,2018-04-02,71.16,EMA,32,-2.43,CLOSED
POWERGRID,2018-08,10.53,2018-09-03,74.83,66.46,,2018-10-01,70.47,EMA,28,-6.13,CLOSED
POWERGRID,2018-12,10.27,2019-01-01,73.9,66.11,,2019-02-01,71.46,EMA,31,-3.59,CLOSED
POWERGRID,2022-08,8.37,2022-09-01,141.96,133.77,,2022-09-23,133.77,SL,22,-6.07,CLOSED
POWERGRID,2022-10,7.52,2022-11-01,145.5,128.68,,2025-02-01,287.39,EMA,823,97.22,CLOSED
POWERGRID,2025-06,3.5,2025-07-01,290.12,271.62,,2025-08-01,281.11,EMA,31,-3.41,CLOSED
PRESTIGE,2023-04,21.7,2023-05-02,483.69,405.2,,2025-02-01,1366.9,EMA,641,182.3,CLOSED
PFOCUS,2007-08,5.02,2007-09-03,90.0,74.61,,2008-02-01,98.5,EMA,151,9.14,CLOSED
PFOCUS,2010-06,16.83,2010-07-01,31.33,25.7,,2011-03-01,44.85,EMA,243,42.85,CLOSED
PFOCUS,2014-12,5.45,2015-01-01,51.7,48.5,,2015-01-02,48.5,SL,1,-6.49,CLOSED
PFOCUS,2022-01,8.9,2022-02-01,80.3,64.1,,2022-06-20,62.8,SL,139,-22.09,CLOSED
PRIVISCL,2018-07,8.19,2018-08-01,300.75,270.68,,2018-09-03,288.03,EMA,33,-4.53,CLOSED
PRIVISCL,2019-03,11.75,2019-04-01,350.97,302.42,,2019-12-02,349.76,EMA,245,-0.64,CLOSED
PRIVISCL,2021-07,43.18,2021-08-02,1620.77,1107.53,,2022-05-11,1107.53,SL,282,-31.97,CLOSED
PRIVISCL,2026-02,8.07,2026-03-02,2941.74,2674.59,,2026-09-30,3586.6,OPEN,212,21.62,OPEN
PNB,2005-09,12.13,2005-10-03,63.16,55.75,,2005-10-20,55.75,SL,17,-12.03,CLOSED
PNB,2007-09,12.03,2007-10-01,75.55,69.23,,2007-10-19,69.07,SL,18,-8.87,CLOSED
PNB,2010-03,12.4,2010-04-01,159.18,141.26,,2011-02-01,176.37,EMA,306,10.5,CLOSED
PNB,2011-06,1.11,2011-07-01,177.27,167.55,,2011-08-17,167.55,SL,47,-5.78,CLOSED
PNB,2012-06,9.96,2012-07-02,136.38,115.56,,2012-08-01,121.28,EMA,30,-11.37,CLOSED
PNB,2012-11,6.3,2012-12-03,131.07,120.74,,2013-03-01,131.74,EMA,88,0.21,CLOSED
PNB,2013-10,17.98,2013-11-01,95.17,78.95,,2013-12-02,95.34,EMA,31,-0.12,CLOSED
PNB,2014-11,15.2,2014-12-01,189.95,161.81,,2015-02-03,161.81,SL,64,-15.11,CLOSED
PNB,2016-06,34.05,2016-07-01,95.66,68.03,,2017-01-02,105.49,EMA,185,9.97,CLOSED
PNB,2019-03,31.88,2019-04-01,86.65,65.55,,2019-05-02,75.96,EMA,31,-12.63,CLOSED
PNB,2023-04,12.12,2023-05-02,48.42,42.8,,2024-10-01,98.22,EMA,518,102.53,CLOSED
PNB,2025-05,5.6,2025-06-02,100.58,84.47,,2025-09-01,98.15,EMA,91,-2.72,CLOSED
PNB,2025-10,8.92,2025-11-03,119.62,108.06,,2026-03-16,108.06,SL,133,-9.97,CLOSED
PNB,2026-07,5.64,2026-08-03,113.01,100.45,,2026-09-30,113.06,OPEN,58,-0.26,OPEN
RRKABEL,2026-02,13.75,2026-03-02,1521.17,1311.29,,2026-03-23,1311.29,SL,21,-14.1,CLOSED
RBLBANK,2016-10,28.66,2016-11-01,380.77,283.51,,2018-03-01,474.45,EMA,485,24.3,CLOSED
RBLBANK,2019-03,18.42,2019-04-01,660.06,559.54,,2019-07-16,559.54,SL,106,-15.53,CLOSED
RBLBANK,2021-09,15.35,2021-10-01,184.4,162.28,,2021-11-01,178.46,EMA,31,-3.52,CLOSED
RBLBANK,2023-04,14.67,2023-05-02,156.2,136.84,,2023-05-19,136.84,SL,17,-12.7,CLOSED
RBLBANK,2023-06,12.25,2023-07-03,179.15,159.34,,2024-08-01,234.64,EMA,395,30.67,CLOSED
RBLBANK,2025-06,16.62,2025-07-01,245.47,204.23,,2026-09-30,403.35,OPEN,456,64.02,OPEN
RECLTD,2009-11,22.44,2009-12-01,32.77,25.96,,2011-01-03,40.24,EMA,398,22.47,CLOSED
RECLTD,2012-06,16.52,2012-07-02,27.63,22.55,,2012-08-01,26.94,EMA,30,-2.81,CLOSED
RECLTD,2013-11,16.78,2013-12-02,34.26,29.0,,2014-01-17,29.0,SL,46,-15.65,CLOSED
RECLTD,2014-02,12.19,2014-03-03,30.36,26.29,,2014-10-01,39.21,EMA,212,28.86,CLOSED
RECLTD,2014-10,20.82,2014-11-03,47.7,37.1,,2015-06-01,47.91,EMA,210,0.14,CLOSED
RECLTD,2016-06,8.34,2016-07-01,30.63,27.21,,2017-10-03,57.59,EMA,459,87.73,CLOSED
RECLTD,2018-07,11.75,2018-08-01,47.22,35.65,,2018-09-03,48.42,EMA,33,2.24,CLOSED
RECLTD,2018-10,18.9,2018-11-01,47.6,38.49,,2018-12-03,41.19,EMA,32,-13.76,CLOSED
RECLTD,2019-02,9.34,2019-03-01,56.29,47.01,,2019-10-01,54.39,EMA,214,-3.67,CLOSED
RECLTD,2019-10,13.52,2019-11-01,61.62,52.65,,2020-03-02,57.42,EMA,122,-7.12,CLOSED
RECLTD,2022-06,3.86,2022-07-01,69.23,61.81,,2022-10-03,73.47,EMA,94,5.83,CLOSED
RECLTD,2022-10,9.1,2022-11-01,80.37,71.05,,2025-01-01,459.38,EMA,792,471.25,CLOSED
RECLTD,2026-07,3.69,2026-08-03,372.33,340.25,,2026-08-11,340.25,SL,8,-8.91,CLOSED
RHIM,2013-02,3.19,2013-03-01,32.7,31.6,,2013-04-09,31.43,SL,39,-4.2,CLOSED
RHIM,2014-06,35.07,2014-07-01,80.15,57.8,,2015-04-01,79.82,EMA,274,-0.71,CLOSED
RHIM,2016-10,10.0,2016-11-01,121.55,101.48,,2016-11-09,101.3,SL,8,-16.96,CLOSED
RHIM,2018-07,23.02,2018-08-01,205.72,156.4,,2019-02-01,199.4,EMA,184,-3.37,CLOSED
RHIM,2021-07,9.87,2021-08-02,344.56,307.97,,2023-03-01,627.72,EMA,576,81.88,CLOSED
RITES,2023-01,6.54,2023-02-01,158.59,139.21,,2023-02-22,139.21,SL,21,-12.52,CLOSED
RADICO,2013-09,11.92,2013-10-01,128.52,105.16,,2014-04-28,105.16,SL,209,-18.48,CLOSED
RADICO,2015-12,5.1,2016-01-01,115.1,95.5,,2016-01-18,95.5,SL,17,-17.32,CLOSED
RADICO,2022-06,8.47,2022-07-01,862.74,764.1,,2025-03-03,2065.47,EMA,976,139.11,CLOSED
RADICO,2025-03,17.17,2025-04-01,2420.16,1980.13,,2026-02-02,2721.66,EMA,307,12.16,CLOSED
RADICO,2026-06,12.13,2026-07-01,3937.26,3418.91,,2026-09-30,4366.0,OPEN,91,10.59,OPEN
RAILTEL,2022-08,3.85,2022-09-01,95.34,89.28,,2023-03-01,105.33,EMA,181,10.18,CLOSED
RAILTEL,2023-08,27.83,2023-09-01,204.4,157.9,,2024-12-02,406.3,EMA,458,98.48,CLOSED
RAINBOW,2023-05,25.01,2023-06-01,972.2,766.17,,2024-08-01,1182.06,EMA,427,21.29,CLOSED
RAINBOW,2024-08,7.0,2024-09-02,1273.56,1124.11,,2025-03-03,1224.68,EMA,182,-4.14,CLOSED
RAINBOW,2026-05,10.22,2026-06-01,1391.73,1233.6,,2026-09-30,1314.3,OPEN (EMA exit due),121,-5.86,OPEN
RKFORGE,2008-04,10.67,2008-05-02,39.13,32.31,,2008-06-02,33.39,EMA,31,-14.98,CLOSED
RKFORGE,2009-05,73.2,2009-06-01,11.92,6.69,,2010-12-01,22.98,EMA,548,92.56,CLOSED
RKFORGE,2014-07,26.72,2014-08-01,42.29,36.31,,2016-01-01,103.6,EMA,518,144.67,CLOSED
RKFORGE,2019-12,5.41,2020-01-01,74.8,60.09,,2020-02-03,64.74,EMA,33,-13.74,CLOSED
RKFORGE,2026-07,15.27,2026-08-03,659.7,550.05,,2026-09-30,702.3,OPEN,58,6.16,OPEN
REDINGTON,2014-03,13.38,2014-04-01,26.81,21.96,,2015-07-01,33.01,EMA,456,22.86,CLOSED
REDINGTON,2015-07,24.24,2015-08-03,41.04,32.78,,2015-09-01,37.33,EMA,29,-9.34,CLOSED
REDINGTON,2017-03,3.24,2017-04-03,40.69,37.55,,2018-03-01,54.14,EMA,332,32.74,CLOSED
REDINGTON,2021-05,47.16,2021-06-01,108.12,71.86,,2022-06-01,111.8,EMA,365,3.1,CLOSED
REDINGTON,2024-10,5.3,2024-11-01,187.61,151.82,,2026-04-01,200.11,EMA,516,6.36,CLOSED
RELIANCE,2006-06,12.35,2006-07-03,105.18,79.95,,2008-04-01,229.84,EMA,638,118.22,CLOSED
RELIANCE,2010-06,4.23,2010-07-01,220.93,202.81,,2010-08-02,207.07,EMA,32,-6.57,CLOSED
RELIANCE,2011-03,8.8,2011-04-01,213.81,196.47,,2011-05-02,200.53,EMA,31,-6.51,CLOSED
RELIANCE,2012-06,4.57,2012-07-02,153.28,140.34,,2012-08-01,154.27,EMA,30,0.35,CLOSED
RELIANCE,2013-10,11.22,2013-11-01,191.96,172.47,,2014-02-03,174.26,EMA,94,-9.52,CLOSED
RELIANCE,2014-03,16.35,2014-04-01,197.42,168.14,,2014-10-01,200.99,EMA,183,1.51,CLOSED
RELIANCE,2014-10,5.8,2014-11-03,213.86,194.16,,2014-12-11,194.16,SL,38,-9.51,CLOSED
RELIANCE,2015-12,4.91,2016-01-01,217.8,196.89,,2016-02-12,196.89,SL,42,-9.9,CLOSED
RELIANCE,2016-12,9.33,2017-01-02,236.44,215.17,,2019-08-01,514.96,EMA,941,117.5,CLOSED
RELIANCE,2019-09,6.7,2019-10-01,595.36,522.17,,2020-03-02,603.42,EMA,153,1.05,CLOSED
RELIANCE,2022-10,7.23,2022-11-01,1181.43,1064.69,,2023-01-27,1064.69,SL,87,-10.18,CLOSED
RELIANCE,2023-04,3.84,2023-05-02,1107.0,1049.0,,2023-11-01,1130.94,EMA,183,1.86,CLOSED
RELIANCE,2024-06,9.44,2024-07-01,1543.91,1343.1,,2024-10-15,1343.1,SL,106,-13.31,CLOSED
RELIANCE,2025-04,10.19,2025-05-02,1401.89,1105.3,,2025-09-01,1349.76,EMA,122,-4.02,CLOSED
RELIANCE,2025-11,5.46,2025-12-01,1567.75,1463.33,,2026-01-08,1463.33,SL,38,-6.96,CLOSED
RELIANCE,2026-04,6.47,2026-05-01,1424.22,1284.06,,2026-06-01,1326.37,EMA,31,-7.17,CLOSED
RPOWER,2011-10,24.43,2011-11-01,92.58,74.36,,2011-12-01,86.41,EMA,30,-6.97,CLOSED
RPOWER,2014-03,14.14,2014-04-01,69.75,58.88,,2014-05-02,67.6,EMA,31,-3.39,CLOSED
RPOWER,2014-10,8.61,2014-11-03,75.38,66.91,,2014-11-25,66.91,SL,22,-11.54,CLOSED
RPOWER,2017-02,6.03,2017-03-01,47.6,42.65,,2017-05-24,42.65,SL,84,-10.7,CLOSED
RPOWER,2020-04,84.0,2020-05-04,2.25,1.25,,2020-06-01,1.95,EMA,28,-13.63,CLOSED
RPOWER,2020-06,123.68,2020-07-01,4.45,1.9,,2020-08-03,3.4,EMA,33,-23.9,CLOSED
RPOWER,2021-02,28.79,2021-03-01,4.45,3.05,,2022-06-01,12.8,EMA,457,187.34,CLOSED
RPOWER,2024-03,16.74,2024-04-01,28.85,19.4,,2025-03-03,33.46,EMA,336,15.68,CLOSED
SBICARD,2021-07,6.84,2021-08-02,1020.96,908.74,,2021-11-29,908.74,SL,119,-11.29,CLOSED
SBICARD,2025-01,17.23,2025-02-01,769.99,659.71,,2025-08-01,801.19,EMA,181,3.75,CLOSED
SBICARD,2026-07,11.29,2026-08-03,661.0,579.9,,2026-09-01,653.2,EMA,29,-1.48,CLOSED
SBILIFE,2019-04,4.18,2019-05-02,632.24,574.45,,2020-03-19,558.19,SL,322,-12.01,CLOSED
SBILIFE,2020-07,13.19,2020-08-03,900.02,792.34,,2020-09-22,792.34,SL,50,-12.26,CLOSED
SBILIFE,2020-12,6.88,2021-01-01,892.12,815.26,,2022-03-02,1050.2,EMA,425,17.42,CLOSED
SBILIFE,2022-05,6.21,2022-06-01,1153.4,1025.55,,2022-07-01,1077.41,EMA,30,-6.89,CLOSED
SBILIFE,2022-07,19.67,2022-08-01,1290.38,1067.04,,2023-02-01,1210.52,EMA,184,-6.49,CLOSED
SBILIFE,2023-05,8.32,2023-06-01,1235.2,1128.55,,2024-06-03,1430.58,EMA,368,15.52,CLOSED
SBILIFE,2024-06,7.61,2024-07-01,1487.05,1303.4,,2024-12-02,1423.71,EMA,154,-4.56,CLOSED
SBILIFE,2025-04,14.08,2025-05-02,1758.56,1428.56,,2026-04-01,1828.4,EMA,334,3.67,CLOSED
SJVN,2011-03,9.63,2011-04-01,9.83,8.69,,2011-05-02,9.76,EMA,31,-0.98,CLOSED
SJVN,2011-06,0.94,2011-07-01,9.67,9.2,,2011-11-25,8.94,SL,147,-7.91,CLOSED
SJVN,2013-01,5.39,2013-02-01,11.02,9.87,,2013-02-28,9.87,SL,27,-10.7,CLOSED
SJVN,2013-04,5.82,2013-05-02,9.75,9.24,,2013-07-01,9.75,EMA,60,-0.3,CLOSED
SJVN,2015-12,11.78,2016-01-01,18.12,15.53,,2016-01-18,15.53,SL,17,-14.61,CLOSED
SJVN,2016-06,3.07,2016-07-01,16.19,15.68,,2016-08-03,15.68,SL,33,-3.47,CLOSED
SHRIPISTON,2016-07,165.25,2016-08-01,1029.72,388.2,,2017-01-02,572.15,EMA,154,-44.74,CLOSED
SHRIPISTON,2017-10,9.76,2017-11-01,989.05,795.89,,2018-02-01,827.99,EMA,92,-16.58,CLOSED
SHRIPISTON,2021-07,19.42,2021-08-02,509.47,422.76,,2021-08-26,422.76,SL,24,-17.32,CLOSED
SHRIPISTON,2026-06,23.49,2026-07-01,4204.95,3259.19,,2026-09-30,4653.7,OPEN,91,10.37,OPEN
SRF,2007-06,10.7,2007-07-02,21.01,15.66,,2007-08-01,17.3,EMA,30,-17.93,CLOSED
SRF,2016-06,1.21,2016-07-01,250.51,228.31,,2017-07-03,296.4,EMA,367,18.02,CLOSED
SRF,2017-12,8.18,2018-01-01,382.63,339.58,,2018-02-01,339.58,SL,31,-11.55,CLOSED
SRF,2018-10,12.85,2018-11-01,374.97,313.77,,2020-04-01,547.85,EMA,517,45.81,CLOSED
SRF,2021-06,11.71,2021-07-01,1439.85,1270.16,,2022-07-01,2198.9,EMA,365,52.42,CLOSED
SRF,2022-07,7.98,2022-08-01,2408.58,1974.27,,2022-12-01,2341.38,EMA,122,-3.09,CLOSED
SRF,2023-03,11.22,2023-04-03,2401.82,2160.32,,2023-07-03,2275.01,EMA,91,-5.58,CLOSED
SRF,2023-11,7.84,2023-12-01,2342.99,2140.13,,2024-02-01,2298.6,EMA,62,-2.19,CLOSED
SRF,2024-07,8.73,2024-08-01,2615.04,2265.62,,2024-10-17,2192.5,SL,77,-16.46,CLOSED
SRF,2025-06,13.32,2025-07-01,3233.62,2804.99,,2025-08-28,2804.99,SL,58,-13.56,CLOSED
SAGILITY,2025-07,13.13,2025-08-01,47.04,40.47,,2026-02-26,40.47,SL,209,-14.26,CLOSED
SAGILITY,2026-08,8.66,2026-09-01,47.05,41.77,,2026-09-30,42.58,OPEN (EMA exit due),29,-9.8,OPEN
SAILIFE,2026-02,19.53,2026-03-02,992.5,783.85,,2026-09-30,1524.5,OPEN,212,53.3,OPEN
SAMMAANCAP,2015-06,4.45,2015-07-01,411.29,356.4,,2016-03-01,396.31,EMA,244,-3.94,CLOSED
SAMMAANCAP,2017-03,14.51,2017-04-03,714.74,596.86,,2018-07-02,856.38,EMA,455,19.52,CLOSED
SAMMAANCAP,2023-04,10.58,2023-05-02,94.96,85.69,,2023-06-01,101.17,EMA,30,6.24,CLOSED
SAMMAANCAP,2025-09,29.77,2025-10-01,159.0,123.5,,2026-01-01,146.19,EMA,92,-8.36,CLOSED
MOTHERSON,2006-03,24.71,2006-04-03,1.9,1.33,,2006-06-08,1.33,SL,66,-30.03,CLOSED
MOTHERSON,2011-02,10.01,2011-03-01,5.68,4.66,,2011-09-02,5.57,EMA,185,-2.35,CLOSED
MOTHERSON,2013-04,0.33,2013-05-02,8.91,7.95,,2015-09-01,32.18,EMA,852,260.8,CLOSED
MOTHERSON,2016-07,14.24,2016-08-01,35.98,29.7,,2018-03-01,54.35,EMA,577,50.77,CLOSED
MOTHERSON,2020-12,11.58,2021-01-01,43.43,36.72,,2022-04-01,60.51,EMA,455,39.03,CLOSED
MOTHERSON,2022-11,15.89,2022-12-01,48.9,41.79,,2023-01-02,48.45,EMA,32,-1.23,CLOSED
MOTHERSON,2023-04,9.39,2023-05-02,48.25,43.59,,2024-12-02,107.13,EMA,580,121.72,CLOSED
SANSERA,2023-03,2.57,2023-04-03,741.69,698.43,,2023-12-01,835.62,EMA,242,12.36,CLOSED
SANSERA,2026-08,20.05,2026-09-01,4080.79,3354.92,,2026-09-30,4537.5,OPEN,29,10.89,OPEN
SARDAEN,2023-07,37.48,2023-08-01,200.71,140.78,,2024-04-01,201.14,EMA,244,-0.09,CLOSED
SARDAEN,2024-04,18.41,2024-05-02,243.35,201.14,,2024-06-04,201.14,SL,33,-17.65,CLOSED
SCHAEFFLER,2008-03,3.44,2008-04-01,101.38,70.86,,2008-05-02,90.71,EMA,31,-10.83,CLOSED
SCHAEFFLER,2011-03,5.87,2011-04-01,155.88,138.6,,2012-01-02,197.26,EMA,276,26.25,CLOSED
SCHAEFFLER,2012-03,14.77,2012-04-02,313.8,259.65,,2013-02-01,293.23,EMA,305,-6.86,CLOSED
SCHAEFFLER,2014-02,11.4,2014-03-03,323.36,283.52,,2015-12-01,741.92,EMA,638,129.14,CLOSED
SCHAEFFLER,2015-12,11.14,2016-01-01,819.97,725.53,,2016-01-12,725.53,SL,11,-11.82,CLOSED
SCHAEFFLER,2016-10,7.55,2016-11-01,828.73,756.28,,2016-11-09,756.28,SL,8,-9.04,CLOSED
SCHAEFFLER,2017-01,2.71,2017-02-01,733.49,704.68,,2018-08-01,995.39,EMA,546,35.41,CLOSED
SCHAEFFLER,2018-12,7.94,2019-01-01,1068.28,986.01,,2019-01-28,986.01,SL,27,-8.0,CLOSED
SCHAEFFLER,2019-09,7.66,2019-10-01,830.91,744.99,,2019-11-01,814.86,EMA,31,-2.23,CLOSED
SCHAEFFLER,2021-03,4.79,2021-04-01,1035.49,965.31,,2021-04-20,965.31,SL,19,-7.08,CLOSED
SCHAEFFLER,2021-05,1.05,2021-06-01,1015.71,927.12,,2023-11-01,2740.64,EMA,883,169.53,CLOSED
SCHAEFFLER,2024-11,4.32,2024-12-02,3517.59,3270.19,,2024-12-19,3270.19,SL,17,-7.33,CLOSED
SCHNEIDER,2012-11,8.37,2012-12-03,100.3,84.3,,2012-12-31,84.3,SL,28,-16.25,CLOSED
SCHNEIDER,2014-06,10.51,2014-07-01,131.9,117.25,,2015-09-01,183.0,EMA,427,38.44,CLOSED
SCHNEIDER,2024-02,35.0,2024-03-01,645.0,453.3,,2025-02-01,679.25,EMA,337,5.01,CLOSED
SCHNEIDER,2025-06,10.67,2025-07-01,857.0,679.85,,2025-12-01,718.9,EMA,153,-16.41,CLOSED
SCHNEIDER,2026-04,47.04,2026-05-01,1243.7,841.5,,2026-09-30,1203.4,OPEN,152,-3.54,OPEN
SCI,2007-03,2.9,2007-04-02,85.25,73.72,,2008-02-01,105.83,EMA,305,23.84,CLOSED
SCI,2014-10,5.89,2014-11-03,55.96,50.29,,2015-02-06,50.29,SL,95,-10.42,CLOSED
SCI,2022-10,14.19,2022-11-01,122.92,105.18,,2023-03-01,112.32,EMA,120,-8.93,CLOSED
SCI,2023-07,2.98,2023-08-01,97.91,90.83,,2024-11-01,205.16,EMA,458,109.23,CLOSED
SHREECEM,2005-07,10.94,2005-08-01,330.56,296.21,,2007-04-02,857.42,EMA,609,159.08,CLOSED
SHREECEM,2007-05,17.69,2007-06-01,1149.96,903.54,,2008-01-22,903.54,SL,235,-21.73,CLOSED
SHREECEM,2009-03,26.2,2009-04-01,637.38,489.03,,2010-08-02,1694.09,EMA,488,165.49,CLOSED
SHREECEM,2011-11,10.3,2011-12-01,1944.98,1738.26,,2012-06-01,2232.42,EMA,183,14.48,CLOSED
SHREECEM,2012-06,26.29,2012-07-02,2843.41,2144.6,,2013-09-02,3407.82,EMA,427,19.55,CLOSED
SHREECEM,2014-12,4.78,2015-01-01,8985.25,8311.14,,2016-02-01,10233.25,EMA,396,13.59,CLOSED
SHREECEM,2018-08,11.21,2018-09-03,18531.53,16291.1,,2018-09-12,16291.1,SL,9,-12.39,CLOSED
SHREECEM,2020-04,12.66,2020-05-04,18736.5,15058.39,,2020-09-01,19982.41,EMA,120,6.35,CLOSED
SHREECEM,2021-03,11.18,2021-04-01,28895.3,25504.47,,2021-08-16,25504.47,SL,137,-12.03,CLOSED
SHREECEM,2022-10,8.12,2022-11-01,22417.53,19811.98,,2023-07-03,23889.35,EMA,244,6.27,CLOSED
SHREECEM,2023-11,4.24,2023-12-01,26495.41,25001.05,,2024-03-01,25404.42,EMA,91,-4.42,CLOSED
SHREECEM,2024-09,3.25,2024-10-01,26151.64,24465.37,,2024-10-10,24465.37,SL,9,-6.75,CLOSED
SHREECEM,2024-11,4.01,2024-12-02,25762.72,23285.54,,2025-01-01,25475.71,EMA,30,-1.41,CLOSED
SHREECEM,2025-01,8.18,2025-02-01,27664.16,24591.31,,2025-11-03,28236.6,EMA,275,1.77,CLOSED
SHREECEM,2025-12,0.66,2026-01-01,26531.04,25294.25,,2026-02-02,26316.6,EMA,32,-1.11,CLOSED
SHRIRAMFIN,2005-08,37.17,2005-09-01,15.09,9.71,,2006-07-03,15.24,EMA,305,0.65,CLOSED
SHRIRAMFIN,2007-04,3.07,2007-05-03,18.66,17.31,,2008-07-01,41.68,EMA,425,123.0,CLOSED
SHRIRAMFIN,2010-10,13.61,2010-11-01,142.32,119.67,,2010-12-08,119.67,SL,37,-16.22,CLOSED
SHRIRAMFIN,2012-06,1.37,2012-07-02,86.04,80.11,,2013-08-01,104.79,EMA,395,21.49,CLOSED
SHRIRAMFIN,2014-10,2.39,2014-11-03,159.5,142.36,,2015-05-04,155.69,EMA,182,-2.69,CLOSED
SHRIRAMFIN,2018-10,1.2,2018-11-01,202.1,156.13,,2018-12-03,201.26,EMA,32,-0.72,CLOSED
SHRIRAMFIN,2022-03,2.08,2022-04-01,211.13,184.32,,2022-05-02,221.31,EMA,31,4.52,CLOSED
SHRIRAMFIN,2023-07,9.1,2023-08-01,361.13,325.02,,2025-02-01,539.1,EMA,550,48.98,CLOSED
SHRIRAMFIN,2025-02,13.53,2025-03-03,615.26,507.71,,2025-09-01,573.24,EMA,182,-7.13,CLOSED
SHRIRAMFIN,2025-12,16.97,2026-01-01,990.6,813.2,,2026-09-30,982.7,OPEN,272,-1.1,OPEN
SHYAMMETL,2023-12,33.6,2024-01-01,626.58,455.11,,2025-01-01,718.52,EMA,366,14.37,CLOSED
SHYAMMETL,2025-12,4.15,2026-01-01,838.31,773.0,,2026-01-23,773.0,SL,22,-8.09,CLOSED
SIEMENS,2006-02,0.74,2006-03-01,209.95,196.56,,2006-05-22,196.56,SL,82,-6.68,CLOSED
SIEMENS,2009-08,7.37,2009-09-01,247.06,201.51,,2011-10-03,406.98,EMA,762,64.43,CLOSED
SIEMENS,2012-06,8.32,2012-07-02,366.23,314.21,,2012-08-01,340.17,EMA,30,-7.42,CLOSED
SIEMENS,2014-02,12.27,2014-03-03,320.11,268.06,,2015-12-01,647.47,EMA,638,101.96,CLOSED
SIEMENS,2016-03,11.53,2016-04-01,578.73,523.23,,2016-05-02,597.17,EMA,31,2.89,CLOSED
SIEMENS,2016-06,8.76,2016-07-01,692.89,631.16,,2016-11-01,654.91,EMA,123,-5.78,CLOSED
SIEMENS,2019-03,9.69,2019-04-01,638.99,560.1,,2020-03-02,751.08,EMA,336,17.24,CLOSED
SIEMENS,2020-12,4.1,2021-01-01,896.49,820.02,,2023-11-01,1936.45,EMA,1034,115.7,CLOSED
SIEMENS,2023-11,9.81,2023-12-01,2127.78,1913.23,,2025-01-01,3812.62,EMA,397,78.88,CLOSED
SIEMENS,2026-02,10.23,2026-03-02,3379.59,2958.06,,2026-03-23,2958.06,SL,21,-12.77,CLOSED
SIGNATURE,2023-12,15.41,2024-01-01,879.65,760.2,,2025-02-01,1208.95,EMA,397,37.14,CLOSED
SOBHA,2012-03,17.31,2012-04-02,285.05,222.2,,2013-04-01,306.71,EMA,364,7.3,CLOSED
SOBHA,2013-04,18.92,2013-05-02,361.4,294.66,,2013-06-25,294.66,SL,54,-18.77,CLOSED
SOBHA,2016-06,7.11,2016-07-01,297.95,271.28,,2016-08-22,271.28,SL,52,-9.25,CLOSED
SOBHA,2019-03,9.84,2019-04-01,484.34,400.63,,2019-10-01,464.26,EMA,183,-4.45,CLOSED
SOBHA,2023-11,27.27,2023-12-01,908.0,709.53,,2024-11-01,1600.27,EMA,336,75.94,CLOSED
SOBHA,2025-04,7.95,2025-05-02,1316.89,1068.8,,2025-09-01,1425.76,EMA,122,7.97,CLOSED
SOBHA,2025-10,5.0,2025-11-03,1613.39,1408.13,,2025-12-11,1408.13,SL,38,-13.02,CLOSED
SOLARINDS,2007-11,79.45,2007-12-03,80.29,44.29,,2008-11-03,66.59,EMA,336,-17.36,CLOSED
SOLARINDS,2010-07,5.22,2010-08-02,86.8,72.33,,2013-06-03,169.96,EMA,1036,95.5,CLOSED
SOLARINDS,2017-03,10.25,2017-04-03,764.26,688.44,,2018-10-01,1021.5,EMA,546,33.36,CLOSED
SOLARINDS,2024-04,2.12,2024-05-02,8971.97,8240.38,,2024-05-16,8240.38,SL,14,-8.45,CLOSED
SOLARINDS,2025-03,29.08,2025-04-01,11317.13,8639.62,,2026-01-01,12327.72,EMA,275,8.63,CLOSED
SOLARINDS,2026-06,2.46,2026-07-01,18688.96,16822.06,,2026-09-30,19700.0,OPEN,91,5.11,OPEN
SONACOMS,2024-05,4.12,2024-06-03,664.93,556.57,,2025-01-01,589.28,EMA,212,-11.68,CLOSED
SONACOMS,2026-01,3.75,2026-02-02,488.78,435.02,,2026-04-01,490.57,EMA,58,0.07,CLOSED
SONACOMS,2026-04,26.12,2026-05-01,605.49,476.91,,2026-09-30,830.0,OPEN,152,36.78,OPEN
STARHEALTH,2023-06,8.65,2023-07-03,590.45,507.5,,2023-10-03,600.95,EMA,92,1.48,CLOSED
STARHEALTH,2024-06,7.31,2024-07-01,558.95,491.35,,2024-11-01,508.0,EMA,123,-9.42,CLOSED
SBIN,2005-02,11.14,2005-03-01,50.18,39.5,,2005-04-01,46.23,EMA,31,-8.18,CLOSED
SBIN,2006-11,20.21,2006-12-01,96.3,79.75,,2007-02-14,79.75,SL,75,-17.49,CLOSED
SBIN,2007-05,22.85,2007-06-01,99.89,78.36,,2008-04-01,125.9,EMA,305,25.74,CLOSED
SBIN,2010-04,10.71,2010-05-03,186.22,163.61,,2011-02-01,217.61,EMA,274,16.56,CLOSED
SBIN,2012-12,9.92,2013-01-01,203.51,183.93,,2013-02-28,183.93,SL,58,-9.92,CLOSED
SBIN,2013-10,11.26,2013-11-01,154.7,135.79,,2013-12-02,157.64,EMA,31,1.6,CLOSED
SBIN,2014-02,0.62,2014-03-03,132.01,125.55,,2015-04-01,233.47,EMA,394,76.56,CLOSED
SBIN,2016-05,8.44,2016-06-01,182.6,147.53,,2017-10-03,232.4,EMA,489,26.97,CLOSED
SBIN,2018-10,5.99,2018-11-01,256.51,224.24,,2019-03-01,245.22,EMA,120,-4.7,CLOSED
SBIN,2022-01,16.91,2022-02-01,497.58,420.88,,2022-03-04,420.88,SL,31,-15.72,CLOSED
SBIN,2023-04,10.42,2023-05-02,538.83,482.21,,2023-11-01,536.28,EMA,183,-0.77,CLOSED
SBIN,2025-05,5.07,2025-06-02,798.46,727.51,,2026-06-01,966.25,EMA,364,20.71,CLOSED
SAIL,2006-09,7.74,2006-10-03,52.35,46.75,,2008-04-01,128.23,EMA,546,144.65,CLOSED
SAIL,2009-12,22.6,2010-01-04,171.34,140.98,,2010-05-21,139.85,SL,137,-18.68,CLOSED
SAIL,2016-10,12.42,2016-11-01,43.05,38.39,,2016-11-09,37.98,SL,8,-12.08,CLOSED
SAIL,2020-12,52.94,2021-01-01,61.96,40.14,,2021-12-01,90.96,EMA,334,46.49,CLOSED
SAIL,2022-07,15.99,2022-08-01,73.47,61.81,,2022-09-01,75.97,EMA,31,3.1,CLOSED
SAIL,2023-07,10.64,2023-08-01,91.0,81.73,,2023-08-16,81.73,SL,15,-10.48,CLOSED
SAIL,2023-11,10.08,2023-12-01,89.26,79.28,,2024-09-02,129.49,EMA,276,44.77,CLOSED
STLTECH,2009-05,81.01,2009-06-01,28.18,15.07,,2010-11-01,72.66,EMA,518,157.55,CLOSED
STLTECH,2014-03,17.81,2014-04-01,21.22,17.32,,2015-04-01,49.89,EMA,365,134.85,CLOSED
STLTECH,2015-09,14.29,2015-10-01,82.5,66.27,,2016-02-16,66.27,SL,138,-19.97,CLOSED
STLTECH,2016-05,4.11,2016-06-01,84.51,77.0,,2016-06-15,67.74,SL,14,-20.15,CLOSED
STLTECH,2017-10,27.39,2017-11-01,270.24,206.31,,2018-07-02,262.34,EMA,243,-3.22,CLOSED
STLTECH,2020-11,10.45,2020-12-01,160.34,140.13,,2022-02-01,203.97,EMA,427,26.91,CLOSED
STLTECH,2023-08,14.94,2023-09-01,173.25,144.18,,2023-10-27,144.18,SL,56,-17.08,CLOSED
STLTECH,2026-05,81.87,2026-06-01,562.95,294.8,,2026-09-30,909.9,OPEN,121,61.33,OPEN
SUMICHEM,2022-03,19.08,2022-04-01,440.56,348.64,,2023-02-01,449.41,EMA,306,1.71,CLOSED
SUMICHEM,2023-11,9.03,2023-12-01,405.03,363.84,,2024-01-01,397.58,EMA,31,-2.14,CLOSED
SUMICHEM,2025-06,4.51,2025-07-01,529.64,484.2,,2025-10-01,532.72,EMA,92,0.28,CLOSED
SUNPHARMA,2006-01,2.08,2006-02-01,55.96,50.77,,2007-08-01,78.47,EMA,546,39.93,CLOSED
SUNPHARMA,2009-04,15.02,2009-05-04,113.29,92.36,,2009-06-26,92.36,SL,53,-18.78,CLOSED
SUNPHARMA,2010-05,5.92,2010-06-01,148.29,134.7,,2015-07-01,805.09,EMA,1856,442.6,CLOSED
SUNPHARMA,2015-12,12.43,2016-01-01,742.34,661.19,,2016-04-01,752.38,EMA,91,1.05,CLOSED
SUNPHARMA,2017-06,10.79,2017-07-03,510.18,460.72,,2017-08-01,487.84,EMA,29,-4.68,CLOSED
SUNPHARMA,2018-04,6.73,2018-05-02,489.59,458.23,,2018-05-10,458.23,SL,8,-6.71,CLOSED
SUNPHARMA,2018-08,14.84,2018-09-03,608.57,507.0,,2018-11-14,507.0,SL,72,-16.99,CLOSED
SUNPHARMA,2019-03,6.81,2019-04-01,445.62,412.36,,2019-05-02,423.38,EMA,31,-5.29,CLOSED
SUNPHARMA,2019-08,6.23,2019-09-03,419.65,378.08,,2019-09-04,378.08,SL,1,-10.21,CLOSED
SUNPHARMA,2021-12,12.22,2022-01-03,804.28,698.35,,2025-03-03,1565.8,EMA,1155,94.38,CLOSED
SUNPHARMA,2025-04,5.63,2025-05-02,1809.76,1600.17,,2025-06-02,1658.34,EMA,31,-8.67,CLOSED
SUNPHARMA,2025-11,8.33,2025-12-01,1824.34,1651.91,,2026-01-16,1651.91,SL,46,-9.75,CLOSED
SUNPHARMA,2026-04,2.91,2026-05-01,1803.57,1609.38,,2026-09-30,1816.6,OPEN (EMA exit due),152,0.42,OPEN
SUNTV,2006-07,16.09,2006-08-01,178.22,152.98,,2006-09-01,184.8,EMA,31,3.39,CLOSED
SUNTV,2012-01,11.23,2012-02-01,208.4,182.68,,2012-04-02,207.61,EMA,61,-0.68,CLOSED
SUNTV,2014-02,3.54,2014-03-03,263.23,230.54,,2014-05-02,266.07,EMA,60,0.78,CLOSED
SUNTV,2016-03,20.13,2016-04-01,293.43,241.93,,2016-07-01,279.97,EMA,91,-4.89,CLOSED
SUNTV,2016-07,23.37,2016-08-01,344.58,279.97,,2017-09-01,555.65,EMA,396,60.96,CLOSED
SUNTV,2021-07,9.41,2021-08-02,503.85,449.21,,2021-08-10,449.21,SL,8,-11.14,CLOSED
SUNTV,2023-04,3.84,2023-05-02,398.29,381.87,,2023-06-01,413.04,EMA,30,3.41,CLOSED
SUNTV,2024-07,19.81,2024-08-01,855.25,714.5,,2024-10-21,714.5,SL,81,-16.76,CLOSED
SUNTV,2025-12,5.74,2026-01-01,582.88,525.04,,2026-01-19,525.04,SL,18,-10.22,CLOSED
SUNDARMFIN,2009-03,5.22,2009-04-01,51.55,46.81,,2009-05-04,62.28,EMA,33,20.52,CLOSED
SUNDARMFIN,2014-05,23.69,2014-06-02,646.64,500.28,,2016-01-01,1022.86,EMA,578,57.88,CLOSED
SUNDARMFIN,2016-06,9.68,2016-07-01,1139.26,1034.6,,2016-09-22,1034.6,SL,83,-9.49,CLOSED
SUNDARMFIN,2017-02,4.7,2017-03-01,1089.42,1002.53,,2018-07-02,1481.33,EMA,488,35.67,CLOSED
SUNDARMFIN,2022-07,16.84,2022-08-01,1979.71,1668.92,,2024-12-02,3909.51,EMA,854,97.18,CLOSED
SUNDARMFIN,2025-06,0.72,2025-07-01,5129.33,4644.35,,2025-07-31,4644.35,SL,30,-9.76,CLOSED
SUNDARMFIN,2025-12,11.72,2026-01-01,5266.26,4591.86,,2026-03-23,4590.79,SL,81,-13.13,CLOSED
SUPREMEIND,2011-05,11.4,2011-06-01,140.45,116.55,,2011-12-01,146.21,EMA,183,3.8,CLOSED
SUPREMEIND,2012-07,12.31,2012-08-01,207.95,179.24,,2015-08-03,558.83,EMA,1097,168.44,CLOSED
SUPREMEIND,2015-11,3.56,2015-12-01,582.96,544.99,,2015-12-10,544.99,SL,9,-6.81,CLOSED
SUPREMEIND,2016-01,8.7,2016-02-01,665.6,572.06,,2018-07-02,1070.89,EMA,882,60.59,CLOSED
SUPREMEIND,2019-06,6.24,2019-07-01,1061.3,951.14,,2019-07-30,951.14,SL,29,-10.68,CLOSED
SUPREMEIND,2020-07,14.33,2020-08-03,1218.57,1031.14,,2022-02-01,2050.47,EMA,547,67.97,CLOSED
SUPREMEIND,2022-10,1.73,2022-11-01,2091.24,1845.81,,2024-11-01,4229.36,EMA,731,101.94,CLOSED
SUZLON,2006-06,6.36,2006-07-03,191.33,139.58,,2007-02-01,211.95,EMA,213,10.48,CLOSED
SUZLON,2012-06,3.91,2012-07-02,17.26,15.61,,2012-07-27,15.61,SL,25,-9.87,CLOSED
SUZLON,2017-10,8.65,2017-11-01,15.61,13.54,,2017-11-13,13.31,SL,12,-15.01,CLOSED
SUZLON,2017-12,11.47,2018-01-01,14.28,11.94,,2018-02-01,13.59,EMA,31,-5.12,CLOSED
SUZLON,2020-06,80.36,2020-07-01,4.87,2.62,,2020-09-24,2.62,SL,85,-46.53,CLOSED
SUZLON,2020-12,85.51,2021-01-01,6.15,3.12,,2022-06-01,8.17,EMA,516,32.54,CLOSED
SUZLON,2023-05,41.57,2023-06-01,11.85,7.9,,2025-02-01,60.5,EMA,611,410.25,CLOSED
SWANCORP,2022-10,1.34,2022-11-01,226.28,202.75,,2023-03-27,202.75,SL,146,-10.7,CLOSED
SWANCORP,2024-01,25.06,2024-02-01,659.43,496.47,,2024-03-13,496.47,SL,41,-25.01,CLOSED
SWANCORP,2024-07,29.11,2024-08-01,755.29,586.99,,2024-09-18,586.99,SL,48,-22.58,CLOSED
SYNGENE,2015-12,16.99,2016-01-01,205.27,172.9,,2016-04-05,172.9,SL,95,-16.07,CLOSED
SYNGENE,2017-11,9.64,2017-12-01,275.34,241.15,,2018-11-01,286.18,EMA,335,3.64,CLOSED
SYNGENE,2019-03,1.52,2019-04-01,293.35,277.04,,2019-08-01,300.84,EMA,122,2.25,CLOSED
SYNGENE,2020-07,21.61,2020-08-03,483.17,397.72,,2021-11-01,535.45,EMA,455,10.52,CLOSED
SYNGENE,2022-10,12.61,2022-11-01,626.86,530.75,,2023-01-02,583.81,EMA,62,-7.17,CLOSED
SYNGENE,2023-05,7.09,2023-06-01,723.07,672.29,,2023-10-26,672.29,SL,147,-7.32,CLOSED
SYNGENE,2023-11,10.57,2023-12-01,748.65,669.87,,2024-01-01,697.74,EMA,31,-7.1,CLOSED
SYNGENE,2024-01,6.99,2024-02-01,745.13,658.2,,2024-03-01,705.64,EMA,29,-5.6,CLOSED
SYNGENE,2024-11,9.36,2024-12-02,934.44,831.18,,2024-12-23,831.18,SL,21,-11.35,CLOSED
TBOTEK,2026-08,13.97,2026-09-01,1750.0,1540.4,,2026-09-30,1685.2,OPEN,29,-4.0,OPEN
TDPOWERSYS,2023-06,19.37,2023-07-03,122.64,101.98,,2025-02-01,180.06,EMA,579,46.52,CLOSED
TDPOWERSYS,2025-09,17.73,2025-10-01,294.48,249.35,,2026-09-30,786.05,OPEN,364,166.63,OPEN
TVSMOTOR,2010-06,14.79,2010-07-01,50.55,40.11,,2011-02-01,46.59,EMA,215,-8.14,CLOSED
TVSMOTOR,2013-09,20.23,2013-10-01,34.28,26.24,,2015-09-01,210.14,EMA,700,512.79,CLOSED
TVSMOTOR,2015-11,15.63,2015-12-01,290.9,246.34,,2016-02-26,246.34,SL,87,-15.62,CLOSED
TVSMOTOR,2016-06,8.73,2016-07-01,296.16,264.38,,2018-04-02,594.67,EMA,640,100.49,CLOSED
TVSMOTOR,2018-08,10.21,2018-09-03,550.62,486.46,,2018-10-01,535.97,EMA,28,-2.96,CLOSED
TVSMOTOR,2022-03,1.93,2022-04-01,611.14,501.5,,2025-01-01,2347.03,EMA,1006,283.74,CLOSED
TVSMOTOR,2025-12,5.33,2026-01-01,3723.98,3530.66,,2026-01-21,3530.66,SL,20,-5.49,CLOSED
TVSMOTOR,2026-07,24.63,2026-08-03,4336.5,3463.4,,2026-09-30,4106.0,OPEN,58,-5.62,OPEN
TATACHEM,2005-12,10.74,2006-01-02,35.31,31.51,,2006-05-19,31.51,SL,137,-11.04,CLOSED
TATACHEM,2007-09,18.49,2007-10-01,51.96,43.02,,2008-01-22,43.02,SL,113,-17.51,CLOSED
TATACHEM,2010-04,7.83,2010-05-03,73.09,66.54,,2010-05-21,66.54,SL,18,-9.27,CLOSED
TATACHEM,2011-05,1.3,2011-06-01,85.18,76.78,,2011-09-02,80.78,EMA,93,-5.46,CLOSED
TATACHEM,2012-01,9.21,2012-02-01,82.94,73.05,,2012-05-02,80.1,EMA,91,-3.72,CLOSED
TATACHEM,2012-11,3.4,2012-12-03,84.27,79.29,,2013-03-22,79.29,SL,109,-6.21,CLOSED
TATACHEM,2013-10,12.61,2013-11-01,74.56,66.46,,2014-02-03,73.94,EMA,94,-1.13,CLOSED
TATACHEM,2016-07,10.26,2016-08-01,151.46,135.63,,2019-02-01,253.16,EMA,914,66.85,CLOSED
TATACHEM,2019-11,7.99,2019-12-02,264.44,244.01,,2020-03-12,244.01,SL,101,-8.03,CLOSED
TATACHEM,2022-07,14.69,2022-08-01,859.65,729.76,,2023-01-02,888.76,EMA,154,3.09,CLOSED
TATACHEM,2023-11,1.17,2023-12-01,931.91,907.81,,2024-02-06,898.25,SL,67,-3.91,CLOSED
TATACHEM,2024-07,1.5,2024-08-01,1100.09,992.27,,2024-08-14,992.27,SL,13,-10.1,CLOSED
TATACHEM,2025-03,11.26,2025-04-01,837.37,736.02,,2025-05-02,817.76,EMA,31,-2.64,CLOSED
TATACOMM,2012-06,6.72,2012-07-02,116.47,99.83,,2013-02-01,116.29,EMA,214,-0.46,CLOSED
TATACOMM,2013-10,40.05,2013-11-01,136.67,100.95,,2015-09-01,202.93,EMA,669,48.17,CLOSED
TATACOMM,2015-09,7.73,2015-10-01,224.22,191.78,,2016-02-01,217.04,EMA,123,-3.5,CLOSED
TATACOMM,2017-05,1.29,2017-06-01,400.25,342.66,,2017-08-09,342.66,SL,69,-14.69,CLOSED
TATACOMM,2020-07,24.19,2020-08-03,721.17,554.12,,2022-03-02,1101.17,EMA,576,52.39,CLOSED
TATACOMM,2022-03,3.83,2022-04-01,1148.8,1013.37,,2022-04-27,1013.37,SL,26,-12.09,CLOSED
TATACOMM,2022-08,14.95,2022-09-01,1140.75,984.0,,2024-05-02,1674.95,EMA,609,46.53,CLOSED
TATACOMM,2024-07,8.33,2024-08-01,1945.75,1679.48,,2024-11-01,1752.66,EMA,92,-10.22,CLOSED
TCS,2005-05,17.96,2005-06-01,106.7,88.68,,2005-08-01,102.03,EMA,61,-4.67,CLOSED
TCS,2005-08,10.98,2005-09-01,113.8,100.07,,2007-07-02,189.29,EMA,669,66.04,CLOSED
TCS,2008-05,12.83,2008-06-02,168.14,144.55,,2008-06-10,144.55,SL,8,-14.33,CLOSED
TCS,2009-09,17.83,2009-10-01,211.34,177.52,,2011-09-02,381.61,EMA,701,80.27,CLOSED
TCS,2012-04,6.66,2012-05-02,444.2,374.66,,2013-01-01,461.14,EMA,244,3.51,CLOSED
TCS,2013-02,12.86,2013-03-01,552.72,489.63,,2015-05-04,951.44,EMA,794,71.84,CLOSED
TCS,2016-04,0.6,2016-05-02,981.52,932.35,,2016-09-08,927.83,SL,129,-5.77,CLOSED
TCS,2016-12,3.93,2017-01-02,932.92,845.82,,2017-02-01,877.63,EMA,30,-6.23,CLOSED
TCS,2017-10,8.01,2017-11-01,1054.76,971.88,,2019-10-01,1731.65,EMA,699,63.87,CLOSED
TCS,2019-10,10.55,2019-11-01,1912.54,1590.41,,2019-12-02,1740.21,EMA,31,-9.31,CLOSED
TCS,2020-04,10.31,2020-05-04,1676.74,1407.23,,2020-06-01,1697.21,EMA,28,0.92,CLOSED
TCS,2021-03,9.8,2021-04-01,2752.6,2503.06,,2022-06-01,2973.88,EMA,426,7.74,CLOSED
TCS,2022-07,1.33,2022-08-01,2928.04,2598.89,,2022-09-01,2807.47,EMA,31,-4.42,CLOSED
TCS,2022-10,6.55,2022-11-01,2836.35,2617.37,,2023-01-02,2877.38,EMA,62,1.15,CLOSED
TCS,2023-06,1.13,2023-07-03,3013.13,2869.22,,2024-11-01,3715.86,EMA,487,23.02,CLOSED
TATACONSUM,2005-05,11.72,2005-06-01,41.23,36.2,,2006-06-01,53.11,EMA,365,28.51,CLOSED
TATACONSUM,2008-04,10.5,2008-05-02,68.93,61.22,,2008-06-03,61.22,SL,32,-11.48,CLOSED
TATACONSUM,2009-07,18.0,2009-08-03,67.33,55.13,,2011-01-03,89.04,EMA,518,31.94,CLOSED
TATACONSUM,2011-10,7.93,2011-11-01,76.42,67.05,,2011-11-23,67.05,SL,22,-12.56,CLOSED
TATACONSUM,2012-07,9.53,2012-08-01,105.53,91.62,,2013-03-01,107.28,EMA,212,1.36,CLOSED
TATACONSUM,2013-04,15.17,2013-05-02,124.3,106.68,,2013-07-01,115.72,EMA,60,-7.2,CLOSED
TATACONSUM,2015-11,3.07,2015-12-01,122.46,109.11,,2016-01-18,109.11,SL,48,-11.2,CLOSED
TATACONSUM,2016-06,11.42,2016-07-01,117.09,103.88,,2016-11-09,103.88,SL,131,-11.59,CLOSED
TATACONSUM,2017-12,10.21,2018-01-01,294.96,253.97,,2018-02-02,253.97,SL,32,-14.19,CLOSED
TATACONSUM,2018-04,15.0,2018-05-02,276.07,240.75,,2018-05-14,240.75,SL,12,-13.09,CLOSED
TATACONSUM,2019-05,17.9,2019-06-03,232.04,182.8,,2020-04-01,277.35,EMA,303,19.23,CLOSED
TATACONSUM,2021-08,14.37,2021-09-01,835.76,721.49,,2021-11-29,721.49,SL,89,-13.97,CLOSED
TATACONSUM,2022-03,8.18,2022-04-01,748.31,623.82,,2022-07-01,676.94,EMA,91,-9.84,CLOSED
TATACONSUM,2022-11,6.22,2022-12-01,794.83,731.73,,2023-01-02,744.54,EMA,32,-6.63,CLOSED
TATACONSUM,2023-04,7.76,2023-05-02,742.66,673.51,,2024-11-01,986.82,EMA,549,32.58,CLOSED
TATACONSUM,2025-01,12.02,2025-02-01,1009.91,896.71,,2025-03-03,948.58,EMA,30,-6.37,CLOSED
TATACONSUM,2025-12,1.67,2026-01-01,1182.0,1122.4,,2026-01-28,1122.4,SL,27,-5.34,CLOSED
TATAELXSI,2017-12,3.64,2018-01-01,880.16,794.17,,2018-10-01,1045.08,EMA,273,18.44,CLOSED
TATAELXSI,2019-06,1.53,2019-07-01,807.31,756.43,,2019-07-15,756.43,SL,14,-6.6,CLOSED
TATAELXSI,2022-07,6.36,2022-08-01,8327.35,7288.81,,2022-10-18,7288.81,SL,78,-12.77,CLOSED
TATAELXSI,2023-04,11.49,2023-05-02,6347.64,5703.57,,2024-02-01,7320.94,EMA,275,15.03,CLOSED
TATAINVEST,2007-04,11.67,2007-05-03,22.96,20.02,,2008-04-01,30.92,EMA,334,34.36,CLOSED
TATAINVEST,2012-09,3.29,2012-10-01,32.47,31.07,,2012-12-03,32.01,EMA,63,-1.72,CLOSED
TATAINVEST,2015-05,8.73,2015-06-01,48.18,43.16,,2015-08-24,43.16,SL,84,-10.71,CLOSED
TATAINVEST,2018-12,4.82,2019-01-01,77.84,73.31,,2019-01-11,73.31,SL,10,-6.12,CLOSED
TATAINVEST,2020-11,11.33,2020-12-01,86.11,75.91,,2023-04-03,171.86,EMA,853,99.27,CLOSED
TATAINVEST,2023-07,7.9,2023-08-01,251.32,225.0,,2025-02-01,597.28,EMA,550,137.35,CLOSED
TMPV,2006-01,8.43,2006-02-01,114.18,98.1,,2007-03-01,131.37,EMA,393,14.75,CLOSED
TMPV,2008-04,6.71,2008-05-02,111.79,100.78,,2008-05-29,100.78,SL,27,-10.15,CLOSED
TMPV,2009-07,44.99,2009-08-03,76.36,45.22,,2011-06-01,201.14,EMA,667,163.1,CLOSED
TMPV,2012-01,36.4,2012-02-01,228.25,167.36,,2012-06-01,219.97,EMA,121,-3.93,CLOSED
TMPV,2012-12,14.34,2013-01-01,301.12,256.62,,2013-02-01,256.62,SL,31,-15.08,CLOSED
TMPV,2013-04,11.46,2013-05-02,281.78,239.94,,2013-07-01,264.91,EMA,60,-6.29,CLOSED
TMPV,2014-02,19.28,2014-03-03,398.15,318.62,,2015-05-04,498.36,EMA,427,24.87,CLOSED
TMPV,2017-12,6.85,2018-01-01,419.85,379.27,,2018-02-01,389.6,EMA,31,-7.51,CLOSED
TMPV,2020-04,31.25,2020-05-04,84.76,63.13,,2020-06-01,86.61,EMA,28,1.88,CLOSED
TMPV,2022-11,6.46,2022-12-01,431.58,398.66,,2022-12-12,398.66,SL,11,-7.93,CLOSED
TMPV,2023-01,16.54,2023-02-01,445.03,371.18,,2023-03-01,410.64,EMA,28,-8.03,CLOSED
TMPV,2023-04,15.24,2023-05-02,470.07,408.69,,2024-11-01,833.8,EMA,549,77.08,CLOSED
TMPV,2025-12,2.96,2026-01-01,365.82,334.92,,2026-01-20,334.92,SL,19,-8.75,CLOSED
TATAPOWER,2005-08,14.64,2005-09-01,33.25,28.75,,2005-10-21,27.1,SL,50,-18.8,CLOSED
TATAPOWER,2006-09,7.59,2006-10-03,42.39,36.31,,2007-03-01,37.46,EMA,149,-11.94,CLOSED
TATAPOWER,2007-07,11.09,2007-08-01,54.89,48.1,,2008-07-01,79.83,EMA,335,45.15,CLOSED
TATAPOWER,2009-12,1.98,2010-01-04,107.03,101.05,,2010-01-22,101.05,SL,18,-5.9,CLOSED
TATAPOWER,2012-06,11.98,2012-07-02,83.41,69.84,,2012-08-01,78.67,EMA,30,-5.98,CLOSED
TATAPOWER,2012-11,1.65,2012-12-03,86.09,76.72,,2013-02-01,80.59,EMA,60,-6.69,CLOSED
TATAPOWER,2014-10,13.0,2014-11-03,79.18,67.79,,2014-12-16,67.79,SL,43,-14.69,CLOSED
TATAPOWER,2016-03,12.83,2016-04-01,55.96,49.24,,2017-10-03,70.57,EMA,550,25.8,CLOSED
TATAPOWER,2018-04,11.77,2018-05-02,79.08,70.17,,2018-05-21,70.17,SL,19,-11.57,CLOSED
TATAPOWER,2018-07,3.64,2018-08-01,67.51,60.39,,2018-09-03,69.87,EMA,33,3.19,CLOSED
TATAPOWER,2020-11,24.45,2020-12-01,62.63,49.65,,2022-07-01,197.51,EMA,577,215.05,CLOSED
TATAPOWER,2023-01,2.5,2023-02-01,209.4,191.62,,2023-02-01,191.62,SL,0,-8.79,CLOSED
TATAPOWER,2023-04,5.7,2023-05-02,196.78,187.13,,2024-12-02,408.06,EMA,580,107.07,CLOSED
TATASTEEL,2005-02,9.26,2005-03-01,19.84,17.92,,2005-04-08,17.92,SL,38,-9.98,CLOSED
TATASTEEL,2006-01,6.45,2006-02-01,19.87,16.82,,2006-12-01,23.6,EMA,303,18.46,CLOSED
TATASTEEL,2007-08,5.1,2007-09-03,31.53,24.1,,2008-04-01,40.87,EMA,211,29.35,CLOSED
TATASTEEL,2008-04,17.84,2008-05-02,48.01,37.34,,2008-07-01,42.25,EMA,60,-12.3,CLOSED
TATASTEEL,2009-11,22.83,2009-12-01,36.74,27.0,,2010-06-01,31.17,EMA,182,-15.47,CLOSED
TATASTEEL,2010-12,16.35,2011-01-03,43.41,37.19,,2011-02-10,37.19,SL,38,-14.63,CLOSED
TATASTEEL,2011-06,3.61,2011-07-01,39.07,34.75,,2011-08-01,36.9,EMA,31,-5.87,CLOSED
TATASTEEL,2012-06,9.36,2012-07-02,28.7,25.15,,2012-08-01,27.61,EMA,30,-4.12,CLOSED
TATASTEEL,2014-03,14.59,2014-04-01,27.17,22.78,,2015-01-01,27.8,EMA,275,2.02,CLOSED
TATASTEEL,2017-06,8.13,2017-07-03,40.2,35.89,,2018-04-02,45.11,EMA,273,11.94,CLOSED
TATASTEEL,2019-04,10.05,2019-05-02,44.4,40.78,,2019-05-10,40.78,SL,8,-8.44,CLOSED
TATASTEEL,2019-12,10.42,2020-01-01,38.89,31.98,,2020-02-03,34.37,EMA,33,-11.93,CLOSED
TATASTEEL,2020-11,40.63,2020-12-01,49.93,33.63,,2021-12-01,94.17,EMA,365,88.29,CLOSED
TATASTEEL,2023-06,9.32,2023-07-03,105.35,96.16,,2024-11-01,143.29,EMA,487,35.71,CLOSED
TATASTEEL,2025-12,7.22,2026-01-01,176.95,156.83,,2026-09-01,183.7,EMA,243,3.51,CLOSED
TTML,2007-04,36.97,2007-05-03,24.91,17.01,,2008-02-01,29.97,EMA,274,20.04,CLOSED
TTML,2008-12,10.41,2009-01-02,19.33,16.0,,2009-02-02,19.17,EMA,31,-1.17,CLOSED
TTML,2009-02,4.19,2009-03-02,19.93,18.62,,2009-03-09,18.57,SL,7,-7.08,CLOSED
TTML,2017-02,32.23,2017-03-01,7.99,5.69,,2017-06-01,6.32,EMA,92,-21.26,CLOSED
TTML,2017-10,38.66,2017-11-01,8.28,3.54,,2018-01-01,6.6,EMA,61,-20.53,CLOSED
TTML,2019-05,41.38,2019-06-03,4.31,2.39,,2019-07-01,3.54,EMA,28,-18.08,CLOSED
TTML,2020-10,152.54,2020-11-02,7.8,2.7,,2022-08-01,108.0,EMA,637,1284.32,CLOSED
TECHM,2012-01,13.65,2012-02-01,111.78,96.4,,2012-03-01,102.02,EMA,29,-9.04,CLOSED
TECHM,2012-09,21.72,2012-10-01,167.35,137.58,,2015-06-01,388.6,EMA,973,131.91,CLOSED
TECHM,2015-07,12.39,2015-08-03,372.12,318.73,,2015-09-01,358.75,EMA,29,-3.89,CLOSED
TECHM,2016-04,2.36,2016-05-02,341.17,311.55,,2016-07-01,357.49,EMA,60,4.48,CLOSED
TECHM,2016-12,0.76,2017-01-02,356.33,326.97,,2017-01-31,326.97,SL,29,-8.54,CLOSED
TECHM,2018-05,6.23,2018-06-01,525.2,469.47,,2018-06-29,469.47,SL,28,-10.91,CLOSED
TECHM,2018-07,6.22,2018-08-01,516.29,461.97,,2019-07-01,535.37,EMA,334,3.4,CLOSED
TECHM,2023-06,1.37,2023-07-03,1009.49,942.04,,2025-03-03,1420.9,EMA,609,40.45,CLOSED
TECHM,2025-04,5.98,2025-05-02,1425.63,1145.62,,2025-08-01,1404.99,EMA,91,-1.75,CLOSED
TECHM,2025-11,6.52,2025-12-01,1476.92,1348.55,,2026-02-24,1348.55,SL,85,-8.99,CLOSED
TECHNOE,2008-02,4.77,2008-03-03,220.9,193.47,,2008-03-04,193.47,SL,1,-12.71,CLOSED
TECHNOE,2009-03,30.35,2009-04-01,60.52,42.88,,2010-12-01,155.91,EMA,609,157.34,CLOSED
TECHNOE,2012-01,17.08,2012-02-01,92.22,77.35,,2012-03-01,99.36,EMA,29,7.44,CLOSED
TECHNOE,2014-05,54.21,2014-06-02,120.02,72.24,,2016-02-01,229.55,EMA,609,90.96,CLOSED
TECHNOE,2016-06,5.02,2016-07-01,263.35,239.58,,2016-11-09,239.58,SL,131,-9.33,CLOSED
TECHNOE,2017-03,7.52,2017-04-03,372.65,307.67,,2017-09-25,307.67,SL,175,-17.74,CLOSED
TECHNOE,2017-10,11.08,2017-11-01,337.42,292.09,,2018-04-02,346.18,EMA,152,2.3,CLOSED
TECHNOE,2022-03,3.06,2022-04-01,241.1,216.02,,2022-10-03,259.29,EMA,185,7.25,CLOSED
TECHNOE,2023-04,10.07,2023-05-02,365.58,321.3,,2025-02-01,1069.62,EMA,641,192.28,CLOSED
TEGA,2023-05,36.68,2023-06-01,911.66,648.56,,2025-01-01,1563.01,EMA,580,71.15,CLOSED
TEGA,2025-05,22.08,2025-06-02,1636.61,1237.36,,2026-02-02,1666.56,EMA,245,1.53,CLOSED
TEJASNET,2018-08,2.11,2018-09-03,286.88,244.39,,2018-10-01,250.33,EMA,28,-13.04,CLOSED
TEJASNET,2021-07,42.45,2021-08-02,268.39,176.62,,2024-03-01,749.01,EMA,942,178.78,CLOSED
THANGAMAYL,2023-05,30.65,2023-06-01,671.7,503.07,,2025-02-01,1750.1,EMA,611,160.25,CLOSED
THANGAMAYL,2026-06,52.16,2026-07-01,6425.03,4120.47,,2026-09-30,5062.0,OPEN,91,-21.51,OPEN
NIACL,2023-11,83.8,2023-12-01,255.42,129.71,,2024-10-01,226.51,EMA,305,-11.62,CLOSED
RAMCOCEM,2007-08,8.83,2007-09-03,155.17,130.21,,2008-01-22,130.21,SL,141,-16.39,CLOSED
RAMCOCEM,2012-01,13.88,2012-02-01,101.73,90.77,,2013-08-01,149.6,EMA,547,46.76,CLOSED
RAMCOCEM,2015-11,5.29,2015-12-01,363.83,342.8,,2015-12-16,342.8,SL,15,-6.08,CLOSED
RAMCOCEM,2016-08,5.06,2016-09-01,546.46,513.58,,2016-11-15,513.58,SL,75,-6.32,CLOSED
RAMCOCEM,2020-11,11.95,2020-12-01,884.62,777.46,,2020-12-21,777.46,SL,20,-12.41,CLOSED
RAMCOCEM,2021-10,8.31,2021-11-01,1062.32,915.32,,2021-11-29,915.32,SL,28,-14.14,CLOSED
RAMCOCEM,2022-07,15.24,2022-08-01,723.75,605.3,,2022-09-01,747.59,EMA,31,2.99,CLOSED
RAMCOCEM,2023-03,5.9,2023-04-03,752.54,696.89,,2024-03-01,835.28,EMA,333,10.69,CLOSED
RAMCOCEM,2024-10,2.25,2024-11-01,886.05,820.24,,2025-02-28,820.24,SL,119,-7.73,CLOSED
RAMCOCEM,2025-06,10.17,2025-07-01,1074.21,959.72,,2025-10-01,987.26,EMA,92,-8.39,CLOSED
RAMCOCEM,2026-01,6.1,2026-02-02,1084.74,1026.5,,2026-03-09,1026.5,SL,35,-5.67,CLOSED
RAMCOCEM,2026-06,6.74,2026-07-01,928.47,836.02,,2026-08-03,917.65,EMA,33,-1.47,CLOSED
THERMAX,2013-12,10.59,2014-01-01,652.12,595.25,,2014-01-24,595.25,SL,23,-9.02,CLOSED
THERMAX,2014-02,10.45,2014-03-03,650.12,576.65,,2015-05-04,919.78,EMA,427,41.18,CLOSED
THERMAX,2018-07,13.13,2018-08-01,1133.11,946.12,,2018-08-20,946.12,SL,19,-16.8,CLOSED
THERMAX,2025-12,3.51,2026-01-01,3010.8,2731.54,,2026-02-02,2890.2,EMA,32,-4.31,CLOSED
TIMKEN,2014-06,44.66,2014-07-01,304.42,205.82,,2016-01-01,508.17,EMA,549,66.63,CLOSED
TIMKEN,2017-03,5.87,2017-04-03,602.83,555.21,,2018-04-02,645.73,EMA,364,6.82,CLOSED
TIMKEN,2019-10,15.66,2019-11-01,841.38,712.34,,2020-03-13,712.34,SL,133,-15.64,CLOSED
TIMKEN,2020-04,17.59,2020-05-04,826.84,726.74,,2020-05-18,726.74,SL,14,-12.41,CLOSED
TIMKEN,2020-12,10.67,2021-01-01,1307.13,1040.77,,2023-04-03,2721.71,EMA,822,107.92,CLOSED
TIMKEN,2023-07,2.73,2023-08-01,3474.5,3161.48,,2023-08-16,3161.48,SL,15,-9.31,CLOSED
TIMKEN,2024-04,16.82,2024-05-02,3310.96,2800.48,,2024-11-01,3393.75,EMA,183,2.2,CLOSED
TIMKEN,2025-06,11.96,2025-07-01,3481.62,3067.45,,2025-08-04,3067.45,SL,34,-12.2,CLOSED
TIMKEN,2025-11,0.33,2025-12-01,3155.55,2798.24,,2026-01-01,2982.59,EMA,31,-5.78,CLOSED
TIMKEN,2026-02,18.06,2026-03-02,3348.3,2986.99,,2026-08-03,3145.0,EMA,154,-6.37,CLOSED
TITAGARH,2011-05,4.81,2011-06-01,68.93,61.16,,2011-09-02,67.14,EMA,93,-2.89,CLOSED
TITAGARH,2013-08,61.18,2013-09-02,22.34,12.63,,2013-10-01,20.88,EMA,29,-6.87,CLOSED
TITAGARH,2014-10,12.06,2014-11-03,45.48,38.55,,2016-03-01,87.44,EMA,484,91.95,CLOSED
TITAGARH,2017-10,19.17,2017-11-01,142.98,117.01,,2018-03-01,124.99,EMA,120,-12.88,CLOSED
TITAGARH,2022-12,23.26,2023-01-02,226.39,180.4,,2024-10-01,1219.13,EMA,638,438.21,CLOSED
TITAN,2010-06,6.67,2010-07-01,108.53,99.56,,2011-12-01,170.28,EMA,518,56.6,CLOSED
TITAN,2012-09,18.52,2012-10-01,246.65,205.9,,2013-04-01,236.81,EMA,182,-4.29,CLOSED
TITAN,2014-09,12.26,2014-10-01,390.29,345.78,,2014-11-20,345.78,SL,50,-11.7,CLOSED
TITAN,2016-01,4.77,2016-02-01,349.26,313.28,,2016-02-17,313.28,SL,16,-10.6,CLOSED
TITAN,2016-06,12.69,2016-07-01,399.07,339.18,,2016-11-01,365.99,EMA,123,-8.59,CLOSED
TITAN,2017-07,4.27,2017-08-01,529.58,504.58,,2018-10-01,778.63,EMA,426,46.73,CLOSED
TITAN,2018-10,4.84,2018-11-01,822.03,712.73,,2019-08-01,1028.64,EMA,273,24.83,CLOSED
TITAN,2020-12,15.13,2021-01-01,1533.14,1310.25,,2022-06-01,2218.51,EMA,516,44.4,CLOSED
TITAN,2022-08,10.74,2022-09-01,2560.02,2309.29,,2023-01-25,2309.29,SL,146,-10.09,CLOSED
TITAN,2023-03,5.99,2023-04-03,2493.82,2291.52,,2024-06-03,3278.55,EMA,427,31.17,CLOSED
TITAN,2025-06,3.8,2025-07-01,3675.84,3361.82,,2025-07-11,3361.82,SL,10,-8.84,CLOSED
TITAN,2025-12,3.68,2026-01-01,4050.41,3738.73,,2026-09-30,4587.0,OPEN,272,12.95,OPEN
TORNTPHARM,2006-01,9.74,2006-02-01,42.45,37.71,,2006-03-07,37.71,SL,34,-11.47,CLOSED
TORNTPHARM,2010-03,24.62,2010-04-01,107.94,85.96,,2011-03-01,107.89,EMA,334,-0.34,CLOSED
TORNTPHARM,2011-04,3.45,2011-05-02,117.05,109.52,,2011-09-28,109.52,SL,149,-6.74,CLOSED
TORNTPHARM,2012-03,14.8,2012-04-02,126.26,111.21,,2016-03-01,554.5,EMA,1429,338.88,CLOSED
TORNTPHARM,2017-12,10.29,2018-01-01,636.53,564.67,,2018-03-19,564.67,SL,77,-11.59,CLOSED
TORNTPHARM,2018-07,9.1,2018-08-01,693.01,629.9,,2019-06-03,715.32,EMA,306,2.92,CLOSED
TORNTPHARM,2021-03,4.81,2021-04-01,1194.13,1082.7,,2022-02-01,1263.91,EMA,306,5.54,CLOSED
TORNTPHARM,2022-07,6.9,2022-08-01,1494.33,1360.21,,2023-02-01,1466.39,EMA,184,-2.17,CLOSED
TORNTPHARM,2023-04,7.49,2023-05-02,1599.93,1474.56,,2025-03-03,2888.87,EMA,671,80.26,CLOSED
TORNTPHARM,2025-12,3.48,2026-01-01,3826.11,3656.41,,2026-09-30,4800.0,OPEN,272,25.15,OPEN
TORNTPOWER,2009-07,31.69,2009-08-03,159.04,119.01,,2010-11-01,210.74,EMA,455,32.21,CLOSED
TORNTPOWER,2017-11,5.57,2017-12-01,229.47,198.65,,2018-02-05,198.65,SL,66,-13.73,CLOSED
TORNTPOWER,2022-07,16.19,2022-08-01,481.27,410.6,,2022-10-03,446.69,EMA,63,-7.49,CLOSED
TORNTPOWER,2023-07,10.0,2023-08-01,651.82,564.6,,2024-12-02,1468.55,EMA,489,125.0,CLOSED
TARIL,2011-10,3.02,2011-11-01,9.76,9.39,,2011-11-11,9.39,SL,10,-4.11,CLOSED
TARIL,2014-06,18.18,2014-07-01,10.48,8.02,,2014-10-10,8.02,SL,101,-23.71,CLOSED
TARIL,2015-11,4.89,2015-12-01,9.19,8.15,,2016-03-01,9.98,EMA,91,8.28,CLOSED
TARIL,2018-07,3.24,2018-08-01,10.32,8.35,,2018-09-03,9.98,EMA,33,-3.65,CLOSED
TARIL,2024-03,14.35,2024-04-01,206.16,151.8,,2025-03-03,399.52,EMA,336,93.5,CLOSED
TARIL,2025-03,39.07,2025-04-01,522.21,355.53,,2025-11-03,445.2,EMA,216,-15.05,CLOSED
TRENT,2006-08,21.43,2006-09-01,61.54,50.34,,2007-02-01,60.32,EMA,153,-2.28,CLOSED
TRENT,2009-03,7.92,2009-04-01,25.37,22.79,,2009-05-04,25.35,EMA,33,-0.38,CLOSED
TRENT,2011-03,18.53,2011-04-01,95.0,77.05,,2011-12-01,97.98,EMA,244,2.84,CLOSED
TRENT,2014-05,5.76,2014-06-02,101.78,92.52,,2015-05-04,111.81,EMA,336,9.55,CLOSED
TRENT,2019-05,10.23,2019-06-03,393.71,351.65,,2020-04-01,472.58,EMA,303,19.73,CLOSED
TRENT,2020-04,4.26,2020-05-04,487.05,428.85,,2020-05-18,428.85,SL,14,-12.25,CLOSED
TRENT,2021-05,9.65,2021-06-01,852.71,732.42,,2022-07-01,1070.41,EMA,395,25.23,CLOSED
TRENT,2022-07,18.1,2022-08-01,1263.58,1055.41,,2023-02-01,1199.81,EMA,184,-5.35,CLOSED
TRENT,2023-10,3.58,2023-11-01,2158.27,1940.12,,2025-02-01,5768.14,EMA,458,166.96,CLOSED
TRENT,2025-06,10.23,2025-07-01,6217.31,5470.25,,2025-07-04,5470.25,SL,3,-12.32,CLOSED
TRENT,2026-06,16.74,2026-07-01,3285.0,2676.05,,2026-08-03,3035.0,EMA,33,-7.91,CLOSED
TRIDENT,2007-12,75.28,2008-01-01,2.65,1.47,,2008-01-28,1.47,SL,27,-44.79,CLOSED
TRIDENT,2009-05,60.11,2009-06-01,0.99,0.53,,2011-02-01,0.95,EMA,610,-4.98,CLOSED
TRIDENT,2015-11,32.34,2015-12-01,4.47,3.04,,2016-02-12,3.04,SL,73,-32.39,CLOSED
TRIDENT,2021-07,26.3,2021-08-02,19.62,15.12,,2022-07-01,36.18,EMA,333,84.13,CLOSED
TRIDENT,2023-01,0.58,2023-02-01,33.08,29.58,,2023-02-22,29.58,SL,21,-10.87,CLOSED
TRITURBINE,2012-12,15.97,2013-01-01,55.13,45.93,,2013-02-28,45.93,SL,58,-16.99,CLOSED
TRITURBINE,2014-03,24.12,2014-04-01,65.87,51.32,,2015-10-01,99.18,EMA,548,50.27,CLOSED
TRITURBINE,2016-06,12.37,2016-07-01,110.64,98.88,,2016-12-01,110.13,EMA,153,-0.76,CLOSED
TRITURBINE,2024-02,32.97,2024-03-01,489.8,342.72,,2025-03-03,481.04,EMA,367,-2.09,CLOSED
TIINDIA,2018-12,18.69,2019-01-01,350.6,287.13,,2019-08-01,345.09,EMA,212,-1.87,CLOSED
TIINDIA,2019-11,18.14,2019-12-02,468.05,392.33,,2020-03-19,392.33,SL,108,-16.48,CLOSED
TIINDIA,2020-04,36.27,2020-05-04,364.37,251.5,,2020-06-01,368.53,EMA,28,0.84,CLOSED
TIINDIA,2022-06,17.25,2022-07-01,1793.88,1449.66,,2024-12-02,3580.76,EMA,885,99.31,CLOSED
TIINDIA,2025-06,1.53,2025-07-01,3099.1,2821.23,,2025-07-28,2821.23,SL,27,-9.27,CLOSED
TIINDIA,2026-02,18.01,2026-03-02,2566.0,2265.15,,2026-04-01,2628.57,EMA,30,2.14,CLOSED
UCOBANK,2010-05,14.02,2010-06-01,63.54,54.27,,2011-03-01,80.58,EMA,273,26.52,CLOSED
UCOBANK,2013-04,24.93,2013-05-02,60.41,48.78,,2013-07-01,55.79,EMA,60,-7.95,CLOSED
UCOBANK,2014-10,9.66,2014-11-03,81.64,70.62,,2014-12-16,70.62,SL,43,-13.79,CLOSED
UCOBANK,2016-03,22.4,2016-04-01,37.37,30.66,,2016-05-02,38.24,EMA,31,2.03,CLOSED
UNOMINDA,2007-12,4.77,2008-01-01,6.62,5.67,,2008-01-11,5.67,SL,10,-14.58,CLOSED
UNOMINDA,2013-11,53.77,2013-12-02,7.48,4.78,,2015-07-01,15.66,EMA,576,109.06,CLOSED
UNOMINDA,2017-05,30.52,2017-06-01,101.95,77.11,,2018-10-01,173.73,EMA,487,70.1,CLOSED
UNOMINDA,2019-08,16.21,2019-09-03,163.05,139.04,,2020-03-13,135.63,SL,192,-17.11,CLOSED
UNOMINDA,2022-08,13.61,2022-09-01,570.49,500.72,,2023-01-23,500.72,SL,144,-12.53,CLOSED
UNOMINDA,2023-04,8.36,2023-05-02,516.67,458.03,,2025-02-01,949.89,EMA,641,83.55,CLOSED
UNOMINDA,2026-07,8.52,2026-08-03,1195.0,1076.2,,2026-09-30,1170.0,OPEN,58,-2.39,OPEN
UPL,2011-07,10.21,2011-08-01,94.95,82.77,,2011-08-05,82.77,SL,4,-13.12,CLOSED
UPL,2013-10,13.57,2013-11-01,96.13,83.08,,2015-10-01,277.31,EMA,699,188.18,CLOSED
UPL,2016-04,12.6,2016-05-02,324.13,268.42,,2017-12-01,444.53,EMA,578,36.85,CLOSED
UPL,2018-08,12.39,2018-09-03,442.85,368.73,,2018-09-21,368.73,SL,18,-17.04,CLOSED
UPL,2018-10,1.51,2018-11-01,415.99,358.24,,2019-09-03,520.76,EMA,306,24.89,CLOSED
UPL,2019-09,7.24,2019-10-01,567.26,504.77,,2019-11-11,504.77,SL,41,-11.32,CLOSED
UPL,2022-07,18.76,2022-08-01,726.31,591.98,,2022-10-03,647.41,EMA,63,-11.16,CLOSED
UPL,2022-10,8.65,2022-11-01,711.65,636.8,,2023-01-02,693.13,EMA,62,-2.9,CLOSED
UPL,2023-03,3.38,2023-04-03,693.03,663.23,,2023-05-10,663.23,SL,37,-4.6,CLOSED
UPL,2023-11,5.58,2023-12-01,559.09,518.82,,2024-01-01,576.08,EMA,31,2.74,CLOSED
UPL,2024-08,4.78,2024-09-02,590.82,509.46,,2024-10-25,509.46,SL,53,-14.07,CLOSED
UPL,2025-06,5.31,2025-07-01,652.65,609.22,,2026-03-02,616.28,EMA,244,-5.87,CLOSED
UTIAMC,2022-11,11.33,2022-12-01,675.97,568.55,,2023-02-01,653.44,EMA,62,-3.63,CLOSED
UTIAMC,2023-05,7.66,2023-06-01,611.84,553.56,,2024-04-01,730.81,EMA,305,19.15,CLOSED
ULTRACEMCO,2006-02,8.35,2006-03-01,502.09,445.85,,2006-06-08,445.85,SL,99,-11.5,CLOSED
ULTRACEMCO,2006-06,24.19,2006-07-03,670.05,442.24,,2007-04-02,666.34,EMA,273,-0.85,CLOSED
ULTRACEMCO,2009-04,7.01,2009-05-04,526.0,468.81,,2010-07-01,809.11,EMA,423,53.52,CLOSED
ULTRACEMCO,2011-07,10.71,2011-08-01,948.16,845.01,,2013-09-02,1391.91,EMA,763,46.5,CLOSED
ULTRACEMCO,2014-03,18.91,2014-04-01,2042.64,1701.02,,2015-05-04,2505.97,EMA,398,22.38,CLOSED
ULTRACEMCO,2016-01,2.14,2016-02-01,2690.17,2425.86,,2016-03-01,2614.92,EMA,29,-3.1,CLOSED
ULTRACEMCO,2016-06,5.71,2016-07-01,3207.52,2994.28,,2016-12-16,2994.28,SL,168,-6.95,CLOSED
ULTRACEMCO,2017-02,2.17,2017-03-01,3566.38,3427.82,,2017-10-03,3700.3,EMA,216,3.45,CLOSED
ULTRACEMCO,2018-08,6.72,2018-09-03,4238.0,3922.33,,2018-09-05,3922.33,SL,2,-7.75,CLOSED
ULTRACEMCO,2020-05,10.48,2020-06-01,3711.81,3071.16,,2020-07-01,3695.65,EMA,30,-0.74,CLOSED
ULTRACEMCO,2021-05,6.83,2021-06-01,6410.55,5864.18,,2022-03-02,6265.53,EMA,274,-2.56,CLOSED
ULTRACEMCO,2022-07,16.72,2022-08-01,6312.43,5255.61,,2022-10-03,6058.07,EMA,63,-4.33,CLOSED
ULTRACEMCO,2022-10,7.35,2022-11-01,6499.0,5837.77,,2025-03-03,10049.13,EMA,853,54.33,CLOSED
ULTRACEMCO,2026-07,7.94,2026-08-03,11940.0,11062.2,,2026-09-01,11450.0,EMA,29,-4.4,CLOSED
UNIONBANK,2007-09,19.63,2007-10-01,104.81,88.64,,2007-10-19,88.64,SL,18,-15.73,CLOSED
UNIONBANK,2012-01,34.35,2012-02-01,163.2,117.8,,2012-03-01,166.2,EMA,29,1.54,CLOSED
UNIONBANK,2012-06,7.92,2012-07-02,156.52,133.64,,2012-07-26,133.64,SL,24,-14.92,CLOSED
UNIONBANK,2014-03,33.53,2014-04-01,109.22,79.83,,2015-03-02,137.74,EMA,335,25.81,CLOSED
UNIONBANK,2015-05,20.58,2015-06-01,137.5,102.83,,2015-07-01,122.2,EMA,30,-11.43,CLOSED
UNIONBANK,2015-11,10.63,2015-12-01,143.22,127.03,,2015-12-10,127.03,SL,9,-11.6,CLOSED
UNIONBANK,2017-04,9.94,2017-05-02,143.78,123.99,,2017-06-23,123.99,SL,52,-14.07,CLOSED
UNIONBANK,2019-03,35.31,2019-04-01,80.62,60.23,,2019-05-02,69.63,EMA,31,-13.93,CLOSED
UNIONBANK,2020-11,16.42,2020-12-01,23.74,19.8,,2021-01-01,26.63,EMA,31,11.89,CLOSED
UNIONBANK,2023-04,13.97,2023-05-02,68.09,58.71,,2024-09-02,115.08,EMA,489,68.7,CLOSED
UNIONBANK,2025-05,16.7,2025-06-02,139.98,107.57,,2025-09-01,121.9,EMA,91,-13.22,CLOSED
UBL,2014-01,7.83,2014-02-03,800.76,705.84,,2014-05-02,763.68,EMA,88,-4.93,CLOSED
UBL,2018-04,26.66,2018-05-02,1159.01,910.31,,2019-11-01,1244.25,EMA,548,7.05,CLOSED
UBL,2020-12,14.19,2021-01-01,1151.28,1005.64,,2022-07-01,1412.92,EMA,546,22.43,CLOSED
UBL,2023-04,3.86,2023-05-02,1447.63,1324.03,,2023-06-01,1428.21,EMA,30,-1.64,CLOSED
UBL,2023-06,3.94,2023-07-03,1487.79,1401.36,,2023-09-01,1490.21,EMA,60,-0.14,CLOSED
UBL,2023-11,1.96,2023-12-01,1621.88,1520.63,,2024-11-01,1898.64,EMA,336,16.76,CLOSED
UBL,2025-01,5.35,2025-02-01,2113.0,1888.12,,2025-03-03,1926.2,EMA,30,-9.14,CLOSED
UNITDSPR,2013-04,16.42,2013-05-02,429.25,331.55,,2014-07-01,464.86,EMA,425,8.0,CLOSED
UNITDSPR,2014-10,15.03,2014-11-03,541.23,439.26,,2015-10-01,607.31,EMA,332,11.91,CLOSED
UNITDSPR,2016-09,6.63,2016-10-03,469.33,417.83,,2016-11-01,444.45,EMA,29,-5.6,CLOSED
UNITDSPR,2017-12,11.7,2018-01-01,717.5,616.25,,2018-02-01,616.25,SL,31,-14.41,CLOSED
UNITDSPR,2018-04,15.74,2018-05-02,707.39,609.25,,2018-05-21,609.25,SL,19,-14.17,CLOSED
UNITDSPR,2018-10,12.15,2018-11-01,583.99,425.8,,2019-02-01,525.69,EMA,92,-10.28,CLOSED
UNITDSPR,2019-04,5.39,2019-05-02,543.08,512.08,,2019-05-06,511.11,SL,4,-6.19,CLOSED
UNITDSPR,2019-06,5.58,2019-07-01,570.34,496.78,,2019-12-02,592.44,EMA,154,3.58,CLOSED
UNITDSPR,2021-05,17.88,2021-06-01,598.56,498.04,,2022-06-01,789.7,EMA,365,31.63,CLOSED
UNITDSPR,2022-10,6.42,2022-11-01,874.53,779.3,,2023-01-25,776.38,SL,85,-11.52,CLOSED
UNITDSPR,2023-05,13.68,2023-06-01,858.01,749.47,,2025-03-03,1248.85,EMA,641,45.25,CLOSED
USHAMART,2007-08,5.57,2007-09-03,51.32,39.56,,2008-04-01,72.34,EMA,211,40.65,CLOSED
USHAMART,2021-09,22.24,2021-10-01,80.96,61.59,,2024-09-02,326.91,EMA,1067,303.49,CLOSED
USHAMART,2025-06,18.26,2025-07-01,360.04,297.67,,2026-04-01,407.09,EMA,274,12.77,CLOSED
VTL,2009-05,97.34,2009-06-01,19.98,9.99,,2011-02-01,44.71,EMA,610,123.47,CLOSED
VTL,2014-12,7.88,2015-01-01,79.87,69.12,,2016-03-01,129.39,EMA,425,61.7,CLOSED
VTL,2017-09,10.66,2017-10-03,240.02,211.34,,2018-04-02,220.62,EMA,181,-8.39,CLOSED
VTL,2018-12,5.11,2019-01-01,206.33,186.38,,2019-02-01,198.35,EMA,31,-4.17,CLOSED
VTL,2019-12,10.87,2020-01-01,185.81,167.02,,2020-03-12,167.02,SL,71,-10.41,CLOSED
VTL,2024-01,10.79,2024-02-01,422.6,365.68,,2025-02-01,452.17,EMA,366,6.7,CLOSED
VTL,2025-06,1.79,2025-07-01,494.95,443.93,,2025-07-31,436.24,SL,30,-12.16,CLOSED
VBL,2019-06,1.48,2019-07-01,55.13,45.88,,2019-07-24,45.88,SL,23,-17.09,CLOSED
VBL,2023-03,6.63,2023-04-03,276.22,250.84,,2025-02-01,535.74,EMA,670,93.65,CLOSED
VBL,2025-12,1.72,2026-01-01,488.43,455.89,,2026-01-29,455.89,SL,28,-6.96,CLOSED
VIJAYA,2026-04,31.14,2026-05-01,1128.04,851.42,,2026-09-30,1437.7,OPEN,152,27.15,OPEN
VMM,2025-04,13.66,2025-05-02,115.95,96.3,,2026-02-02,124.0,EMA,276,6.64,CLOSED
IDEA,2010-06,17.52,2010-07-01,35.14,28.79,,2011-03-01,34.16,EMA,243,-3.09,CLOSED
IDEA,2012-10,0.35,2012-11-01,50.96,46.42,,2014-02-03,85.05,EMA,459,66.59,CLOSED
IDEA,2017-06,6.56,2017-07-03,51.4,45.89,,2017-09-01,54.87,EMA,60,6.44,CLOSED
IDEA,2017-12,14.51,2018-01-01,64.76,53.97,,2018-02-01,56.38,EMA,31,-13.24,CLOSED
VOLTAS,2013-10,20.64,2013-11-01,83.11,68.41,,2015-09-01,254.57,EMA,669,205.99,CLOSED
VOLTAS,2015-11,1.99,2015-12-01,272.04,236.72,,2016-02-01,271.48,EMA,62,-0.51,CLOSED
VOLTAS,2016-03,24.49,2016-04-01,262.08,209.95,,2016-12-01,301.91,EMA,244,14.9,CLOSED
VOLTAS,2017-02,14.24,2017-03-01,353.4,303.24,,2018-06-01,513.95,EMA,457,45.13,CLOSED
VOLTAS,2018-10,1.51,2018-11-01,522.74,453.04,,2018-12-03,532.43,EMA,32,1.55,CLOSED
VOLTAS,2019-02,4.7,2019-03-01,545.19,480.67,,2019-08-01,560.17,EMA,153,2.45,CLOSED
VOLTAS,2019-08,9.78,2019-09-03,612.08,559.3,,2020-03-13,544.71,SL,192,-11.31,CLOSED
VOLTAS,2021-07,3.59,2021-08-02,1039.15,969.45,,2021-08-10,969.45,SL,8,-7.01,CLOSED
VOLTAS,2022-02,6.75,2022-03-02,1226.02,1111.9,,2022-03-07,1111.9,SL,5,-9.61,CLOSED
VOLTAS,2023-08,11.51,2023-09-01,863.28,770.68,,2023-11-01,827.22,EMA,61,-4.48,CLOSED
VOLTAS,2024-01,11.69,2024-02-01,1077.61,956.12,,2025-02-01,1258.99,EMA,366,16.53,CLOSED
WAAREEENER,2025-06,5.39,2025-07-01,3173.73,2637.45,,2026-01-01,2967.67,EMA,184,-6.79,CLOSED
WELCORP,2007-04,31.33,2007-05-03,110.17,77.51,,2008-07-01,250.66,EMA,425,127.23,CLOSED
WELCORP,2010-09,15.53,2010-10-01,218.22,189.47,,2010-11-22,189.47,SL,52,-13.47,CLOSED
WELCORP,2011-03,8.7,2011-04-01,168.71,141.3,,2011-05-02,155.69,EMA,31,-8.01,CLOSED
WELCORP,2017-08,8.63,2017-09-01,120.83,90.06,,2018-04-02,116.54,EMA,213,-3.85,CLOSED
WELCORP,2022-03,17.72,2022-04-01,158.86,127.86,,2023-02-01,204.16,EMA,306,28.22,CLOSED
WELCORP,2023-04,12.29,2023-05-02,218.14,193.75,,2026-01-01,809.31,EMA,975,270.7,CLOSED
WELCORP,2026-06,10.9,2026-07-01,1530.1,1315.63,,2026-09-30,2717.0,OPEN,91,77.27,OPEN
WELSPUNLIV,2009-07,16.57,2009-08-03,3.38,2.24,,2010-09-01,5.62,EMA,394,66.04,CLOSED
WELSPUNLIV,2015-01,16.28,2015-02-02,34.33,27.63,,2015-03-04,27.63,SL,30,-19.82,CLOSED
WELSPUNLIV,2016-05,4.3,2016-06-01,97.2,83.84,,2016-08-22,76.35,SL,82,-21.75,CLOSED
WELSPUNLIV,2020-05,18.44,2020-06-01,31.87,23.08,,2020-07-01,36.34,EMA,30,13.72,CLOSED
WELSPUNLIV,2021-09,33.41,2021-10-01,164.77,122.18,,2021-11-22,122.18,SL,52,-26.15,CLOSED
WELSPUNLIV,2026-08,25.82,2026-09-01,196.2,152.98,,2026-09-30,227.33,OPEN,29,15.57,OPEN
WHIRLPOOL,2014-06,13.19,2014-07-01,333.32,282.21,,2015-10-01,640.77,EMA,457,91.94,CLOSED
WHIRLPOOL,2016-06,9.49,2016-07-01,804.24,731.57,,2017-01-02,871.1,EMA,185,8.01,CLOSED
WHIRLPOOL,2018-07,13.45,2018-08-01,1695.84,1453.19,,2018-09-19,1453.19,SL,49,-14.61,CLOSED
WHIRLPOOL,2019-01,8.57,2019-02-01,1454.74,1333.41,,2019-02-05,1319.39,SL,4,-9.6,CLOSED
WHIRLPOOL,2019-06,8.4,2019-07-01,1555.95,1409.12,,2020-03-24,1409.12,SL,267,-9.74,CLOSED
WIPRO,2006-09,1.21,2006-10-03,46.26,43.09,,2006-11-15,39.61,SL,43,-14.66,CLOSED
WIPRO,2008-04,13.11,2008-05-02,43.81,35.86,,2008-07-01,39.49,EMA,60,-10.17,CLOSED
WIPRO,2009-04,34.55,2009-05-04,29.77,21.65,,2011-07-01,65.85,EMA,788,120.89,CLOSED
WIPRO,2012-11,12.15,2012-12-03,62.0,54.88,,2013-04-22,54.88,SL,140,-11.77,CLOSED
WIPRO,2013-06,8.07,2013-07-01,56.12,50.71,,2014-06-02,81.91,EMA,336,45.65,CLOSED
WIPRO,2014-08,3.83,2014-09-01,92.34,87.29,,2014-12-15,87.29,SL,105,-5.78,CLOSED
WIPRO,2015-05,4.29,2015-06-01,92.15,86.41,,2015-07-01,89.52,EMA,30,-3.15,CLOSED
WIPRO,2016-01,1.44,2016-02-01,95.09,88.42,,2016-02-11,88.42,SL,10,-7.31,CLOSED
WIPRO,2016-12,1.98,2017-01-02,80.01,76.05,,2017-01-31,76.05,SL,29,-5.26,CLOSED
WIPRO,2017-02,7.2,2017-03-01,82.56,75.47,,2017-05-02,83.93,EMA,62,1.37,CLOSED
WIPRO,2017-08,3.69,2017-09-01,100.83,96.39,,2017-09-14,95.24,SL,13,-5.84,CLOSED
WIPRO,2017-12,7.66,2018-01-01,105.39,94.74,,2018-03-26,94.74,SL,84,-10.41,CLOSED
WIPRO,2019-01,11.91,2019-02-01,125.98,105.69,,2019-09-03,115.33,EMA,214,-8.76,CLOSED
WIPRO,2019-10,8.13,2019-11-01,118.1,105.39,,2019-12-02,108.14,EMA,31,-8.74,CLOSED
WIPRO,2020-05,11.44,2020-06-01,98.21,81.12,,2020-07-01,100.71,EMA,30,2.25,CLOSED
WIPRO,2021-08,9.16,2021-09-01,294.04,265.93,,2022-01-24,265.93,SL,145,-9.86,CLOSED
WIPRO,2022-07,1.84,2022-08-01,196.6,180.36,,2022-09-01,189.08,EMA,31,-4.12,CLOSED
WIPRO,2022-11,5.26,2022-12-01,190.44,177.36,,2022-12-20,177.36,SL,19,-7.17,CLOSED
WIPRO,2023-04,5.41,2023-05-02,179.88,162.77,,2023-06-01,187.28,EMA,30,3.81,CLOSED
WIPRO,2023-11,8.18,2023-12-01,191.33,174.33,,2024-06-03,208.63,EMA,185,8.74,CLOSED
WIPRO,2024-06,17.49,2024-07-01,240.0,193.24,,2025-04-01,246.09,EMA,274,2.24,CLOSED
WIPRO,2025-11,3.68,2025-12-01,241.05,227.46,,2026-02-02,241.24,EMA,63,-0.22,CLOSED
WOCKPHARMA,2012-04,21.75,2012-05-02,625.28,511.29,,2013-06-03,1044.8,EMA,397,66.79,CLOSED
WOCKPHARMA,2015-01,19.58,2015-02-02,1082.45,881.43,,2016-02-01,1165.84,EMA,364,7.4,CLOSED
WOCKPHARMA,2024-06,29.71,2024-07-01,750.0,490.15,,2025-11-03,1290.4,EMA,490,71.75,CLOSED
YESBANK,2007-09,11.96,2007-10-01,37.95,32.14,,2007-10-19,32.14,SL,18,-15.61,CLOSED
YESBANK,2009-09,22.45,2009-10-01,35.78,28.96,,2011-02-01,48.09,EMA,488,34.11,CLOSED
YESBANK,2012-01,38.38,2012-02-01,60.56,42.24,,2012-09-03,61.4,EMA,215,1.09,CLOSED
YESBANK,2014-03,35.74,2014-04-01,78.49,56.57,,2015-09-01,130.73,EMA,518,66.26,CLOSED
YESBANK,2016-01,2.89,2016-02-01,145.05,121.43,,2016-03-01,133.98,EMA,29,-7.94,CLOSED
YESBANK,2016-04,9.01,2016-05-02,182.26,158.91,,2017-12-01,301.24,EMA,578,64.99,CLOSED
YESBANK,2019-03,19.45,2019-04-01,272.27,225.56,,2019-04-30,210.61,SL,29,-22.94,CLOSED
ZFCVINDIA,2009-07,35.0,2009-08-03,44.49,32.55,,2012-01-02,193.37,EMA,882,334.32,CLOSED
ZFCVINDIA,2013-09,8.68,2013-10-01,286.55,254.85,,2016-02-01,936.01,EMA,853,226.35,CLOSED
ZFCVINDIA,2016-06,2.04,2016-07-01,951.13,870.51,,2016-11-01,945.55,EMA,123,-0.89,CLOSED
ZFCVINDIA,2017-11,14.28,2017-12-01,1201.41,1047.07,,2018-07-02,1153.69,EMA,213,-4.27,CLOSED
ZFCVINDIA,2019-08,0.92,2019-09-03,1019.78,975.22,,2019-10-01,1037.93,EMA,28,1.48,CLOSED
ZFCVINDIA,2019-12,4.0,2020-01-01,1068.46,1023.9,,2020-03-18,1023.9,SL,77,-4.47,CLOSED
ZFCVINDIA,2020-05,10.91,2020-06-01,1151.9,1011.47,,2020-09-16,1011.47,SL,107,-12.49,CLOSED
ZFCVINDIA,2022-03,0.95,2022-04-01,1277.44,1142.2,,2022-06-20,1142.2,SL,80,-10.89,CLOSED
ZFCVINDIA,2022-07,10.78,2022-08-01,1415.03,1245.71,,2024-05-02,2274.54,EMA,640,60.44,CLOSED
ZEEL,2007-09,10.36,2007-10-01,134.01,115.02,,2007-10-17,115.02,SL,16,-14.47,CLOSED
ZEEL,2012-07,15.88,2012-08-01,148.1,123.64,,2015-05-04,281.07,EMA,1006,89.48,CLOSED
ZEEL,2015-05,3.75,2015-06-01,289.13,268.09,,2016-03-01,337.81,EMA,274,16.54,CLOSED
ZEEL,2016-04,7.22,2016-05-02,372.95,344.57,,2016-12-01,413.6,EMA,213,10.6,CLOSED
ZEEL,2019-08,3.18,2019-09-03,339.69,281.53,,2019-09-20,281.53,SL,17,-17.42,CLOSED
ZEEL,2025-05,22.63,2025-06-02,125.11,99.96,,2025-08-01,113.25,EMA,60,-9.78,CLOSED
ZENTEC,2015-05,25.94,2015-06-01,75.26,52.74,,2016-03-01,58.49,EMA,274,-22.58,CLOSED
ZENTEC,2024-01,5.76,2024-02-01,865.51,686.31,,2025-03-03,1071.93,EMA,396,23.55,CLOSED
ZENTEC,2026-01,3.45,2026-02-02,1347.89,1222.36,,2026-03-02,1296.12,EMA,28,-4.14,CLOSED
ZENSARTECH,2011-10,10.56,2011-11-01,19.97,17.55,,2011-11-16,17.55,SL,15,-12.42,CLOSED
ZENSARTECH,2012-12,7.81,2013-01-01,44.08,39.96,,2013-01-23,39.96,SL,22,-9.63,CLOSED
ZENSARTECH,2013-12,10.37,2014-01-01,58.43,50.04,,2016-03-01,146.0,EMA,790,149.56,CLOSED
ZYDUSLIFE,2007-03,6.75,2007-04-02,33.1,28.28,,2007-05-03,34.12,EMA,31,2.76,CLOSED
ZYDUSLIFE,2012-12,7.78,2013-01-01,158.67,148.41,,2013-02-06,148.41,SL,36,-6.76,CLOSED
ZYDUSLIFE,2013-12,10.31,2014-01-01,147.17,130.2,,2016-01-01,296.86,EMA,730,101.4,CLOSED
ZYDUSLIFE,2016-05,2.69,2016-06-01,312.23,290.88,,2016-06-13,290.88,SL,12,-7.14,CLOSED
ZYDUSLIFE,2016-10,9.06,2016-11-01,385.44,344.55,,2016-11-08,344.55,SL,7,-10.91,CLOSED
ZYDUSLIFE,2017-12,1.11,2018-01-01,407.2,372.84,,2018-02-01,398.01,EMA,31,-2.56,CLOSED
ZYDUSLIFE,2018-04,9.13,2018-05-02,384.03,354.68,,2018-05-15,354.68,SL,13,-7.94,CLOSED
ZYDUSLIFE,2018-08,5.58,2018-09-03,380.55,311.98,,2018-10-01,360.86,EMA,28,-5.47,CLOSED
ZYDUSLIFE,2021-12,3.85,2022-01-03,470.39,422.9,,2022-01-18,422.9,SL,15,-10.4,CLOSED
ZYDUSLIFE,2022-05,7.46,2022-06-01,359.6,309.2,,2022-07-01,345.94,EMA,30,-4.1,CLOSED
ZYDUSLIFE,2022-09,2.3,2022-10-03,379.56,341.92,,2024-12-02,954.15,EMA,791,151.09,CLOSED
ZYDUSLIFE,2025-05,4.7,2025-06-02,922.54,848.51,,2025-12-01,941.25,EMA,182,1.73,CLOSED
ZYDUSWELL,2011-06,8.02,2011-07-01,114.83,104.18,,2011-08-09,103.07,SL,39,-10.54,CLOSED
ZYDUSWELL,2022-04,13.84,2022-05-02,336.5,297.62,,2022-05-24,297.62,SL,22,-11.85,CLOSED
ZYDUSWELL,2022-06,6.25,2022-07-01,322.5,297.05,,2022-08-01,320.76,EMA,31,-0.84,CLOSED
ZYDUSWELL,2023-04,0.16,2023-05-02,309.3,296.55,,2023-05-02,296.55,SL,0,-4.42,CLOSED
ZYDUSWELL,2024-04,12.9,2024-05-02,330.77,293.84,,2025-02-01,367.96,EMA,275,10.94,CLOSED
ZYDUSWELL,2026-06,13.48,2026-07-01,568.86,485.08,,2026-09-30,512.8,OPEN,91,-10.16,OPEN
ECLERX,2010-09,9.16,2010-10-01,125.59,107.65,,2012-01-02,155.72,EMA,458,23.69,CLOSED
ECLERX,2013-08,18.2,2013-09-02,197.27,161.93,,2017-01-02,467.68,EMA,1218,136.78,CLOSED
ECLERX,2017-01,7.96,2017-02-01,502.81,460.65,,2017-02-14,460.65,SL,13,-8.68,CLOSED
ECLERX,2017-12,14.31,2018-01-01,522.74,422.13,,2018-03-01,455.87,EMA,59,-13.09,CLOSED
ECLERX,2021-06,53.83,2021-07-01,660.25,409.27,,2022-06-01,676.51,EMA,335,2.16,CLOSED
ECLERX,2025-05,40.83,2025-06-02,1761.53,1175.7,,2026-03-02,1512.16,EMA,273,-14.46,CLOSED
