symbol,signal_month,signal_growth_%,entry_date,entry_price,stop_loss,target_price,exit_date,exit_price,exit_reason,days_held,return_%,status
360ONE,2019-10,8.31,2019-11-01,271.23,220.4,293.76,2019-12-24,220.4,SL,53,-19.04,CLOSED
360ONE,2025-11,9.48,2025-12-01,1178.06,1045.03,1289.8,2026-03-02,1045.03,SL,91,-11.59,CLOSED
ABB,2012-01,39.95,2012-02-01,683.89,478.89,957.07,2013-02-22,478.89,SL,387,-30.28,CLOSED
ABB,2014-06,23.8,2014-07-01,958.2,775.04,1186.28,2014-12-04,1186.28,TARGET,156,23.5,CLOSED
ABB,2022-08,19.25,2022-09-01,3153.67,2559.84,3760.63,2022-12-26,2559.84,SL,116,-19.13,CLOSED
ABB,2023-06,7.2,2023-07-03,4318.59,3820.55,4629.57,2023-10-23,3820.55,SL,112,-11.83,CLOSED
ABB,2026-01,7.9,2026-02-02,5404.02,4564.87,5831.01,2026-02-17,5831.01,TARGET,15,7.6,CLOSED
ACC,2014-02,9.3,2014-03-03,961.98,862.12,1051.48,2014-03-06,1051.48,TARGET,3,9.0,CLOSED
ACC,2017-03,2.88,2017-04-03,1341.3,1256.59,1379.96,2017-04-17,1379.96,TARGET,14,2.58,CLOSED
ACC,2020-06,4.89,2020-07-01,1271.26,1119.51,1333.36,2020-07-21,1333.36,TARGET,20,4.59,CLOSED
ACC,2022-11,7.24,2022-12-01,2522.84,2336.92,2705.38,2022-12-23,2336.92,SL,22,-7.67,CLOSED
AIAENG,2012-10,9.12,2012-11-01,346.18,315.45,377.76,2012-11-16,315.45,SL,15,-9.18,CLOSED
APLAPOLLO,2012-11,15.47,2012-12-03,16.43,13.02,18.98,2013-01-24,18.98,TARGET,52,15.17,CLOSED
APLAPOLLO,2015-11,13.91,2015-12-01,55.38,46.86,63.08,2015-12-14,63.08,TARGET,13,13.61,CLOSED
APLAPOLLO,2019-02,7.98,2019-03-01,118.11,97.51,127.54,2019-03-01,127.54,TARGET,0,7.68,CLOSED
APLAPOLLO,2023-07,22.11,2023-08-01,1571.55,1282.72,1919.08,2025-02-17,1282.72,SL,566,-18.68,CLOSED
APLAPOLLO,2025-12,11.35,2026-01-01,1918.21,1704.04,2135.93,2026-01-29,2135.93,TARGET,28,11.05,CLOSED
AUBANK,2019-04,9.57,2019-05-02,315.86,286.96,346.08,2019-05-21,346.93,TARGET,19,9.54,CLOSED
AUBANK,2024-05,3.08,2024-06-03,660.89,598.28,681.23,2024-06-05,681.23,TARGET,2,2.78,CLOSED
AWL,2022-03,36.26,2022-04-01,523.27,335.5,713.0,2022-04-22,713.0,TARGET,21,35.96,CLOSED
AARTIIND,2020-07,6.33,2020-08-03,487.7,437.36,518.6,2020-08-06,518.6,TARGET,3,6.03,CLOSED
AARTIIND,2022-07,11.65,2022-08-01,774.96,670.31,865.24,2022-09-12,865.24,TARGET,42,11.35,CLOSED
ABBOTINDIA,2016-10,5.35,2016-11-01,4410.07,4042.56,4646.01,2016-11-09,3937.56,SL,8,-11.01,CLOSED
ABBOTINDIA,2018-01,1.81,2018-02-01,4919.78,4627.21,5008.92,2018-02-09,5061.02,TARGET,8,2.57,CLOSED
ABBOTINDIA,2023-03,9.17,2023-04-03,20845.14,18650.82,22757.67,2023-07-28,22757.67,TARGET,116,8.87,CLOSED
ACE,2014-06,7.21,2014-07-01,30.72,22.33,32.94,2014-07-02,32.94,TARGET,1,6.91,CLOSED
ACE,2018-07,17.23,2018-08-01,142.91,115.2,167.54,2018-09-21,115.2,SL,51,-19.69,CLOSED
ADANIENSOL,2017-05,55.83,2017-06-01,121.8,70.9,189.8,2017-10-10,189.8,TARGET,131,55.53,CLOSED
ADANIENSOL,2021-08,76.91,2021-09-01,1659.6,885.0,2935.99,2022-04-12,2935.99,TARGET,223,76.61,CLOSED
ADANIENT,2006-09,12.26,2006-10-03,8.62,7.12,9.67,2006-11-16,9.67,TARGET,44,11.96,CLOSED
ADANIENT,2007-03,1.24,2007-04-02,13.11,10.93,13.27,2007-04-04,13.27,TARGET,2,0.94,CLOSED
ADANIENT,2007-12,43.85,2008-01-01,75.21,48.3,108.18,2008-02-11,48.3,SL,41,-36.07,CLOSED
ADANIENT,2009-05,59.54,2009-06-01,43.84,25.66,69.94,2010-04-22,69.94,TARGET,325,59.24,CLOSED
ADANIENT,2014-12,5.96,2015-01-01,70.07,61.64,74.24,2015-01-06,74.24,TARGET,5,5.66,CLOSED
ADANIGREEN,2018-07,125.37,2018-08-01,62.7,22.8,141.31,2019-12-23,141.31,TARGET,509,125.07,CLOSED
ADANIGREEN,2019-12,21.41,2020-01-01,169.35,118.55,205.6,2020-01-07,208.0,TARGET,6,22.52,CLOSED
ADANIGREEN,2020-10,16.11,2020-11-02,860.0,660.0,998.51,2020-11-14,1018.0,TARGET,12,18.07,CLOSED
ADANIPORTS,2010-06,6.04,2010-07-01,135.0,118.9,143.15,2010-08-06,143.15,TARGET,36,5.74,CLOSED
ADANIPORTS,2016-07,12.35,2016-08-01,222.18,193.13,249.62,2016-08-16,249.62,TARGET,15,12.05,CLOSED
ADANIPORTS,2019-03,17.02,2019-04-01,364.03,312.47,425.97,2020-03-09,312.47,SL,343,-14.46,CLOSED
ADANIPORTS,2023-04,7.82,2023-05-02,670.23,609.81,722.63,2023-05-22,722.63,TARGET,20,7.52,CLOSED
ADANIPORTS,2023-07,5.93,2023-08-01,768.63,693.95,814.2,2023-08-18,814.2,TARGET,17,5.63,CLOSED
ADANIPOWER,2011-05,2.62,2011-06-01,23.24,21.23,23.85,2011-06-20,21.23,SL,19,-8.95,CLOSED
ADANIPOWER,2021-08,2.76,2021-09-01,20.4,14.07,20.96,2021-09-02,21.71,TARGET,1,6.12,CLOSED
ADANIPOWER,2023-04,17.35,2023-05-02,46.0,37.04,53.98,2023-05-24,53.98,TARGET,22,17.05,CLOSED
ATGL,2021-08,62.74,2021-09-01,1522.87,841.77,2478.26,2022-04-05,2478.26,TARGET,216,62.44,CLOSED
ABCAPITAL,2023-06,15.27,2023-07-03,197.1,167.35,227.19,2023-10-26,167.35,SL,115,-15.39,CLOSED
ABREL,2012-06,14.03,2012-07-02,269.56,226.47,307.39,2012-09-10,307.39,TARGET,70,13.73,CLOSED
ABREL,2017-02,13.21,2017-03-01,910.39,790.72,1030.61,2017-04-07,1030.61,TARGET,37,12.91,CLOSED
ABREL,2018-04,10.5,2018-05-02,1209.96,1097.26,1336.99,2018-05-02,1097.26,SL,0,-9.61,CLOSED
CPPLUS,2026-05,24.85,2026-06-01,3073.3,2222.89,3837.01,2026-07-16,3837.01,TARGET,45,24.55,CLOSED
AEGISLOG,2005-07,64.0,2005-08-01,6.57,3.8,10.77,2005-11-14,10.77,TARGET,105,63.7,CLOSED
AEGISLOG,2007-05,10.76,2007-06-01,6.5,5.44,7.2,2007-07-25,5.41,SL,54,-16.98,CLOSED
AFFLE,2023-01,2.07,2023-02-01,1102.9,1015.0,1125.77,2023-02-23,1015.0,SL,22,-8.27,CLOSED
AFFLE,2025-12,8.34,2026-01-01,1801.0,1579.6,1951.18,2026-01-23,1579.6,SL,22,-12.59,CLOSED
AJANTPHARM,2016-07,18.61,2016-08-01,1073.13,899.5,1272.8,2016-10-04,1273.77,TARGET,64,18.4,CLOSED
AJANTPHARM,2022-08,7.14,2022-09-01,1287.83,1181.53,1379.84,2022-09-19,1181.53,SL,18,-8.55,CLOSED
ALKEM,2018-12,1.91,2019-01-01,1807.11,1699.07,1841.64,2019-01-31,1699.07,SL,30,-6.28,CLOSED
ALKEM,2020-01,19.06,2020-02-03,2217.53,1869.9,2640.08,2020-03-13,1869.9,SL,39,-15.98,CLOSED
ALKEM,2023-04,3.35,2023-05-02,3423.73,3205.89,3538.46,2023-05-19,3205.89,SL,17,-6.66,CLOSED
ALKEM,2023-06,4.56,2023-07-03,3413.87,3212.05,3569.6,2023-07-19,3569.6,TARGET,16,4.26,CLOSED
ALKEM,2023-10,3.22,2023-11-01,3635.17,3355.77,3752.06,2023-11-03,3752.06,TARGET,2,2.92,CLOSED
ALKEM,2023-12,10.14,2024-01-01,5072.06,4467.79,5586.45,2024-06-04,4467.79,SL,155,-12.21,CLOSED
ALKEM,2024-08,16.32,2024-09-02,6056.73,5061.41,7044.92,2025-01-15,5061.41,SL,135,-16.73,CLOSED
ARE&M,2016-04,8.92,2016-05-02,866.45,767.25,943.7,2016-05-25,767.07,SL,23,-11.77,CLOSED
ARE&M,2020-04,19.41,2020-05-04,516.25,427.69,616.47,2020-06-02,616.5,TARGET,29,19.12,CLOSED
ARE&M,2022-10,4.49,2022-11-01,492.43,459.49,514.54,2022-11-04,526.47,TARGET,3,6.61,CLOSED
ARE&M,2023-11,16.68,2023-12-01,698.85,596.51,815.43,2024-01-05,815.43,TARGET,35,16.38,CLOSED
AMBUJACEM,2005-05,9.45,2005-06-01,41.62,37.07,45.55,2005-07-26,45.55,TARGET,55,9.15,CLOSED
AMBUJACEM,2018-07,11.21,2018-08-01,202.67,166.9,225.38,2018-10-26,166.9,SL,86,-17.95,CLOSED
AMBUJACEM,2022-07,3.25,2022-08-01,370.49,355.85,382.53,2022-08-16,382.53,TARGET,15,2.95,CLOSED
AMBUJACEM,2025-06,4.71,2025-07-01,579.13,525.85,606.4,2025-07-21,606.4,TARGET,20,4.41,CLOSED
ANANTRAJ,2009-05,54.68,2009-06-01,47.8,25.58,73.93,2011-02-21,25.58,SL,630,-46.78,CLOSED
ANANTRAJ,2021-01,51.29,2021-02-01,41.34,25.96,62.54,2021-05-25,63.34,TARGET,113,52.93,CLOSED
ANGELONE,2023-05,9.39,2023-06-01,129.18,111.78,141.3,2023-06-09,141.3,TARGET,8,9.09,CLOSED
ANGELONE,2023-12,13.71,2024-01-01,334.45,278.68,380.3,2024-01-24,278.68,SL,23,-16.98,CLOSED
APARINDS,2012-03,10.51,2012-04-02,123.37,111.86,136.34,2012-04-26,111.86,SL,24,-9.63,CLOSED
APARINDS,2023-03,8.92,2023-04-03,2482.34,2130.78,2703.84,2023-04-13,2703.84,TARGET,10,8.62,CLOSED
APOLLOHOSP,2015-12,10.67,2016-01-01,1407.07,1264.77,1557.22,2016-03-30,1264.77,SL,89,-10.41,CLOSED
APOLLOHOSP,2022-02,7.75,2022-03-02,4762.06,4242.15,5131.13,2022-05-02,4242.15,SL,61,-11.22,CLOSED
APOLLOHOSP,2023-04,4.7,2023-05-02,4487.09,4128.75,4698.18,2023-05-30,4698.18,TARGET,28,4.4,CLOSED
APOLLOTYRE,2019-02,6.41,2019-03-01,194.22,172.27,206.67,2019-03-13,208.89,TARGET,12,7.25,CLOSED
APOLLOTYRE,2022-11,8.86,2022-12-01,303.56,258.03,330.45,2023-04-28,330.45,TARGET,148,8.56,CLOSED
APOLLOTYRE,2023-07,7.56,2023-08-01,418.95,376.57,450.62,2023-08-14,376.57,SL,13,-10.42,CLOSED
APTUS,2024-01,17.17,2024-02-01,363.86,306.32,426.34,2024-03-13,306.32,SL,41,-16.12,CLOSED
APTUS,2025-01,4.68,2025-02-01,300.23,261.65,314.28,2025-02-04,314.28,TARGET,3,4.38,CLOSED
ASHOKLEY,2011-10,4.79,2011-11-01,10.26,9.02,10.75,2011-11-09,10.75,TARGET,8,4.49,CLOSED
ASHOKLEY,2012-03,7.24,2012-04-02,11.55,10.22,12.39,2012-04-20,12.54,TARGET,18,8.25,CLOSED
ASHOKLEY,2015-06,2.25,2015-07-01,29.92,26.07,30.6,2015-07-01,30.6,TARGET,0,1.95,CLOSED
ASHOKLEY,2016-05,2.01,2016-06-01,45.12,38.79,46.03,2016-06-24,38.79,SL,23,-14.35,CLOSED
ASHOKLEY,2018-02,12.21,2018-03-01,60.05,48.92,67.38,2018-04-24,67.38,TARGET,54,11.91,CLOSED
ASHOKLEY,2023-04,4.85,2023-05-02,66.39,61.13,69.61,2023-05-15,69.61,TARGET,13,4.55,CLOSED
ASHOKLEY,2025-06,6.3,2025-07-01,122.34,112.6,130.06,2025-08-08,112.6,SL,38,-8.27,CLOSED
ASIANPAINT,2008-04,6.7,2008-05-02,106.81,94.03,113.97,2008-06-27,94.03,SL,56,-12.26,CLOSED
ASIANPAINT,2011-04,9.85,2011-05-02,241.34,218.38,265.12,2011-05-30,265.12,TARGET,28,9.55,CLOSED
ASIANPAINT,2013-10,17.71,2013-11-01,483.47,403.68,569.1,2014-07-25,569.1,TARGET,266,17.41,CLOSED
ASIANPAINT,2015-07,16.87,2015-08-03,802.2,688.35,937.56,2016-06-02,937.56,TARGET,304,16.57,CLOSED
ASIANPAINT,2017-04,4.37,2017-05-02,1034.58,952.23,1079.83,2017-05-08,1079.83,TARGET,6,4.07,CLOSED
ASIANPAINT,2017-08,0.59,2017-09-01,1088.9,1033.08,1095.32,2017-09-01,1095.32,TARGET,0,0.29,CLOSED
ASIANPAINT,2018-04,7.26,2018-05-02,1115.56,1033.07,1196.51,2018-05-11,1196.51,TARGET,9,6.96,CLOSED
ASIANPAINT,2019-08,6.25,2019-09-03,1513.33,1405.71,1607.94,2019-09-20,1607.94,TARGET,17,5.95,CLOSED
ASIANPAINT,2020-12,24.79,2021-01-01,2618.12,2093.55,3267.19,2021-09-24,3267.19,TARGET,266,24.49,CLOSED
ASIANPAINT,2024-07,5.74,2024-08-01,3023.54,2782.68,3197.05,2024-09-06,3197.05,TARGET,36,5.44,CLOSED
ASTRAL,2009-05,60.0,2009-06-01,4.52,2.62,7.23,2009-11-03,7.23,TARGET,155,59.7,CLOSED
ASTRAL,2012-05,5.73,2012-06-01,18.48,16.0,19.54,2012-06-05,19.54,TARGET,4,5.43,CLOSED
ASTRAL,2016-06,5.78,2016-07-01,209.73,193.17,221.86,2016-07-01,221.86,TARGET,0,5.48,CLOSED
ASTRAL,2017-02,16.78,2017-03-01,199.5,170.17,232.97,2017-03-16,232.97,TARGET,15,16.48,CLOSED
ASTRAL,2023-05,25.83,2023-06-01,1805.92,1437.99,2272.34,2024-05-17,2275.51,TARGET,351,25.7,CLOSED
ATHERENERG,2026-08,36.29,2026-09-01,1694.0,1242.0,2308.8,2026-09-30,1425.0,OPEN,29,-16.18,OPEN
ATUL,2012-09,13.77,2012-10-01,312.01,271.63,354.99,2012-10-03,354.99,TARGET,2,13.47,CLOSED
ATUL,2023-08,7.91,2023-09-01,7268.28,6586.01,7843.03,2023-10-20,6586.01,SL,49,-9.69,CLOSED
ATUL,2025-06,4.74,2025-07-01,7394.7,6754.01,7744.93,2025-07-21,6754.01,SL,20,-8.96,CLOSED
AUROPHARMA,2015-01,9.87,2015-02-02,585.53,509.98,643.3,2015-02-09,509.98,SL,7,-13.2,CLOSED
AUROPHARMA,2015-09,2.15,2015-10-01,733.2,639.5,748.98,2015-10-09,748.98,TARGET,8,1.85,CLOSED
AUROPHARMA,2024-07,18.76,2024-08-01,1428.74,1198.5,1696.77,2024-12-13,1198.5,SL,134,-16.41,CLOSED
AUROPHARMA,2024-12,5.69,2025-01-01,1329.86,1168.71,1405.59,2025-01-13,1168.71,SL,12,-12.42,CLOSED
AUROPHARMA,2026-08,8.66,2026-09-01,1700.0,1536.8,1847.17,2026-09-30,1672.0,OPEN,29,-1.95,OPEN
AIIL,2024-09,5.85,2024-10-01,357.68,309.74,378.61,2024-10-21,378.61,TARGET,20,5.55,CLOSED
AIIL,2025-05,38.19,2025-06-02,479.64,330.24,662.81,2025-10-13,662.81,TARGET,133,37.89,CLOSED
AIIL,2025-12,15.77,2026-01-01,629.8,504.0,729.14,2026-01-27,504.0,SL,26,-20.27,CLOSED
AVANTIFEED,2011-10,78.71,2011-11-01,7.3,3.56,13.05,2013-09-04,13.28,TARGET,673,81.56,CLOSED
AVANTIFEED,2014-03,13.88,2014-04-01,30.95,23.0,35.25,2014-04-10,35.49,TARGET,9,14.38,CLOSED
AVANTIFEED,2014-06,16.87,2014-07-01,40.44,32.65,47.25,2014-07-24,47.4,TARGET,23,16.94,CLOSED
DMART,2018-11,11.55,2018-12-03,1504.9,1346.2,1678.73,2018-12-18,1678.73,TARGET,15,11.25,CLOSED
DMART,2019-07,6.07,2019-08-01,1482.65,1286.3,1572.59,2019-08-27,1572.59,TARGET,26,5.77,CLOSED
DMART,2019-08,5.97,2019-09-03,1568.0,1405.25,1661.54,2019-09-20,1661.54,TARGET,17,5.67,CLOSED
DMART,2020-04,8.97,2020-05-04,2310.2,2020.0,2517.35,2020-05-21,2517.35,TARGET,17,8.67,CLOSED
DMART,2022-02,5.49,2022-03-02,4299.95,3947.85,4536.15,2022-03-30,3947.85,SL,28,-8.49,CLOSED
DMART,2022-07,24.6,2022-08-01,4251.95,3331.1,5297.74,2023-03-14,3331.1,SL,225,-21.96,CLOSED
DMART,2023-11,8.71,2023-12-01,3969.65,3621.0,4315.28,2024-03-22,4315.28,TARGET,112,8.41,CLOSED
AXISBANK,2011-07,3.72,2011-08-01,250.71,228.96,260.03,2011-08-05,228.96,SL,4,-8.97,CLOSED
AXISBANK,2012-11,11.61,2012-12-03,248.0,222.14,276.79,2013-01-29,276.79,TARGET,57,11.31,CLOSED
AXISBANK,2014-02,12.83,2014-03-03,241.24,207.28,272.2,2014-03-07,272.2,TARGET,4,12.53,CLOSED
AXISBANK,2014-10,16.34,2014-11-03,427.54,360.12,497.38,2015-01-02,497.38,TARGET,60,16.04,CLOSED
AXISBANK,2015-05,3.1,2015-06-01,567.69,506.17,585.29,2015-07-16,585.29,TARGET,45,2.8,CLOSED
AXISBANK,2021-08,10.95,2021-09-01,794.17,708.49,881.1,2021-11-17,708.49,SL,77,-11.09,CLOSED
AXISBANK,2023-06,7.94,2023-07-03,986.62,912.93,1064.92,2023-11-30,1064.92,TARGET,150,7.64,CLOSED
AXISBANK,2026-08,5.73,2026-09-01,1274.9,1208.6,1348.0,2026-09-24,1208.6,SL,23,-5.5,CLOSED
BEML,2017-07,12.58,2017-08-01,675.47,584.64,760.45,2017-08-10,584.64,SL,9,-13.75,CLOSED
BSE,2017-03,3.24,2017-04-03,88.14,79.4,90.99,2017-04-10,90.99,TARGET,7,2.94,CLOSED
BAJAJ-AUTO,2008-08,10.21,2008-09-01,188.14,161.32,207.36,2008-10-08,161.32,SL,37,-14.56,CLOSED
BAJAJ-AUTO,2016-06,2.73,2016-07-01,2087.33,1973.19,2144.41,2016-07-20,2144.41,TARGET,19,2.43,CLOSED
BAJAJ-AUTO,2019-10,10.39,2019-11-01,2682.17,2356.14,2960.76,2020-02-28,2356.14,SL,119,-12.46,CLOSED
BAJAJ-AUTO,2023-04,14.09,2023-05-02,4109.95,3599.21,4688.87,2023-07-06,4688.87,TARGET,65,13.79,CLOSED
BAJAJ-AUTO,2024-01,12.8,2024-02-01,7326.68,6259.11,8264.76,2024-03-06,8264.76,TARGET,34,12.5,CLOSED
BAJAJ-AUTO,2024-08,12.7,2024-09-02,10508.05,9010.9,11842.57,2024-09-23,11842.57,TARGET,21,12.4,CLOSED
BAJAJ-AUTO,2026-08,5.29,2026-09-01,12180.0,11456.0,12824.39,2026-09-15,11456.0,SL,14,-6.24,CLOSED
BAJFINANCE,2009-05,53.26,2009-06-01,1.29,0.77,1.97,2009-09-01,1.97,TARGET,92,52.96,CLOSED
BAJFINANCE,2013-12,12.1,2014-01-01,14.84,13.23,16.64,2014-03-28,16.64,TARGET,86,11.8,CLOSED
BAJFINANCE,2015-12,8.46,2016-01-01,57.88,51.76,62.77,2016-01-19,51.76,SL,18,-10.86,CLOSED
BAJFINANCE,2019-06,6.17,2019-07-01,357.67,331.61,379.75,2019-07-08,331.61,SL,7,-7.59,CLOSED
BAJFINANCE,2023-04,11.81,2023-05-02,619.52,551.22,692.69,2023-06-02,692.69,TARGET,31,11.51,CLOSED
BAJFINANCE,2024-08,5.78,2024-09-02,718.52,634.66,760.03,2024-09-19,760.03,TARGET,17,5.48,CLOSED
BAJAJFINSV,2009-05,66.82,2009-06-01,36.57,21.18,61.0,2012-02-29,61.0,TARGET,1003,66.52,CLOSED
BAJAJFINSV,2019-06,4.11,2019-07-01,851.4,806.24,886.41,2019-07-08,806.24,SL,7,-5.6,CLOSED
BAJAJFINSV,2021-08,20.58,2021-09-01,1711.75,1381.32,2063.98,2022-03-07,1381.32,SL,187,-19.6,CLOSED
BAJAJFINSV,2023-11,6.62,2023-12-01,1676.69,1524.89,1787.74,2024-05-30,1524.89,SL,181,-9.35,CLOSED
BAJAJFINSV,2025-06,1.96,2025-07-01,2053.35,1918.43,2093.66,2025-08-01,1918.43,SL,31,-6.87,CLOSED
BAJAJFINSV,2026-07,13.98,2026-08-03,2050.5,1741.5,2337.19,2026-09-28,1741.5,SL,56,-15.37,CLOSED
BAJAJHLDNG,2026-08,2.65,2026-09-01,11413.86,10748.71,11716.74,2026-09-25,10748.71,SL,24,-6.13,CLOSED
BALKRISIND,2007-06,25.34,2007-07-02,52.27,40.34,65.52,2008-01-08,65.52,TARGET,190,25.04,CLOSED
BALKRISIND,2009-04,39.05,2009-05-04,15.01,11.49,20.87,2009-05-20,20.87,TARGET,16,38.75,CLOSED
BALKRISIND,2015-03,9.7,2015-04-01,292.91,266.18,321.33,2015-04-10,321.33,TARGET,9,9.4,CLOSED
BALKRISIND,2020-07,4.83,2020-08-03,1263.29,1168.3,1324.34,2020-08-13,1324.34,TARGET,10,4.53,CLOSED
BALKRISIND,2021-12,6.84,2022-01-03,2238.38,1988.06,2391.37,2022-01-14,2391.37,TARGET,11,6.54,CLOSED
BALKRISIND,2023-07,7.44,2023-08-01,2501.62,2226.29,2687.8,2024-01-23,2732.71,TARGET,175,8.94,CLOSED
BALKRISIND,2024-12,4.67,2025-01-01,2886.79,2651.78,3021.73,2025-01-08,2651.78,SL,7,-8.44,CLOSED
BALRAMCHIN,2012-01,44.59,2012-02-01,40.84,28.01,59.06,2012-10-12,59.06,TARGET,254,44.29,CLOSED
BALRAMCHIN,2017-10,6.56,2017-11-01,160.8,142.73,171.35,2017-11-15,142.73,SL,14,-11.54,CLOSED
BALRAMCHIN,2022-11,21.63,2022-12-01,374.28,304.73,455.24,2023-11-22,455.24,TARGET,356,21.33,CLOSED
BANDHANBNK,2023-05,16.88,2023-06-01,258.8,221.66,302.48,2023-07-05,212.11,SL,34,-18.34,CLOSED
BANKBARODA,2012-06,8.98,2012-07-02,115.35,98.19,125.71,2012-08-10,98.19,SL,39,-15.18,CLOSED
BANKBARODA,2014-10,3.01,2014-11-03,155.03,141.15,159.7,2014-11-05,159.7,TARGET,2,2.71,CLOSED
BANKBARODA,2022-08,12.56,2022-09-01,114.6,100.27,128.99,2022-10-25,128.99,TARGET,54,12.26,CLOSED
BANKBARODA,2023-04,11.19,2023-05-02,167.19,146.05,185.9,2023-07-04,185.9,TARGET,63,10.89,CLOSED
BANKINDIA,2009-09,22.65,2009-10-01,307.44,232.79,377.07,2010-02-24,232.79,SL,146,-24.58,CLOSED
BANKINDIA,2025-09,11.9,2025-10-01,119.79,107.18,134.04,2025-10-27,134.04,TARGET,26,11.6,CLOSED
MAHABANK,2012-03,3.79,2012-04-02,40.46,36.35,41.99,2012-05-02,41.99,TARGET,30,3.49,CLOSED
BATAINDIA,2012-04,14.28,2012-05-02,374.63,328.97,428.12,2013-01-24,328.97,SL,267,-12.49,CLOSED
BATAINDIA,2016-12,8.31,2017-01-02,397.18,356.15,430.18,2017-01-12,430.18,TARGET,10,8.01,CLOSED
BATAINDIA,2019-10,4.92,2019-11-01,1613.9,1480.05,1693.27,2019-11-21,1480.05,SL,20,-8.59,CLOSED
BATAINDIA,2023-06,5.77,2023-07-03,1554.94,1440.6,1644.6,2023-08-04,1644.6,TARGET,32,5.47,CLOSED
BERGEPAINT,2014-06,17.25,2014-07-01,79.66,66.54,93.4,2014-08-19,93.4,TARGET,49,16.95,CLOSED
BERGEPAINT,2016-03,9.14,2016-04-01,137.41,124.79,149.96,2016-05-04,149.96,TARGET,33,8.84,CLOSED
BERGEPAINT,2018-04,11.65,2018-05-02,227.54,200.27,254.04,2018-07-23,255.65,TARGET,82,12.05,CLOSED
BERGEPAINT,2020-12,17.24,2021-01-01,612.35,521.73,717.95,2022-02-28,521.73,SL,423,-15.1,CLOSED
BERGEPAINT,2022-07,9.92,2022-08-01,505.65,456.09,555.83,2022-08-16,555.83,TARGET,15,9.62,CLOSED
BERGEPAINT,2023-04,4.93,2023-05-02,497.36,461.44,521.85,2023-05-12,521.85,TARGET,10,4.63,CLOSED
BERGEPAINT,2023-12,5.27,2024-01-01,595.12,551.23,626.46,2024-01-23,551.23,SL,22,-7.67,CLOSED
BERGEPAINT,2025-06,4.28,2025-07-01,586.85,520.75,612.0,2025-08-22,520.75,SL,52,-11.56,CLOSED
BEL,2016-11,10.59,2016-12-01,36.65,30.66,40.53,2017-01-30,40.53,TARGET,60,10.29,CLOSED
BEL,2017-07,10.65,2017-08-01,47.46,41.32,52.51,2017-10-31,52.82,TARGET,91,11.01,CLOSED
BEL,2018-10,15.88,2018-11-01,26.87,21.53,31.14,2019-02-14,21.53,SL,105,-20.17,CLOSED
BEL,2021-08,1.08,2021-09-01,58.34,50.6,58.97,2021-09-01,58.97,TARGET,0,0.78,CLOSED
BEL,2022-02,1.12,2022-03-02,65.57,59.08,66.31,2022-03-02,66.31,TARGET,0,0.82,CLOSED
BEL,2023-05,8.57,2023-06-01,109.09,100.63,118.44,2023-06-12,118.44,TARGET,11,8.27,CLOSED
BEL,2025-10,5.48,2025-11-03,425.61,397.12,448.95,2025-12-08,397.12,SL,35,-6.99,CLOSED
BEL,2026-08,7.0,2026-09-01,414.45,384.68,443.48,2026-09-15,384.68,SL,14,-7.48,CLOSED
BHARATFORG,2014-02,10.95,2014-03-03,175.75,151.64,194.99,2014-04-01,195.88,TARGET,29,11.16,CLOSED
BHARATFORG,2015-07,8.39,2015-08-03,531.64,469.63,576.23,2015-08-06,576.84,TARGET,3,8.2,CLOSED
BHARATFORG,2023-04,4.01,2023-05-02,784.51,726.15,815.97,2023-06-16,815.97,TARGET,45,3.71,CLOSED
BHARATFORG,2023-07,12.03,2023-08-01,919.03,812.58,1029.61,2023-08-24,1029.61,TARGET,23,11.73,CLOSED
BHARATFORG,2025-10,9.26,2025-11-03,1318.59,1174.49,1440.72,2025-11-19,1440.72,TARGET,16,8.96,CLOSED
BHEL,2007-06,9.92,2007-07-02,165.45,137.98,181.85,2007-07-13,181.85,TARGET,11,9.62,CLOSED
BHEL,2007-08,9.64,2007-09-03,202.9,163.43,222.47,2007-10-04,222.47,TARGET,31,9.34,CLOSED
BHEL,2009-09,1.19,2009-10-01,249.37,235.85,252.33,2009-10-01,252.33,TARGET,0,0.89,CLOSED
BHEL,2012-06,9.59,2012-07-02,133.12,115.32,145.9,2012-09-10,115.32,SL,70,-13.67,CLOSED
BHEL,2016-06,5.98,2016-07-01,78.71,69.41,83.42,2016-07-04,83.42,TARGET,3,5.68,CLOSED
BHEL,2023-04,11.92,2023-05-02,77.61,66.92,86.86,2023-05-03,86.86,TARGET,1,11.62,CLOSED
BHEL,2025-10,11.34,2025-11-03,264.15,228.8,294.1,2025-11-27,294.1,TARGET,24,11.04,CLOSED
BHEL,2026-08,8.76,2026-09-01,437.25,400.2,475.55,2026-09-30,415.5,OPEN,29,-5.27,OPEN
BPCL,2023-04,3.86,2023-05-02,150.88,137.7,156.71,2023-05-10,156.71,TARGET,8,3.56,CLOSED
BHARTIARTL,2011-07,10.72,2011-08-01,368.48,311.21,407.99,2011-08-19,311.21,SL,18,-15.84,CLOSED
BHARTIARTL,2015-12,1.81,2016-01-01,286.6,256.42,291.79,2016-01-13,256.42,SL,12,-10.83,CLOSED
BHARTIARTL,2018-07,2.26,2018-08-01,333.07,282.68,340.61,2018-08-01,340.61,TARGET,0,1.96,CLOSED
BHARTIARTL,2022-10,4.01,2022-11-01,802.75,736.68,834.96,2023-01-11,736.68,SL,71,-8.53,CLOSED
BHARTIARTL,2023-04,6.72,2023-05-02,775.84,729.11,827.95,2023-05-31,827.95,TARGET,29,6.42,CLOSED
BHARTIARTL,2023-06,3.39,2023-07-03,853.16,794.02,882.12,2023-09-13,882.12,TARGET,72,3.09,CLOSED
BHARTIARTL,2023-11,10.97,2023-12-01,988.57,872.13,1097.0,2024-01-19,1097.0,TARGET,49,10.67,CLOSED
BHARTIARTL,2026-07,7.82,2026-08-03,1987.4,1822.66,2142.81,2026-08-31,1822.66,SL,28,-8.59,CLOSED
BIOCON,2012-08,9.03,2012-09-03,40.89,36.35,44.58,2012-10-03,44.58,TARGET,30,8.73,CLOSED
BIOCON,2014-02,5.09,2014-03-03,73.12,66.38,76.85,2014-03-27,66.38,SL,24,-9.52,CLOSED
BIOCON,2023-11,8.49,2023-12-01,240.06,217.45,260.44,2024-01-02,260.44,TARGET,32,8.19,CLOSED
BSOFT,2018-04,19.42,2018-05-02,140.07,116.13,167.27,2018-08-02,167.27,TARGET,92,19.12,CLOSED
BSOFT,2023-08,19.3,2023-09-01,489.21,399.08,583.62,2023-11-15,583.62,TARGET,75,19.0,CLOSED
BBOX,2006-02,9.22,2006-03-01,35.09,33.02,38.33,2006-03-02,38.33,TARGET,1,8.92,CLOSED
BBOX,2021-03,29.18,2021-04-01,265.06,185.54,342.4,2021-04-23,342.4,TARGET,22,28.88,CLOSED
BBOX,2023-12,13.27,2024-01-01,304.62,224.2,345.03,2024-03-12,224.2,SL,71,-26.7,CLOSED
BBOX,2024-07,46.15,2024-08-01,513.17,352.79,750.02,2025-03-04,336.1,SL,215,-34.8,CLOSED
BLUESTARCO,2007-04,11.15,2007-05-03,94.23,76.21,104.73,2007-05-03,76.21,SL,0,-19.42,CLOSED
BLUESTARCO,2017-08,9.08,2017-09-01,352.09,285.61,384.07,2017-12-28,384.07,TARGET,118,8.78,CLOSED
BLUESTARCO,2024-04,17.46,2024-05-02,1479.76,1247.93,1738.19,2024-06-18,1738.19,TARGET,47,17.16,CLOSED
BOSCHLTD,2009-11,6.36,2009-12-01,3809.14,3536.02,4051.26,2010-01-04,4051.26,TARGET,34,6.06,CLOSED
BOSCHLTD,2022-05,0.94,2022-06-01,13678.47,12050.14,13806.65,2022-06-02,13806.65,TARGET,1,0.64,CLOSED
BOSCHLTD,2022-10,4.26,2022-11-01,15583.56,14529.81,16247.46,2022-11-09,16247.46,TARGET,8,3.96,CLOSED
BOSCHLTD,2023-12,2.8,2024-01-01,21596.04,20656.7,22200.19,2024-01-09,22200.19,TARGET,8,2.5,CLOSED
BOSCHLTD,2025-07,25.25,2025-08-01,40111.05,31482.71,50240.85,2026-03-09,31482.71,SL,220,-21.81,CLOSED
BOSCHLTD,2026-08,22.5,2026-09-01,49400.0,40836.27,60514.88,2026-09-30,47100.0,OPEN,29,-4.96,OPEN
BRIGADE,2009-05,95.2,2009-06-01,42.46,19.65,82.87,2011-12-14,19.65,SL,926,-54.01,CLOSED
BRIGADE,2026-07,15.89,2026-08-03,579.94,494.64,672.09,2026-09-03,672.09,TARGET,31,15.59,CLOSED
BRITANNIA,2009-12,4.82,2010-01-04,133.43,128.71,139.86,2010-01-22,128.71,SL,18,-3.84,CLOSED
BRITANNIA,2012-03,13.95,2012-04-02,242.19,176.47,275.98,2012-08-03,158.6,SL,123,-34.81,CLOSED
BRITANNIA,2014-07,15.21,2014-08-01,482.84,409.25,556.29,2014-08-19,556.29,TARGET,18,14.91,CLOSED
BRITANNIA,2016-07,7.09,2016-08-01,1275.52,1182.26,1365.89,2016-08-08,1365.89,TARGET,7,6.79,CLOSED
BRITANNIA,2017-04,7.43,2017-05-02,1562.01,1416.1,1678.0,2017-07-27,1678.0,TARGET,86,7.13,CLOSED
BRITANNIA,2018-04,10.92,2018-05-02,2412.96,2164.66,2676.36,2018-06-15,2676.36,TARGET,44,10.62,CLOSED
BRITANNIA,2018-07,5.7,2018-08-01,2874.49,2685.0,3038.2,2018-09-05,2685.0,SL,35,-6.89,CLOSED
BRITANNIA,2023-04,7.16,2023-05-02,4375.43,3998.03,4688.71,2023-06-07,4688.71,TARGET,36,6.86,CLOSED
BRITANNIA,2023-11,9.63,2023-12-01,4670.38,4166.92,5120.01,2023-12-29,5120.01,TARGET,28,9.33,CLOSED
BRITANNIA,2024-09,8.25,2024-10-01,6123.34,5657.5,6628.35,2024-10-21,5657.5,SL,20,-7.91,CLOSED
BRITANNIA,2025-06,6.18,2025-07-01,5694.3,5267.1,6046.15,2025-08-11,5267.1,SL,41,-7.8,CLOSED
BIRET,2023-05,1.47,2023-06-01,221.23,210.26,224.49,2023-06-21,210.26,SL,20,-5.26,CLOSED
BIRET,2024-03,0.57,2024-04-01,215.94,204.33,217.18,2024-04-01,217.18,TARGET,0,0.27,CLOSED
BIRET,2024-09,7.14,2024-10-01,250.37,230.96,268.24,2025-01-20,268.24,TARGET,111,6.84,CLOSED
BIRET,2025-06,2.94,2025-07-01,290.71,278.1,299.25,2025-08-06,299.25,TARGET,36,2.64,CLOSED
BIRET,2026-01,6.43,2026-02-02,342.95,314.56,365.0,2026-03-20,314.56,SL,46,-8.58,CLOSED
CCL,2023-05,5.35,2023-06-01,623.0,549.09,656.36,2023-07-04,656.36,TARGET,33,5.05,CLOSED
CCL,2023-11,11.86,2023-12-01,663.08,582.53,741.73,2024-03-12,582.53,SL,102,-12.45,CLOSED
CESC,2014-02,10.68,2014-03-03,28.02,24.0,31.01,2014-05-16,31.01,TARGET,74,10.38,CLOSED
CESC,2017-04,12.29,2017-05-02,58.28,51.02,65.44,2017-05-18,51.02,SL,16,-12.75,CLOSED
CGPOWER,2020-06,42.5,2020-07-01,8.84,5.93,12.6,2020-08-13,13.04,TARGET,43,47.19,CLOSED
CGPOWER,2020-08,140.86,2020-09-01,23.21,9.58,55.91,2021-02-23,56.7,TARGET,175,143.96,CLOSED
CGPOWER,2021-09,43.13,2021-10-01,122.1,83.82,174.76,2021-12-14,174.76,TARGET,74,42.83,CLOSED
CGPOWER,2026-08,6.09,2026-09-01,901.95,826.1,956.9,2026-09-30,854.2,OPEN,29,-5.59,OPEN
CIEINDIA,2009-05,62.16,2009-06-01,69.67,38.8,112.97,2009-11-23,112.97,TARGET,175,61.86,CLOSED
CIEINDIA,2011-10,6.46,2011-11-01,60.6,54.28,64.52,2011-11-09,64.52,TARGET,8,6.16,CLOSED
CIEINDIA,2013-09,3.96,2013-10-01,63.2,60.18,65.7,2013-10-10,60.18,SL,9,-5.08,CLOSED
CIEINDIA,2020-04,38.18,2020-05-04,94.16,62.3,130.12,2020-08-20,130.12,TARGET,108,37.88,CLOSED
CRISIL,2016-05,14.58,2016-06-01,1902.87,1653.52,2180.38,2016-06-24,1653.52,SL,23,-13.4,CLOSED
CRISIL,2017-08,1.84,2017-09-01,1638.05,1545.59,1668.25,2017-10-04,1545.59,SL,33,-5.94,CLOSED
CRISIL,2017-12,0.07,2018-01-01,1627.78,1529.62,1628.91,2018-01-01,1628.91,TARGET,0,-0.23,CLOSED
CRISIL,2024-10,17.76,2024-11-01,5374.63,4144.86,6329.18,2024-12-31,6329.18,TARGET,60,17.46,CLOSED
CANFINHOME,2006-08,8.24,2006-09-01,7.25,6.34,7.85,2006-10-20,7.85,TARGET,49,7.94,CLOSED
CANFINHOME,2007-12,10.22,2008-01-01,12.37,10.18,13.63,2008-01-22,10.11,SL,21,-18.59,CLOSED
CANFINHOME,2019-03,29.94,2019-04-01,328.59,250.68,426.97,2020-01-21,426.97,TARGET,295,29.64,CLOSED
CANFINHOME,2022-07,39.81,2022-08-01,571.93,405.51,799.64,2023-07-20,799.64,TARGET,353,39.51,CLOSED
CANFINHOME,2025-05,10.21,2025-06-02,769.33,674.99,847.86,2025-10-23,847.86,TARGET,143,9.91,CLOSED
CANBK,2007-06,13.43,2007-07-02,34.86,28.84,39.55,2007-08-22,28.84,SL,51,-17.58,CLOSED
CANBK,2014-10,14.63,2014-11-03,64.35,54.56,73.76,2015-01-15,73.8,TARGET,73,14.39,CLOSED
CANBK,2023-04,11.6,2023-05-02,55.79,49.22,62.26,2023-07-20,62.26,TARGET,79,11.3,CLOSED
CANBK,2025-05,17.76,2025-06-02,107.25,85.0,126.3,2025-10-28,126.3,TARGET,148,17.46,CLOSED
CAPLIPOINT,2014-07,67.56,2014-08-01,71.66,43.46,120.07,2015-02-03,120.07,TARGET,186,67.26,CLOSED
CAPLIPOINT,2024-11,7.91,2024-12-02,2202.19,1902.62,2376.33,2024-12-04,2376.33,TARGET,2,7.61,CLOSED
CARBORUNIV,2019-02,6.9,2019-03-01,356.7,320.88,381.32,2019-03-11,381.32,TARGET,10,6.6,CLOSED
CASTROLIND,2005-03,1.13,2005-04-01,21.62,21.38,21.86,2006-03-31,22.1,TARGET,364,1.91,CLOSED
CASTROLIND,2006-03,1.13,2006-04-03,22.1,21.85,22.35,2007-04-05,22.63,TARGET,367,2.11,CLOSED
CASTROLIND,2007-04,1.33,2007-05-03,22.63,22.33,22.93,2007-08-14,11.7,SL,103,-48.58,CLOSED
CASTROLIND,2012-01,17.94,2012-02-01,70.74,57.54,83.44,2012-07-11,83.44,TARGET,161,17.64,CLOSED
CASTROLIND,2018-02,8.93,2018-03-01,132.66,113.19,144.51,2018-05-21,113.19,SL,81,-14.98,CLOSED
CASTROLIND,2023-04,8.02,2023-05-02,98.59,90.77,106.49,2023-07-07,106.49,TARGET,66,7.72,CLOSED
CEATLTD,2015-07,38.21,2015-08-03,814.51,577.62,1125.76,2015-09-11,1125.76,TARGET,39,37.91,CLOSED
CEATLTD,2016-09,48.5,2016-10-03,1219.89,802.31,1811.54,2017-12-22,1811.54,TARGET,445,48.2,CLOSED
CEATLTD,2024-11,9.7,2024-12-02,3023.57,2608.51,3316.94,2024-12-09,3316.94,TARGET,7,9.4,CLOSED
CEMPRO,2005-03,54.64,2005-04-01,31.67,16.81,48.97,2005-12-22,49.08,TARGET,265,54.67,CLOSED
CEMPRO,2007-12,25.38,2008-01-01,65.34,48.67,81.92,2008-01-21,48.67,SL,20,-25.81,CLOSED
CEMPRO,2014-05,59.78,2014-06-02,23.77,12.41,37.97,2014-07-04,39.21,TARGET,32,64.67,CLOSED
CEMPRO,2014-08,15.2,2014-09-01,41.56,31.57,47.87,2014-11-03,47.87,TARGET,63,14.9,CLOSED
CEMPRO,2019-10,15.08,2019-11-01,59.07,34.25,67.98,2019-11-27,67.98,TARGET,26,14.78,CLOSED
CEMPRO,2024-01,13.58,2024-02-01,322.34,276.57,366.13,2024-02-19,366.13,TARGET,18,13.28,CLOSED
CEMPRO,2026-04,59.56,2026-05-01,813.17,509.0,1297.46,2026-06-30,1297.46,TARGET,60,59.26,CLOSED
CENTRALBK,2023-04,25.93,2023-05-02,29.88,23.08,37.63,2023-09-05,37.63,TARGET,126,25.63,CLOSED
CDSL,2019-03,10.61,2019-04-01,111.55,99.75,123.38,2019-05-23,99.75,SL,52,-10.88,CLOSED
CHENNPETRO,2005-08,19.73,2005-09-01,119.96,101.02,143.62,2005-09-19,143.62,TARGET,18,19.43,CLOSED
CHENNPETRO,2017-08,22.51,2017-09-01,355.87,276.94,435.96,2018-02-22,276.94,SL,174,-22.48,CLOSED
CHENNPETRO,2022-04,118.76,2022-05-02,242.46,106.26,530.41,2023-10-17,530.41,TARGET,533,118.46,CLOSED
CHOICEIN,2022-10,19.79,2022-11-01,138.0,109.5,165.31,2023-04-28,165.31,TARGET,178,19.49,CLOSED
CHOICEIN,2023-09,15.78,2023-10-03,212.27,181.25,245.77,2024-01-08,245.77,TARGET,97,15.48,CLOSED
CHOICEIN,2025-10,9.0,2025-11-03,837.8,760.0,913.23,2025-12-08,760.0,SL,35,-9.59,CLOSED
CHOLAHLDNG,2005-08,15.31,2005-09-01,37.93,32.37,43.74,2005-11-24,43.88,TARGET,84,15.37,CLOSED
CHOLAFIN,2007-05,8.56,2007-06-01,21.11,17.75,22.91,2007-06-04,22.91,TARGET,3,8.26,CLOSED
CHOLAFIN,2018-02,14.69,2018-03-01,284.86,234.12,326.72,2018-04-23,326.72,TARGET,53,14.39,CLOSED
CHOLAFIN,2023-04,14.42,2023-05-02,870.6,760.38,996.17,2023-05-08,996.17,TARGET,6,14.12,CLOSED
CIPLA,2005-12,12.79,2006-01-02,155.24,133.44,175.09,2006-02-07,175.09,TARGET,36,12.49,CLOSED
CIPLA,2011-11,11.05,2011-12-01,302.68,258.72,336.13,2012-08-23,336.13,TARGET,266,10.75,CLOSED
CIPLA,2013-06,5.78,2013-07-01,358.36,333.57,379.06,2013-07-18,379.06,TARGET,17,5.48,CLOSED
CIPLA,2018-04,11.36,2018-05-02,569.97,510.08,634.7,2018-05-17,510.08,SL,15,-10.81,CLOSED
CIPLA,2020-05,9.93,2020-06-01,619.31,539.72,680.81,2020-07-31,680.81,TARGET,60,9.63,CLOSED
CIPLA,2021-05,4.28,2021-06-01,908.44,829.24,947.36,2021-06-30,947.36,TARGET,29,3.98,CLOSED
CIPLA,2021-08,3.58,2021-09-01,910.58,850.18,943.22,2021-09-24,943.22,TARGET,23,3.28,CLOSED
CIPLA,2025-11,2.0,2025-12-01,1517.76,1476.45,1548.09,2025-12-09,1476.45,SL,8,-3.02,CLOSED
CUB,2016-03,13.6,2016-04-01,55.26,48.67,62.78,2016-05-27,62.78,TARGET,56,13.3,CLOSED
CUB,2023-06,1.72,2023-07-03,92.8,86.5,94.4,2023-07-05,94.4,TARGET,2,1.42,CLOSED
CUB,2025-09,9.02,2025-10-01,158.27,143.78,172.54,2025-10-23,172.54,TARGET,22,8.72,CLOSED
CUB,2026-06,8.88,2026-07-01,206.07,177.59,224.37,2026-07-07,224.37,TARGET,6,8.58,CLOSED
COALINDIA,2014-10,8.55,2014-11-03,145.5,129.6,157.94,2015-04-08,157.94,TARGET,156,8.25,CLOSED
COALINDIA,2015-06,7.72,2015-07-01,174.42,157.43,187.89,2015-08-12,157.43,SL,42,-10.04,CLOSED
COALINDIA,2022-02,9.37,2022-03-02,123.09,107.25,134.62,2022-03-03,136.48,TARGET,1,10.58,CLOSED
COALINDIA,2022-08,12.69,2022-09-01,171.02,148.1,192.72,2023-05-17,192.72,TARGET,258,12.39,CLOSED
COALINDIA,2025-01,4.58,2025-02-01,360.46,324.12,376.96,2025-02-12,324.12,SL,11,-10.38,CLOSED
COCHINSHIP,2022-07,6.95,2022-08-01,156.9,144.29,167.8,2022-08-25,167.8,TARGET,24,6.65,CLOSED
COCHINSHIP,2024-11,5.67,2024-12-02,1615.63,1252.7,1707.32,2024-12-03,1707.32,TARGET,1,5.37,CLOSED
COCHINSHIP,2026-01,2.46,2026-02-02,1554.54,1404.16,1592.73,2026-03-04,1404.16,SL,30,-9.97,CLOSED
COFORGE,2018-08,14.65,2018-09-03,256.98,222.5,294.65,2018-09-21,222.5,SL,18,-13.72,CLOSED
COFORGE,2021-06,17.79,2021-07-01,782.25,659.27,921.42,2021-07-29,921.42,TARGET,28,17.49,CLOSED
COFORGE,2022-07,11.73,2022-08-01,753.28,633.77,841.61,2022-09-16,633.77,SL,46,-16.16,CLOSED
COFORGE,2023-08,16.68,2023-09-01,1058.31,906.57,1234.86,2023-12-15,1234.86,TARGET,105,16.38,CLOSED
COLPAL,2015-06,1.79,2015-07-01,813.85,746.0,828.45,2015-07-01,828.45,TARGET,0,1.49,CLOSED
COLPAL,2017-12,6.51,2018-01-01,904.06,840.26,962.9,2018-01-22,962.9,TARGET,21,6.21,CLOSED
COLPAL,2019-08,7.13,2019-09-03,1084.19,993.45,1161.47,2019-09-20,1161.47,TARGET,17,6.83,CLOSED
COLPAL,2021-12,3.27,2022-01-03,1338.09,1257.6,1381.89,2022-01-25,1257.6,SL,22,-6.32,CLOSED
COLPAL,2022-08,5.57,2022-09-01,1512.17,1415.21,1596.43,2022-10-11,1415.21,SL,40,-6.71,CLOSED
COLPAL,2023-04,5.82,2023-05-02,1469.31,1384.81,1554.85,2023-05-15,1554.85,TARGET,13,5.52,CLOSED
COLPAL,2024-01,1.56,2024-02-01,2432.82,2252.71,2470.72,2024-02-15,2470.72,TARGET,14,1.26,CLOSED
COLPAL,2024-07,20.01,2024-08-01,3215.37,2718.05,3858.81,2024-11-12,2718.05,SL,103,-15.77,CLOSED
CAMS,2023-05,7.55,2023-06-01,418.58,385.19,450.18,2023-07-31,450.18,TARGET,60,7.25,CLOSED
CONCOR,2022-07,19.93,2022-08-01,671.06,550.83,804.81,2023-03-13,550.83,SL,224,-18.22,CLOSED
CONCOR,2023-11,13.12,2023-12-01,745.75,644.77,843.57,2023-12-14,843.57,TARGET,13,12.82,CLOSED
CONCOR,2025-12,2.68,2026-01-01,521.4,484.83,535.37,2026-01-21,484.83,SL,20,-7.31,CLOSED
COROMANDEL,2023-07,9.25,2023-08-01,1015.1,907.0,1108.96,2023-09-04,1108.96,TARGET,34,8.95,CLOSED
COROMANDEL,2024-04,12.35,2024-05-02,1189.16,1055.31,1336.06,2024-06-05,1336.06,TARGET,34,12.05,CLOSED
CREDITACC,2020-04,45.84,2020-05-04,463.72,302.8,676.31,2020-08-27,676.31,TARGET,115,45.54,CLOSED
CREDITACC,2026-06,14.97,2026-07-01,1489.0,1229.1,1711.98,2026-09-29,1229.1,SL,90,-17.75,CLOSED
CROMPTON,2024-04,19.03,2024-05-02,312.52,261.56,371.99,2024-05-17,371.99,TARGET,15,18.73,CLOSED
CROMPTON,2024-11,4.78,2024-12-02,401.55,362.18,420.76,2025-01-02,362.18,SL,31,-10.1,CLOSED
CUMMINSIND,2022-10,12.71,2022-11-01,1275.82,1107.35,1438.04,2022-12-09,1438.04,TARGET,38,12.41,CLOSED
CUMMINSIND,2023-06,10.41,2023-07-03,1856.56,1657.74,2049.82,2023-08-08,1657.74,SL,36,-11.01,CLOSED
CUPID,2023-12,32.18,2024-01-01,11.74,8.25,15.52,2024-01-11,15.98,TARGET,10,35.86,CLOSED
CUPID,2025-12,57.36,2026-01-01,104.31,64.8,164.14,2026-06-15,164.14,TARGET,165,57.06,CLOSED
CYIENT,2007-11,10.18,2007-12-03,105.0,87.1,115.69,2007-12-28,115.69,TARGET,25,9.88,CLOSED
CYIENT,2012-02,10.85,2012-03-01,116.38,95.72,129.0,2012-03-01,129.0,TARGET,0,10.55,CLOSED
CYIENT,2013-08,2.69,2013-09-02,139.45,125.17,143.2,2013-09-25,143.2,TARGET,23,2.39,CLOSED
DLF,2011-05,7.25,2011-06-01,204.22,177.04,219.03,2011-06-23,177.04,SL,22,-13.61,CLOSED
DLF,2016-04,12.85,2016-05-02,117.94,102.8,133.1,2016-06-29,133.1,TARGET,58,12.55,CLOSED
DLF,2016-06,15.43,2016-07-01,138.01,115.83,159.32,2016-11-09,115.83,SL,131,-16.37,CLOSED
DLF,2023-12,16.07,2024-01-01,708.92,609.82,822.81,2024-02-14,822.81,TARGET,44,15.77,CLOSED
DLF,2024-07,8.42,2024-08-01,872.58,758.63,946.09,2024-10-25,758.63,SL,85,-13.36,CLOSED
DLF,2026-08,4.82,2026-09-01,672.6,635.05,704.99,2026-09-11,635.05,SL,10,-5.88,CLOSED
DABUR,2010-06,13.59,2010-07-01,88.43,74.14,100.45,2011-01-28,74.14,SL,211,-16.47,CLOSED
DABUR,2019-08,5.61,2019-09-03,415.39,388.78,438.68,2019-10-22,438.68,TARGET,49,5.31,CLOSED
DABUR,2020-07,10.22,2020-08-03,478.83,430.56,527.75,2021-04-09,527.75,TARGET,249,9.92,CLOSED
DABUR,2021-07,6.16,2021-08-02,570.13,533.53,605.24,2021-09-02,605.24,TARGET,31,5.86,CLOSED
DABUR,2022-07,18.35,2022-08-01,554.58,464.93,656.33,2025-04-03,460.8,SL,976,-17.21,CLOSED
DALBHARAT,2022-11,13.99,2022-12-01,1798.62,1546.36,2050.23,2023-05-08,2050.23,TARGET,158,13.69,CLOSED
DALBHARAT,2024-08,2.19,2024-09-02,1882.1,1689.38,1923.29,2024-09-05,1923.29,TARGET,3,1.89,CLOSED
DALBHARAT,2025-01,5.61,2025-02-01,1861.44,1661.4,1965.83,2025-02-28,1661.4,SL,27,-11.05,CLOSED
DALBHARAT,2025-08,7.43,2025-09-01,2397.36,2175.33,2575.38,2025-10-20,2175.33,SL,49,-9.56,CLOSED
DEEPAKFERT,2022-01,52.95,2022-02-01,569.57,354.67,871.17,2022-08-17,876.73,TARGET,197,53.63,CLOSED
DEEPAKNTR,2012-11,32.4,2012-12-03,23.41,17.35,30.99,2014-02-10,30.99,TARGET,434,32.1,CLOSED
DEEPAKNTR,2021-12,17.5,2022-01-03,2463.09,2070.86,2894.02,2022-01-27,2070.86,SL,24,-16.22,CLOSED
DIVISLAB,2007-01,5.77,2007-02-01,137.79,120.83,145.75,2007-02-05,145.75,TARGET,4,5.47,CLOSED
DIVISLAB,2007-03,6.07,2007-04-02,128.04,108.96,135.82,2007-04-05,135.82,TARGET,3,5.77,CLOSED
DIVISLAB,2011-05,9.77,2011-06-01,340.23,290.5,373.47,2012-04-30,373.47,TARGET,334,9.47,CLOSED
DIVISLAB,2012-10,10.77,2012-11-01,532.03,480.3,589.31,2012-12-17,480.3,SL,46,-10.02,CLOSED
DIVISLAB,2019-04,5.58,2019-05-02,1652.3,1580.24,1744.47,2019-05-08,1580.24,SL,6,-4.66,CLOSED
DIVISLAB,2020-12,6.57,2021-01-01,3708.68,3423.5,3952.28,2021-01-22,3423.5,SL,21,-7.99,CLOSED
DIVISLAB,2021-03,7.72,2021-04-01,3495.18,3046.26,3765.08,2021-04-12,3765.08,TARGET,11,7.42,CLOSED
DIVISLAB,2026-07,22.96,2026-08-03,8380.0,6503.68,10303.64,2026-09-30,9291.5,OPEN,58,10.58,OPEN
DIXON,2022-10,3.32,2022-11-01,4520.09,4176.39,4670.01,2022-12-08,4176.39,SL,37,-7.9,CLOSED
DIXON,2023-02,7.8,2023-03-01,2885.67,2575.55,3110.69,2023-05-22,3110.69,TARGET,82,7.5,CLOSED
LALPATHLAB,2023-04,6.91,2023-05-02,946.42,882.0,1011.86,2023-06-19,1011.86,TARGET,48,6.61,CLOSED
LALPATHLAB,2024-05,11.61,2024-06-03,1303.23,1076.83,1454.51,2024-07-09,1454.51,TARGET,36,11.31,CLOSED
DRREDDY,2007-11,1.33,2007-12-03,111.21,102.47,112.68,2007-12-03,112.68,TARGET,0,1.03,CLOSED
DRREDDY,2014-06,6.64,2014-07-01,482.08,420.61,514.09,2014-07-28,514.09,TARGET,27,6.34,CLOSED
DRREDDY,2015-06,0.68,2015-07-01,655.79,603.77,660.28,2015-07-01,660.28,TARGET,0,0.38,CLOSED
DRREDDY,2015-07,15.13,2015-08-03,760.06,653.46,875.07,2015-11-09,653.46,SL,98,-14.33,CLOSED
DRREDDY,2016-05,3.06,2016-06-01,592.8,524.41,610.91,2016-06-29,613.05,TARGET,28,3.12,CLOSED
DRREDDY,2016-06,6.24,2016-07-01,637.4,557.45,677.16,2016-07-20,677.16,TARGET,19,5.94,CLOSED
DRREDDY,2018-11,7.07,2018-12-03,520.06,453.67,556.83,2019-02-15,453.67,SL,74,-13.07,CLOSED
DRREDDY,2021-12,4.94,2022-01-03,949.38,859.28,996.31,2022-01-21,859.28,SL,18,-9.79,CLOSED
DRREDDY,2022-06,0.55,2022-07-01,848.39,786.68,853.08,2022-07-04,853.08,TARGET,3,0.25,CLOSED
DRREDDY,2023-04,6.64,2023-05-02,955.19,895.72,1018.64,2023-05-11,895.72,SL,9,-6.53,CLOSED
DRREDDY,2023-06,14.63,2023-07-03,1005.1,876.81,1152.15,2023-08-09,1152.15,TARGET,37,14.33,CLOSED
DRREDDY,2023-11,7.84,2023-12-01,1138.68,1030.13,1227.91,2024-02-12,1227.91,TARGET,73,7.54,CLOSED
DRREDDY,2024-06,10.54,2024-07-01,1262.37,1099.42,1395.43,2024-08-21,1395.43,TARGET,51,10.24,CLOSED
DRREDDY,2025-11,5.11,2025-12-01,1255.94,1180.41,1320.12,2026-01-13,1180.41,SL,43,-6.31,CLOSED
EIDPARRY,2007-08,6.46,2007-09-03,49.4,41.53,52.59,2007-09-07,52.59,TARGET,4,6.16,CLOSED
EIDPARRY,2009-12,9.99,2010-01-04,152.35,132.58,167.57,2010-01-15,167.57,TARGET,11,9.69,CLOSED
EIHOTEL,2007-09,7.32,2007-10-01,87.47,79.48,93.87,2007-10-01,93.87,TARGET,0,7.02,CLOSED
EIHOTEL,2012-06,3.68,2012-07-02,71.15,67.28,73.77,2012-07-05,73.77,TARGET,3,3.38,CLOSED
EIHOTEL,2018-11,20.44,2018-12-03,185.39,154.7,223.3,2019-07-24,154.7,SL,233,-16.85,CLOSED
EMBASSY,2023-07,6.97,2023-08-01,255.44,239.12,273.24,2023-11-30,273.24,TARGET,121,6.67,CLOSED
EMBASSY,2024-08,8.64,2024-09-02,343.93,320.7,373.65,2024-12-20,320.7,SL,109,-7.05,CLOSED
EMBASSY,2025-09,8.78,2025-10-01,396.78,361.02,431.62,2025-12-03,431.62,TARGET,63,8.48,CLOSED
EICHERMOT,2012-03,15.82,2012-04-02,182.39,146.21,211.24,2012-04-19,211.24,TARGET,17,15.52,CLOSED
EICHERMOT,2014-02,10.64,2014-03-03,463.3,400.28,512.58,2014-03-05,512.58,TARGET,2,10.34,CLOSED
EICHERMOT,2014-10,6.69,2014-11-03,1051.76,993.14,1122.11,2014-11-03,1122.11,TARGET,0,6.39,CLOSED
EICHERMOT,2015-12,0.76,2016-01-01,1548.42,1385.22,1560.14,2016-01-01,1560.14,TARGET,0,0.46,CLOSED
EICHERMOT,2016-07,16.85,2016-08-01,2098.42,1757.17,2451.95,2016-09-29,2451.95,TARGET,59,16.55,CLOSED
EICHERMOT,2017-07,11.63,2017-08-01,2797.29,2501.43,3122.59,2018-01-23,2501.43,SL,175,-10.88,CLOSED
EICHERMOT,2021-12,9.34,2022-01-03,2487.51,2240.95,2719.9,2022-01-17,2719.9,TARGET,14,9.04,CLOSED
EICHERMOT,2022-10,4.87,2022-11-01,3717.39,3227.45,3898.47,2022-11-18,3227.45,SL,17,-13.48,CLOSED
EICHERMOT,2023-01,1.1,2023-02-01,3134.74,2924.48,3169.32,2023-02-01,3169.32,TARGET,0,0.8,CLOSED
EICHERMOT,2023-04,11.95,2023-05-02,3179.61,2792.79,3559.43,2023-05-31,3559.43,TARGET,29,11.65,CLOSED
ELECON,2009-05,122.87,2009-06-01,40.38,17.24,89.99,2013-02-07,17.24,SL,1347,-57.61,CLOSED
ELECON,2023-08,16.55,2023-09-01,438.23,374.35,510.77,2023-09-12,374.35,SL,11,-14.88,CLOSED
ELGIEQUIP,2019-09,23.15,2019-10-01,147.69,116.51,181.88,2019-12-24,116.51,SL,84,-21.41,CLOSED
ELGIEQUIP,2024-01,12.92,2024-02-01,604.73,517.94,682.85,2024-02-08,682.85,TARGET,7,12.62,CLOSED
EMAMILTD,2023-04,4.57,2023-05-02,356.48,334.25,372.79,2023-05-12,372.79,TARGET,10,4.27,CLOSED
EMAMILTD,2023-07,8.99,2023-08-01,436.56,387.84,475.82,2023-08-09,475.82,TARGET,8,8.69,CLOSED
ENDURANCE,2020-12,16.54,2021-01-01,1325.2,1081.8,1544.37,2021-06-14,1544.37,TARGET,164,16.24,CLOSED
ENGINERSIN,2018-07,9.46,2018-08-01,104.99,89.69,114.92,2018-09-28,89.69,SL,58,-14.88,CLOSED
ENGINERSIN,2022-10,10.02,2022-11-01,64.69,57.17,71.17,2022-11-17,71.17,TARGET,16,9.72,CLOSED
ESCORTS,2007-04,13.8,2007-05-03,114.21,91.32,129.96,2007-07-27,90.98,SL,85,-20.64,CLOSED
ESCORTS,2018-04,22.76,2018-05-02,958.07,783.63,1176.13,2018-06-28,783.63,SL,57,-18.51,CLOSED
ESCORTS,2026-07,6.3,2026-08-03,3110.0,2880.0,3305.99,2026-09-15,2880.0,SL,43,-7.7,CLOSED
EXIDEIND,2007-08,13.85,2007-09-03,50.08,40.98,57.02,2007-10-12,57.02,TARGET,39,13.55,CLOSED
EXIDEIND,2013-12,7.0,2014-01-01,108.46,97.71,116.05,2014-01-10,97.71,SL,9,-10.22,CLOSED
EXIDEIND,2016-05,11.55,2016-06-01,147.63,124.9,164.68,2016-07-13,164.68,TARGET,42,11.25,CLOSED
EXIDEIND,2018-07,8.63,2018-08-01,260.49,233.3,282.95,2018-09-25,233.3,SL,55,-10.74,CLOSED
EXIDEIND,2023-04,10.06,2023-05-02,192.76,174.22,212.15,2023-06-16,212.15,TARGET,45,9.76,CLOSED
NYKAA,2025-03,12.77,2025-04-01,179.0,154.9,201.86,2025-05-14,201.86,TARGET,43,12.47,CLOSED
NYKAA,2026-08,4.84,2026-09-01,347.15,320.3,363.97,2026-09-29,320.3,SL,28,-8.03,CLOSED
FEDERALBNK,2011-10,12.85,2011-11-01,34.86,28.81,39.34,2011-11-23,28.81,SL,22,-17.68,CLOSED
FEDERALBNK,2024-09,1.04,2024-10-01,196.63,180.02,198.68,2024-10-29,198.68,TARGET,28,0.74,CLOSED
FEDERALBNK,2025-10,22.64,2025-11-03,235.81,190.95,289.2,2026-02-03,293.0,TARGET,92,23.95,CLOSED
FEDERALBNK,2026-07,8.73,2026-08-03,358.23,321.9,389.48,2026-09-25,321.9,SL,53,-10.44,CLOSED
FACT,2007-12,17.25,2008-01-01,46.85,37.97,54.93,2008-01-08,57.31,TARGET,7,22.04,CLOSED
FACT,2022-12,155.81,2023-01-02,382.14,141.08,977.54,2024-06-20,977.54,TARGET,535,155.51,CLOSED
FSL,2023-04,10.71,2023-05-02,111.08,98.72,122.98,2023-05-09,122.98,TARGET,7,10.41,CLOSED
FORTIS,2014-10,3.93,2014-11-03,121.11,113.66,125.87,2014-11-14,113.66,SL,11,-6.45,CLOSED
FORTIS,2015-11,8.32,2015-12-01,167.62,153.87,181.56,2015-12-28,181.56,TARGET,27,8.02,CLOSED
FORTIS,2024-03,2.99,2024-04-01,424.17,373.44,436.86,2024-04-05,436.86,TARGET,4,2.69,CLOSED
FORTIS,2025-07,8.05,2025-08-01,858.89,755.45,928.04,2025-08-12,928.04,TARGET,11,7.75,CLOSED
GAIL,2006-01,12.3,2006-02-01,19.66,17.31,22.08,2006-05-16,17.31,SL,104,-12.24,CLOSED
GAIL,2012-12,0.96,2013-01-01,42.48,40.56,42.89,2013-01-02,42.89,TARGET,1,0.66,CLOSED
GAIL,2017-04,12.47,2017-05-02,73.96,65.76,83.18,2017-05-23,65.76,SL,21,-11.38,CLOSED
GAIL,2022-10,4.88,2022-11-01,79.2,72.84,83.07,2022-12-14,83.07,TARGET,43,4.58,CLOSED
GAIL,2026-07,4.6,2026-08-03,181.57,166.79,189.93,2026-09-30,170.55,OPEN,58,-6.37,OPEN
GVT&D,2012-05,6.05,2012-06-01,158.46,130.17,168.04,2012-06-08,168.04,TARGET,7,5.75,CLOSED
GVT&D,2023-12,18.17,2024-01-01,501.24,399.05,592.32,2024-01-04,595.72,TARGET,3,18.55,CLOSED
GVT&D,2024-01,35.47,2024-02-01,690.2,501.24,935.03,2024-03-01,935.03,TARGET,29,35.17,CLOSED
GVT&D,2025-07,15.49,2025-08-01,2850.81,2255.28,3292.36,2025-11-03,3292.36,TARGET,94,15.19,CLOSED
GABRIEL,2007-12,26.02,2008-01-01,12.6,8.87,15.87,2008-01-23,8.8,SL,22,-30.44,CLOSED
GABRIEL,2009-05,96.97,2009-06-01,6.56,2.97,12.92,2009-12-10,12.92,TARGET,192,96.67,CLOSED
GABRIEL,2017-12,7.36,2018-01-01,183.63,167.83,197.13,2018-01-25,167.83,SL,24,-8.9,CLOSED
GABRIEL,2023-07,14.77,2023-08-01,220.56,186.48,253.13,2023-08-21,253.13,TARGET,20,14.47,CLOSED
GABRIEL,2024-08,10.62,2024-09-02,542.7,452.02,600.32,2024-10-08,451.15,SL,36,-17.17,CLOSED
GALLANTT,2011-10,77.03,2011-11-01,29.84,16.46,52.82,2011-12-08,16.07,SL,37,-46.44,CLOSED
GALLANTT,2023-07,55.99,2023-08-01,91.81,58.83,143.22,2023-12-26,143.45,TARGET,147,55.94,CLOSED
GALLANTT,2024-11,6.72,2024-12-02,348.15,294.45,371.56,2024-12-03,371.56,TARGET,1,6.42,CLOSED
GRSE,2023-11,14.02,2023-12-01,828.68,711.11,944.84,2024-03-13,711.11,SL,103,-14.49,CLOSED
GILLETTE,2012-12,5.23,2013-01-01,2069.55,1945.23,2177.68,2013-01-24,1945.23,SL,23,-6.31,CLOSED
GILLETTE,2019-06,0.5,2019-07-01,6648.69,6365.94,6681.89,2019-07-08,6365.94,SL,7,-4.55,CLOSED
GILLETTE,2019-08,2.0,2019-09-03,6515.72,6108.29,6646.15,2019-10-17,6646.15,TARGET,44,1.7,CLOSED
GILLETTE,2026-01,5.23,2026-02-02,8471.38,7541.35,8914.08,2026-03-27,7541.35,SL,53,-11.28,CLOSED
GLAND,2024-03,4.49,2024-04-01,1795.98,1622.29,1876.63,2024-05-03,1622.29,SL,32,-9.97,CLOSED
GLAXO,2010-03,5.8,2010-04-01,636.21,590.24,673.08,2010-04-21,673.08,TARGET,20,5.5,CLOSED
GLAXO,2011-04,9.44,2011-05-02,814.27,736.17,891.12,2011-06-14,891.12,TARGET,43,9.14,CLOSED
GLAXO,2013-12,20.14,2014-01-01,1138.36,919.73,1367.61,2014-05-06,919.73,SL,125,-19.51,CLOSED
GLAXO,2017-10,3.17,2017-11-01,1045.47,958.5,1078.61,2017-11-03,1078.61,TARGET,2,2.87,CLOSED
GLAXO,2018-05,8.67,2018-06-01,1030.45,933.01,1119.79,2018-06-13,1119.79,TARGET,12,8.37,CLOSED
GLAXO,2018-12,11.38,2019-01-01,1228.16,1083.64,1367.95,2019-02-21,1083.64,SL,51,-12.07,CLOSED
GLAXO,2023-06,11.66,2023-07-03,1343.91,1193.44,1500.57,2023-09-15,1500.57,TARGET,74,11.36,CLOSED
GLAXO,2026-06,10.86,2026-07-01,2476.8,2088.1,2745.86,2026-08-18,2745.86,TARGET,48,10.56,CLOSED
GLENMARK,2024-07,19.36,2024-08-01,1465.64,1226.11,1749.41,2024-09-13,1749.41,TARGET,43,19.06,CLOSED
GLENMARK,2025-03,20.49,2025-04-01,1534.7,1272.91,1849.22,2025-07-07,1849.22,TARGET,97,20.19,CLOSED
GODFRYPHLP,2005-11,38.98,2005-12-01,71.71,51.3,99.66,2006-06-15,51.3,SL,196,-28.77,CLOSED
GODFRYPHLP,2006-11,34.23,2006-12-01,71.25,49.05,95.64,2008-01-07,95.64,TARGET,402,33.93,CLOSED
GODFRYPHLP,2025-03,30.44,2025-04-01,2201.27,1609.16,2871.4,2025-05-06,2920.43,TARGET,35,32.37,CLOSED
GODREJCP,2005-03,12.27,2005-04-01,19.49,17.31,21.89,2005-04-12,17.2,SL,11,-12.07,CLOSED
GODREJCP,2019-05,5.89,2019-06-03,654.21,587.97,692.75,2019-07-15,587.97,SL,42,-10.42,CLOSED
GODREJCP,2019-10,7.72,2019-11-01,700.66,618.87,754.74,2019-12-10,618.87,SL,39,-11.97,CLOSED
GODREJCP,2021-08,11.29,2021-09-01,1050.41,909.12,1168.98,2021-10-22,909.12,SL,51,-13.75,CLOSED
GODREJCP,2023-03,4.86,2023-04-03,921.42,849.41,966.18,2023-05-16,966.18,TARGET,43,4.56,CLOSED
GODREJIND,2006-04,20.56,2006-05-02,120.79,73.55,145.62,2006-06-08,70.12,SL,37,-42.25,CLOSED
GODREJIND,2006-10,68.34,2006-11-01,152.7,84.32,257.06,2007-11-20,257.06,TARGET,384,68.04,CLOSED
GODREJIND,2007-11,34.57,2007-12-03,276.92,184.13,372.65,2007-12-12,389.82,TARGET,9,40.47,CLOSED
GODREJIND,2009-05,89.87,2009-06-01,137.73,70.53,261.5,2012-04-02,261.5,TARGET,1036,89.57,CLOSED
GODREJIND,2013-06,5.2,2013-07-01,300.72,276.66,316.36,2013-07-24,276.66,SL,23,-8.3,CLOSED
GODREJIND,2018-11,17.55,2018-12-03,551.6,458.04,648.43,2019-05-13,458.04,SL,161,-17.26,CLOSED
GODREJIND,2023-06,7.93,2023-07-03,521.85,462.55,563.23,2023-09-08,563.23,TARGET,67,7.63,CLOSED
GODREJIND,2026-06,6.09,2026-07-01,1181.0,1005.0,1252.89,2026-07-09,1252.89,TARGET,8,5.79,CLOSED
GODREJPROP,2013-04,17.46,2013-05-02,277.12,233.9,325.5,2013-06-24,233.9,SL,53,-15.9,CLOSED
GODREJPROP,2022-07,27.44,2022-08-01,1505.72,1161.39,1918.95,2022-09-26,1161.39,SL,56,-23.17,CLOSED
GODREJPROP,2022-10,5.79,2022-11-01,1261.9,1145.96,1334.94,2022-12-02,1334.94,TARGET,31,5.49,CLOSED
GODREJPROP,2024-06,15.45,2024-07-01,3274.17,2480.11,3779.9,2025-01-09,2480.11,SL,192,-24.55,CLOSED
GRANULES,2022-09,12.82,2022-10-03,343.67,298.09,387.73,2023-01-25,298.09,SL,114,-13.56,CLOSED
GRANULES,2023-09,19.2,2023-10-03,355.22,295.93,423.44,2024-01-15,423.44,TARGET,104,18.9,CLOSED
GRANULES,2024-07,28.2,2024-08-01,627.77,480.79,804.81,2025-02-28,480.79,SL,211,-23.71,CLOSED
GRAPHITE,2017-10,33.68,2017-11-01,405.24,294.91,541.74,2017-12-29,541.74,TARGET,58,33.38,CLOSED
GRASIM,2015-11,0.8,2015-12-01,545.06,516.55,549.41,2015-12-03,549.41,TARGET,2,0.5,CLOSED
GRASIM,2017-08,11.67,2017-09-01,1141.72,980.84,1275.02,2018-02-06,980.84,SL,158,-14.39,CLOSED
GRASIM,2021-03,20.8,2021-04-01,1413.65,1164.04,1707.67,2021-10-14,1707.67,TARGET,196,20.5,CLOSED
GRASIM,2023-07,6.62,2023-08-01,1815.28,1698.89,1935.42,2023-09-15,1935.42,TARGET,45,6.32,CLOSED
GRASIM,2024-01,2.29,2024-02-01,2152.12,1995.33,2201.36,2024-02-22,2210.5,TARGET,21,2.41,CLOSED
GRASIM,2024-06,15.29,2024-07-01,2638.15,2148.75,3041.57,2026-05-21,3051.19,TARGET,689,15.36,CLOSED
GRAVITA,2023-05,21.0,2023-06-01,606.2,499.38,733.49,2023-08-14,733.49,TARGET,74,20.7,CLOSED
GESHIP,2006-09,14.21,2006-10-03,116.7,97.4,133.28,2006-10-16,92.15,SL,13,-21.34,CLOSED
GESHIP,2015-02,2.25,2015-03-02,243.82,222.04,249.31,2015-03-02,249.31,TARGET,0,1.95,CLOSED
GESHIP,2023-04,5.13,2023-05-02,610.77,552.04,642.09,2023-05-15,642.09,TARGET,13,4.83,CLOSED
FLUOROCHEM,2022-05,2.97,2022-06-01,2908.7,2104.08,2995.17,2022-06-01,2995.17,TARGET,0,2.67,CLOSED
HCLTECH,2012-01,13.35,2012-02-01,75.66,66.09,85.77,2012-02-17,85.77,TARGET,16,13.05,CLOSED
HCLTECH,2012-07,8.84,2012-08-01,89.59,81.43,97.51,2012-09-04,97.51,TARGET,34,8.54,CLOSED
HCLTECH,2013-08,10.98,2013-09-02,180.1,152.42,199.86,2013-10-11,199.86,TARGET,39,10.68,CLOSED
HCLTECH,2016-01,1.98,2016-02-01,318.71,291.67,325.01,2016-02-01,325.01,TARGET,0,1.68,CLOSED
HCLTECH,2019-04,9.28,2019-05-02,453.82,417.59,495.92,2019-05-10,417.59,SL,8,-8.28,CLOSED
HCLTECH,2020-12,15.09,2021-01-01,745.0,644.64,857.42,2021-08-05,857.42,TARGET,216,14.79,CLOSED
HCLTECH,2023-10,4.32,2023-11-01,1147.99,1073.65,1197.63,2023-11-21,1197.85,TARGET,20,4.04,CLOSED
HCLTECH,2023-11,5.09,2023-12-01,1207.18,1121.67,1268.58,2023-12-14,1268.58,TARGET,13,4.79,CLOSED
HCLTECH,2024-07,13.4,2024-08-01,1513.67,1332.66,1716.51,2024-10-14,1716.51,TARGET,74,13.1,CLOSED
HDFCAMC,2019-05,4.56,2019-06-03,778.73,678.93,814.22,2019-06-12,814.22,TARGET,9,4.26,CLOSED
HDFCAMC,2019-06,16.32,2019-07-01,912.68,770.67,1061.66,2019-08-27,1061.66,TARGET,57,16.02,CLOSED
HDFCAMC,2022-11,5.42,2022-12-01,1008.74,935.03,1063.44,2022-12-20,1063.44,TARGET,19,5.12,CLOSED
HDFCAMC,2023-05,11.27,2023-06-01,902.67,801.35,1004.36,2023-06-30,1014.61,TARGET,29,12.1,CLOSED
HDFCBANK,2010-04,3.46,2010-05-03,85.8,81.71,88.77,2010-05-05,81.71,SL,2,-5.06,CLOSED
HDFCBANK,2010-07,10.83,2010-08-02,92.66,82.43,102.69,2010-09-15,102.69,TARGET,44,10.53,CLOSED
HDFCBANK,2011-05,4.53,2011-06-01,103.97,96.04,108.68,2011-06-29,108.68,TARGET,28,4.23,CLOSED
HDFCBANK,2011-06,5.56,2011-07-01,111.26,99.52,117.44,2011-08-09,98.55,SL,39,-11.72,CLOSED
HDFCBANK,2012-06,12.21,2012-07-02,124.5,106.23,139.69,2012-09-24,139.69,TARGET,84,11.91,CLOSED
HDFCBANK,2012-11,11.0,2012-12-03,154.52,138.51,171.51,2013-02-28,138.51,SL,87,-10.66,CLOSED
HDFCBANK,2014-10,4.49,2014-11-03,205.43,191.71,214.66,2014-11-25,214.66,TARGET,22,4.19,CLOSED
HDFCBANK,2015-05,6.24,2015-06-01,235.45,211.94,250.16,2015-07-16,250.16,TARGET,45,5.94,CLOSED
HDFCBANK,2015-09,4.02,2015-10-01,243.16,220.95,252.94,2015-10-28,252.94,TARGET,27,3.72,CLOSED
HDFCBANK,2016-04,5.71,2016-05-02,255.04,235.84,269.61,2016-05-30,269.61,TARGET,28,5.41,CLOSED
HDFCBANK,2016-06,0.36,2016-07-01,269.05,258.77,270.01,2016-07-01,270.01,TARGET,0,0.06,CLOSED
HDFCBANK,2016-07,5.93,2016-08-01,284.78,264.69,301.67,2016-11-24,264.69,SL,115,-7.35,CLOSED
HDFCBANK,2016-12,0.55,2017-01-02,275.76,265.31,277.28,2017-01-10,277.28,TARGET,8,0.25,CLOSED
HDFCBANK,2018-01,7.12,2018-02-01,460.42,424.73,493.2,2018-02-06,424.73,SL,5,-8.05,CLOSED
HDFCBANK,2018-11,11.34,2018-12-03,492.24,437.95,548.03,2019-05-03,548.03,TARGET,151,11.04,CLOSED
HDFCBANK,2021-05,7.33,2021-06-01,708.28,641.66,760.21,2021-09-27,760.21,TARGET,118,7.03,CLOSED
HDFCBANK,2022-07,6.39,2022-08-01,681.13,629.56,724.69,2022-09-14,724.69,TARGET,44,6.09,CLOSED
HDFCBANK,2022-10,5.3,2022-11-01,711.67,655.1,749.39,2022-11-11,749.39,TARGET,10,5.0,CLOSED
HDFCBANK,2023-06,5.62,2023-07-03,819.89,755.97,865.98,2023-08-23,755.97,SL,51,-8.1,CLOSED
HDFCLIFE,2021-08,8.09,2021-09-01,708.71,645.72,766.02,2021-12-17,645.72,SL,107,-9.19,CLOSED
HDFCLIFE,2022-11,9.28,2022-12-01,582.97,518.27,637.06,2023-02-01,518.27,SL,62,-11.4,CLOSED
HDFCLIFE,2023-11,11.71,2023-12-01,687.34,607.27,767.82,2024-01-15,607.27,SL,45,-11.95,CLOSED
HDFCLIFE,2024-07,20.24,2024-08-01,710.5,582.81,854.32,2025-01-15,582.81,SL,167,-18.27,CLOSED
HDFCLIFE,2025-03,12.69,2025-04-01,678.7,603.18,764.8,2025-05-23,764.8,TARGET,52,12.39,CLOSED
HFCL,2007-12,71.61,2008-01-01,48.29,27.14,82.87,2008-01-30,26.65,SL,29,-45.12,CLOSED
HFCL,2008-12,49.26,2009-01-02,13.01,6.38,19.41,2011-04-29,19.41,TARGET,847,48.96,CLOSED
HAVELLS,2012-06,4.32,2012-07-02,103.03,90.03,107.48,2012-07-20,107.48,TARGET,18,4.02,CLOSED
HAVELLS,2014-10,7.76,2014-11-03,259.99,232.85,280.16,2014-11-11,280.16,TARGET,8,7.46,CLOSED
HAVELLS,2018-07,17.62,2018-08-01,604.87,500.23,711.47,2019-02-07,711.47,TARGET,190,17.32,CLOSED
HAVELLS,2022-08,11.38,2022-09-01,1350.23,1217.07,1503.86,2022-10-12,1217.07,SL,41,-10.16,CLOSED
HEROMOTOCO,2012-03,5.61,2012-04-02,1320.21,1154.42,1394.26,2012-04-19,1394.26,TARGET,17,5.31,CLOSED
HEROMOTOCO,2012-06,17.45,2012-07-02,1369.96,1151.2,1608.97,2012-08-31,1151.2,SL,60,-16.27,CLOSED
HEROMOTOCO,2014-11,2.71,2014-12-01,2208.33,1996.07,2268.25,2014-12-01,2268.25,TARGET,0,2.41,CLOSED
HEROMOTOCO,2015-05,15.8,2015-06-01,1888.36,1569.82,2186.71,2016-04-12,2186.71,TARGET,316,15.5,CLOSED
HEROMOTOCO,2017-05,12.86,2017-06-01,2744.9,2395.0,3097.96,2018-07-23,2395.0,SL,417,-13.05,CLOSED
HEROMOTOCO,2022-11,6.54,2022-12-01,2482.94,2238.08,2645.31,2023-02-09,2238.08,SL,70,-10.16,CLOSED
HEROMOTOCO,2023-04,9.0,2023-05-02,2266.57,2116.74,2470.55,2023-05-29,2470.55,TARGET,27,8.7,CLOSED
HEROMOTOCO,2026-07,13.99,2026-08-03,5425.0,4704.8,6184.19,2026-09-30,5241.0,OPEN,58,-3.69,OPEN
HSCL,2007-12,5.87,2008-01-01,69.08,58.33,73.13,2008-01-02,74.92,TARGET,1,8.16,CLOSED
HSCL,2018-07,9.69,2018-08-01,138.07,111.16,151.45,2018-08-02,152.33,TARGET,1,10.03,CLOSED
HINDALCO,2006-01,14.92,2006-02-01,124.54,108.66,143.13,2006-04-07,143.13,TARGET,65,14.62,CLOSED
HINDALCO,2010-12,19.58,2011-01-03,218.44,182.24,261.22,2011-02-11,182.24,SL,39,-16.87,CLOSED
HINDALCO,2014-10,4.43,2014-11-03,150.19,127.22,156.85,2014-11-27,156.85,TARGET,24,4.13,CLOSED
HINDALCO,2021-12,15.22,2022-01-03,459.72,402.24,529.66,2022-02-10,529.66,TARGET,38,14.92,CLOSED
HINDALCO,2022-07,22.56,2022-08-01,406.01,315.77,497.61,2023-09-14,497.61,TARGET,409,22.26,CLOSED
HINDALCO,2025-12,9.69,2026-01-01,883.49,796.79,969.06,2026-01-27,979.89,TARGET,26,10.61,CLOSED
HAL,2023-04,6.92,2023-05-02,1419.85,1289.52,1518.15,2023-05-17,1518.15,TARGET,15,6.62,CLOSED
HAL,2026-07,6.06,2026-08-03,4650.98,4297.09,4932.61,2026-08-06,4932.61,TARGET,3,5.76,CLOSED
HINDCOPPER,2022-07,18.31,2022-08-01,100.54,80.88,118.95,2022-09-13,118.95,TARGET,43,18.01,CLOSED
HINDCOPPER,2023-05,11.69,2023-06-01,112.55,98.57,125.7,2023-07-27,125.7,TARGET,56,11.39,CLOSED
HINDPETRO,2014-02,8.39,2014-03-03,21.7,19.05,23.52,2014-03-07,23.52,TARGET,4,8.09,CLOSED
HINDPETRO,2025-09,17.96,2025-10-01,417.42,354.46,492.38,2026-03-09,354.46,SL,159,-15.38,CLOSED
HINDUNILVR,2014-08,8.13,2014-09-01,609.73,555.72,659.33,2014-11-28,659.33,TARGET,88,7.83,CLOSED
HINDUNILVR,2016-06,7.11,2016-07-01,765.07,703.16,819.43,2016-10-27,703.16,SL,118,-8.39,CLOSED
HINDUNILVR,2017-08,5.54,2017-09-01,1053.63,990.65,1111.98,2017-09-18,1111.98,TARGET,17,5.24,CLOSED
HINDUNILVR,2018-03,1.18,2018-04-02,1146.59,1117.03,1160.16,2018-04-02,1160.16,TARGET,0,0.88,CLOSED
HINDUNILVR,2018-04,13.17,2018-05-02,1318.36,1146.59,1491.94,2018-07-10,1491.94,TARGET,69,12.87,CLOSED
HINDUNILVR,2019-04,4.38,2019-05-02,1551.91,1457.81,1619.92,2019-06-03,1619.92,TARGET,32,4.08,CLOSED
HINDUNILVR,2019-08,8.99,2019-09-03,1657.9,1518.19,1806.97,2019-09-23,1806.97,TARGET,20,8.69,CLOSED
HINDUNILVR,2021-03,14.05,2021-04-01,2227.43,1937.22,2540.28,2021-09-01,2540.28,TARGET,153,13.75,CLOSED
HINDUNILVR,2023-03,4.05,2023-04-03,2407.98,2242.14,2505.55,2023-05-16,2505.55,TARGET,43,3.75,CLOSED
HINDUNILVR,2023-05,8.56,2023-06-01,2498.87,2295.55,2712.67,2024-01-23,2295.55,SL,236,-8.44,CLOSED
HINDUNILVR,2025-01,6.1,2025-02-01,2405.67,2190.72,2552.43,2025-02-19,2190.72,SL,18,-9.24,CLOSED
HINDUNILVR,2025-11,0.83,2025-12-01,2441.76,2367.91,2462.06,2025-12-01,2462.06,TARGET,0,0.53,CLOSED
HINDZINC,2014-03,10.5,2014-04-01,47.54,42.15,52.54,2014-05-19,52.54,TARGET,48,10.2,CLOSED
HINDZINC,2025-09,15.07,2025-10-01,476.4,416.39,548.21,2025-12-12,548.21,TARGET,72,14.77,CLOSED
HONAUT,2006-07,4.55,2006-08-01,1219.42,953.8,1274.9,2006-08-02,1274.9,TARGET,1,4.25,CLOSED
HONAUT,2013-12,6.39,2014-01-01,2700.69,2408.75,2873.26,2014-03-28,2873.26,TARGET,86,6.09,CLOSED
HONAUT,2018-11,11.88,2018-12-03,21775.35,19661.08,24362.8,2019-05-27,24362.8,TARGET,175,11.58,CLOSED
HONAUT,2026-06,11.87,2026-07-01,39737.65,34143.46,44453.13,2026-09-09,34143.46,SL,70,-14.38,CLOSED
ICICIBANK,2011-06,2.11,2011-07-01,171.74,155.06,175.36,2011-08-03,155.06,SL,33,-10.01,CLOSED
ICICIBANK,2012-11,4.73,2012-12-03,172.7,160.09,180.87,2012-12-11,180.87,TARGET,8,4.43,CLOSED
ICICIBANK,2014-02,5.68,2014-03-03,166.33,151.32,175.78,2014-03-05,175.78,TARGET,2,5.38,CLOSED
ICICIBANK,2014-08,5.81,2014-09-01,257.88,233.68,272.88,2014-11-03,272.88,TARGET,63,5.51,CLOSED
ICICIBANK,2017-05,17.22,2017-06-01,279.66,233.05,327.81,2018-01-17,327.81,TARGET,230,16.92,CLOSED
ICICIBANK,2018-10,16.18,2018-11-01,341.56,282.05,396.84,2019-05-23,396.84,TARGET,203,15.88,CLOSED
ICICIBANK,2021-05,10.37,2021-06-01,637.37,560.79,703.44,2021-09-01,703.44,TARGET,92,10.07,CLOSED
ICICIBANK,2022-08,9.04,2022-09-01,835.11,777.56,910.63,2022-10-25,911.61,TARGET,54,8.86,CLOSED
ICICIBANK,2023-03,2.62,2023-04-03,851.75,784.11,874.07,2023-04-17,887.66,TARGET,14,3.91,CLOSED
ICICIBANK,2023-04,4.61,2023-05-02,894.14,836.46,935.32,2023-07-17,935.32,TARGET,76,4.31,CLOSED
ICICIBANK,2026-08,2.15,2026-09-01,1442.9,1391.5,1473.92,2026-09-09,1391.5,SL,8,-3.86,CLOSED
ICICIGI,2019-08,4.18,2019-09-03,1195.78,1067.78,1245.74,2019-09-16,1067.78,SL,13,-11.0,CLOSED
ICICIGI,2021-08,8.35,2021-09-01,1542.88,1357.97,1671.67,2021-12-15,1357.97,SL,105,-12.28,CLOSED
ICICIGI,2022-11,3.52,2022-12-01,1181.86,1087.99,1223.48,2022-12-07,1223.48,TARGET,6,3.22,CLOSED
ICICIPRULI,2024-07,21.5,2024-08-01,732.19,598.33,889.63,2025-01-22,598.33,SL,174,-18.58,CLOSED
ICICIPRULI,2025-12,7.83,2026-01-01,666.99,604.3,719.18,2026-03-09,604.3,SL,67,-9.7,CLOSED
IDBI,2012-11,16.54,2012-12-03,93.5,79.74,108.97,2013-02-27,79.74,SL,86,-15.02,CLOSED
IDBI,2020-06,116.18,2020-07-01,43.44,22.29,93.9,2024-02-05,93.9,TARGET,1314,115.88,CLOSED
IDFCFIRSTB,2023-05,16.6,2023-06-01,71.06,62.61,82.85,2023-06-19,82.85,TARGET,18,16.3,CLOSED
IDFCFIRSTB,2025-12,6.84,2026-01-01,85.37,78.11,91.21,2026-02-23,74.94,SL,53,-12.52,CLOSED
IFCI,2010-05,2.83,2010-06-01,44.51,39.59,45.77,2010-06-15,45.77,TARGET,14,2.53,CLOSED
IFCI,2010-06,4.4,2010-07-01,46.3,41.95,48.34,2010-07-08,48.34,TARGET,7,4.1,CLOSED
IIFL,2021-01,29.1,2021-02-01,147.17,99.15,189.99,2021-02-03,203.7,TARGET,2,38.11,CLOSED
IIFL,2025-11,8.25,2025-12-01,576.78,512.46,624.36,2026-01-02,624.36,TARGET,32,7.95,CLOSED
IRB,2014-03,30.84,2014-04-01,4.48,3.3,5.86,2014-05-12,5.86,TARGET,41,30.54,CLOSED
IRB,2015-09,1.61,2015-10-01,10.37,8.84,10.54,2015-10-05,10.54,TARGET,4,1.31,CLOSED
ITC,2008-04,6.62,2008-05-02,40.63,36.44,43.31,2008-06-10,36.44,SL,39,-10.61,CLOSED
ITC,2009-01,4.89,2009-02-02,33.33,30.32,34.96,2009-02-26,34.96,TARGET,24,4.59,CLOSED
ITC,2011-05,0.52,2011-06-01,77.11,70.21,77.51,2011-06-02,77.51,TARGET,1,0.22,CLOSED
ITC,2012-03,9.27,2012-04-02,92.11,82.38,100.64,2012-04-26,100.64,TARGET,24,8.97,CLOSED
ITC,2012-06,15.13,2012-07-02,107.06,91.13,123.26,2012-10-05,91.13,SL,95,-15.17,CLOSED
ITC,2012-11,5.65,2012-12-03,122.9,112.78,129.84,2013-01-11,112.78,SL,39,-8.54,CLOSED
ITC,2013-03,4.97,2013-04-01,127.65,117.57,133.99,2013-04-10,117.57,SL,9,-8.2,CLOSED
ITC,2015-07,3.44,2015-08-03,142.26,130.91,147.15,2015-10-06,147.15,TARGET,64,3.14,CLOSED
ITC,2016-12,3.94,2017-01-02,162.39,148.97,168.78,2017-01-17,168.78,TARGET,15,3.64,CLOSED
ITC,2017-06,5.43,2017-07-03,235.82,203.89,248.63,2017-07-18,199.46,SL,15,-15.72,CLOSED
ITC,2019-09,5.78,2019-10-01,183.68,165.93,194.3,2020-01-08,165.89,SL,99,-9.99,CLOSED
ITC,2020-05,8.4,2020-06-01,142.5,111.37,154.47,2020-08-11,154.47,TARGET,71,8.1,CLOSED
ITC,2022-08,5.76,2022-09-01,263.89,250.35,279.09,2022-09-14,279.09,TARGET,13,5.46,CLOSED
ITC,2024-12,1.45,2025-01-01,431.33,400.85,437.58,2025-01-16,400.85,SL,15,-7.37,CLOSED
ITI,2009-09,15.69,2009-10-01,46.1,37.35,53.33,2009-11-03,37.35,SL,33,-19.28,CLOSED
INDIACEM,2022-07,25.78,2022-08-01,196.17,154.12,246.75,2022-09-14,246.75,TARGET,44,25.48,CLOSED
INDIACEM,2023-05,9.05,2023-06-01,202.35,183.55,220.67,2023-06-05,220.67,TARGET,4,8.75,CLOSED
INDIACEM,2024-11,0.52,2024-12-02,367.25,351.25,369.17,2024-12-02,369.17,TARGET,0,0.22,CLOSED
INDIAMART,2023-02,6.84,2023-03-01,2287.44,2095.27,2443.86,2023-03-22,2443.86,TARGET,21,6.54,CLOSED
INDIANB,2023-01,6.8,2023-02-01,277.07,251.27,295.91,2023-02-01,251.27,SL,0,-9.61,CLOSED
INDIANB,2023-06,11.76,2023-07-03,275.42,244.39,307.81,2023-07-20,307.81,TARGET,17,11.46,CLOSED
INDIANB,2024-07,11.6,2024-08-01,577.66,501.04,644.69,2024-09-05,501.04,SL,35,-13.56,CLOSED
INDIANB,2025-06,7.02,2025-07-01,632.23,588.35,676.63,2025-09-10,676.63,TARGET,71,6.72,CLOSED
IEX,2023-04,22.35,2023-05-02,147.02,120.32,179.88,2023-06-09,119.48,SL,38,-19.03,CLOSED
IOC,2006-03,4.83,2006-04-03,19.51,14.95,20.45,2006-04-03,20.45,TARGET,0,4.53,CLOSED
IOC,2010-05,19.81,2010-06-01,25.95,21.2,31.1,2010-09-01,31.1,TARGET,92,19.51,CLOSED
IOC,2021-08,9.02,2021-09-01,54.91,50.41,59.86,2021-09-28,59.86,TARGET,27,8.72,CLOSED
IOC,2022-11,12.31,2022-12-01,63.38,56.1,71.18,2023-05-16,71.18,TARGET,166,12.01,CLOSED
IOB,2016-10,4.72,2016-11-01,26.55,25.1,27.8,2016-11-09,24.7,SL,8,-7.27,CLOSED
IRCTC,2021-08,18.05,2021-09-01,525.81,462.32,620.69,2021-09-07,620.69,TARGET,6,17.75,CLOSED
IRCTC,2022-07,10.57,2022-08-01,619.13,533.54,684.57,2022-08-18,684.57,TARGET,17,10.27,CLOSED
IRCTC,2023-04,7.86,2023-05-02,598.48,544.95,645.5,2023-06-16,645.5,TARGET,45,7.56,CLOSED
IRCTC,2023-07,0.87,2023-08-01,619.72,593.02,625.13,2023-08-01,625.13,TARGET,0,0.57,CLOSED
IGL,2007-08,2.71,2007-09-03,8.6,7.6,8.83,2007-09-14,8.83,TARGET,11,2.41,CLOSED
IGL,2018-12,1.56,2019-01-01,117.43,105.6,119.26,2019-01-01,119.26,TARGET,0,1.26,CLOSED
IGL,2022-10,7.93,2022-11-01,193.83,164.96,209.2,2023-04-06,210.98,TARGET,156,8.55,CLOSED
IGL,2024-12,27.09,2025-01-01,200.52,157.32,254.84,2026-03-04,157.32,SL,427,-21.84,CLOSED
INDUSTOWER,2024-08,5.85,2024-09-02,443.32,386.12,469.26,2024-09-19,386.12,SL,17,-13.2,CLOSED
INDUSTOWER,2025-06,9.62,2025-07-01,409.44,360.68,448.82,2025-07-31,360.68,SL,30,-12.21,CLOSED
INDUSTOWER,2026-08,3.15,2026-09-01,386.0,363.5,398.17,2026-09-28,363.5,SL,27,-6.13,CLOSED
INDUSINDBK,2011-05,1.64,2011-06-01,241.76,214.34,245.72,2011-06-03,245.72,TARGET,2,1.34,CLOSED
INDUSINDBK,2011-10,9.32,2011-11-01,261.01,217.2,285.34,2011-12-20,217.2,SL,49,-17.08,CLOSED
INDUSINDBK,2012-09,12.24,2012-10-01,333.08,285.98,373.86,2012-11-29,373.86,TARGET,59,11.94,CLOSED
INDUSINDBK,2014-08,4.64,2014-09-01,551.44,503.26,577.02,2014-09-01,577.02,TARGET,0,4.34,CLOSED
INDUSINDBK,2014-10,15.86,2014-11-03,681.51,558.91,789.57,2015-01-13,794.42,TARGET,71,16.27,CLOSED
INDUSINDBK,2015-11,2.56,2015-12-01,887.46,830.82,910.19,2015-12-30,910.19,TARGET,29,2.26,CLOSED
INDUSINDBK,2015-12,3.6,2016-01-01,913.9,853.24,946.83,2016-01-18,853.24,SL,17,-6.94,CLOSED
INDUSINDBK,2016-03,16.58,2016-04-01,912.62,787.39,1063.92,2016-06-03,1066.84,TARGET,63,16.6,CLOSED
INDUSINDBK,2017-03,8.57,2017-04-03,1351.64,1220.62,1467.54,2017-07-10,1467.54,TARGET,98,8.27,CLOSED
INDUSINDBK,2017-07,11.7,2017-08-01,1574.57,1396.2,1758.83,2018-04-09,1758.83,TARGET,251,11.4,CLOSED
INDUSINDBK,2018-04,5.64,2018-05-02,1803.34,1701.04,1904.96,2018-06-27,1904.96,TARGET,56,5.34,CLOSED
INDUSINDBK,2018-07,3.67,2018-08-01,1922.94,1800.66,1993.44,2018-08-30,1800.66,SL,29,-6.66,CLOSED
INDUSINDBK,2023-04,7.95,2023-05-02,1131.95,984.47,1221.89,2023-05-23,1221.89,TARGET,21,7.65,CLOSED
NAUKRI,2013-03,3.17,2013-04-01,65.16,61.44,67.23,2013-04-01,67.23,TARGET,0,2.87,CLOSED
NAUKRI,2022-07,15.37,2022-08-01,855.21,706.55,986.63,2023-02-01,706.55,SL,184,-17.68,CLOSED
NAUKRI,2023-06,10.06,2023-07-03,881.63,802.72,970.32,2023-08-04,970.32,TARGET,32,9.76,CLOSED
NAUKRI,2024-06,19.11,2024-07-01,1332.9,1036.68,1587.62,2024-09-19,1587.62,TARGET,80,18.81,CLOSED
INFY,2005-02,8.29,2005-03-01,87.58,78.98,94.84,2005-04-12,77.57,SL,42,-11.73,CLOSED
INFY,2005-08,4.75,2005-09-01,94.19,86.35,98.66,2005-09-20,98.66,TARGET,19,4.45,CLOSED
INFY,2008-08,10.46,2008-09-01,142.75,126.03,157.69,2008-09-15,126.03,SL,14,-12.01,CLOSED
INFY,2009-12,9.32,2010-01-04,217.26,196.03,237.5,2010-02-05,196.03,SL,32,-10.07,CLOSED
INFY,2010-12,12.84,2011-01-03,292.26,257.3,329.78,2011-02-04,257.3,SL,32,-12.26,CLOSED
INFY,2011-06,4.48,2011-07-01,250.86,226.72,262.1,2011-08-05,225.96,SL,35,-10.23,CLOSED
INFY,2014-02,3.34,2014-03-03,341.34,315.99,352.75,2014-03-13,305.2,SL,10,-10.89,CLOSED
INFY,2014-10,8.93,2014-11-03,371.66,323.2,404.86,2015-01-23,404.86,TARGET,81,8.63,CLOSED
INFY,2015-12,1.61,2016-01-01,410.94,382.01,417.55,2016-01-14,417.55,TARGET,13,1.31,CLOSED
INFY,2016-01,5.38,2016-02-01,437.09,385.11,460.62,2016-03-28,460.62,TARGET,56,5.08,CLOSED
INFY,2019-01,14.37,2019-02-01,615.39,530.28,703.85,2019-10-22,530.28,SL,263,-14.13,CLOSED
INFY,2020-12,14.16,2021-01-01,1083.9,952.19,1237.42,2021-04-08,1237.42,TARGET,97,13.86,CLOSED
INFY,2022-07,6.01,2022-08-01,1388.83,1252.65,1472.24,2022-09-16,1252.65,SL,46,-10.1,CLOSED
INFY,2023-06,2.67,2023-07-03,1209.99,1148.35,1242.25,2023-07-13,1242.25,TARGET,10,2.37,CLOSED
INFY,2024-08,4.04,2024-09-02,1826.71,1615.4,1900.49,2024-12-13,1900.49,TARGET,102,3.74,CLOSED
INOXWIND,2023-12,78.16,2024-01-01,126.0,70.0,224.49,2024-08-13,224.49,TARGET,225,77.86,CLOSED
INTELLECT,2018-04,20.45,2018-05-02,194.79,159.24,234.63,2018-08-07,234.63,TARGET,97,20.15,CLOSED
INTELLECT,2020-09,16.46,2020-10-01,228.3,176.68,265.87,2020-11-26,265.87,TARGET,56,16.16,CLOSED
INTELLECT,2025-05,48.51,2025-06-02,1157.97,762.58,1719.69,2026-02-05,762.58,SL,248,-34.45,CLOSED
INDIGO,2016-04,23.22,2016-05-02,968.25,815.79,1193.07,2016-07-05,815.79,SL,64,-16.05,CLOSED
INDIGO,2017-10,13.77,2017-11-01,1279.43,1064.28,1455.63,2018-04-09,1455.63,TARGET,159,13.47,CLOSED
INDIGO,2019-08,8.9,2019-09-03,1685.15,1404.87,1835.08,2019-09-26,1835.08,TARGET,23,8.6,CLOSED
INDIGO,2019-09,11.78,2019-10-01,1874.83,1595.25,2095.76,2019-10-25,1595.25,SL,24,-15.21,CLOSED
INDIGO,2022-03,7.43,2022-04-01,2014.1,1552.48,2163.68,2022-06-20,1552.48,SL,80,-23.22,CLOSED
INDIGO,2023-03,2.93,2023-04-03,1896.79,1807.6,1952.28,2023-04-18,1952.28,TARGET,15,2.63,CLOSED
INDIGO,2023-11,10.25,2023-12-01,2700.79,2410.68,2977.59,2023-12-13,2977.59,TARGET,12,9.95,CLOSED
INDIGO,2024-11,8.05,2024-12-02,4375.11,3823.54,4727.49,2024-12-26,4727.49,TARGET,24,7.75,CLOSED
INDIGO,2025-06,12.13,2025-07-01,5952.44,5167.27,6674.44,2025-12-08,5110.0,SL,160,-14.45,CLOSED
IPCALAB,2011-05,9.97,2011-06-01,156.63,133.72,172.25,2011-09-15,133.72,SL,106,-14.92,CLOSED
IPCALAB,2012-06,4.59,2012-07-02,177.76,157.82,185.93,2012-07-20,185.93,TARGET,18,4.29,CLOSED
IPCALAB,2022-09,1.08,2022-10-03,902.87,840.75,912.64,2022-10-03,912.64,TARGET,0,0.78,CLOSED
IPCALAB,2023-11,15.38,2023-12-01,1124.32,957.21,1297.25,2024-04-05,1297.25,TARGET,126,15.08,CLOSED
IPCALAB,2024-12,9.9,2025-01-01,1695.75,1463.38,1863.56,2025-01-27,1463.38,SL,26,-14.0,CLOSED
JKCEMENT,2022-07,18.74,2022-08-01,2451.15,2055.56,2910.48,2022-09-08,2910.48,TARGET,38,18.44,CLOSED
JKCEMENT,2022-11,13.53,2022-12-01,3032.69,2650.25,3443.04,2023-01-24,2650.25,SL,54,-12.91,CLOSED
JKCEMENT,2025-07,8.54,2025-08-01,6595.45,6023.03,7158.51,2025-08-18,7158.51,TARGET,17,8.24,CLOSED
JBMA,2013-07,29.93,2013-08-01,2.38,1.93,3.1,2014-01-02,3.12,TARGET,154,30.56,CLOSED
JBMA,2014-02,54.88,2014-03-03,4.69,2.75,7.26,2014-04-03,7.58,TARGET,31,61.47,CLOSED
JBMA,2014-08,63.05,2014-09-01,30.74,17.42,50.12,2014-09-23,50.12,TARGET,22,62.75,CLOSED
JBMA,2020-11,12.55,2020-12-01,54.0,45.46,60.78,2020-12-22,45.46,SL,21,-16.11,CLOSED
JMFINANCIL,2007-12,21.36,2008-01-01,79.07,62.35,95.96,2008-01-02,95.96,TARGET,1,21.06,CLOSED
JMFINANCIL,2010-05,3.39,2010-06-01,26.9,18.95,27.81,2010-06-01,27.81,TARGET,0,3.09,CLOSED
JSWENERGY,2015-09,23.87,2015-10-01,85.7,59.72,106.15,2016-02-11,59.72,SL,133,-30.62,CLOSED
JSWENERGY,2017-12,10.33,2018-01-01,86.24,72.13,95.15,2018-03-07,72.13,SL,65,-16.66,CLOSED
JSWENERGY,2021-08,4.79,2021-09-01,261.51,208.44,274.04,2021-09-13,285.58,TARGET,12,8.91,CLOSED
JSWSTEEL,2011-05,2.96,2011-06-01,82.06,71.74,84.49,2011-06-20,71.74,SL,19,-12.87,CLOSED
JSWSTEEL,2016-04,7.01,2016-05-02,122.32,110.72,130.9,2016-06-30,130.9,TARGET,59,6.71,CLOSED
JSWSTEEL,2017-07,8.78,2017-08-01,201.57,184.69,219.26,2017-08-21,219.26,TARGET,20,8.48,CLOSED
JSWSTEEL,2022-11,10.3,2022-12-01,732.05,656.46,807.48,2023-02-27,656.46,SL,88,-10.63,CLOSED
JSWSTEEL,2024-09,9.45,2024-10-01,1020.38,904.06,1116.82,2024-10-28,904.06,SL,27,-11.7,CLOSED
JPPOWER,2017-01,25.32,2017-02-01,5.2,3.9,6.52,2017-02-06,6.52,TARGET,5,25.02,CLOSED
JPPOWER,2017-12,35.0,2018-01-01,9.9,6.45,13.36,2018-02-02,6.45,SL,32,-35.15,CLOSED
JPPOWER,2019-12,34.78,2020-01-01,1.6,1.25,2.16,2020-01-21,2.2,TARGET,20,37.2,CLOSED
JPPOWER,2020-01,48.39,2020-02-03,2.2,1.6,3.26,2020-02-18,1.6,SL,15,-27.57,CLOSED
JPPOWER,2020-06,129.41,2020-07-01,2.0,0.9,4.59,2021-06-10,4.59,TARGET,344,129.11,CLOSED
JPPOWER,2024-01,32.97,2024-02-01,18.65,13.95,24.8,2025-02-12,13.95,SL,377,-25.5,CLOSED
J&KBANK,2015-08,1.35,2015-09-01,149.22,147.24,151.23,2017-02-27,74.41,SL,545,-50.43,CLOSED
J&KBANK,2025-06,11.61,2025-07-01,113.85,98.41,127.07,2025-08-06,98.41,SL,36,-13.86,CLOSED
JSL,2023-07,21.35,2023-08-01,395.98,326.85,480.54,2023-09-04,480.54,TARGET,34,21.05,CLOSED
JINDALSTEL,2022-08,11.39,2022-09-01,419.9,367.07,467.71,2022-11-02,467.71,TARGET,62,11.09,CLOSED
JINDALSTEL,2026-08,8.4,2026-09-01,1175.7,1084.06,1274.5,2026-09-11,1084.06,SL,10,-8.09,CLOSED
JIOFIN,2026-07,8.47,2026-08-03,259.39,228.46,281.36,2026-09-11,228.46,SL,39,-12.22,CLOSED
JWL,2013-12,15.68,2014-01-01,11.12,8.29,12.86,2014-01-07,13.4,TARGET,6,20.24,CLOSED
JWL,2023-01,34.1,2023-02-01,124.05,91.68,166.35,2023-03-24,91.68,SL,51,-26.39,CLOSED
JYOTICNC,2024-04,3.45,2024-05-02,859.9,708.0,889.58,2024-05-15,889.58,TARGET,13,3.15,CLOSED
KPRMILL,2009-05,72.58,2009-06-01,4.17,2.3,7.19,2009-12-01,7.19,TARGET,183,72.28,CLOSED
KPRMILL,2016-06,9.76,2016-07-01,102.95,85.73,113.0,2016-08-26,113.0,TARGET,56,9.46,CLOSED
KEI,2009-05,62.82,2009-06-01,21.51,11.52,35.02,2010-01-06,35.02,TARGET,219,62.52,CLOSED
KEI,2016-06,4.72,2016-07-01,109.86,91.19,115.04,2016-07-04,115.04,TARGET,3,4.42,CLOSED
KEI,2023-08,11.44,2023-09-01,2703.82,2215.84,3013.15,2023-12-07,3013.15,TARGET,97,11.14,CLOSED
KEI,2025-12,7.59,2026-01-01,4484.09,3924.35,4824.38,2026-01-21,3924.35,SL,20,-12.78,CLOSED
KPITTECH,2020-04,58.16,2020-05-04,51.17,33.74,80.93,2020-08-10,80.93,TARGET,98,57.86,CLOSED
KSB,2006-07,15.84,2006-08-01,37.63,27.02,43.6,2006-10-11,43.6,TARGET,71,15.54,CLOSED
KSB,2008-07,26.74,2008-08-01,23.29,17.7,29.52,2008-10-10,17.7,SL,70,-24.3,CLOSED
KSB,2015-10,2.64,2015-11-02,111.43,104.08,114.37,2015-11-16,104.08,SL,14,-6.89,CLOSED
KAJARIACER,2012-11,21.33,2012-12-03,115.5,94.0,140.14,2013-01-21,94.0,SL,49,-18.92,CLOSED
KAJARIACER,2014-07,18.9,2014-08-01,285.32,236.02,339.24,2015-01-21,339.24,TARGET,173,18.6,CLOSED
KAJARIACER,2016-07,5.29,2016-08-01,583.48,544.49,614.37,2016-09-07,614.37,TARGET,37,4.99,CLOSED
KAJARIACER,2020-11,13.79,2020-12-01,614.1,522.98,698.77,2021-01-11,698.77,TARGET,41,13.49,CLOSED
KAJARIACER,2022-07,24.1,2022-08-01,1143.5,902.14,1419.03,2023-07-20,1419.03,TARGET,353,23.8,CLOSED
KAJARIACER,2023-11,6.58,2023-12-01,1318.62,1207.84,1405.38,2023-12-20,1405.38,TARGET,19,6.28,CLOSED
KPIL,2015-09,2.71,2015-10-01,238.19,196.97,244.64,2015-11-27,244.64,TARGET,57,2.41,CLOSED
KPIL,2024-01,12.14,2024-02-01,781.87,679.11,876.79,2024-02-07,876.79,TARGET,6,11.84,CLOSED
KARURVYSYA,2006-10,5.66,2006-11-01,12.29,11.34,12.98,2006-11-01,12.98,TARGET,0,5.36,CLOSED
KARURVYSYA,2008-04,12.0,2008-05-02,19.8,17.44,22.17,2008-06-23,17.44,SL,52,-12.19,CLOSED
KARURVYSYA,2011-10,5.29,2011-11-01,42.86,37.98,45.13,2011-11-24,37.98,SL,23,-11.69,CLOSED
KARURVYSYA,2018-12,12.66,2019-01-01,66.9,57.64,75.37,2019-02-14,52.91,SL,44,-21.2,CLOSED
KARURVYSYA,2025-06,20.68,2025-07-01,219.74,181.5,265.18,2025-12-26,265.18,TARGET,178,20.38,CLOSED
KFINTECH,2023-08,16.16,2023-09-01,436.74,358.77,507.32,2023-11-09,507.32,TARGET,69,15.86,CLOSED
KIRLOSBROS,2019-05,9.32,2019-06-03,172.77,136.98,188.87,2019-08-23,136.98,SL,81,-21.02,CLOSED
KIRLOSBROS,2021-09,4.49,2021-10-01,384.44,331.72,401.7,2021-10-01,401.7,TARGET,0,4.19,CLOSED
KIRLOSENG,2012-09,11.4,2012-10-01,132.44,114.4,147.54,2012-10-25,147.54,TARGET,24,11.1,CLOSED
KOTAKBANK,2007-03,12.83,2007-04-02,22.59,19.74,25.49,2007-04-17,25.49,TARGET,15,12.53,CLOSED
KOTAKBANK,2012-06,5.11,2012-07-02,58.63,52.58,61.62,2012-07-27,52.58,SL,25,-10.62,CLOSED
KOTAKBANK,2012-09,13.0,2012-10-01,64.15,55.69,72.49,2012-10-05,55.69,SL,4,-13.49,CLOSED
KOTAKBANK,2014-10,10.38,2014-11-03,110.93,97.17,122.45,2014-11-21,122.45,TARGET,18,10.08,CLOSED
KOTAKBANK,2016-04,5.36,2016-05-02,141.67,130.03,149.27,2016-05-30,149.27,TARGET,28,5.06,CLOSED
KOTAKBANK,2016-10,5.45,2016-11-01,162.74,151.65,171.61,2016-11-09,151.65,SL,8,-7.12,CLOSED
KOTAKBANK,2018-11,10.26,2018-12-03,246.41,218.81,271.69,2019-04-10,271.69,TARGET,128,9.96,CLOSED
KOTAKBANK,2021-05,3.37,2021-06-01,360.87,335.02,373.02,2021-07-26,335.02,SL,55,-7.46,CLOSED
KOTAKBANK,2023-04,11.84,2023-05-02,381.76,344.98,426.97,2023-09-28,344.98,SL,149,-9.94,CLOSED
KOTAKBANK,2025-12,3.61,2026-01-01,441.24,421.05,457.17,2026-01-12,421.05,SL,11,-4.87,CLOSED
KIMS,2022-12,3.33,2023-01-02,309.0,278.0,319.29,2023-02-20,278.0,SL,49,-10.33,CLOSED
LTF,2017-07,21.28,2017-08-01,147.59,119.0,179.0,2017-09-18,179.0,TARGET,48,20.98,CLOSED
LTF,2023-04,12.8,2023-05-02,86.24,77.87,97.28,2023-05-24,97.28,TARGET,22,12.5,CLOSED
LTF,2023-06,22.61,2023-07-03,123.05,98.3,150.87,2023-12-06,150.87,TARGET,156,22.31,CLOSED
LTF,2025-12,1.15,2026-01-01,312.73,291.8,316.33,2026-01-01,316.33,TARGET,0,0.85,CLOSED
LTF,2026-06,8.43,2026-07-01,312.7,256.1,339.05,2026-09-30,265.0,OPEN,91,-15.55,OPEN
LTTS,2025-11,7.81,2025-12-01,4439.93,3977.25,4786.61,2026-01-16,3977.25,SL,46,-10.72,CLOSED
LGEINDIA,2026-02,8.64,2026-03-02,1501.0,1392.0,1630.72,2026-04-01,1392.0,SL,30,-7.56,CLOSED
LICHSGFIN,2011-06,5.35,2011-07-01,189.44,165.06,199.57,2011-07-28,164.28,SL,27,-13.58,CLOSED
LICHSGFIN,2012-06,13.9,2012-07-02,212.32,179.77,241.84,2013-03-05,179.29,SL,246,-15.86,CLOSED
LICHSGFIN,2013-10,19.47,2013-11-01,182.38,152.22,217.89,2014-02-04,152.22,SL,95,-16.83,CLOSED
LICHSGFIN,2015-02,3.5,2015-03-02,399.28,365.53,413.26,2015-03-04,414.92,TARGET,2,3.62,CLOSED
LICHSGFIN,2016-03,16.9,2016-04-01,406.63,352.02,475.36,2016-08-25,475.36,TARGET,146,16.6,CLOSED
LICHSGFIN,2023-04,4.7,2023-05-02,320.66,301.98,335.73,2023-05-04,335.73,TARGET,2,4.4,CLOSED
LICHSGFIN,2023-07,6.43,2023-08-01,389.97,356.52,415.03,2023-09-04,417.24,TARGET,34,6.69,CLOSED
LICHSGFIN,2024-01,16.69,2024-02-01,594.49,511.73,693.73,2024-06-14,693.73,TARGET,134,16.39,CLOSED
LTFOODS,2024-08,29.75,2024-09-02,377.39,284.43,489.67,2025-06-27,489.67,TARGET,298,29.45,CLOSED
LTM,2019-10,14.81,2019-11-01,1565.63,1331.39,1797.47,2020-01-15,1797.47,TARGET,75,14.51,CLOSED
LTM,2021-12,7.67,2022-01-03,6896.36,6075.06,7425.31,2022-01-21,6075.06,SL,18,-12.21,CLOSED
LTM,2025-11,7.25,2025-12-01,6041.04,5435.65,6478.88,2026-02-06,5435.65,SL,67,-10.32,CLOSED
LT,2005-12,9.49,2006-01-02,158.37,142.54,173.41,2006-01-25,173.41,TARGET,23,9.19,CLOSED
LT,2007-06,9.36,2007-07-02,388.1,323.71,424.42,2007-07-13,424.42,TARGET,11,9.06,CLOSED
LT,2009-09,7.77,2009-10-01,596.66,531.54,643.0,2009-11-05,531.54,SL,35,-11.21,CLOSED
LT,2012-06,19.21,2012-07-02,503.18,397.32,599.82,2012-10-11,599.82,TARGET,101,18.91,CLOSED
LT,2013-11,7.42,2013-12-02,576.89,504.97,619.7,2013-12-09,622.29,TARGET,7,7.57,CLOSED
LT,2014-02,12.55,2014-03-03,609.3,534.31,685.78,2014-03-10,685.78,TARGET,7,12.25,CLOSED
LT,2014-10,13.52,2014-11-03,928.48,783.14,1054.03,2015-03-04,1054.03,TARGET,121,13.22,CLOSED
LT,2018-04,6.87,2018-05-02,1247.59,1133.55,1333.24,2018-06-21,1133.55,SL,50,-9.44,CLOSED
LT,2018-08,6.51,2018-09-03,1223.48,1090.9,1303.09,2018-10-01,1090.9,SL,28,-11.14,CLOSED
LT,2018-10,2.0,2018-11-01,1190.07,1052.19,1213.83,2018-11-01,1213.83,TARGET,0,1.7,CLOSED
LT,2018-11,10.4,2018-12-03,1276.91,1175.96,1409.77,2019-01-18,1175.96,SL,46,-8.21,CLOSED
LT,2023-04,9.25,2023-05-02,2284.37,2074.34,2495.69,2023-07-21,2495.69,TARGET,80,8.95,CLOSED
LT,2023-07,8.31,2023-08-01,2580.99,2329.42,2795.56,2023-09-08,2811.54,TARGET,38,8.63,CLOSED
LT,2023-11,6.15,2023-12-01,3047.08,2795.03,3234.49,2023-12-04,3234.49,TARGET,3,5.85,CLOSED
LT,2024-07,7.51,2024-08-01,3738.28,3394.87,4019.09,2024-10-07,3394.87,SL,67,-9.49,CLOSED
LAURUSLABS,2019-03,21.55,2019-04-01,78.25,64.41,95.11,2019-06-13,64.41,SL,73,-17.99,CLOSED
LAURUSLABS,2024-08,1.35,2024-09-02,468.52,416.03,474.83,2024-09-04,474.83,TARGET,2,1.05,CLOSED
LAURUSLABS,2024-11,15.54,2024-12-02,562.21,472.54,649.6,2025-04-22,649.6,TARGET,141,15.24,CLOSED
LAURUSLABS,2025-06,18.91,2025-07-01,728.67,605.1,866.43,2025-07-28,866.43,TARGET,27,18.61,CLOSED
LAURUSLABS,2025-11,8.15,2025-12-01,1033.97,954.75,1118.21,2026-01-06,1132.87,TARGET,36,9.27,CLOSED
LICI,2023-07,1.7,2023-08-01,307.64,292.03,312.88,2023-08-02,312.88,TARGET,1,1.4,CLOSED
LICI,2025-05,19.94,2025-06-02,459.98,366.44,551.71,2026-03-23,366.44,SL,294,-20.64,CLOSED
LINDEINDIA,2014-10,9.75,2014-11-03,404.59,359.58,444.05,2014-11-14,444.05,TARGET,11,9.45,CLOSED
LINDEINDIA,2023-07,15.54,2023-08-01,4943.93,4255.14,5712.17,2023-08-22,5712.17,TARGET,21,15.24,CLOSED
LLOYDSME,2024-12,18.5,2025-01-01,1236.64,1040.1,1465.46,2025-01-10,1465.46,TARGET,9,18.2,CLOSED
LLOYDSME,2025-06,14.05,2025-07-01,1597.05,1329.21,1821.51,2025-08-26,1329.21,SL,56,-17.07,CLOSED
LUPIN,2006-11,3.31,2006-12-01,91.85,84.42,94.89,2006-12-01,94.89,TARGET,0,3.01,CLOSED
LUPIN,2010-06,5.79,2010-07-01,356.15,327.06,376.76,2010-08-17,327.06,SL,47,-8.47,CLOSED
LUPIN,2013-04,11.78,2013-05-02,647.11,559.67,723.35,2013-05-15,723.35,TARGET,13,11.48,CLOSED
LUPIN,2015-01,11.02,2015-02-02,1482.74,1275.65,1646.13,2015-03-02,1646.13,TARGET,28,10.72,CLOSED
LUPIN,2015-08,14.08,2015-09-01,1791.63,1532.83,2043.85,2016-02-04,1532.83,SL,156,-14.75,CLOSED
LUPIN,2020-07,1.62,2020-08-03,884.53,795.63,898.84,2020-08-03,898.84,TARGET,0,1.32,CLOSED
LUPIN,2022-09,1.61,2022-10-03,664.15,609.38,674.82,2022-10-03,674.82,TARGET,0,1.31,CLOSED
LUPIN,2022-11,9.6,2022-12-01,750.77,673.01,822.84,2023-02-13,673.01,SL,74,-10.66,CLOSED
LUPIN,2023-04,9.42,2023-05-02,693.45,629.92,758.79,2023-05-12,758.79,TARGET,10,9.12,CLOSED
LUPIN,2024-01,13.79,2024-02-01,1487.29,1285.56,1692.35,2024-05-22,1692.35,TARGET,111,13.49,CLOSED
LUPIN,2025-11,6.05,2025-12-01,2079.82,1930.11,2205.55,2026-01-07,2205.55,TARGET,37,5.75,CLOSED
MRF,2007-10,116.83,2007-11-01,7834.91,3451.83,16988.43,2008-03-17,3451.83,SL,137,-56.24,CLOSED
MRF,2012-01,13.55,2012-02-01,7732.79,6699.9,8780.9,2012-02-10,8780.9,TARGET,9,13.25,CLOSED
MRF,2012-12,17.14,2013-01-01,12644.74,10565.16,14811.46,2013-05-15,14811.46,TARGET,134,16.84,CLOSED
MRF,2015-12,2.64,2016-01-01,39397.43,37516.3,40439.41,2016-01-01,40439.41,TARGET,0,2.34,CLOSED
MRF,2017-03,17.59,2017-04-03,60052.27,50346.64,70617.32,2017-06-08,70617.32,TARGET,66,17.29,CLOSED
MRF,2021-05,3.62,2021-06-01,82795.0,75179.65,85790.95,2021-06-07,85790.95,TARGET,6,3.32,CLOSED
MRF,2022-07,18.6,2022-08-01,83452.93,69716.67,98974.16,2023-05-08,98974.16,TARGET,280,18.3,CLOSED
MRF,2023-06,4.16,2023-07-03,100421.55,95448.36,104604.04,2023-08-03,104604.04,TARGET,31,3.86,CLOSED
MRF,2024-07,10.03,2024-08-01,141983.92,125624.65,156232.0,2024-10-23,125624.65,SL,83,-11.82,CLOSED
MGL,2020-11,30.56,2020-12-01,919.94,699.62,1201.04,2022-02-09,699.62,SL,435,-24.25,CLOSED
MGL,2025-01,7.43,2025-02-01,1304.28,1156.75,1401.2,2025-03-04,1156.75,SL,31,-11.61,CLOSED
M&MFIN,2012-07,12.27,2012-08-01,71.8,61.95,80.61,2012-08-13,80.61,TARGET,12,11.97,CLOSED
M&MFIN,2014-10,7.36,2014-11-03,152.64,138.67,163.88,2014-11-12,163.88,TARGET,9,7.06,CLOSED
M&MFIN,2025-01,7.55,2025-02-01,271.97,246.21,292.5,2025-04-07,227.07,SL,65,-16.81,CLOSED
M&MFIN,2025-11,17.84,2025-12-01,367.14,297.02,432.64,2026-03-23,297.02,SL,112,-19.4,CLOSED
M&M,2006-09,5.24,2006-10-03,134.83,119.88,141.89,2006-10-26,141.89,TARGET,23,4.94,CLOSED
M&M,2011-06,4.43,2011-07-01,300.13,260.03,313.44,2011-07-25,313.44,TARGET,24,4.13,CLOSED
M&M,2014-02,9.47,2014-03-03,430.33,374.54,471.08,2014-04-25,471.08,TARGET,53,9.17,CLOSED
M&M,2014-11,1.34,2014-12-01,593.86,547.04,601.83,2014-12-16,547.04,SL,15,-8.18,CLOSED
M&M,2015-11,15.37,2015-12-01,618.89,542.11,714.0,2015-12-17,542.11,SL,16,-12.71,CLOSED
M&M,2016-06,8.14,2016-07-01,647.35,594.04,700.05,2016-10-25,594.04,SL,116,-8.53,CLOSED
M&M,2022-08,12.39,2022-09-01,1234.53,1142.18,1387.46,2023-03-13,1142.18,SL,193,-7.78,CLOSED
M&M,2023-04,5.89,2023-05-02,1186.31,1107.51,1256.13,2023-05-29,1274.56,TARGET,27,7.14,CLOSED
MANAPPURAM,2018-10,10.36,2018-11-01,69.78,57.4,77.01,2018-12-12,77.01,TARGET,41,10.06,CLOSED
MANAPPURAM,2020-11,16.16,2020-12-01,160.94,137.57,186.94,2021-01-27,137.57,SL,57,-14.82,CLOSED
MANAPPURAM,2023-03,20.45,2023-04-03,117.88,97.1,141.99,2023-05-05,97.1,SL,32,-17.93,CLOSED
MARICO,2013-11,3.25,2013-12-02,90.42,84.41,93.36,2013-12-20,93.36,TARGET,18,2.95,CLOSED
MARICO,2016-12,3.09,2017-01-02,226.08,207.0,233.06,2017-02-07,233.06,TARGET,36,2.79,CLOSED
MARICO,2017-07,6.47,2017-08-01,293.19,274.0,312.17,2017-08-16,274.0,SL,15,-6.84,CLOSED
MARICO,2021-03,4.63,2021-04-01,385.42,355.25,403.27,2021-05-03,403.27,TARGET,32,4.33,CLOSED
MARUTI,2012-10,6.46,2012-11-01,1279.98,1121.83,1362.71,2012-12-07,1362.71,TARGET,36,6.16,CLOSED
MARUTI,2014-03,24.09,2014-04-01,1767.88,1386.75,2193.72,2014-05-26,2193.72,TARGET,55,23.79,CLOSED
MARUTI,2014-10,8.96,2014-11-03,2992.23,2607.64,3260.3,2015-01-15,3260.3,TARGET,73,8.66,CLOSED
MARUTI,2016-05,9.67,2016-06-01,3770.1,3391.25,4134.67,2016-07-26,4135.7,TARGET,55,9.4,CLOSED
MARUTI,2017-07,7.38,2017-08-01,7063.33,6098.58,7584.4,2017-10-30,7584.4,TARGET,90,7.08,CLOSED
MARUTI,2021-05,9.77,2021-06-01,6744.41,6073.01,7403.27,2021-10-11,7403.27,TARGET,132,9.47,CLOSED
MARUTI,2023-11,2.08,2023-12-01,10292.85,9885.96,10507.18,2023-12-07,10507.18,TARGET,6,1.78,CLOSED
MFSL,2018-07,14.95,2018-08-01,499.7,403.25,574.39,2018-09-28,403.25,SL,58,-19.6,CLOSED
MINDACORP,2012-06,20.0,2012-07-02,4.23,3.52,5.08,2012-07-25,5.14,TARGET,23,21.14,CLOSED
MINDACORP,2012-07,21.44,2012-08-01,5.14,4.23,6.24,2012-11-29,6.53,TARGET,120,26.78,CLOSED
MINDACORP,2012-11,15.71,2012-12-03,7.19,5.92,8.32,2012-12-07,8.73,TARGET,4,21.14,CLOSED
MINDACORP,2012-12,117.49,2013-01-01,15.65,7.19,34.03,2014-07-22,34.07,TARGET,567,117.48,CLOSED
MINDACORP,2014-12,13.23,2015-01-01,82.21,66.4,93.09,2015-01-06,95.43,TARGET,5,15.77,CLOSED
MSUMI,2023-04,11.4,2023-05-02,34.17,30.25,38.07,2023-07-25,38.07,TARGET,84,11.1,CLOSED
MPHASIS,2017-02,6.41,2017-03-01,464.34,433.64,494.1,2017-04-07,433.64,SL,37,-6.91,CLOSED
MPHASIS,2021-06,9.76,2021-07-01,1863.59,1635.15,2045.55,2021-07-14,2045.55,TARGET,13,9.46,CLOSED
MCX,2019-08,20.19,2019-09-03,176.8,142.61,212.5,2019-10-23,212.5,TARGET,50,19.89,CLOSED
MCX,2022-10,26.06,2022-11-01,302.19,239.57,380.94,2023-09-25,380.94,TARGET,328,25.76,CLOSED
MCX,2026-04,24.36,2026-05-01,2964.24,2354.23,3686.38,2026-09-30,3300.4,OPEN,152,11.04,OPEN
MUTHOOTFIN,2012-09,42.56,2012-10-01,128.31,90.8,182.91,2013-04-15,90.8,SL,196,-29.53,CLOSED
MUTHOOTFIN,2016-01,7.04,2016-02-01,160.81,139.53,172.14,2016-04-27,172.14,TARGET,86,6.74,CLOSED
NATCOPHARM,2015-06,3.17,2015-07-01,422.01,357.71,435.38,2015-07-02,435.4,TARGET,1,2.87,CLOSED
NATCOPHARM,2023-08,10.45,2023-09-01,905.03,767.13,999.58,2023-11-01,767.13,SL,61,-15.54,CLOSED
NBCC,2014-06,15.0,2014-07-01,13.78,11.31,15.85,2014-07-04,15.85,TARGET,3,14.7,CLOSED
NHPC,2013-01,13.95,2013-02-01,15.49,13.25,17.65,2013-03-01,13.25,SL,28,-14.78,CLOSED
NHPC,2015-02,10.39,2015-03-02,11.98,10.84,13.22,2015-03-25,10.84,SL,23,-9.78,CLOSED
NHPC,2015-11,6.34,2015-12-01,11.25,9.97,11.96,2015-12-31,11.96,TARGET,30,6.04,CLOSED
NHPC,2017-03,5.57,2017-04-03,21.33,19.48,22.52,2017-05-24,19.48,SL,51,-8.97,CLOSED
NLCINDIA,2019-12,3.91,2020-01-01,43.08,34.51,44.77,2020-01-14,44.77,TARGET,13,3.61,CLOSED
NMDC,2008-07,20.92,2008-08-01,30.1,18.27,36.4,2008-09-18,18.27,SL,48,-39.6,CLOSED
NMDC,2012-06,12.21,2012-07-02,17.48,15.23,19.61,2012-11-27,15.23,SL,148,-13.15,CLOSED
NMDC,2017-02,4.45,2017-03-01,21.13,18.5,22.07,2017-04-18,18.5,SL,48,-12.72,CLOSED
NMDC,2023-07,12.04,2023-08-01,34.46,30.85,38.6,2023-09-01,38.6,TARGET,31,11.74,CLOSED
NTPC,2010-03,3.59,2010-04-01,100.25,95.04,103.85,2010-05-21,95.04,SL,50,-5.5,CLOSED
NTPC,2013-04,10.85,2013-05-02,81.53,72.51,90.37,2013-06-20,72.51,SL,49,-11.35,CLOSED
NTPC,2016-06,9.19,2016-07-01,88.78,80.92,96.94,2016-08-19,96.94,TARGET,49,8.89,CLOSED
NTPC,2017-03,1.87,2017-04-03,97.43,90.8,99.25,2017-04-07,99.25,TARGET,4,1.57,CLOSED
NTPC,2019-06,6.08,2019-07-01,107.43,99.27,113.96,2019-07-08,99.27,SL,7,-7.89,CLOSED
NTPC,2023-07,15.44,2023-08-01,200.3,168.55,231.22,2023-09-29,231.22,TARGET,59,15.14,CLOSED
NTPC,2023-11,11.88,2023-12-01,245.03,214.71,274.16,2023-12-13,274.16,TARGET,12,11.58,CLOSED
NTPC,2024-07,9.95,2024-08-01,396.02,340.98,435.42,2024-11-21,340.98,SL,112,-14.2,CLOSED
NTPC,2025-12,0.95,2026-01-01,323.83,309.84,326.91,2026-01-01,326.91,TARGET,0,0.65,CLOSED
NH,2018-07,11.1,2018-08-01,254.78,224.57,283.05,2018-10-04,224.57,SL,64,-12.16,CLOSED
NATIONALUM,2006-01,26.63,2006-02-01,29.71,23.58,37.62,2006-05-22,23.58,SL,110,-20.91,CLOSED
NATIONALUM,2015-11,5.19,2015-12-01,22.13,19.25,23.28,2015-12-21,23.28,TARGET,20,4.89,CLOSED
NAVA,2006-04,48.98,2006-05-02,20.51,11.98,30.56,2006-06-15,11.98,SL,44,-41.88,CLOSED
NAVA,2012-07,8.24,2012-08-01,37.24,34.1,40.31,2012-08-24,34.1,SL,23,-8.73,CLOSED
NAVA,2023-07,23.88,2023-08-01,181.84,144.96,225.25,2023-09-21,225.25,TARGET,51,23.58,CLOSED
NAVINFLUOR,2013-10,35.26,2013-11-01,42.86,30.88,57.97,2014-03-27,57.97,TARGET,146,34.96,CLOSED
NAVINFLUOR,2017-07,15.68,2017-08-01,665.06,568.43,769.36,2017-12-22,769.36,TARGET,143,15.38,CLOSED
NAVINFLUOR,2019-03,21.96,2019-04-01,688.36,571.66,839.55,2019-07-22,571.66,SL,112,-17.25,CLOSED
NAVINFLUOR,2023-04,13.57,2023-05-02,4814.03,4149.4,5467.39,2023-09-29,3963.05,SL,150,-17.98,CLOSED
NESTLEIND,2010-09,9.85,2010-10-01,138.81,126.34,152.49,2010-11-04,152.49,TARGET,34,9.55,CLOSED
NESTLEIND,2015-09,6.74,2015-10-01,278.45,255.96,297.23,2015-12-02,255.96,SL,62,-8.38,CLOSED
NESTLEIND,2016-10,8.59,2016-11-01,305.88,284.14,332.17,2016-11-07,284.14,SL,6,-7.41,CLOSED
NESTLEIND,2017-08,5.47,2017-09-01,316.95,291.59,334.28,2017-11-06,334.28,TARGET,66,5.17,CLOSED
NESTLEIND,2018-07,7.34,2018-08-01,477.32,438.04,512.37,2018-08-23,512.37,TARGET,22,7.04,CLOSED
NESTLEIND,2018-10,4.62,2018-11-01,461.91,408.14,483.26,2018-11-16,483.26,TARGET,15,4.32,CLOSED
NESTLEIND,2019-01,3.73,2019-02-01,521.16,482.98,540.58,2019-02-12,482.98,SL,11,-7.63,CLOSED
NESTLEIND,2019-05,5.67,2019-06-03,523.53,460.76,553.2,2019-08-09,553.2,TARGET,67,5.37,CLOSED
NESTLEIND,2022-07,10.81,2022-08-01,929.67,828.73,1030.2,2023-04-28,1030.2,TARGET,270,10.51,CLOSED
NESTLEIND,2023-04,10.99,2023-05-02,1053.88,931.5,1169.72,2023-10-19,1169.72,TARGET,170,10.69,CLOSED
NESTLEIND,2023-12,9.67,2024-01-01,1295.83,1173.72,1421.16,2024-02-08,1173.72,SL,38,-9.72,CLOSED
NESTLEIND,2024-02,3.89,2024-03-01,1265.94,1171.4,1315.21,2024-05-30,1171.4,SL,90,-7.77,CLOSED
NESTLEIND,2025-06,2.88,2025-07-01,1217.37,1138.51,1252.48,2025-07-25,1138.51,SL,24,-6.78,CLOSED
NESTLEIND,2025-12,2.13,2026-01-01,1279.9,1192.8,1307.21,2026-01-06,1307.21,TARGET,5,1.83,CLOSED
NEULANDLAB,2008-12,15.69,2009-01-02,85.13,65.92,98.49,2009-03-02,65.07,SL,59,-23.87,CLOSED
NAM-INDIA,2019-06,0.45,2019-07-01,182.53,177.42,183.36,2019-07-09,183.36,TARGET,8,0.15,CLOSED
NAM-INDIA,2019-07,2.76,2019-08-01,187.44,181.21,192.6,2019-08-06,192.6,TARGET,5,2.46,CLOSED
NAM-INDIA,2023-05,4.85,2023-06-01,225.14,207.4,236.05,2023-06-28,236.21,TARGET,27,4.62,CLOSED
ONGC,2005-02,4.17,2005-03-01,38.55,36.08,40.15,2005-03-03,40.15,TARGET,2,3.87,CLOSED
ONGC,2006-10,4.6,2006-11-01,57.49,53.52,60.13,2006-11-02,60.13,TARGET,1,4.3,CLOSED
ONGC,2007-03,11.77,2007-04-02,64.02,54.96,71.56,2007-04-25,71.56,TARGET,23,11.47,CLOSED
ONGC,2012-06,12.5,2012-07-02,98.25,84.22,110.53,2013-01-17,110.53,TARGET,199,12.2,CLOSED
ONGC,2013-11,1.84,2013-12-02,104.93,94.72,106.86,2013-12-06,106.86,TARGET,4,1.54,CLOSED
ONGC,2014-02,5.73,2014-03-03,105.82,96.54,111.89,2014-03-06,111.89,TARGET,3,5.43,CLOSED
ONGC,2017-07,7.69,2017-08-01,103.82,95.07,111.81,2017-10-27,111.81,TARGET,87,7.39,CLOSED
ONGC,2017-10,11.79,2017-11-01,117.65,102.79,131.51,2018-01-24,131.51,TARGET,84,11.49,CLOSED
ONGC,2021-08,4.55,2021-09-01,88.77,79.08,92.81,2021-09-14,92.81,TARGET,13,4.25,CLOSED
ONGC,2022-11,10.52,2022-12-01,117.95,106.5,130.36,2023-02-16,130.36,TARGET,77,10.22,CLOSED
ONGC,2023-06,3.49,2023-07-03,137.22,130.58,142.0,2023-07-07,142.0,TARGET,4,3.19,CLOSED
ONGC,2023-07,10.45,2023-08-01,150.06,136.96,165.74,2023-11-06,165.74,TARGET,97,10.15,CLOSED
OIL,2014-08,8.92,2014-09-01,114.03,102.05,124.2,2014-12-12,102.05,SL,102,-10.8,CLOSED
OIL,2016-12,7.81,2017-01-02,91.36,85.4,98.5,2017-01-11,98.5,TARGET,9,7.51,CLOSED
OIL,2022-01,20.49,2022-02-01,129.25,102.71,155.73,2022-06-06,155.73,TARGET,125,20.19,CLOSED
OIL,2023-07,12.55,2023-08-01,166.88,146.57,187.83,2023-10-09,187.83,TARGET,69,12.25,CLOSED
OLECTRA,2005-12,14.56,2006-01-02,14.54,9.17,16.66,2006-04-12,16.81,TARGET,100,15.31,CLOSED
OLECTRA,2006-04,105.69,2006-05-02,31.45,13.66,64.68,2006-10-06,13.48,SL,157,-57.44,CLOSED
OLECTRA,2007-03,32.74,2007-04-02,23.34,16.67,30.98,2007-07-17,33.35,TARGET,106,42.56,CLOSED
OLECTRA,2007-12,40.95,2008-01-01,51.24,34.59,72.22,2008-02-14,34.59,SL,44,-32.78,CLOSED
OLECTRA,2008-04,36.16,2008-05-02,53.62,31.09,73.01,2008-09-10,31.09,SL,131,-42.32,CLOSED
OLECTRA,2015-06,1.67,2015-07-01,15.22,14.02,15.47,2015-07-01,15.47,TARGET,0,1.37,CLOSED
OLECTRA,2017-08,131.59,2017-09-01,173.61,70.56,402.05,2020-03-13,70.36,SL,924,-59.77,CLOSED
OLECTRA,2021-07,35.67,2021-08-02,317.87,220.77,431.25,2021-09-23,438.14,TARGET,52,37.53,CLOSED
OFSS,2010-06,9.68,2010-07-01,1190.94,1068.53,1306.2,2010-08-31,1068.53,SL,61,-10.58,CLOSED
OFSS,2010-12,12.21,2011-01-03,1242.81,1091.85,1394.52,2011-02-09,1091.85,SL,37,-12.45,CLOSED
OFSS,2014-06,10.66,2014-07-01,1657.7,1488.56,1834.42,2014-08-08,1852.04,TARGET,38,11.42,CLOSED
OFSS,2015-07,7.05,2015-08-03,2425.84,2278.07,2596.8,2015-08-04,2596.8,TARGET,1,6.75,CLOSED
OFSS,2023-05,8.61,2023-06-01,3282.27,3033.24,3564.71,2023-06-16,3564.71,TARGET,15,8.31,CLOSED
OFSS,2026-08,12.1,2026-09-01,12350.0,11160.0,13844.9,2026-09-21,11160.0,SL,20,-9.94,CLOSED
POLICYBZR,2026-08,17.08,2026-09-01,1845.0,1578.4,2160.08,2026-09-24,1578.4,SL,23,-14.75,CLOSED
PCBL,2009-07,75.42,2009-08-03,7.04,3.68,12.35,2010-01-18,12.35,TARGET,168,75.12,CLOSED
PCBL,2012-03,4.04,2012-04-02,7.75,6.9,8.06,2012-05-07,6.9,SL,35,-11.32,CLOSED
PCBL,2022-11,11.76,2022-12-01,128.22,109.39,143.3,2022-12-23,109.39,SL,22,-14.99,CLOSED
PGEL,2021-01,23.55,2021-02-01,17.29,13.06,21.36,2021-02-05,22.09,TARGET,4,27.49,CLOSED
PGEL,2021-02,74.22,2021-03-01,31.68,17.08,55.19,2021-10-11,55.19,TARGET,224,73.92,CLOSED
PNBHOUSING,2021-05,41.17,2021-06-01,515.74,292.31,728.07,2021-06-08,735.65,TARGET,7,42.34,CLOSED
PTCIL,2024-01,32.77,2024-02-01,8150.0,6097.0,10821.1,2024-06-06,10821.1,TARGET,126,32.47,CLOSED
PVRINOX,2007-12,25.0,2008-01-01,325.64,227.89,407.05,2008-01-23,226.44,SL,22,-30.76,CLOSED
PVRINOX,2016-04,14.71,2016-05-02,808.46,701.96,927.4,2016-06-13,927.4,TARGET,42,14.41,CLOSED
PVRINOX,2018-12,11.74,2019-01-01,1565.6,1409.98,1749.36,2019-02-14,1409.98,SL,44,-10.24,CLOSED
PVRINOX,2022-07,15.23,2022-08-01,2167.0,1828.9,2497.03,2022-08-19,1828.9,SL,18,-15.9,CLOSED
PVRINOX,2023-08,15.02,2023-09-01,1791.95,1542.35,2061.07,2024-01-10,1542.35,SL,131,-14.23,CLOSED
PAGEIND,2014-05,11.03,2014-06-02,5665.04,5026.57,6290.02,2014-06-26,6290.02,TARGET,24,10.73,CLOSED
PAGEIND,2016-07,2.32,2016-08-01,12902.19,11741.97,13201.49,2016-08-01,13201.49,TARGET,0,2.02,CLOSED
PARADEEP,2023-01,6.62,2023-02-01,61.65,54.79,65.73,2023-02-16,54.79,SL,15,-11.43,CLOSED
PATANJALI,2020-02,201.7,2020-03-02,21.03,7.3,63.45,2020-04-07,64.32,TARGET,36,205.54,CLOSED
PATANJALI,2020-04,140.37,2020-05-04,140.28,58.36,337.18,2020-06-17,348.95,TARGET,44,148.46,CLOSED
PATANJALI,2022-08,7.71,2022-09-01,395.44,344.07,425.95,2022-09-05,425.95,TARGET,4,7.41,CLOSED
PATANJALI,2023-10,10.39,2023-11-01,455.94,388.45,503.32,2023-12-06,503.32,TARGET,35,10.09,CLOSED
PERSISTENT,2012-09,12.82,2012-10-01,91.2,80.2,102.89,2012-10-19,102.89,TARGET,18,12.52,CLOSED
PERSISTENT,2017-09,7.62,2017-10-03,303.5,271.61,326.61,2017-12-29,326.61,TARGET,87,7.32,CLOSED
PERSISTENT,2021-12,18.5,2022-01-03,2378.4,1978.79,2818.34,2022-01-24,1978.79,SL,21,-17.1,CLOSED
PERSISTENT,2022-11,12.5,2022-12-01,2029.31,1755.95,2282.98,2023-01-27,2282.98,TARGET,57,12.2,CLOSED
PERSISTENT,2023-05,8.47,2023-06-01,2518.88,2254.69,2732.18,2023-09-01,2732.18,TARGET,92,8.17,CLOSED
PETRONET,2013-11,6.52,2013-12-02,44.33,39.7,47.22,2013-12-17,39.7,SL,15,-10.75,CLOSED
PETRONET,2019-08,15.0,2019-09-03,197.1,165.64,226.67,2020-03-11,164.27,SL,190,-16.95,CLOSED
PETRONET,2025-12,4.51,2026-01-01,281.65,260.49,294.34,2026-01-07,294.34,TARGET,6,4.21,CLOSED
PETRONET,2026-08,7.07,2026-09-01,294.1,273.0,314.89,2026-09-30,284.5,OPEN,29,-3.56,OPEN
PHOENIXLTD,2015-01,8.74,2015-02-02,193.32,168.25,210.22,2015-03-24,168.25,SL,50,-13.27,CLOSED
PHOENIXLTD,2023-04,11.13,2023-05-02,717.88,626.45,797.75,2023-06-07,797.75,TARGET,36,10.83,CLOSED
PHOENIXLTD,2023-08,3.99,2023-09-01,895.81,820.2,931.57,2023-09-04,931.57,TARGET,3,3.69,CLOSED
PIDILITIND,2014-06,7.61,2014-07-01,153.23,132.96,164.89,2014-07-18,164.89,TARGET,17,7.31,CLOSED
PIDILITIND,2014-11,11.13,2014-12-01,218.01,185.67,242.28,2014-12-29,242.28,TARGET,28,10.83,CLOSED
PIDILITIND,2016-05,17.11,2016-06-01,338.69,276.66,396.65,2016-12-22,276.66,SL,204,-18.61,CLOSED
PIDILITIND,2022-07,17.8,2022-08-01,1207.47,1013.08,1422.34,2022-09-15,1422.34,TARGET,45,17.5,CLOSED
PIDILITIND,2023-05,7.8,2023-06-01,1278.89,1172.47,1378.59,2023-10-04,1172.47,SL,125,-8.62,CLOSED
PIDILITIND,2023-11,3.84,2023-12-01,1260.73,1175.01,1309.13,2023-12-20,1309.13,TARGET,19,3.54,CLOSED
PIDILITIND,2025-12,0.86,2026-01-01,1473.29,1427.32,1485.92,2026-01-05,1485.92,TARGET,4,0.56,CLOSED
POLYMED,2013-04,9.38,2013-05-02,53.41,49.91,58.42,2013-05-02,58.42,TARGET,0,9.08,CLOSED
POLYMED,2025-10,2.65,2025-11-03,2000.9,1830.55,2053.9,2025-11-10,1830.55,SL,7,-8.81,CLOSED
POLYCAB,2019-06,2.36,2019-07-01,602.16,555.63,616.34,2019-07-01,616.34,TARGET,0,2.06,CLOSED
POLYCAB,2023-01,13.71,2023-02-01,2888.96,2494.22,3284.96,2023-05-08,3284.96,TARGET,96,13.41,CLOSED
POLYCAB,2024-07,2.23,2024-08-01,6829.2,5869.2,6981.47,2024-09-27,6981.47,TARGET,57,1.93,CLOSED
POLYCAB,2024-11,12.61,2024-12-02,7233.01,6193.29,8145.46,2025-01-13,6193.29,SL,42,-14.67,CLOSED
POLYCAB,2026-08,3.72,2026-09-01,9200.0,8906.0,9541.98,2026-09-01,8906.0,SL,0,-3.5,CLOSED
POONAWALLA,2005-06,40.46,2005-07-01,23.93,15.47,33.62,2005-08-17,33.69,TARGET,47,40.48,CLOSED
POONAWALLA,2023-07,15.56,2023-08-01,392.24,335.28,453.27,2023-11-03,335.28,SL,94,-14.82,CLOSED
POONAWALLA,2025-06,15.43,2025-07-01,464.1,396.7,535.71,2025-10-06,535.71,TARGET,97,15.13,CLOSED
POONAWALLA,2026-06,15.2,2026-07-01,441.1,370.05,508.16,2026-08-14,508.16,TARGET,44,14.9,CLOSED
PFC,2012-11,3.83,2012-12-03,35.41,32.15,36.77,2012-12-06,36.77,TARGET,3,3.53,CLOSED
PFC,2022-07,11.01,2022-08-01,74.97,66.38,83.22,2022-10-17,66.38,SL,77,-11.75,CLOSED
PFC,2022-10,10.18,2022-11-01,75.39,66.11,83.06,2022-11-24,83.06,TARGET,23,9.88,CLOSED
PFC,2023-04,11.96,2023-05-02,117.71,104.33,131.79,2023-06-05,131.79,TARGET,34,11.66,CLOSED
PFC,2023-07,21.07,2023-08-01,184.48,151.66,223.36,2023-09-27,223.36,TARGET,57,20.77,CLOSED
POWERGRID,2014-10,7.8,2014-11-03,50.78,45.93,54.74,2014-12-16,45.93,SL,43,-9.86,CLOSED
POWERGRID,2015-02,6.15,2015-03-02,54.68,48.53,58.04,2015-05-07,48.53,SL,66,-11.55,CLOSED
POWERGRID,2016-01,4.75,2016-02-01,52.05,45.94,54.52,2016-02-29,45.94,SL,28,-12.03,CLOSED
POWERGRID,2016-06,8.73,2016-07-01,58.03,52.41,63.1,2016-07-28,63.1,TARGET,27,8.43,CLOSED
POWERGRID,2017-07,6.06,2017-08-01,80.24,74.65,85.1,2017-10-05,74.65,SL,65,-7.27,CLOSED
POWERGRID,2018-08,10.53,2018-09-03,74.83,66.46,82.71,2018-12-10,66.46,SL,98,-11.49,CLOSED
POWERGRID,2023-02,5.01,2023-03-01,146.48,135.9,153.81,2023-03-16,153.81,TARGET,15,4.71,CLOSED
POWERGRID,2023-07,4.27,2023-08-01,173.22,156.49,180.62,2023-09-12,182.44,TARGET,42,5.03,CLOSED
POWERGRID,2024-01,9.32,2024-02-01,237.29,207.1,259.4,2024-02-05,259.4,TARGET,4,9.02,CLOSED
PFOCUS,2007-08,5.02,2007-09-03,90.0,74.61,94.52,2007-09-07,94.52,TARGET,4,4.72,CLOSED
PFOCUS,2007-10,29.34,2007-11-01,134.8,87.11,174.35,2008-01-22,86.4,SL,82,-36.21,CLOSED
PFOCUS,2010-06,16.83,2010-07-01,31.33,25.7,36.6,2010-07-15,36.6,TARGET,14,16.53,CLOSED
PFOCUS,2010-07,21.49,2010-08-02,38.4,29.8,46.65,2010-08-04,46.65,TARGET,2,21.19,CLOSED
PFOCUS,2014-12,5.45,2015-01-01,51.7,48.5,54.52,2015-01-02,48.5,SL,1,-6.49,CLOSED
PFOCUS,2022-01,8.9,2022-02-01,80.3,64.1,87.44,2022-02-03,88.5,TARGET,2,9.91,CLOSED
PRIVISCL,2021-07,43.18,2021-08-02,1620.77,1107.53,2320.57,2022-05-11,1107.53,SL,282,-31.97,CLOSED
PRIVISCL,2026-02,8.07,2026-03-02,2941.74,2674.59,3179.05,2026-04-22,3179.05,TARGET,51,7.77,CLOSED
PRIVISCL,2026-04,15.95,2026-05-01,3350.7,2828.16,3885.25,2026-09-30,3586.6,OPEN,152,6.74,OPEN
PNB,2012-06,9.96,2012-07-02,136.38,115.56,149.97,2012-08-27,115.56,SL,56,-15.57,CLOSED
PNB,2012-11,6.3,2012-12-03,131.07,120.74,139.32,2012-12-10,139.32,TARGET,7,6.0,CLOSED
PNB,2012-12,11.01,2013-01-01,146.51,129.41,162.63,2013-02-28,129.41,SL,58,-11.97,CLOSED
PNB,2023-04,12.12,2023-05-02,48.42,42.8,54.29,2023-07-05,54.29,TARGET,64,11.82,CLOSED
PNB,2024-01,19.48,2024-02-01,107.34,87.13,128.24,2024-04-05,128.24,TARGET,64,19.18,CLOSED
PNB,2025-05,5.6,2025-06-02,100.58,84.47,106.21,2025-06-09,106.21,TARGET,7,5.3,CLOSED
PNB,2025-06,7.45,2025-07-01,107.52,96.85,115.53,2025-10-20,115.53,TARGET,111,7.15,CLOSED
RBLBANK,2016-10,28.66,2016-11-01,380.77,283.51,489.88,2017-03-22,489.88,TARGET,141,28.36,CLOSED
RBLBANK,2017-08,1.84,2017-09-01,524.6,458.01,534.26,2018-02-05,458.01,SL,157,-12.99,CLOSED
RBLBANK,2019-03,18.42,2019-04-01,660.06,559.54,781.65,2019-07-16,559.54,SL,106,-15.53,CLOSED
RBLBANK,2023-06,12.25,2023-07-03,179.15,159.34,201.09,2023-07-14,201.09,TARGET,11,11.95,CLOSED
RBLBANK,2025-12,1.09,2026-01-01,313.14,293.24,316.55,2026-01-02,316.55,TARGET,1,0.79,CLOSED
RECLTD,2016-08,14.8,2016-09-01,42.8,37.14,49.13,2016-10-19,49.13,TARGET,48,14.5,CLOSED
RECLTD,2019-10,13.52,2019-11-01,61.62,52.65,69.95,2020-03-09,52.65,SL,129,-14.86,CLOSED
RECLTD,2022-06,3.86,2022-07-01,69.23,61.81,71.9,2022-07-04,71.9,TARGET,3,3.56,CLOSED
RECLTD,2022-07,9.9,2022-08-01,77.25,67.7,84.9,2022-08-26,84.98,TARGET,25,9.7,CLOSED
RECLTD,2023-04,14.47,2023-05-02,112.8,97.42,129.11,2023-06-12,129.11,TARGET,41,14.17,CLOSED
RECLTD,2023-07,26.59,2023-08-01,175.63,137.69,222.33,2023-09-08,222.33,TARGET,38,26.29,CLOSED
RECLTD,2026-07,3.69,2026-08-03,372.33,340.25,386.07,2026-08-11,340.25,SL,8,-8.91,CLOSED
RHIM,2014-06,35.07,2014-07-01,80.15,57.8,108.25,2015-02-09,108.75,TARGET,223,35.39,CLOSED
RHIM,2018-07,23.02,2018-08-01,205.72,156.4,253.09,2018-08-27,253.09,TARGET,26,22.72,CLOSED
RADICO,2013-09,11.92,2013-10-01,128.52,105.16,143.84,2013-10-11,143.84,TARGET,10,11.62,CLOSED
RADICO,2022-06,8.47,2022-07-01,862.74,764.1,935.78,2022-07-19,946.84,TARGET,18,9.45,CLOSED
RADICO,2023-01,11.35,2023-02-01,1123.84,1000.22,1251.45,2023-07-03,1251.45,TARGET,152,11.05,CLOSED
RKFORGE,2008-04,10.67,2008-05-02,39.13,32.31,43.31,2008-06-03,32.31,SL,32,-17.73,CLOSED
RKFORGE,2009-05,73.2,2009-06-01,11.92,6.69,20.64,2010-01-08,20.99,TARGET,221,75.86,CLOSED
RKFORGE,2014-10,10.77,2014-11-03,53.05,40.96,58.76,2014-11-17,58.76,TARGET,14,10.47,CLOSED
REDINGTON,2021-05,47.16,2021-06-01,108.12,71.86,159.11,2022-11-25,159.11,TARGET,542,46.86,CLOSED
RELIANCE,2006-06,12.35,2006-07-03,105.18,79.95,118.17,2006-09-27,118.17,TARGET,86,12.05,CLOSED
RELIANCE,2007-08,3.56,2007-09-03,196.04,168.28,203.02,2007-09-13,203.02,TARGET,10,3.26,CLOSED
RELIANCE,2010-06,4.23,2010-07-01,220.93,202.81,230.28,2010-08-09,202.81,SL,39,-8.5,CLOSED
RELIANCE,2012-07,0.78,2012-08-01,154.27,147.27,155.48,2012-08-01,155.48,TARGET,0,0.48,CLOSED
RELIANCE,2013-10,11.22,2013-11-01,191.96,172.47,213.5,2014-02-04,171.8,SL,95,-10.8,CLOSED
RELIANCE,2014-10,5.8,2014-11-03,213.86,194.16,226.26,2014-12-11,194.16,SL,38,-9.51,CLOSED
RELIANCE,2016-12,9.33,2017-01-02,236.44,215.17,258.49,2017-02-22,258.49,TARGET,51,9.03,CLOSED
RELIANCE,2018-07,21.96,2018-08-01,526.92,423.6,642.63,2019-10-27,642.63,TARGET,452,21.66,CLOSED
RELIANCE,2022-10,7.23,2022-11-01,1181.43,1064.69,1266.82,2023-01-27,1064.69,SL,87,-10.18,CLOSED
RELIANCE,2023-04,3.84,2023-05-02,1107.0,1049.0,1149.48,2023-05-29,1149.48,TARGET,27,3.54,CLOSED
RELIANCE,2026-04,6.47,2026-05-01,1424.22,1284.06,1516.31,2026-06-08,1277.0,SL,38,-10.64,CLOSED
RPOWER,2011-10,24.43,2011-11-01,92.58,74.36,115.19,2011-12-15,73.47,SL,44,-20.93,CLOSED
RPOWER,2020-04,84.0,2020-05-04,2.25,1.25,4.14,2020-06-30,4.25,TARGET,57,88.59,CLOSED
RPOWER,2020-06,123.68,2020-07-01,4.45,1.9,9.95,2021-06-07,10.2,TARGET,341,128.91,CLOSED
RPOWER,2024-07,13.52,2024-08-01,33.39,25.75,37.9,2024-08-22,37.94,TARGET,21,13.33,CLOSED
RPOWER,2024-09,59.23,2024-10-01,51.09,29.21,81.35,2026-01-23,29.21,SL,479,-43.13,CLOSED
SBICARD,2021-07,6.84,2021-08-02,1020.96,908.74,1090.77,2021-08-27,1090.77,TARGET,25,6.54,CLOSED
SBICARD,2025-01,17.23,2025-02-01,769.99,659.71,902.63,2025-04-17,902.63,TARGET,75,16.93,CLOSED
SBILIFE,2022-08,2.68,2022-09-01,1281.54,1241.99,1315.9,2022-09-07,1315.9,TARGET,6,2.38,CLOSED
SBILIFE,2023-05,8.32,2023-06-01,1235.2,1128.55,1338.02,2023-08-08,1338.02,TARGET,68,8.02,CLOSED
SBILIFE,2024-06,7.61,2024-07-01,1487.05,1303.4,1600.26,2024-07-15,1600.26,TARGET,14,7.31,CLOSED
SBILIFE,2025-04,14.08,2025-05-02,1758.56,1428.56,2006.17,2025-11-10,2006.17,TARGET,192,13.78,CLOSED
SJVN,2011-03,9.63,2011-04-01,9.83,8.69,10.78,2011-09-02,11.12,TARGET,154,12.87,CLOSED
SJVN,2013-04,5.82,2013-05-02,9.75,9.24,10.32,2013-05-29,10.32,TARGET,27,5.52,CLOSED
SHRIPISTON,2016-07,165.25,2016-08-01,1029.72,388.2,2731.32,2019-07-17,388.2,SL,1080,-62.6,CLOSED
SHRIPISTON,2021-07,19.42,2021-08-02,509.47,422.76,608.43,2021-08-26,422.76,SL,24,-17.32,CLOSED
SRF,2016-07,11.65,2016-08-01,280.51,247.27,313.19,2016-08-09,313.19,TARGET,8,11.35,CLOSED
SRF,2016-08,17.89,2016-09-01,331.3,278.97,390.58,2016-11-17,278.97,SL,77,-16.1,CLOSED
SRF,2021-06,11.71,2021-07-01,1439.85,1270.16,1608.43,2021-07-30,1608.43,TARGET,29,11.41,CLOSED
SRF,2021-12,20.65,2022-01-03,2381.72,1962.38,2873.6,2025-01-31,2873.6,TARGET,1124,20.35,CLOSED
SRF,2025-06,13.32,2025-07-01,3233.62,2804.99,3664.36,2025-08-28,2804.99,SL,58,-13.56,CLOSED
SAGILITY,2025-07,13.13,2025-08-01,47.04,40.47,53.21,2025-10-30,53.32,TARGET,90,13.07,CLOSED
SAMMAANCAP,2017-03,14.51,2017-04-03,714.74,596.86,818.47,2017-05-08,818.47,TARGET,35,14.21,CLOSED
SAMMAANCAP,2017-05,15.08,2017-06-01,835.19,730.46,961.15,2017-09-08,963.02,TARGET,99,15.0,CLOSED
MOTHERSON,2016-07,14.24,2016-08-01,35.98,29.7,41.1,2017-03-29,41.1,TARGET,240,13.94,CLOSED
MOTHERSON,2020-12,11.58,2021-01-01,43.43,36.72,48.46,2021-02-12,48.46,TARGET,42,11.28,CLOSED
MOTHERSON,2022-11,15.89,2022-12-01,48.9,41.79,56.67,2023-03-27,41.79,SL,116,-14.83,CLOSED
SARDAEN,2023-07,37.48,2023-08-01,200.71,140.78,275.92,2024-05-03,275.92,TARGET,276,37.18,CLOSED
SCHAEFFLER,2015-12,11.14,2016-01-01,819.97,725.53,911.34,2016-01-12,725.53,SL,11,-11.82,CLOSED
SCHAEFFLER,2018-12,7.94,2019-01-01,1068.28,986.01,1153.08,2019-01-28,986.01,SL,27,-8.0,CLOSED
SCHAEFFLER,2019-09,7.66,2019-10-01,830.91,744.99,894.53,2019-12-30,894.53,TARGET,90,7.36,CLOSED
SCHAEFFLER,2021-12,12.71,2022-01-03,1687.57,1451.78,1902.07,2022-03-14,1921.1,TARGET,70,13.54,CLOSED
SCHNEIDER,2025-06,10.67,2025-07-01,857.0,679.85,948.44,2025-07-30,948.44,TARGET,29,10.37,CLOSED
SCHNEIDER,2025-07,20.48,2025-08-01,1050.0,798.55,1265.07,2025-11-10,798.55,SL,101,-24.25,CLOSED
SCHNEIDER,2026-04,47.04,2026-05-01,1243.7,841.5,1828.79,2026-09-30,1203.4,OPEN,152,-3.54,OPEN
SCI,2023-07,2.98,2023-08-01,97.91,90.83,100.83,2023-08-16,100.83,TARGET,15,2.68,CLOSED
SHREECEM,2022-10,8.12,2022-11-01,22417.53,19811.98,24237.31,2023-01-20,24237.31,TARGET,80,7.82,CLOSED
SHRIRAMFIN,2005-08,37.17,2005-09-01,15.09,9.71,20.7,2005-10-04,20.7,TARGET,33,36.87,CLOSED
SHRIRAMFIN,2014-10,2.39,2014-11-03,159.5,142.36,163.32,2014-11-07,163.32,TARGET,4,2.09,CLOSED
SHRIRAMFIN,2018-10,1.2,2018-11-01,202.1,156.13,204.53,2018-11-01,204.53,TARGET,0,0.9,CLOSED
SHRIRAMFIN,2023-07,9.1,2023-08-01,361.13,325.02,394.0,2023-11-16,394.0,TARGET,107,8.8,CLOSED
SHRIRAMFIN,2025-02,13.53,2025-03-03,615.26,507.71,698.48,2025-04-21,698.48,TARGET,49,13.23,CLOSED
SHRIRAMFIN,2025-12,16.97,2026-01-01,990.6,813.2,1158.73,2026-09-30,982.7,OPEN,272,-1.1,OPEN
SIEMENS,2014-03,24.61,2014-04-01,397.11,315.92,494.84,2014-05-23,494.84,TARGET,52,24.31,CLOSED
SIGNATURE,2023-12,15.41,2024-01-01,879.65,760.2,1015.21,2024-01-04,1015.21,TARGET,3,15.11,CLOSED
SOBHA,2012-03,17.31,2012-04-02,285.05,222.2,334.39,2012-10-04,334.39,TARGET,185,17.01,CLOSED
SOLARINDS,2007-11,79.45,2007-12-03,80.29,44.29,144.09,2008-12-05,44.29,SL,368,-45.14,CLOSED
SOLARINDS,2010-11,22.51,2010-12-01,115.59,96.6,141.61,2011-01-31,96.6,SL,61,-16.74,CLOSED
SOLARINDS,2012-04,0.98,2012-05-02,157.95,137.51,159.5,2012-05-07,159.5,TARGET,5,0.68,CLOSED
SOLARINDS,2013-03,3.94,2013-04-01,193.43,174.65,201.04,2013-05-13,174.65,SL,42,-10.01,CLOSED
SOLARINDS,2018-05,10.05,2018-06-01,1124.71,982.66,1237.79,2018-08-02,1237.79,TARGET,62,9.75,CLOSED
SOLARINDS,2025-03,29.08,2025-04-01,11317.13,8639.62,14608.62,2025-05-22,14608.62,TARGET,51,28.78,CLOSED
SOLARINDS,2026-06,2.46,2026-07-01,18688.96,16822.06,19148.83,2026-07-22,19148.83,TARGET,21,2.16,CLOSED
SONACOMS,2026-01,3.75,2026-02-02,488.78,435.02,507.09,2026-02-03,547.86,TARGET,1,11.79,CLOSED
SONACOMS,2026-07,24.12,2026-08-03,775.0,615.4,961.91,2026-09-30,830.0,OPEN,58,6.8,OPEN
STARHEALTH,2024-06,7.31,2024-07-01,558.95,491.35,599.8,2024-07-18,599.8,TARGET,17,7.01,CLOSED
SBIN,2007-06,13.91,2007-07-02,113.24,94.75,128.99,2007-07-06,128.99,TARGET,4,13.61,CLOSED
SBIN,2013-10,11.26,2013-11-01,154.7,135.79,172.12,2014-01-29,135.79,SL,89,-12.52,CLOSED
SBIN,2014-02,0.62,2014-03-03,132.01,125.55,132.82,2014-03-03,132.82,TARGET,0,0.32,CLOSED
SBIN,2014-10,10.51,2014-11-03,236.93,205.41,261.83,2014-11-21,262.58,TARGET,18,10.53,CLOSED
SBIN,2014-11,18.91,2014-12-01,282.63,235.9,336.09,2015-03-24,235.9,SL,113,-16.84,CLOSED
SBIN,2016-05,8.44,2016-06-01,182.6,147.53,198.01,2016-06-30,198.01,TARGET,29,8.14,CLOSED
SBIN,2017-07,14.2,2017-08-01,284.6,246.58,325.01,2017-08-22,246.58,SL,21,-13.66,CLOSED
SBIN,2018-10,5.99,2018-11-01,256.51,224.24,271.87,2018-11-05,271.87,TARGET,4,5.69,CLOSED
SBIN,2022-01,16.91,2022-02-01,497.58,420.88,581.7,2022-03-04,420.88,SL,31,-15.72,CLOSED
SBIN,2023-04,10.42,2023-05-02,538.83,482.21,594.95,2023-12-15,594.95,TARGET,227,10.12,CLOSED
SBIN,2025-05,5.07,2025-06-02,798.46,727.51,838.92,2025-09-17,838.92,TARGET,107,4.77,CLOSED
SBIN,2026-01,9.67,2026-02-02,1001.84,962.99,1098.69,2026-02-09,1100.17,TARGET,7,9.51,CLOSED
SAIL,2016-10,12.42,2016-11-01,43.05,38.39,48.4,2016-11-09,37.98,SL,8,-12.08,CLOSED
SAIL,2022-07,15.99,2022-08-01,73.47,61.81,85.22,2023-01-18,85.22,TARGET,170,15.69,CLOSED
SAIL,2023-11,10.08,2023-12-01,89.26,79.28,98.26,2023-12-12,98.26,TARGET,11,9.78,CLOSED
STLTECH,2009-05,81.01,2009-06-01,28.18,15.07,51.0,2009-09-22,51.0,TARGET,113,80.71,CLOSED
STLTECH,2014-03,17.81,2014-04-01,21.22,17.32,24.99,2014-04-09,24.99,TARGET,8,17.51,CLOSED
STLTECH,2020-11,10.45,2020-12-01,160.34,140.13,177.1,2020-12-29,177.1,TARGET,28,10.15,CLOSED
STLTECH,2026-05,81.87,2026-06-01,562.95,294.8,1023.83,2026-09-30,909.9,OPEN,121,61.33,OPEN
SUMICHEM,2023-11,9.03,2023-12-01,405.03,363.84,441.6,2024-03-06,363.84,SL,96,-10.47,CLOSED
SUMICHEM,2025-06,4.51,2025-07-01,529.64,484.2,553.53,2025-07-07,553.53,TARGET,6,4.21,CLOSED
SUNPHARMA,2006-01,2.08,2006-02-01,55.96,50.77,57.12,2006-02-01,57.12,TARGET,0,1.78,CLOSED
SUNPHARMA,2014-02,9.51,2014-03-03,591.74,530.2,648.03,2014-03-11,530.2,SL,8,-10.7,CLOSED
SUNPHARMA,2014-06,12.66,2014-07-01,625.98,540.68,705.22,2014-07-25,705.22,TARGET,24,12.36,CLOSED
SUNPHARMA,2018-04,6.73,2018-05-02,489.59,458.23,522.52,2018-05-10,458.23,SL,8,-6.71,CLOSED
SUNPHARMA,2023-06,7.82,2023-07-03,1021.09,945.46,1100.92,2023-07-27,1100.92,TARGET,24,7.52,CLOSED
SUNPHARMA,2023-11,12.61,2023-12-01,1199.92,1053.51,1351.2,2024-01-23,1351.2,TARGET,53,12.31,CLOSED
SUNPHARMA,2024-08,5.95,2024-09-02,1796.61,1650.67,1903.51,2024-09-27,1903.51,TARGET,25,5.65,CLOSED
SUNPHARMA,2025-11,8.33,2025-12-01,1824.34,1651.91,1976.37,2026-01-16,1651.91,SL,46,-9.75,CLOSED
SUNPHARMA,2026-04,2.91,2026-05-01,1803.57,1609.38,1856.02,2026-05-11,1856.02,TARGET,10,2.61,CLOSED
SUNTV,2014-02,3.54,2014-03-03,263.23,230.54,272.54,2014-03-06,272.54,TARGET,3,3.24,CLOSED
SUNTV,2024-07,19.81,2024-08-01,855.25,714.5,1024.66,2024-10-21,714.5,SL,81,-16.76,CLOSED
SUNDARMFIN,2015-09,5.77,2015-10-01,1143.71,1033.41,1209.73,2015-12-04,1033.41,SL,64,-9.94,CLOSED
SUNDARMFIN,2016-06,9.68,2016-07-01,1139.26,1034.6,1249.54,2016-09-22,1034.6,SL,83,-9.49,CLOSED
SUPREMEIND,2012-07,12.31,2012-08-01,207.95,179.24,233.55,2012-08-21,233.55,TARGET,20,12.01,CLOSED
SUPREMEIND,2013-04,4.64,2013-05-02,279.44,258.26,292.4,2013-05-09,292.4,TARGET,7,4.34,CLOSED
SUZLON,2020-06,80.36,2020-07-01,4.87,2.62,8.78,2020-09-24,2.62,SL,85,-46.53,CLOSED
SUZLON,2020-12,85.51,2021-01-01,6.15,3.12,11.41,2022-01-17,11.43,TARGET,381,85.52,CLOSED
SUZLON,2024-01,20.29,2024-02-01,47.3,37.1,56.9,2024-03-14,35.5,SL,42,-25.25,CLOSED
SWANCORP,2024-01,25.06,2024-02-01,659.43,496.47,824.67,2024-03-13,496.47,SL,41,-25.01,CLOSED
SWANCORP,2024-07,29.11,2024-08-01,755.29,586.99,975.16,2024-09-18,586.99,SL,48,-22.58,CLOSED
SYNGENE,2022-10,12.61,2022-11-01,626.86,530.75,705.92,2023-05-09,705.92,TARGET,189,12.31,CLOSED
SYNGENE,2023-05,7.09,2023-06-01,723.07,672.29,774.34,2023-06-28,774.34,TARGET,27,6.79,CLOSED
SYNGENE,2024-01,6.99,2024-02-01,745.13,658.2,797.23,2024-03-14,658.2,SL,42,-11.97,CLOSED
SYNGENE,2024-11,9.36,2024-12-02,934.44,831.18,1021.93,2024-12-23,831.18,SL,21,-11.35,CLOSED
TBOTEK,2026-08,13.97,2026-09-01,1750.0,1540.4,1994.47,2026-09-30,1685.2,OPEN,29,-4.0,OPEN
TVSMOTOR,2010-07,16.85,2010-08-02,59.34,44.08,69.34,2010-11-09,69.34,TARGET,99,16.55,CLOSED
TVSMOTOR,2013-09,20.23,2013-10-01,34.28,26.24,41.21,2013-10-07,41.21,TARGET,6,19.93,CLOSED
TVSMOTOR,2022-03,1.93,2022-04-01,611.14,501.5,622.94,2022-04-04,624.32,TARGET,3,1.86,CLOSED
TVSMOTOR,2024-08,11.15,2024-09-02,2837.77,2408.56,3154.29,2024-10-25,2408.56,SL,53,-15.43,CLOSED
TVSMOTOR,2025-12,5.33,2026-01-01,3723.98,3530.66,3922.55,2026-01-21,3530.66,SL,20,-5.49,CLOSED
TVSMOTOR,2026-07,24.63,2026-08-03,4336.5,3463.4,5404.77,2026-09-30,4106.0,OPEN,58,-5.62,OPEN
TATACHEM,2005-12,10.74,2006-01-02,35.31,31.51,39.1,2006-03-21,39.1,TARGET,78,10.44,CLOSED
TATACHEM,2007-09,18.49,2007-10-01,51.96,43.02,61.57,2007-12-05,61.57,TARGET,65,18.19,CLOSED
TATACHEM,2012-11,3.4,2012-12-03,84.27,79.29,87.13,2012-12-04,87.13,TARGET,1,3.1,CLOSED
TATACHEM,2022-07,14.69,2022-08-01,859.65,729.76,985.94,2022-08-10,985.94,TARGET,9,14.39,CLOSED
TATACOMM,2013-10,40.05,2013-11-01,136.67,100.95,191.41,2014-06-06,191.41,TARGET,217,39.75,CLOSED
TATACOMM,2015-06,1.5,2015-07-01,236.06,208.34,239.61,2015-07-07,239.61,TARGET,6,1.2,CLOSED
TATACOMM,2020-07,24.19,2020-08-03,721.17,554.12,895.64,2020-10-21,895.64,TARGET,79,23.89,CLOSED
TATACOMM,2022-08,14.95,2022-09-01,1140.75,984.0,1311.28,2022-12-13,1311.28,TARGET,103,14.65,CLOSED
TATACOMM,2023-07,12.64,2023-08-01,1741.67,1475.67,1961.74,2024-03-07,1961.74,TARGET,219,12.34,CLOSED
TCS,2006-02,1.82,2006-03-01,137.76,130.06,140.26,2006-03-01,140.26,TARGET,0,1.52,CLOSED
TCS,2009-09,17.83,2009-10-01,211.34,177.52,249.01,2009-12-17,249.01,TARGET,77,17.53,CLOSED
TCS,2012-04,6.66,2012-05-02,444.2,374.66,473.77,2012-08-21,473.77,TARGET,111,6.36,CLOSED
TCS,2014-02,1.55,2014-03-03,841.24,772.1,854.26,2014-03-19,768.36,SL,16,-8.96,CLOSED
TCS,2014-06,14.35,2014-07-01,904.3,765.77,1034.09,2014-09-19,1034.09,TARGET,80,14.05,CLOSED
TCS,2017-12,2.43,2018-01-01,1078.19,1002.64,1104.44,2018-01-10,1104.44,TARGET,9,2.13,CLOSED
TCS,2019-01,6.62,2019-02-01,1643.06,1475.14,1751.87,2019-04-16,1751.87,TARGET,74,6.32,CLOSED
TCS,2019-04,13.0,2019-05-02,1843.79,1641.01,2083.49,2019-09-23,1641.01,SL,144,-11.3,CLOSED
TCS,2021-08,19.54,2021-09-01,3297.58,2751.17,3942.01,2022-06-16,2751.17,SL,288,-16.87,CLOSED
TCS,2022-10,6.55,2022-11-01,2836.35,2617.37,3022.2,2022-11-29,3022.2,TARGET,28,6.25,CLOSED
TCS,2023-06,1.13,2023-07-03,3013.13,2869.22,3047.31,2023-07-07,3047.31,TARGET,4,0.83,CLOSED
TATACONSUM,2009-07,18.0,2009-08-03,67.33,55.13,79.45,2009-08-26,79.45,TARGET,23,17.7,CLOSED
TATACONSUM,2010-08,5.63,2010-09-01,99.37,88.3,104.96,2010-09-07,104.96,TARGET,6,5.33,CLOSED
TATACONSUM,2018-04,15.0,2018-05-02,276.07,240.75,317.46,2018-05-14,240.75,SL,12,-13.09,CLOSED
TATACONSUM,2021-08,14.37,2021-09-01,835.76,721.49,955.89,2021-11-29,721.49,SL,89,-13.97,CLOSED
TATACONSUM,2022-11,6.22,2022-12-01,794.83,731.73,844.27,2023-01-11,731.73,SL,41,-8.24,CLOSED
TATACONSUM,2023-04,7.76,2023-05-02,742.66,673.51,800.28,2023-06-07,800.28,TARGET,36,7.46,CLOSED
TATAELXSI,2022-07,6.36,2022-08-01,8327.35,7288.81,8856.82,2022-08-05,8856.82,TARGET,4,6.06,CLOSED
TATAINVEST,2018-12,4.82,2019-01-01,77.84,73.31,81.59,2019-01-11,73.31,SL,10,-6.12,CLOSED
TMPV,2006-01,8.43,2006-02-01,114.18,98.1,123.8,2006-02-07,123.8,TARGET,6,8.13,CLOSED
TMPV,2012-12,14.34,2013-01-01,301.12,256.62,344.29,2013-02-01,256.62,SL,31,-15.08,CLOSED
TMPV,2013-04,11.46,2013-05-02,281.78,239.94,314.07,2013-09-10,314.07,TARGET,131,11.16,CLOSED
TMPV,2014-02,19.28,2014-03-03,398.15,318.62,474.92,2014-08-18,474.92,TARGET,168,18.98,CLOSED
TMPV,2014-10,6.71,2014-11-03,511.23,450.92,545.54,2015-01-22,545.54,TARGET,80,6.41,CLOSED
TMPV,2017-12,6.85,2018-01-01,419.85,379.27,448.62,2018-02-02,379.27,SL,32,-9.96,CLOSED
TMPV,2022-11,6.46,2022-12-01,431.58,398.66,459.45,2022-12-12,398.66,SL,11,-7.93,CLOSED
TMPV,2025-12,2.96,2026-01-01,365.82,334.92,376.63,2026-01-20,334.92,SL,19,-8.75,CLOSED
TATAPOWER,2005-08,14.64,2005-09-01,33.25,28.75,38.12,2005-10-21,27.1,SL,50,-18.8,CLOSED
TATAPOWER,2007-07,11.09,2007-08-01,54.89,48.1,60.97,2007-09-24,60.97,TARGET,54,10.79,CLOSED
TATAPOWER,2007-12,25.8,2008-01-01,109.62,89.21,137.9,2008-01-22,86.11,SL,21,-21.75,CLOSED
TATAPOWER,2023-04,5.7,2023-05-02,196.78,187.13,208.0,2023-05-16,208.0,TARGET,14,5.4,CLOSED
TATAPOWER,2024-07,3.43,2024-08-01,449.5,395.21,464.91,2024-08-02,464.91,TARGET,1,3.13,CLOSED
TATASTEEL,2006-09,7.94,2006-10-03,27.04,24.33,29.18,2006-11-16,24.33,SL,44,-10.32,CLOSED
TATASTEEL,2007-08,5.1,2007-09-03,31.53,24.1,33.13,2007-09-19,33.13,TARGET,16,4.8,CLOSED
TATASTEEL,2009-11,22.83,2009-12-01,36.74,27.0,45.13,2010-04-08,45.13,TARGET,128,22.53,CLOSED
TATASTEEL,2011-06,3.61,2011-07-01,39.07,34.75,40.48,2011-08-05,34.75,SL,35,-11.36,CLOSED
TATASTEEL,2017-06,8.13,2017-07-03,40.2,35.89,43.47,2017-08-04,43.47,TARGET,32,7.83,CLOSED
TATASTEEL,2023-06,9.32,2023-07-03,105.35,96.16,115.17,2023-07-31,115.17,TARGET,28,9.02,CLOSED
TTML,2009-02,4.19,2009-03-02,19.93,18.62,20.76,2009-03-09,18.57,SL,7,-7.08,CLOSED
TTML,2017-02,32.23,2017-03-01,7.99,5.69,10.56,2017-06-21,5.69,SL,112,-29.04,CLOSED
TTML,2017-10,38.66,2017-11-01,8.28,3.54,11.48,2018-12-06,3.54,SL,400,-57.53,CLOSED
TTML,2019-05,41.38,2019-06-03,4.31,2.39,6.09,2019-08-29,2.39,SL,87,-44.74,CLOSED
TTML,2020-10,152.54,2020-11-02,7.8,2.7,19.7,2021-02-03,19.8,TARGET,93,153.55,CLOSED
TTML,2021-05,11.83,2021-06-01,16.35,12.3,18.28,2021-06-04,18.9,TARGET,3,15.3,CLOSED
TTML,2021-06,185.9,2021-07-01,46.8,16.35,133.8,2021-12-06,136.75,TARGET,158,191.9,CLOSED
TTML,2021-12,83.34,2022-01-03,216.65,118.15,397.21,2022-02-24,117.85,SL,52,-45.9,CLOSED
TECHM,2014-06,11.91,2014-07-01,370.22,321.68,414.31,2014-09-02,414.31,TARGET,63,11.61,CLOSED
TECHM,2015-07,12.39,2015-08-03,372.12,318.73,418.24,2016-02-09,318.73,SL,190,-14.65,CLOSED
TECHM,2018-08,12.49,2018-09-03,579.35,478.34,651.74,2019-07-31,478.34,SL,331,-17.73,CLOSED
TECHM,2024-07,10.69,2024-08-01,1459.32,1312.72,1615.26,2024-10-21,1638.26,TARGET,81,11.96,CLOSED
TECHNOE,2008-02,4.77,2008-03-03,220.9,193.47,231.42,2008-03-04,193.47,SL,1,-12.71,CLOSED
TECHNOE,2014-05,54.21,2014-06-02,120.02,72.24,185.09,2014-12-29,185.09,TARGET,210,53.91,CLOSED
TEGA,2023-05,36.68,2023-06-01,911.66,648.56,1246.1,2024-02-14,1246.1,TARGET,258,36.38,CLOSED
TEJASNET,2021-07,42.45,2021-08-02,268.39,176.62,382.31,2021-08-12,382.31,TARGET,10,42.15,CLOSED
TEJASNET,2021-09,34.23,2021-10-01,503.59,357.71,675.98,2022-09-02,675.98,TARGET,336,33.93,CLOSED
TEJASNET,2023-08,6.34,2023-09-01,874.56,792.8,929.96,2023-09-08,929.96,TARGET,7,6.04,CLOSED
NIACL,2023-11,83.8,2023-12-01,255.42,129.71,469.45,2026-03-16,129.71,SL,836,-49.52,CLOSED
RAMCOCEM,2012-01,13.88,2012-02-01,101.73,90.77,115.84,2012-02-02,115.84,TARGET,1,13.58,CLOSED
RAMCOCEM,2021-10,8.31,2021-11-01,1062.32,915.32,1150.63,2021-11-29,915.32,SL,28,-14.14,CLOSED
RAMCOCEM,2022-07,15.24,2022-08-01,723.75,605.3,834.05,2023-05-19,834.05,TARGET,291,14.94,CLOSED
THERMAX,2014-02,10.45,2014-03-03,650.12,576.65,718.04,2014-03-12,718.04,TARGET,9,10.15,CLOSED
THERMAX,2018-07,13.13,2018-08-01,1133.11,946.12,1281.86,2018-08-20,946.12,SL,19,-16.8,CLOSED
TIMKEN,2014-06,44.66,2014-07-01,304.42,205.82,440.37,2014-08-27,440.37,TARGET,57,44.36,CLOSED
TIMKEN,2017-03,5.87,2017-04-03,602.83,555.21,638.2,2017-04-07,638.2,TARGET,4,5.57,CLOSED
TIMKEN,2020-12,10.67,2021-01-01,1307.13,1040.77,1446.6,2021-06-21,1446.6,TARGET,171,10.37,CLOSED
TIMKEN,2023-07,2.73,2023-08-01,3474.5,3161.48,3569.34,2023-08-16,3161.48,SL,15,-9.31,CLOSED
TIMKEN,2024-04,16.82,2024-05-02,3310.96,2800.48,3867.84,2024-05-15,3867.84,TARGET,13,16.52,CLOSED
TITAGARH,2011-05,4.81,2011-06-01,68.93,61.16,72.25,2011-06-08,72.25,TARGET,7,4.51,CLOSED
TITAGARH,2013-08,61.18,2013-09-02,22.34,12.63,36.01,2014-04-23,36.01,TARGET,233,60.88,CLOSED
TITAGARH,2014-10,12.06,2014-11-03,45.48,38.55,50.97,2014-11-03,50.97,TARGET,0,11.76,CLOSED
TITAN,2014-09,12.26,2014-10-01,390.29,345.78,438.13,2014-11-20,345.78,SL,50,-11.7,CLOSED
TITAN,2017-07,4.27,2017-08-01,529.58,504.58,552.22,2017-08-04,552.22,TARGET,3,3.97,CLOSED
TITAN,2018-07,4.31,2018-08-01,890.55,774.89,928.92,2018-09-12,774.89,SL,42,-13.29,CLOSED
TITAN,2018-10,4.84,2018-11-01,822.03,712.73,861.83,2018-11-12,861.83,TARGET,11,4.54,CLOSED
TITAN,2019-01,6.96,2019-02-01,976.2,895.61,1044.15,2019-02-05,1044.15,TARGET,4,6.66,CLOSED
TITAN,2019-03,10.64,2019-04-01,1109.54,989.05,1227.56,2019-05-23,1227.56,TARGET,52,10.34,CLOSED
TITAN,2019-06,8.01,2019-07-01,1294.56,1194.7,1398.22,2019-07-09,1143.61,SL,8,-11.96,CLOSED
TITAN,2020-12,15.13,2021-01-01,1533.14,1310.25,1765.11,2021-08-03,1765.11,TARGET,214,14.83,CLOSED
TITAN,2021-08,12.08,2021-09-01,1894.05,1697.09,2122.77,2021-09-29,2122.77,TARGET,28,11.78,CLOSED
TITAN,2021-12,6.18,2022-01-03,2469.38,2169.32,2622.09,2022-01-07,2622.09,TARGET,4,5.88,CLOSED
TITAN,2023-08,3.34,2023-09-01,3082.38,2855.06,3185.4,2023-09-11,3185.4,TARGET,10,3.04,CLOSED
TITAN,2023-11,9.44,2023-12-01,3465.75,3138.24,3792.75,2024-01-16,3792.75,TARGET,46,9.14,CLOSED
TITAN,2025-12,3.68,2026-01-01,4050.41,3738.73,4199.46,2026-01-07,4211.18,TARGET,6,3.67,CLOSED
TITAN,2026-07,11.06,2026-08-03,4875.2,4368.76,5414.52,2026-09-30,4587.0,OPEN,58,-6.21,OPEN
TORNTPHARM,2012-12,8.38,2013-01-01,148.21,134.75,160.62,2013-05-31,160.62,TARGET,150,8.08,CLOSED
TORNTPHARM,2018-07,9.1,2018-08-01,693.01,629.9,756.05,2018-08-07,756.05,TARGET,6,8.8,CLOSED
TORNTPHARM,2018-11,6.37,2018-12-03,808.45,711.58,859.93,2019-01-15,859.93,TARGET,43,6.07,CLOSED
TORNTPHARM,2019-03,7.3,2019-04-01,889.59,802.23,954.51,2019-04-25,802.23,SL,24,-10.12,CLOSED
TORNTPHARM,2021-03,4.81,2021-04-01,1194.13,1082.7,1251.59,2021-04-12,1251.59,TARGET,11,4.51,CLOSED
TORNTPHARM,2022-09,0.6,2022-10-03,1495.15,1388.75,1504.11,2022-10-03,1504.11,TARGET,0,0.3,CLOSED
TORNTPHARM,2022-10,5.78,2022-11-01,1583.67,1485.08,1675.19,2022-11-09,1675.19,TARGET,8,5.48,CLOSED
TORNTPHARM,2023-04,7.49,2023-05-02,1599.93,1474.56,1719.78,2023-05-31,1719.78,TARGET,29,7.19,CLOSED
TORNTPHARM,2023-12,8.42,2024-01-01,2258.76,1967.99,2448.89,2024-01-23,2467.63,TARGET,22,8.95,CLOSED
TORNTPHARM,2024-02,6.21,2024-03-01,2631.36,2409.98,2794.84,2024-06-07,2794.84,TARGET,98,5.91,CLOSED
TORNTPHARM,2024-11,3.8,2024-12-02,3240.53,2996.09,3363.52,2024-12-05,3386.8,TARGET,3,4.21,CLOSED
TORNTPHARM,2025-12,3.48,2026-01-01,3826.11,3656.41,3959.18,2026-01-07,3959.18,TARGET,6,3.18,CLOSED
TORNTPHARM,2026-07,10.88,2026-08-03,5250.0,4574.3,5821.24,2026-09-30,4800.0,OPEN,58,-8.87,OPEN
TARIL,2014-06,18.18,2014-07-01,10.48,8.02,12.38,2014-10-10,8.02,SL,101,-23.71,CLOSED
TARIL,2015-11,4.89,2015-12-01,9.19,8.15,9.64,2015-12-02,9.64,TARGET,1,4.59,CLOSED
TARIL,2024-03,14.35,2024-04-01,206.16,151.8,235.74,2024-04-08,241.6,TARGET,7,16.89,CLOSED
TARIL,2024-05,11.66,2024-06-03,367.01,273.64,409.82,2024-06-13,422.29,TARGET,10,14.76,CLOSED
TARIL,2024-10,46.48,2024-11-01,466.88,306.69,683.91,2025-11-11,300.98,SL,375,-35.83,CLOSED
TRENT,2023-10,3.58,2023-11-01,2158.27,1940.12,2235.62,2023-11-06,2235.62,TARGET,5,3.28,CLOSED
TRENT,2023-12,9.61,2024-01-01,3054.12,2745.5,3347.75,2024-02-07,3347.75,TARGET,37,9.31,CLOSED
TRIDENT,2007-12,75.28,2008-01-01,2.65,1.47,4.64,2008-01-28,1.47,SL,27,-44.79,CLOSED
TRIDENT,2009-05,60.11,2009-06-01,0.99,0.53,1.59,2013-03-25,0.53,SL,1393,-46.79,CLOSED
TRIDENT,2021-07,26.3,2021-08-02,19.62,15.12,24.78,2021-09-29,24.78,TARGET,58,26.0,CLOSED
TRIDENT,2021-09,35.59,2021-10-01,25.88,18.97,35.09,2021-10-13,36.45,TARGET,12,40.56,CLOSED
UCOBANK,2010-05,14.02,2010-06-01,63.54,54.27,72.45,2010-07-19,72.45,TARGET,48,13.72,CLOSED
UCOBANK,2013-04,24.93,2013-05-02,60.41,48.78,75.47,2013-08-06,48.78,SL,96,-19.56,CLOSED
UCOBANK,2016-03,22.4,2016-04-01,37.37,30.66,45.74,2016-05-24,30.66,SL,53,-18.26,CLOSED
UNOMINDA,2007-12,4.77,2008-01-01,6.62,5.67,6.93,2008-01-02,7.05,TARGET,1,6.2,CLOSED
UNOMINDA,2013-11,53.77,2013-12-02,7.48,4.78,11.5,2014-07-01,11.5,TARGET,211,53.47,CLOSED
UNOMINDA,2023-12,2.14,2024-01-01,690.48,624.64,705.25,2024-01-08,705.25,TARGET,7,1.84,CLOSED
UPL,2013-10,13.57,2013-11-01,96.13,83.08,109.17,2013-12-12,109.17,TARGET,41,13.27,CLOSED
UPL,2018-10,1.51,2018-11-01,415.99,358.24,422.28,2018-11-01,422.28,TARGET,0,1.21,CLOSED
UPL,2019-01,3.73,2019-02-01,492.14,457.19,510.47,2019-02-18,510.47,TARGET,17,3.43,CLOSED
UPL,2019-02,11.58,2019-03-01,539.12,466.45,601.57,2019-05-15,601.57,TARGET,75,11.28,CLOSED
UPL,2022-10,8.65,2022-11-01,711.65,636.8,773.23,2022-12-05,773.23,TARGET,34,8.35,CLOSED
UPL,2023-11,5.58,2023-12-01,559.09,518.82,590.27,2023-12-11,590.27,TARGET,10,5.28,CLOSED
UPL,2025-06,5.31,2025-07-01,652.65,609.22,687.32,2025-07-17,687.32,TARGET,16,5.01,CLOSED
UTIAMC,2022-11,11.33,2022-12-01,675.97,568.55,752.56,2022-12-19,752.56,TARGET,18,11.03,CLOSED
ULTRACEMCO,2006-06,24.19,2006-07-03,670.05,442.24,832.16,2006-10-16,832.16,TARGET,105,23.89,CLOSED
ULTRACEMCO,2009-04,7.01,2009-05-04,526.0,468.81,562.87,2009-05-18,570.51,TARGET,14,8.16,CLOSED
ULTRACEMCO,2014-03,18.91,2014-04-01,2042.64,1701.02,2428.86,2014-06-05,2428.86,TARGET,65,18.61,CLOSED
ULTRACEMCO,2016-01,2.14,2016-02-01,2690.17,2425.86,2747.79,2016-02-22,2747.79,TARGET,21,1.84,CLOSED
ULTRACEMCO,2018-08,6.72,2018-09-03,4238.0,3922.33,4522.67,2018-09-05,3922.33,SL,2,-7.75,CLOSED
ULTRACEMCO,2022-07,16.72,2022-08-01,6312.43,5255.61,7367.82,2023-04-03,7392.28,TARGET,245,16.81,CLOSED
ULTRACEMCO,2023-11,6.9,2023-12-01,8813.23,8102.95,9421.62,2023-12-12,9421.62,TARGET,11,6.6,CLOSED
ULTRACEMCO,2023-12,16.65,2024-01-01,10167.82,8685.64,11861.09,2025-04-24,11861.09,TARGET,479,16.35,CLOSED
UNIONBANK,2015-05,20.58,2015-06-01,137.5,102.83,165.8,2015-08-04,165.8,TARGET,64,20.28,CLOSED
UNIONBANK,2015-11,10.63,2015-12-01,143.22,127.03,158.45,2015-12-10,127.03,SL,9,-11.6,CLOSED
UBL,2018-04,26.66,2018-05-02,1159.01,910.31,1468.01,2020-03-13,910.31,SL,681,-21.76,CLOSED
UBL,2023-04,3.86,2023-05-02,1447.63,1324.03,1503.58,2023-07-04,1503.58,TARGET,63,3.56,CLOSED
UBL,2023-12,8.4,2024-01-01,1762.64,1615.14,1910.72,2024-04-24,1910.72,TARGET,114,8.1,CLOSED
UNITDSPR,2014-10,15.03,2014-11-03,541.23,439.26,622.56,2015-01-16,622.56,TARGET,74,14.73,CLOSED
UNITDSPR,2016-09,6.63,2016-10-03,469.33,417.83,500.45,2016-10-05,500.45,TARGET,2,6.33,CLOSED
UNITDSPR,2018-04,15.74,2018-05-02,707.39,609.25,818.72,2018-05-21,609.25,SL,19,-14.17,CLOSED
UNITDSPR,2018-11,16.57,2018-12-03,655.89,578.16,764.6,2018-12-26,578.16,SL,23,-12.15,CLOSED
UNITDSPR,2019-04,5.39,2019-05-02,543.08,512.08,572.36,2019-05-06,511.11,SL,4,-6.19,CLOSED
UNITDSPR,2022-10,6.42,2022-11-01,874.53,779.3,930.64,2023-01-25,776.38,SL,85,-11.52,CLOSED
UNITDSPR,2023-05,13.68,2023-06-01,858.01,749.47,975.42,2023-07-21,975.42,TARGET,50,13.38,CLOSED
UNITDSPR,2023-12,6.57,2024-01-01,1096.4,1007.39,1168.42,2024-04-10,1168.42,TARGET,100,6.27,CLOSED
VTL,2025-06,1.79,2025-07-01,494.95,443.93,503.81,2025-07-08,503.81,TARGET,7,1.49,CLOSED
VIJAYA,2026-04,31.14,2026-05-01,1128.04,851.42,1479.25,2026-08-12,1479.25,TARGET,103,30.84,CLOSED
VMM,2025-04,13.66,2025-05-02,115.95,96.3,131.79,2025-05-13,131.79,TARGET,11,13.36,CLOSED
VOLTAS,2014-02,25.73,2014-03-03,123.42,96.2,155.18,2014-04-10,155.18,TARGET,38,25.43,CLOSED
VOLTAS,2014-08,28.39,2014-09-01,231.04,173.76,296.64,2015-05-22,296.64,TARGET,263,28.09,CLOSED
VOLTAS,2017-02,14.24,2017-03-01,353.4,303.24,403.72,2017-05-04,403.72,TARGET,64,13.94,CLOSED
VOLTAS,2022-02,6.75,2022-03-02,1226.02,1111.9,1308.75,2022-03-07,1111.9,SL,5,-9.61,CLOSED
VOLTAS,2023-08,11.51,2023-09-01,863.28,770.68,962.65,2023-12-27,962.65,TARGET,117,11.21,CLOSED
VOLTAS,2024-04,33.64,2024-05-02,1463.82,1087.69,1956.2,2026-09-30,1087.69,SL,881,-26.0,CLOSED
WAAREEENER,2025-06,5.39,2025-07-01,3173.73,2637.45,3344.72,2025-08-28,3344.72,TARGET,58,5.09,CLOSED
WELCORP,2007-04,31.33,2007-05-03,110.17,77.51,144.68,2007-06-01,144.68,TARGET,29,31.03,CLOSED
WELCORP,2007-06,24.15,2007-07-02,176.7,135.61,219.37,2007-09-14,219.37,TARGET,74,23.85,CLOSED
WELCORP,2023-04,12.29,2023-05-02,218.14,193.75,244.96,2023-05-31,244.96,TARGET,29,11.99,CLOSED
WELCORP,2024-09,8.17,2024-10-01,760.36,649.33,822.51,2024-11-21,649.33,SL,51,-14.9,CLOSED
WELCORP,2025-05,21.9,2025-06-02,921.95,709.21,1123.82,2026-02-02,709.21,SL,245,-23.38,CLOSED
WELCORP,2026-06,10.9,2026-07-01,1530.1,1315.63,1696.85,2026-07-15,1696.85,TARGET,14,10.6,CLOSED
WELSPUNLIV,2009-07,16.57,2009-08-03,3.38,2.24,3.94,2009-08-07,4.07,TARGET,4,20.11,CLOSED
WELSPUNLIV,2015-01,16.28,2015-02-02,34.33,27.63,39.92,2015-03-04,27.63,SL,30,-19.82,CLOSED
WELSPUNLIV,2020-05,18.44,2020-06-01,31.87,23.08,37.75,2020-06-30,38.31,TARGET,29,19.88,CLOSED
WHIRLPOOL,2014-06,13.19,2014-07-01,333.32,282.21,377.29,2014-08-13,377.29,TARGET,43,12.89,CLOSED
WHIRLPOOL,2019-01,8.57,2019-02-01,1454.74,1333.41,1579.39,2019-02-05,1319.39,SL,4,-9.6,CLOSED
WHIRLPOOL,2019-06,8.4,2019-07-01,1555.95,1409.12,1686.58,2019-09-20,1686.58,TARGET,81,8.1,CLOSED
WIPRO,2013-12,18.78,2014-01-01,90.7,75.04,107.73,2015-02-06,107.73,TARGET,401,18.48,CLOSED
WIPRO,2017-08,3.69,2017-09-01,100.83,96.39,104.55,2017-09-14,95.24,SL,13,-5.84,CLOSED
WIPRO,2019-04,17.19,2019-05-02,135.5,115.72,158.8,2019-08-14,115.72,SL,104,-14.9,CLOSED
WIPRO,2021-08,9.16,2021-09-01,294.04,265.93,320.99,2021-10-14,320.99,TARGET,43,8.86,CLOSED
WIPRO,2022-07,1.84,2022-08-01,196.6,180.36,200.21,2022-08-04,201.6,TARGET,3,2.25,CLOSED
WIPRO,2023-11,8.18,2023-12-01,191.33,174.33,206.99,2023-12-15,206.99,TARGET,14,7.88,CLOSED
WIPRO,2024-06,17.49,2024-07-01,240.0,193.24,281.98,2024-12-09,281.98,TARGET,161,17.19,CLOSED
WOCKPHARMA,2012-04,21.75,2012-05-02,625.28,511.29,761.27,2012-06-20,761.27,TARGET,49,21.45,CLOSED
WOCKPHARMA,2013-01,10.83,2013-02-01,1501.62,1322.33,1664.31,2013-02-22,1664.31,TARGET,21,10.53,CLOSED
WOCKPHARMA,2024-06,29.71,2024-07-01,750.0,490.15,972.8,2024-07-04,972.8,TARGET,3,29.41,CLOSED
WOCKPHARMA,2024-10,23.51,2024-11-01,1228.0,915.0,1516.69,2024-12-16,1516.69,TARGET,45,23.21,CLOSED
YESBANK,2014-12,8.75,2015-01-01,146.34,127.5,159.14,2015-01-20,159.14,TARGET,19,8.45,CLOSED
YESBANK,2015-05,6.2,2015-06-01,170.14,149.99,180.69,2015-08-12,149.99,SL,72,-12.14,CLOSED
YESBANK,2016-01,2.89,2016-02-01,145.05,121.43,149.25,2016-02-02,149.25,TARGET,1,2.59,CLOSED
ZFCVINDIA,2009-07,35.0,2009-08-03,44.49,32.55,60.06,2009-08-27,60.06,TARGET,24,34.7,CLOSED
ZFCVINDIA,2013-09,8.68,2013-10-01,286.55,254.85,311.42,2013-12-26,311.42,TARGET,86,8.38,CLOSED
ZFCVINDIA,2019-12,4.0,2020-01-01,1068.46,1023.9,1111.22,2020-01-13,1111.22,TARGET,12,3.7,CLOSED
ZFCVINDIA,2020-01,5.02,2020-02-03,1102.46,1051.13,1157.85,2020-03-13,1028.21,SL,39,-7.04,CLOSED
ZFCVINDIA,2020-07,1.16,2020-08-03,1147.11,1135.53,1160.37,2020-08-04,1160.37,TARGET,1,0.86,CLOSED
ZEEL,2013-04,11.14,2013-05-02,204.57,174.81,227.36,2013-07-25,227.36,TARGET,84,10.84,CLOSED
ZEEL,2014-06,10.01,2014-07-01,261.47,231.69,287.64,2014-10-09,287.64,TARGET,100,9.71,CLOSED
ZEEL,2015-06,13.64,2015-07-01,329.32,284.65,374.23,2015-08-05,374.23,TARGET,35,13.34,CLOSED
ZEEL,2015-12,7.13,2016-01-01,393.84,349.03,421.92,2016-01-18,349.03,SL,17,-11.68,CLOSED
ZEEL,2016-04,7.22,2016-05-02,372.95,344.57,399.88,2016-05-11,399.88,TARGET,9,6.92,CLOSED
ZENTEC,2015-05,25.94,2015-06-01,75.26,52.74,94.78,2015-07-17,94.78,TARGET,46,25.64,CLOSED
ZENTEC,2015-09,9.99,2015-10-01,74.66,62.54,82.11,2015-10-07,82.11,TARGET,6,9.69,CLOSED
ZENTEC,2024-01,5.76,2024-02-01,865.51,686.31,915.39,2024-03-04,973.43,TARGET,32,12.17,CLOSED
ZENTEC,2026-01,3.45,2026-02-02,1347.89,1222.36,1394.39,2026-02-03,1409.26,TARGET,1,4.25,CLOSED
ZENSARTECH,2012-12,7.81,2013-01-01,44.08,39.96,47.52,2013-01-23,39.96,SL,22,-9.63,CLOSED
ZYDUSLIFE,2022-09,2.3,2022-10-03,379.56,341.92,388.29,2022-10-03,388.29,TARGET,0,2.0,CLOSED
ZYDUSLIFE,2024-07,16.42,2024-08-01,1244.66,1043.46,1449.06,2024-09-19,1043.46,SL,49,-16.46,CLOSED
ZYDUSLIFE,2025-05,4.7,2025-06-02,922.54,848.51,965.91,2025-06-10,965.91,TARGET,8,4.4,CLOSED
ECLERX,2021-06,53.83,2021-07-01,660.25,409.27,1015.64,2023-10-05,1015.64,TARGET,826,53.53,CLOSED
